id,file,old_name,new_name
019d6143a59d77bcb381e7ecf3716221,engine/data/people/019d6143a59d77bcb381e7ecf3716221.json,"Soren Hinojosa-Agyemang-Achebe","Aagje Hinojosa-Agyemang-Achebe"
019d6143a5a9709f9cacfd9193c0b7dc,engine/data/people/019d6143a5a9709f9cacfd9193c0b7dc.json,"Soren Árnason-Sengupta","Aaliya Árnason-Sengupta"
019d6143a5ca76cf9f2a6aa2e03a3e5c,engine/data/people/019d6143a5ca76cf9f2a6aa2e03a3e5c.json,"Soren Sokolov","Aaliyah Sokolov"
019d6143a60877239f8a3e5a097d07bf,engine/data/people/019d6143a60877239f8a3e5a097d07bf.json,"Soren Nanthawat","Aanya Nanthawat"
019d6143a613727f9a59d1f24e753615,engine/data/people/019d6143a613727f9a59d1f24e753615.json,"Soren Cervantes-Delgado","Aart Cervantes-Delgado"
019d6143a614758bb18faeebd3c0e391,engine/data/people/019d6143a614758bb18faeebd3c0e391.json,"Soren Guerrero","Aarush Guerrero"
019d6143a61a7523a1edb468caa7c08c,engine/data/people/019d6143a61a7523a1edb468caa7c08c.json,"Soren Khamvongsa","Abdul Khamvongsa"
019d6143a61d763db9d5bf8cce30de8c,engine/data/people/019d6143a61d763db9d5bf8cce30de8c.json,"Soren Mbekele-Owusu","Abdulla Mbekele-Owusu"
019d6143a6357247a8d75ead91fbc882,engine/data/people/019d6143a6357247a8d75ead91fbc882.json,"Soren Traoré-Zaragoza","Abdullah Traoré-Zaragoza"
019d6143a6377d78a14438af63cae902,engine/data/people/019d6143a6377d78a14438af63cae902.json,"Soren Dalgaard-Arredondo","Abeesh Dalgaard-Arredondo"
019d6143a65c743f945d2ec163ed2e4b,engine/data/people/019d6143a65c743f945d2ec163ed2e4b.json,"Soren Kuznetsov","Abhay Kuznetsov"
019d6143a6c077c1bc9c8cd11420765e,engine/data/people/019d6143a6c077c1bc9c8cd11420765e.json,"Soren Echeverría","Abhishek Echeverría"
019d6143a6c178e8b83c43edc743d932,engine/data/people/019d6143a6c178e8b83c43edc743d932.json,"Soren Johansson-Nygaard-Björnsdóttir","Abril Johansson-Nygaard-Björnsdóttir"
019d6143a6d977e590156c2710100923,engine/data/people/019d6143a6d977e590156c2710100923.json,"Soren Mohammadi","Adalberto Mohammadi"
019d6143a7337428ab6a9d09b8cf3875,engine/data/people/019d6143a7337428ab6a9d09b8cf3875.json,"Soren Lindström-Thorvaldsdóttir","Adanna Lindström-Thorvaldsdóttir"
019d6143a64a76d592b4102c066bf5f6,engine/data/people/019d6143a64a76d592b4102c066bf5f6.json,"Tatiana Volkov","Adaora Volkov"
019d6143a59e756ba0d619fdc8658069,engine/data/people/019d6143a59e756ba0d619fdc8658069.json,"Mika Thakur","Adebayo Thakur"
019d6143a5cf7069bc48c46e8b607b01,engine/data/people/019d6143a5cf7069bc48c46e8b607b01.json,"Mika Deshpande","Adebisi Deshpande"
019d6143a5f57cb3a0951d80d2e83942,engine/data/people/019d6143a5f57cb3a0951d80d2e83942.json,"Mika Möller-Saidov","Adedayo Möller-Saidov"
019d6143a601713fa37c921b504770bc,engine/data/people/019d6143a601713fa37c921b504770bc.json,"Mika Appiah","Adel Appiah"
019d6143a6277ddd84fad40ddac77668,engine/data/people/019d6143a6277ddd84fad40ddac77668.json,"Mika Malhotra-Larsdóttir","Adelmo Malhotra-Larsdóttir"
019d6143a6307956b19608afb8bcf784,engine/data/people/019d6143a6307956b19608afb8bcf784.json,"Mika Im-Kristjánsson","Adesua Im-Kristjánsson"
019d6143a64875a6b06defc0d539f1f6,engine/data/people/019d6143a64875a6b06defc0d539f1f6.json,"Mika Larsdóttir-Olofsson","Adimabua Larsdóttir-Olofsson"
019d6143a65371f0bbb879b3319647f1,engine/data/people/019d6143a65371f0bbb879b3319647f1.json,"Mika Ergashev-Tetteh","Aditi Ergashev-Tetteh"
019d6143a675765a9e063f777da8a4fe,engine/data/people/019d6143a675765a9e063f777da8a4fe.json,"Mika Ingebrigtsen","Adjoa Ingebrigtsen"
019d6143a698774e8698d59385d3eab6,engine/data/people/019d6143a698774e8698d59385d3eab6.json,"Mika Najjar","Adnan Najjar"
019d6143a6b07ebcbdc0e28f8f3774b9,engine/data/people/019d6143a6b07ebcbdc0e28f8f3774b9.json,"Mika Dalgaard","Adoracion Dalgaard"
019d6143a6b77fc788ec309585a1fc80,engine/data/people/019d6143a6b77fc788ec309585a1fc80.json,"Mika Song","Adriaan Song"
019d6143a6bd7c239868d4de2e9c9055,engine/data/people/019d6143a6bd7c239868d4de2e9c9055.json,"Mika Balogun","Adriano Balogun"
019d6143a6e1783fb6dc16524d070274,engine/data/people/019d6143a6e1783fb6dc16524d070274.json,"Mika Kowalczyk","Afia Kowalczyk"
019d6143a70c70daa9812b24090b7dae,engine/data/people/019d6143a70c70daa9812b24090b7dae.json,"Mika Petrović","Afolake Petrović"
019d6143a7207152a0cd998d0011d00f,engine/data/people/019d6143a7207152a0cd998d0011d00f.json,"Mika Kobayashi-Kwon","Afolami Kobayashi-Kwon"
019d6143a7087b4ea0634b218ad99f7b,engine/data/people/019d6143a7087b4ea0634b218ad99f7b.json,"Rafael Cervantes","Afreen Cervantes"
019d6143a72a70f6bf52f0848a89eced,engine/data/people/019d6143a72a70f6bf52f0848a89eced.json,"Rafael Jaramillo","Afsana Jaramillo"
019d6143a60c71ed82890fc751d1eb5f,engine/data/people/019d6143a60c71ed82890fc751d1eb5f.json,"Rohan Mwangi","Afsoon Mwangi"
019d6143a59f77b0b6ae115d9e5696fa,engine/data/people/019d6143a59f77b0b6ae115d9e5696fa.json,"Rune Mbekele","Afuom Mbekele"
019d6143a5c9769bb2bf482917b4a65c,engine/data/people/019d6143a5c9769bb2bf482917b4a65c.json,"Rune Phommasack-Delgado","Agastya Phommasack-Delgado"
019d6143a5d97ccbbf8827d2ab1c0cd5,engine/data/people/019d6143a5d97ccbbf8827d2ab1c0cd5.json,"Rune Chaiyaporn","Agata Chaiyaporn"
019d6143a600782ab8f640463442893d,engine/data/people/019d6143a600782ab8f640463442893d.json,"Rune Erikstad","Agnieszka Erikstad"
019d6143a63c759b9c3b089288bbec2f,engine/data/people/019d6143a63c759b9c3b089288bbec2f.json,"Rune Taualagi","Agustina Taualagi"
019d6143a6487e219db0b91a9c9180e6,engine/data/people/019d6143a6487e219db0b91a9c9180e6.json,"Rune Ibarra-Ixchel","Ah-lam Ibarra-Ixchel"
019d6143a6587d4994a8a0fd5679923c,engine/data/people/019d6143a6587d4994a8a0fd5679923c.json,"Rune Kovács-Tehrani","Ahaba Kovács-Tehrani"
019d6143a6817ad8b65b7db4a3f789de,engine/data/people/019d6143a6817ad8b65b7db4a3f789de.json,"Rune Sengupta","Ahana Sengupta"
019d6143a6947f22ad78ec10a29fd1c0,engine/data/people/019d6143a6947f22ad78ec10a29fd1c0.json,"Rune Krishnamurthy","Ahanu Krishnamurthy"
019d6143a69c7f3abe09dda3fb20dd5d,engine/data/people/019d6143a69c7f3abe09dda3fb20dd5d.json,"Rune Ingebrigtsen-Bautista","Ahlam Ingebrigtsen-Bautista"
019d6143a69e7905b003070d523b3f96,engine/data/people/019d6143a69e7905b003070d523b3f96.json,"Rune Delgado","Ahmed Delgado"
019d6143a70176a987d434db60e9f502,engine/data/people/019d6143a70176a987d434db60e9f502.json,"Rune Duong","Ahura Duong"
019d6143a7267e72acef68f9d6332c4f,engine/data/people/019d6143a7267e72acef68f9d6332c4f.json,"Rune Trujillo-Venkatesh","Aida Trujillo-Venkatesh"
019d6143a72e769395802164e2e8fa3f,engine/data/people/019d6143a72e769395802164e2e8fa3f.json,"Rune Larsdóttir-Haddad-Thakur","Aigerim Larsdóttir-Haddad-Thakur"
019d6143a5a57b5db3ecedfb1476b8e5,engine/data/people/019d6143a5a57b5db3ecedfb1476b8e5.json,"Vega Guerrero","Aigul Guerrero"
019d6143a5bd75bd84806da3bc8f518c,engine/data/people/019d6143a5bd75bd84806da3bc8f518c.json,"Vega Valenzuela-Chatterjee","Aiman Valenzuela-Chatterjee"
019d6143a5f5776c888d3797466d357f,engine/data/people/019d6143a5f5776c888d3797466d357f.json,"Vega Kjellberg","Aino Kjellberg"
019d6143a6147c4fb23042a5ba94bb70,engine/data/people/019d6143a6147c4fb23042a5ba94bb70.json,"Vega Ly-Kowalczyk","Aishani Ly-Kowalczyk"
019d6143a6237c998f459a038f4868c0,engine/data/people/019d6143a6237c998f459a038f4868c0.json,"Vega Jung","Aishwarya Jung"
019d6143a62b740b99c244e976e894b7,engine/data/people/019d6143a62b740b99c244e976e894b7.json,"Vega Jaramillo-Sabbagh","Aisosa Jaramillo-Sabbagh"
019d6143a62c7e2a83ee8529c8a227a0,engine/data/people/019d6143a62c7e2a83ee8529c8a227a0.json,"Vega Castañeda","Ajani Castañeda"
019d6143a670725fad842cf61963bf04,engine/data/people/019d6143a670725fad842cf61963bf04.json,"Vega Subramaniam","Akachi Subramaniam"
019d6143a69b7cfe8a56f19876f2c340,engine/data/people/019d6143a69b7cfe8a56f19876f2c340.json,"Vega Subramaniam-Venkatesh","Akachukwu Subramaniam-Venkatesh"
019d6143a6b679159076fb8552b139b8,engine/data/people/019d6143a6b679159076fb8552b139b8.json,"Vega Kovács","Akamu Kovács"
019d6143a6bf7fa3af7c066c37b6bb9f,engine/data/people/019d6143a6bf7fa3af7c066c37b6bb9f.json,"Vega Vasquez-Alfarsi-Ixchel","Akanbi Vasquez-Alfarsi-Ixchel"
019d6143a6cf7a979104717596e626ff,engine/data/people/019d6143a6cf7a979104717596e626ff.json,"Vega Árnason-Mensah","Akemi Árnason-Mensah"
019d6143a6e9753b9812ab6ebdf19fc4,engine/data/people/019d6143a6e9753b9812ab6ebdf19fc4.json,"Vega Strömqvist","Akhil Strömqvist"
019d6143a6d874c8ace81a26b6b745e6,engine/data/people/019d6143a6d874c8ace81a26b6b745e6.json,"Imran Haugen-Baiseitov","Akihiro Haugen-Baiseitov"
019d6143a5a07832bdfb280b6f3b1d73,engine/data/people/019d6143a5a07832bdfb280b6f3b1d73.json,"Taslima Dalgaard","Akiko Dalgaard"
019d6143a5a974d5979a1358e070f5d1,engine/data/people/019d6143a5a974d5979a1358e070f5d1.json,"Taslima Arakawa-Horváth","Akinwale Arakawa-Horváth"
019d6143a5bb74099d698ade0a0e1251,engine/data/people/019d6143a5bb74099d698ade0a0e1251.json,"Taslima Lindström","Akira Lindström"
019d6143a63474f690a4e234dd0f7988,engine/data/people/019d6143a63474f690a4e234dd0f7988.json,"Taslima Chakraborty-Ogawa","Akito Chakraborty-Ogawa"
019d6143a5a07dd688e7a8cdee1e85c9,engine/data/people/019d6143a5a07dd688e7a8cdee1e85c9.json,"Haze Johansson","Akosua Johansson"
019d6143a5c0772a8ce9caca8b77b7a4,engine/data/people/019d6143a5c0772a8ce9caca8b77b7a4.json,"Haze Castañeda-Wickramasinghe","Akoti Castañeda-Wickramasinghe"
019d6143a5e8794eb2521b635381fe18,engine/data/people/019d6143a5e8794eb2521b635381fe18.json,"Haze Sigurdsson-Shimizu","Akshara Sigurdsson-Shimizu"
019d6143a60773c986ba4b7ae61e2e62,engine/data/people/019d6143a60773c986ba4b7ae61e2e62.json,"Haze Srisai","Akua Srisai"
019d6143a6187cdfb8ce02b5c89baf03,engine/data/people/019d6143a6187cdfb8ce02b5c89baf03.json,"Haze Seo","Akwasi Seo"
019d6143a6257443ab54f3aa2bf88bf5,engine/data/people/019d6143a6257443ab54f3aa2bf88bf5.json,"Haze Mukherjee","Ala Mukherjee"
019d6143a6407aaebc239776b6da2d5e,engine/data/people/019d6143a6407aaebc239776b6da2d5e.json,"Haze Kjellberg","Alaa Kjellberg"
019d6143a64b788493a565832398929f,engine/data/people/019d6143a64b788493a565832398929f.json,"Haze Asomaning","Alanalani Asomaning"
019d6143a6627293bedc6c7b28220db9,engine/data/people/019d6143a6627293bedc6c7b28220db9.json,"Haze Nygaard","Alankrita Nygaard"
019d6143a67475f1b36c3de0ac215c1c,engine/data/people/019d6143a67475f1b36c3de0ac215c1c.json,"Haze Lindström","Albrecht Lindström"
019d6143a6807689bce6d00f0a25db69,engine/data/people/019d6143a6807689bce6d00f0a25db69.json,"Haze Holm-Somchai-Hossain","Alejandra Holm-Somchai-Hossain"
019d6143a6b678ed89580c96839e1db5,engine/data/people/019d6143a6b678ed89580c96839e1db5.json,"Haze Huitzil-Salazar","Aleksander Huitzil-Salazar"
019d6143a6cd79068a8f0375037e294f,engine/data/people/019d6143a6cd79068a8f0375037e294f.json,"Haze Ionescu","Aleksandra Ionescu"
019d6143a6d672498bd4cba1290a62b3,engine/data/people/019d6143a6d672498bd4cba1290a62b3.json,"Haze Tovar","Aleli Tovar"
019d6143a6f37017a82b14c32e34a1cd,engine/data/people/019d6143a6f37017a82b14c32e34a1cd.json,"Haze Bustamante-Karimov","Alena Bustamante-Karimov"
019d6143a73a704da917c57c30b03f93,engine/data/people/019d6143a73a704da917c57c30b03f93.json,"Haze Thakur-Halverson","Alero Thakur-Halverson"
019d6143a73f7bfd9e05cebe91f66665,engine/data/people/019d6143a73f7bfd9e05cebe91f66665.json,"Haze Villanueva-Tamale","Alexei Villanueva-Tamale"
c986029d2049f55cb81181214c3533ba,engine/data/people/c986029d2049f55cb81181214c3533ba.json,"Haze Magnúsdóttir-Shin-Bui","Alfonso Magnúsdóttir-Shin-Bui"
019d6143a5a17359b3990d0ac7e50434,engine/data/people/019d6143a5a17359b3990d0ac7e50434.json,"Phoenix Zidane-Phommasack","Alhassan Zidane-Phommasack"
019d6143a5b274e5bc109b1d5b123116,engine/data/people/019d6143a5b274e5bc109b1d5b123116.json,"Phoenix Yoon-Villanueva","Alia Yoon-Villanueva"
019d6143a5c67fb9a3a42cecdec69ca2,engine/data/people/019d6143a5c67fb9a3a42cecdec69ca2.json,"Phoenix Magnúsdóttir","Alibek Magnúsdóttir"
019d6143a5e07e4fbd738557f97a0f77,engine/data/people/019d6143a5e07e4fbd738557f97a0f77.json,"Phoenix Venkatesh","Alicia Venkatesh"
019d6143a6107bcab58a6a26142fe3b1,engine/data/people/019d6143a6107bcab58a6a26142fe3b1.json,"Phoenix Björnsdóttir","Alina Björnsdóttir"
019d6143a63b779798b37ddc55ccd8be,engine/data/people/019d6143a63b779798b37ddc55ccd8be.json,"Phoenix Krishnamurthy","Alisha Krishnamurthy"
019d6143a676721b861cad92fa409063,engine/data/people/019d6143a676721b861cad92fa409063.json,"Phoenix Árnason","Almas Árnason"
019d6143a6847992b8880096e7db1f1e,engine/data/people/019d6143a6847992b8880096e7db1f1e.json,"Phoenix Xayavong-Tanaka","Aloha Xayavong-Tanaka"
019d6143a69e761d82c047ce0ce7ec68,engine/data/people/019d6143a69e761d82c047ce0ce7ec68.json,"Phoenix Olofsson-Baiseitov","Alondra Olofsson-Baiseitov"
019d6143a70077b797d948ecd8179152,engine/data/people/019d6143a70077b797d948ecd8179152.json,"Phoenix Deshpande-Saidov-Venkatesh","Alpona Deshpande-Saidov-Venkatesh"
019d6143a7277788a4bf8fb2140e1dd3,engine/data/people/019d6143a7277788a4bf8fb2140e1dd3.json,"Phoenix Okonkwo","Altynai Okonkwo"
019d6143a5a17d5a90d32a0bf72ba535,engine/data/people/019d6143a5a17d5a90d32a0bf72ba535.json,"Obinna Cissé-Trujillo","Alvaro Cissé-Trujillo"
019d6143a6af7888b51e6e5d4271c9ea,engine/data/people/019d6143a6af7888b51e6e5d4271c9ea.json,"Obinna Tetteh","Amaan Tetteh"
019d6143a6b57b2c8445565e6d319cae,engine/data/people/019d6143a6b57b2c8445565e6d319cae.json,"Obinna Tamale-Nazari","Amadeo Tamale-Nazari"
019d6143a6e07daba7ef57287e9ed9f4,engine/data/people/019d6143a6e07daba7ef57287e9ed9f4.json,"Obinna Adeyemi-Pathak","Amadi Adeyemi-Pathak"
019d6143a6e572f7a1c01094a95a312c,engine/data/people/019d6143a6e572f7a1c01094a95a312c.json,"Obinna Appiah-Lindström","Amaechi Appiah-Lindström"
019d6143a6397b12ba406296649acd19,engine/data/people/019d6143a6397b12ba406296649acd19.json,"Liv Sigurdsson","Amaka Sigurdsson"
019d6143a6f07ec78c0bd53e23c134ac,engine/data/people/019d6143a6f07ec78c0bd53e23c134ac.json,"Liv Zaragoza-Ingebrigtsen-Nygaard","Amal Zaragoza-Ingebrigtsen-Nygaard"
019d6143a5a27fbfa04f271ab26cfcf1,engine/data/people/019d6143a5a27fbfa04f271ab26cfcf1.json,"Zephyr Okada-Madrigal","Amarachi Okada-Madrigal"
019d6143a5c37a1093e00a9aab1de995,engine/data/people/019d6143a5c37a1093e00a9aab1de995.json,"Zephyr Traoré-Solberg","Amari Traoré-Solberg"
019d6143a637799bb9c44c91f71a383a,engine/data/people/019d6143a637799bb9c44c91f71a383a.json,"Zephyr Ergashev","Amaro Ergashev"
019d6143a6587b8ca19e5b6b113f39d2,engine/data/people/019d6143a6587b8ca19e5b6b113f39d2.json,"Zephyr Trujillo-Novotný","Amaui Trujillo-Novotný"
019d6143a69a741eb7458663ee226a04,engine/data/people/019d6143a69a741eb7458663ee226a04.json,"Zephyr Rhee","Amenze Rhee"
019d6143a6c179eca60837ef2eb4e499,engine/data/people/019d6143a6c179eca60837ef2eb4e499.json,"Zephyr Fredriksen-Banerjee","Amilcar Fredriksen-Banerjee"
019d6143a6ed7a94b3d1f125bc5914b5,engine/data/people/019d6143a6ed7a94b3d1f125bc5914b5.json,"Zephyr Cardenas","Amin Cardenas"
019d6143a71173b99e9b07763ed7bcc0,engine/data/people/019d6143a71173b99e9b07763ed7bcc0.json,"Zephyr Pathak","Amira Pathak"
019d6143a71877338ed17402e0faf80a,engine/data/people/019d6143a71877338ed17402e0faf80a.json,"Zephyr Bhattacharya","Amlan Bhattacharya"
019d6143a7257baf967c10d7de6572e8,engine/data/people/019d6143a7257baf967c10d7de6572e8.json,"Zephyr Balogun-Petrović","Ammar Balogun-Petrović"
019d6143a72b7e3d8907d657be02749f,engine/data/people/019d6143a72b7e3d8907d657be02749f.json,"Zephyr Árnason","Amobi Árnason"
019d6143a733762bbcfa0d3109ec8d14,engine/data/people/019d6143a733762bbcfa0d3109ec8d14.json,"Zephyr Hernández-Olofsson","Amparo Hernández-Olofsson"
019d6143a73a765088be2a3d64abcfdd,engine/data/people/019d6143a73a765088be2a3d64abcfdd.json,"Zephyr Soriano-Chowdhury","Amruta Soriano-Chowdhury"
2b8d638aedc627fcf9aaf8f021079ccc,engine/data/people/2b8d638aedc627fcf9aaf8f021079ccc.json,"Zephyr Tovar-Olofsson","Amrutha Tovar-Olofsson"
f6a97b37a27b489de40a848725559c66,engine/data/people/f6a97b37a27b489de40a848725559c66.json,"Zephyr Valenzuela","Ana-Maria Valenzuela"
019d6143a6297f978c1fc9439ba51a90,engine/data/people/019d6143a6297f978c1fc9439ba51a90.json,"Adaeze Calvillo-Dlamini","Anaisha Calvillo-Dlamini"
019d6143a66473ffbb170b2dd6e08dc1,engine/data/people/019d6143a66473ffbb170b2dd6e08dc1.json,"Adaeze Touré","Anamika Touré"
019d6143a6b87157ab72f854f5ef59c2,engine/data/people/019d6143a6b87157ab72f854f5ef59c2.json,"Adaeze Nwosu-Ekwensi","Anand Nwosu-Ekwensi"
019d6143a6e175b6a33647095f422255,engine/data/people/019d6143a6e175b6a33647095f422255.json,"Adaeze Traoré","Ananda Traoré"
019d6143a6e77792bffaffb1d699261e,engine/data/people/019d6143a6e77792bffaffb1d699261e.json,"Adaeze Nygaard-Keïta","Anantika Nygaard-Keïta"
019d6143a5a3758b808257979bd63b17,engine/data/people/019d6143a5a3758b808257979bd63b17.json,"Kit Solberg","Anas Solberg"
019d6143a5b3786ab0db14fdbe332ff0,engine/data/people/019d6143a5b3786ab0db14fdbe332ff0.json,"Kit Haugen","Anastazja Haugen"
019d6143a5c57417816395590d05172e,engine/data/people/019d6143a5c57417816395590d05172e.json,"Kit Raghavan","Anatolio Raghavan"
019d6143a5d077c1b181cbbf2ba3361b,engine/data/people/019d6143a5d077c1b181cbbf2ba3361b.json,"Kit Boateng","Anatoliy Boateng"
019d6143a5f07eca818af1298ae6f585,engine/data/people/019d6143a5f07eca818af1298ae6f585.json,"Kit Nakamura","Anchal Nakamura"
019d6143a6177e35a8cdbd283c8d56ba,engine/data/people/019d6143a6177e35a8cdbd283c8d56ba.json,"Kit Hossain","Andreia Hossain"
019d6143a62c7574a6f773ee1dedc340,engine/data/people/019d6143a62c7574a6f773ee1dedc340.json,"Kit Shirazi","Andrzej Shirazi"
019d6143a6367a59b35247e4a2b8818b,engine/data/people/019d6143a6367a59b35247e4a2b8818b.json,"Kit Boateng-Subramaniam","Aneesh Boateng-Subramaniam"
019d6143a6457553bbc0c222049b4dc3,engine/data/people/019d6143a6457553bbc0c222049b4dc3.json,"Kit Kariuki-Olofsson","Anela Kariuki-Olofsson"
019d6143a66d7a9e889b0abad3eb0552,engine/data/people/019d6143a66d7a9e889b0abad3eb0552.json,"Kit Quartey","Anele Quartey"
019d6143a6937b73ad7a36a114f496ff,engine/data/people/019d6143a6937b73ad7a36a114f496ff.json,"Kit Oh","Aneta Oh"
019d6143a69f773995c95fe406b65626,engine/data/people/019d6143a69f773995c95fe406b65626.json,"Kit Kristjánsson","Anezka Kristjánsson"
019d6143a6b7717189709b9a9f5c0887,engine/data/people/019d6143a6b7717189709b9a9f5c0887.json,"Kit Mansour","Angelina Mansour"
019d6143a6ba713392cd90dfc955215b,engine/data/people/019d6143a6ba713392cd90dfc955215b.json,"Kit Odinga","Anh Odinga"
019d6143a6ee7437a28ba5d2d143ac7d,engine/data/people/019d6143a6ee7437a28ba5d2d143ac7d.json,"Kit Okafor-Agyemang-Sepúlveda","Anibal Okafor-Agyemang-Sepúlveda"
019d6143a6f573179e931341c4ac85ed,engine/data/people/019d6143a6f573179e931341c4ac85ed.json,"Kit Ionescu-Hosseini","Anika Ionescu-Hosseini"
019d6143a70378b88295094276460263,engine/data/people/019d6143a70378b88295094276460263.json,"Kit Tetteh-Mbekele","Aniket Tetteh-Mbekele"
019d6143a71c79cfa40197e01db6c23e,engine/data/people/019d6143a71c79cfa40197e01db6c23e.json,"Kit Lindström-Kristjánsson","Anja Lindström-Kristjánsson"
019d6143a6967ea8880262180b36fe9e,engine/data/people/019d6143a6967ea8880262180b36fe9e.json,"Szymon Krstić","Anjum Krstić"
019d6143a6ce7d168578967a6da7aa48,engine/data/people/019d6143a6ce7d168578967a6da7aa48.json,"Szymon Malhotra","Ankur Malhotra"
019d6143a5a4731e96668860c42fa2a1,engine/data/people/019d6143a5a4731e96668860c42fa2a1.json,"Ember Kjellberg-Bouzid","Anneli Kjellberg-Bouzid"
019d6143a5ad74b6abd454e8a17e9886,engine/data/people/019d6143a5ad74b6abd454e8a17e9886.json,"Ember Solberg","Annemieke Solberg"
019d6143a5b376979e21fa239f539ff3,engine/data/people/019d6143a5b376979e21fa239f539ff3.json,"Ember Okafor-Möller","Anouk Okafor-Möller"
019d6143a5eb787285ac97083490bccd,engine/data/people/019d6143a5eb787285ac97083490bccd.json,"Ember Hong-Fredriksen","Anozie Hong-Fredriksen"
019d6143a605774283524f3127e30c50,engine/data/people/019d6143a605774283524f3127e30c50.json,"Ember Chakraborty","Ansgar Chakraborty"
019d6143a60a768e91618c52a1d27e7d,engine/data/people/019d6143a60a768e91618c52a1d27e7d.json,"Ember Björnsdóttir","Ansh Björnsdóttir"
019d6143a63271a0a6bab01008a03f2c,engine/data/people/019d6143a63271a0a6bab01008a03f2c.json,"Ember Toktogulov","Anshika Toktogulov"
019d6143a64472e5bb123a1ab9fc13ed,engine/data/people/019d6143a64472e5bb123a1ab9fc13ed.json,"Ember Bergqvist-Ozcoidi","Anshul Bergqvist-Ozcoidi"
019d6143a6557bae90c274aede599476,engine/data/people/019d6143a6557bae90c274aede599476.json,"Ember Krstić-Mensah","Antara Krstić-Mensah"
019d6143a6627bf880063c1c03a574aa,engine/data/people/019d6143a6627bf880063c1c03a574aa.json,"Ember Salazar","Ante Salazar"
019d6143a66b72b582a252733a85c446,engine/data/people/019d6143a66b72b582a252733a85c446.json,"Ember Erikstad-Baek-Nygaard","Antonina Erikstad-Baek-Nygaard"
019d6143a6db7c39b89aa86f3359d12e,engine/data/people/019d6143a6db7c39b89aa86f3359d12e.json,"Ember Ekwensi","Antonino Ekwensi"
019d6143a70a797789691585dfcb4ac1,engine/data/people/019d6143a70a797789691585dfcb4ac1.json,"Ember Magnúsdóttir","Anubhav Magnúsdóttir"
019d6143a7357fd9aab78bfcdefb6201,engine/data/people/019d6143a7357fd9aab78bfcdefb6201.json,"Ember Rattanavong","Anuhea Rattanavong"
019d6143a5a47ef0997353b6c82c9dba,engine/data/people/019d6143a5a47ef0997353b6c82c9dba.json,"Reed Traoré","Anupama Traoré"
019d6143a5df700ab383c517c2d3f03e,engine/data/people/019d6143a5df700ab383c517c2d3f03e.json,"Reed Nishimura-Kovalenko","Anuradha Nishimura-Kovalenko"
019d6143a5e4756297f0df72c8e930df,engine/data/people/019d6143a5e4756297f0df72c8e930df.json,"Reed Hoang","Anushka Hoang"
019d6143a5fe7600a25c3f8977d457de,engine/data/people/019d6143a5fe7600a25c3f8977d457de.json,"Reed Tofauti-Makwa-Villanueva","Anwita Tofauti-Makwa-Villanueva"
019d6143a63f7d239b1ed6b3ac7e4590,engine/data/people/019d6143a63f7d239b1ed6b3ac7e4590.json,"Reed Nwosu-Thorvaldsdóttir","Anwuli Nwosu-Thorvaldsdóttir"
019d6143a64272108da90c29768d4bda,engine/data/people/019d6143a64272108da90c29768d4bda.json,"Reed Thorvaldsdóttir-Petrović","Anyelu Thorvaldsdóttir-Petrović"
019d6143a6907fd5aef5d81c7e8c2fa2,engine/data/people/019d6143a6907fd5aef5d81c7e8c2fa2.json,"Reed Kristjánsson","Aoi Kristjánsson"
019d6143a69d7b728e2f2cf2c7c5d3d9,engine/data/people/019d6143a69d7b728e2f2cf2c7c5d3d9.json,"Reed Tlemcani-Holm","Aolani Tlemcani-Holm"
019d6143a6ac7caa9b15158082b49309,engine/data/people/019d6143a6ac7caa9b15158082b49309.json,"Reed Vestergaard","Aparna Vestergaard"
019d6143a6c475b3bdb0aabbfe507da5,engine/data/people/019d6143a6c475b3bdb0aabbfe507da5.json,"Reed Espinoza","Apollonia Espinoza"
019d6143a6df75a18203a682e7176960,engine/data/people/019d6143a6df75a18203a682e7176960.json,"Reed Lewandowski-Hossain","Apolo Lewandowski-Hossain"
019d6143a6f27fc38bfade1e97ba49b3,engine/data/people/019d6143a6f27fc38bfade1e97ba49b3.json,"Reed Dlamini-Touré","Araceli Dlamini-Touré"
019d6143a702787ca5e2ecb59b0e9fcd,engine/data/people/019d6143a702787ca5e2ecb59b0e9fcd.json,"Reed Prempeh","Arailym Prempeh"
019d6143a7327713855f71d6928a89fd,engine/data/people/019d6143a7327713855f71d6928a89fd.json,"Reed Salazar","Arame Salazar"
a1426cc02579eba124b3873ed6171a58,engine/data/people/a1426cc02579eba124b3873ed6171a58.json,"Reed Villalobos","Arata Villalobos"
019d6143a5a47fdf9b46a9d6fbe1a9ba,engine/data/people/019d6143a5a47fdf9b46a9d6fbe1a9ba.json,"Sterling Holm-Venkatesh-Hernández","Ardeshir Holm-Venkatesh-Hernández"
019d6143a5c1716bbdc545101864c591,engine/data/people/019d6143a5c1716bbdc545101864c591.json,"Sterling Touré","Areum Touré"
019d6143a5d27cb2b82688d79146236c,engine/data/people/019d6143a5d27cb2b82688d79146236c.json,"Sterling Owusu","Arewa Owusu"
019d6143a5d674dc81264974f687ba34,engine/data/people/019d6143a5d674dc81264974f687ba34.json,"Sterling Holm-Krstić-Bustamante","Arhaan Holm-Krstić-Bustamante"
019d6143a6027db8a953a69e313c0500,engine/data/people/019d6143a6027db8a953a69e313c0500.json,"Sterling Raghavan-Bergqvist-Magnúsdóttir","Arian Raghavan-Bergqvist-Magnúsdóttir"
019d6143a60674999a0df72608747df9,engine/data/people/019d6143a60674999a0df72608747df9.json,"Sterling Chakraborty-Deshpande-Mazurek","Arielle Chakraborty-Deshpande-Mazurek"
019d6143a6107aab9d5893dd85b6aa74,engine/data/people/019d6143a6107aab9d5893dd85b6aa74.json,"Sterling Thakur","Arjav Thakur"
019d6143a61e796abe9e5994e3ce97c9,engine/data/people/019d6143a61e796abe9e5994e3ce97c9.json,"Sterling Strömqvist","Arkadiy Strömqvist"
019d6143a63f735d8ca5b773d8b9ec6f,engine/data/people/019d6143a63f735d8ca5b773d8b9ec6f.json,"Sterling Bah","Armaan Bah"
019d6143a65a7d068c52fbaa7bd74a88,engine/data/people/019d6143a65a7d068c52fbaa7bd74a88.json,"Sterling Quiñones","Arman Quiñones"
019d6143a68470cdaff4cf9ed6640ead,engine/data/people/019d6143a68470cdaff4cf9ed6640ead.json,"Sterling Björnsdóttir-Saidov","Armin Björnsdóttir-Saidov"
019d6143a6917a7ba89c007857e982bf,engine/data/people/019d6143a6917a7ba89c007857e982bf.json,"Sterling Truong","Arnav Truong"
019d6143a6a474b9bb2711443043d17c,engine/data/people/019d6143a6a474b9bb2711443043d17c.json,"Sterling Saechao","Arne Saechao"
019d6143a6c772c2a6855e1fe74d4996,engine/data/people/019d6143a6c772c2a6855e1fe74d4996.json,"Sterling Agyemang","Arshia Agyemang"
019d6143a6dd7ad889ca5d682e6a1bbe,engine/data/people/019d6143a6dd7ad889ca5d682e6a1bbe.json,"Sterling Ingebrigtsen","Arslan Ingebrigtsen"
019d6143a5a5719ebb2aef28422c2efd,engine/data/people/019d6143a5a5719ebb2aef28422c2efd.json,"Bjorn Nazari","Artem Nazari"
019d6143a6017190924a0e2dadb4adc4,engine/data/people/019d6143a6017190924a0e2dadb4adc4.json,"Bjorn Magnúsdóttir","Artur Magnúsdóttir"
019d6143a679700b929795c8faa4eeb8,engine/data/people/019d6143a679700b929795c8faa4eeb8.json,"Bjorn Khorasani-Nygaard","Arunima Khorasani-Nygaard"
019d6143a5aa7c13845e9511ea20bcf1,engine/data/people/019d6143a5aa7c13845e9511ea20bcf1.json,"Kai Nygaard","Arvid Nygaard"
019d6143a5b370d6bf222e41c661f357,engine/data/people/019d6143a5b370d6bf222e41c661f357.json,"Kai Dang","Arwa Dang"
019d6143a5d2730eb3893524ff7c17fa,engine/data/people/019d6143a5d2730eb3893524ff7c17fa.json,"Kai Souvannasane","Asabe Souvannasane"
019d6143a5f170b29624c3c375aa74d1,engine/data/people/019d6143a5f170b29624c3c375aa74d1.json,"Kai Dalgaard","Asako Dalgaard"
019d6143a60d743a98e99a3e6891ba29,engine/data/people/019d6143a60d743a98e99a3e6891ba29.json,"Kai Migizi","Asana Migizi"
019d6143a61f78608de758494ff4fec2,engine/data/people/019d6143a61f78608de758494ff4fec2.json,"Kai Chowdhury","Asantewaa Chowdhury"
019d6143a620734f92cb6d678eebc22c,engine/data/people/019d6143a620734f92cb6d678eebc22c.json,"Kai Okonkwo-Keïta-Fassi","Ashanti Okonkwo-Keïta-Fassi"
019d6143a62e7ad5b5ae65b3b9d0d6bb,engine/data/people/019d6143a62e7ad5b5ae65b3b9d0d6bb.json,"Kai Malhotra-Fredriksen","Ashia Malhotra-Fredriksen"
019d6143a68d7385a95d31a286a1b0a2,engine/data/people/019d6143a68d7385a95d31a286a1b0a2.json,"Kai Rahman","Ashima Rahman"
019d6143a6d7774eb5d35f47d8c109d1,engine/data/people/019d6143a6d7774eb5d35f47d8c109d1.json,"Kai Kristjánsson","Ashraf Kristjánsson"
019d6143a6fe77f7ac86cbf18cde8dbe,engine/data/people/019d6143a6fe77f7ac86cbf18cde8dbe.json,"Kai Amrani-Halverson","Ashvin Amrani-Halverson"
019d6143a7287bb792c4e77a0a11c4d9,engine/data/people/019d6143a7287bb792c4e77a0a11c4d9.json,"Kai Ixchel","Ashwin Ixchel"
019d6143a72c7d1285520e22c672b989,engine/data/people/019d6143a72c7d1285520e22c672b989.json,"Kai Petrović-Khoury","Asif Petrović-Khoury"
1f9ffbd8f09abc088e076260586d5e12,engine/data/people/1f9ffbd8f09abc088e076260586d5e12.json,"Kai Vestergaard-Bergqvist","Asil Vestergaard-Bergqvist"
019d6143a5e273749ee47507859d77b1,engine/data/people/019d6143a5e273749ee47507859d77b1.json,"Idris Krishnamurthy","Askar Krishnamurthy"
019d6143a656704c84e48c33acb9e70e,engine/data/people/019d6143a656704c84e48c33acb9e70e.json,"Idris Larsdóttir-Vongphasouk","Asma Larsdóttir-Vongphasouk"
019d6143a65775f4bf76c2e90f51329e,engine/data/people/019d6143a65775f4bf76c2e90f51329e.json,"Idris Szczypiński","Asmaa Szczypiński"
019d6143a69d7cce99c58c195c0b3a1a,engine/data/people/019d6143a69d7cce99c58c195c0b3a1a.json,"Idris Pham","Asta Pham"
019d6143a6a77d18b5ca13fb7f19625b,engine/data/people/019d6143a6a77d18b5ca13fb7f19625b.json,"Idris Nkrumah-Vasquez-Alfarsi","Astrid Nkrumah-Vasquez-Alfarsi"
019d6143a6b674e68920eb3b23748370,engine/data/people/019d6143a6b674e68920eb3b23748370.json,"Idris Wójcik","Asuncion Wójcik"
019d6143a73b7b2a97fef13ddc79fbde,engine/data/people/019d6143a73b7b2a97fef13ddc79fbde.json,"Idris Fujiwara","Atef Fujiwara"
f244a595be0370ea8a67b9b1ec7f83bc,engine/data/people/idris_forsberg_quaye.json,"Idris Forsberg-Quaye","Atharv Forsberg-Quaye"
019d6143a5a67e6db929f2a6b012d6df,engine/data/people/019d6143a5a67e6db929f2a6b012d6df.json,"Zara Takahashi","Atiya Takahashi"
019d6143a5bf790ca1bf7c839e4ff37f,engine/data/people/019d6143a5bf790ca1bf7c839e4ff37f.json,"Zara Bergqvist","Auni Bergqvist"
019d6143a5df7584af36f300c7a0c04a,engine/data/people/019d6143a5df7584af36f300c7a0c04a.json,"Zara Saidov","Aurelia Saidov"
019d6143a5e77fe7ba915b4c95ed9fe6,engine/data/people/019d6143a5e77fe7ba915b4c95ed9fe6.json,"Zara Tovar","Aurora Tovar"
019d6143a62374938e94804a033078d7,engine/data/people/019d6143a62374938e94804a033078d7.json,"Zara Bautista-Wójcik-Dlamini","Avani Bautista-Wójcik-Dlamini"
019d6143a6327a6e8ea242b7ba18da18,engine/data/people/019d6143a6327a6e8ea242b7ba18da18.json,"Zara Keomanivong","Avantika Keomanivong"
019d6143a6417680baa782bc9472b8ca,engine/data/people/019d6143a6417680baa782bc9472b8ca.json,"Zara Rakhimov","Aviral Rakhimov"
019d6143a64676f8a694218d09873f9f,engine/data/people/019d6143a64676f8a694218d09873f9f.json,"Zara Solberg-Strömqvist-Chatterjee","Awapuhi Solberg-Strömqvist-Chatterjee"
019d6143a66c727c950cbded153962f0,engine/data/people/019d6143a66c727c950cbded153962f0.json,"Zara Matsumoto-Valenzuela","Ayaan Matsumoto-Valenzuela"
019d6143a67d71569f7b09faf97587b7,engine/data/people/019d6143a67d71569f7b09faf97587b7.json,"Zara Jung-Chakraborty","Ayaka Jung-Chakraborty"
019d6143a683780583fbab3c2f304200,engine/data/people/019d6143a683780583fbab3c2f304200.json,"Zara Tuivailala","Ayako Tuivailala"
019d6143a68a71e4a255bef6b1b976cc,engine/data/people/019d6143a68a71e4a255bef6b1b976cc.json,"Zara Mwangi-Guerrero","Ayanda Mwangi-Guerrero"
019d6143a6ae7d888d2414e497ab624d,engine/data/people/019d6143a6ae7d888d2414e497ab624d.json,"Zara Pathak-Popescu","Ayanfe Pathak-Popescu"
019d6143a6b77325bcf0110361bd6a28,engine/data/people/019d6143a6b77325bcf0110361bd6a28.json,"Zara Larsdóttir","Ayano Larsdóttir"
019d6143a71c755a86c552d9a1fa9492,engine/data/people/019d6143a71c755a86c552d9a1fa9492.json,"Zara Cisneros","Aybek Cisneros"
019d6143a724711ba806ca447eba4eec,engine/data/people/019d6143a724711ba806ca447eba4eec.json,"Zara Sesay-Sow","Aybike Sesay-Sow"
019d6143a72c74b19097809b62868711,engine/data/people/019d6143a72c74b19097809b62868711.json,"Zara Zidane","Aydan Zidane"
019d6143a7317d7c8ab965b7b771c1dd,engine/data/people/019d6143a7317d7c8ab965b7b771c1dd.json,"Zara Charoenphol-Haraldsen","Ayesha Charoenphol-Haraldsen"
7f3f926b371fbfd6c84cf269aee258bc,engine/data/people/7f3f926b371fbfd6c84cf269aee258bc.json,"Zara Inoue","Ayita Inoue"
019d6143a5d87d1797c4e9994e8d220b,engine/data/people/019d6143a5d87d1797c4e9994e8d220b.json,"Jabari Nwosu","Ayman Nwosu"
019d6143a5ef794fbe2491587134eedf,engine/data/people/019d6143a5ef794fbe2491587134eedf.json,"Jabari Odinga-Nakamura-Valenzuela","Ayobami Odinga-Nakamura-Valenzuela"
019d6143a5a77290b42dc84594d24f62,engine/data/people/019d6143a5a77290b42dc84594d24f62.json,"Arc Sigurdsson-Wickramasinghe","Ayodeji Sigurdsson-Wickramasinghe"
019d6143a5ce72338f0fc9b3d211ca6b,engine/data/people/019d6143a5ce72338f0fc9b3d211ca6b.json,"Arc Fredriksen-Valenzuela","Ayodele Fredriksen-Valenzuela"
019d6143a5e67438955a08cf61c33c3c,engine/data/people/019d6143a5e67438955a08cf61c33c3c.json,"Arc Sigurdsson-Park-Tamale","Ayomide Sigurdsson-Park-Tamale"
019d6143a71073b5be3059692cb97f89,engine/data/people/019d6143a71073b5be3059692cb97f89.json,"Arc Kamara-Holm","Ayoola Kamara-Holm"
019d6143a7317836a8b7eb75c5dea9f7,engine/data/people/019d6143a7317836a8b7eb75c5dea9f7.json,"Arc Kovalenko-Ogawa","Aysel Kovalenko-Ogawa"
019d6143a5cd7f3283e2c399e9f15d8b,engine/data/people/019d6143a5cd7f3283e2c399e9f15d8b.json,"Flux Cervantes","Aytan Cervantes"
019d6143a62f7de1947c0bb54741ca91,engine/data/people/019d6143a62f7de1947c0bb54741ca91.json,"Flux Bautista","Aytul Bautista"
019d6143a64b7b4988533dccfd3a5260,engine/data/people/019d6143a64b7b4988533dccfd3a5260.json,"Flux Thorvaldsdóttir","Ayushi Thorvaldsdóttir"
019d6143a65b722d8ed4c8466be97318,engine/data/people/019d6143a65b722d8ed4c8466be97318.json,"Flux Horváth","Ayushmaan Horváth"
019d6143a68977508aabd3d90d70a9dd,engine/data/people/019d6143a68977508aabd3d90d70a9dd.json,"Flux Vestergaard","Azad Vestergaard"
019d6143a6a27e23b3832480f2b3c42a,engine/data/people/019d6143a6a27e23b3832480f2b3c42a.json,"Flux Espinoza","Azhar Espinoza"
019d6143a6ba7a35a5e445096fd395ad,engine/data/people/019d6143a6ba7a35a5e445096fd395ad.json,"Flux Kabwit","Azubuike Kabwit"
019d6143a71277c4ab9949eb254dcf9c,engine/data/people/019d6143a71277c4ab9949eb254dcf9c.json,"Flux Sow","Azucena Sow"
019d6143a7197c5495d338d078e364c7,engine/data/people/019d6143a7197c5495d338d078e364c7.json,"Flux Nurzhanov","Babajide Nurzhanov"
019d6143a71e739c8b07fea82d72d4e8,engine/data/people/019d6143a71e739c8b07fea82d72d4e8.json,"Flux Karimov","Babatunde Karimov"
019d6143a71f705589e69f119ebd259a,engine/data/people/019d6143a71f705589e69f119ebd259a.json,"Flux Kulkarni","Badr Kulkarni"
019d6143a5a876f0a206af99f7cb25c6,engine/data/people/019d6143a5a876f0a206af99f7cb25c6.json,"Vale Migizi-Thammasak","Baek Migizi-Thammasak"
019d6143a5b9738ba3ec4a86de0cc242,engine/data/people/019d6143a5b9738ba3ec4a86de0cc242.json,"Vale Jaramillo-Cissé","Bahar Jaramillo-Cissé"
019d6143a5eb75708fb89b653cffae45,engine/data/people/019d6143a5eb75708fb89b653cffae45.json,"Vale Sow","Baharak Sow"
019d6143a5f37159aba9bb1dce6835b8,engine/data/people/019d6143a5f37159aba9bb1dce6835b8.json,"Vale Trujillo-Guerrero","Bahman Trujillo-Guerrero"
019d6143a5fd7d61a16f0c78246a9ee7,engine/data/people/019d6143a5fd7d61a16f0c78246a9ee7.json,"Vale Baek","Bahram Baek"
019d6143a6037215a1cc99922af91b4c,engine/data/people/019d6143a6037215a1cc99922af91b4c.json,"Vale Kang-Shirazi","Bakari Kang-Shirazi"
019d6143a60d7d94a11e7a106fb2d147,engine/data/people/019d6143a60d7d94a11e7a106fb2d147.json,"Vale Novotný","Bakhyt Novotný"
019d6143a615789fa92896ed555ef8dd,engine/data/people/019d6143a615789fa92896ed555ef8dd.json,"Vale An","Bakir An"
019d6143a62a72429e4ca23e1f85aec2,engine/data/people/019d6143a62a72429e4ca23e1f85aec2.json,"Vale Sepúlveda-Ogawa","Bakytzhan Sepúlveda-Ogawa"
019d6143a65572e2ac898393d5c7c383,engine/data/people/019d6143a65572e2ac898393d5c7c383.json,"Vale Chatterjee-Banerjee-Vongphasouk","Baltasar Chatterjee-Banerjee-Vongphasouk"
019d6143a68170da98ce79ab12002805,engine/data/people/019d6143a68170da98ce79ab12002805.json,"Vale Esquivel","Bamidele Esquivel"
019d6143a69870c9b94ea8708ac3ed3d,engine/data/people/019d6143a69870c9b94ea8708ac3ed3d.json,"Vale Valenzuela","Banafsheh Valenzuela"
019d6143a6ca76f7bf65730d485cf4d0,engine/data/people/019d6143a6ca76f7bf65730d485cf4d0.json,"Vale Sow-Haraldsen-Thorvaldsdóttir","Bankole Sow-Haraldsen-Thorvaldsdóttir"
019d6143a6d5708ea3947b74d69d206a,engine/data/people/019d6143a6d5708ea3947b74d69d206a.json,"Vale Malhotra","Bariga Malhotra"
019d6143a6fa7bdab626a14830b4ec47,engine/data/people/019d6143a6fa7bdab626a14830b4ec47.json,"Vale Anang","Baris Anang"
019d6143a70e7fd9bb5505def347c60b,engine/data/people/019d6143a70e7fd9bb5505def347c60b.json,"Vale Johansson","Barkha Johansson"
019d6143a5a8780c99a5e6dbf3babfba,engine/data/people/019d6143a5a8780c99a5e6dbf3babfba.json,"Rowan Montalvo","Bart Montalvo"
019d6143a5ad7500b254e263a93eb317,engine/data/people/019d6143a5ad7500b254e263a93eb317.json,"Rowan Pathak","Bartlomiej Pathak"
019d6143a5b77ca09ce9b9b939cac74b,engine/data/people/019d6143a5b77ca09ce9b9b939cac74b.json,"Rowan Cho","Bartosz Cho"
019d6143a5b877e5a937640624631bd3,engine/data/people/019d6143a5b877e5a937640624631bd3.json,"Rowan Bustamante","Basanti Bustamante"
019d6143a5cb7ada84dcaec731bfc55a,engine/data/people/019d6143a5cb7ada84dcaec731bfc55a.json,"Rowan Erikstad-Volkov-Horváth","Basel Erikstad-Volkov-Horváth"
019d6143a5dd7b60a2fde13e4d7b4c13,engine/data/people/019d6143a5dd7b60a2fde13e4d7b4c13.json,"Rowan Ixchel-Nokomis-Najjar","Bashir Ixchel-Nokomis-Najjar"
019d6143a5ef7e29a234eda797627e05,engine/data/people/019d6143a5ef7e29a234eda797627e05.json,"Rowan Konaté","Bashiru Konaté"
019d6143a62176ba8cd2a1b800af93eb,engine/data/people/019d6143a62176ba8cd2a1b800af93eb.json,"Rowan Boateng","Basilio Boateng"
019d6143a6547a5ea6efe0b481690e00,engine/data/people/019d6143a6547a5ea6efe0b481690e00.json,"Rowan Thakur","Basira Thakur"
019d6143a65c724c8d67cb9d9380c6a6,engine/data/people/019d6143a65c724c8d67cb9d9380c6a6.json,"Rowan Kamara-Park","Basma Kamara-Park"
019d6143a66679bd890a47fa357a4e93,engine/data/people/019d6143a66679bd890a47fa357a4e93.json,"Rowan Migizi","Bastiaan Migizi"
019d6143a66e700788533d384f0915f2,engine/data/people/019d6143a66e700788533d384f0915f2.json,"Rowan Salazar-Subramaniam","Bastien Salazar-Subramaniam"
019d6143a68878a08f9ba8722c9dad81,engine/data/people/019d6143a68878a08f9ba8722c9dad81.json,"Rowan Thammasak","Bayo Thammasak"
019d6143a6ab707d8e493f7d6c4ad7a2,engine/data/people/019d6143a6ab707d8e493f7d6c4ad7a2.json,"Rowan Dalgaard","Bazhena Dalgaard"
019d6143a6b173aa8954b7f64f062c0e,engine/data/people/019d6143a6b173aa8954b7f64f062c0e.json,"Rowan Villalobos-Kimura","Beatriz Villalobos-Kimura"
019d6143a6ce776f883d58b476636ee6,engine/data/people/019d6143a6ce776f883d58b476636ee6.json,"Rowan Nokomis-Guerrero","Bedaanta Nokomis-Guerrero"
019d6143a6ea7495820a021512d9cd61,engine/data/people/019d6143a6ea7495820a021512d9cd61.json,"Rowan Fujiwara","Bedrettin Fujiwara"
019d6143a5d577c29d67d08d2dd874ba,engine/data/people/019d6143a5d577c29d67d08d2dd874ba.json,"Rehana Raghavan","Beibarys Raghavan"
019d6143a6637be797a9314e2483af33,engine/data/people/019d6143a6637be797a9314e2483af33.json,"Rehana Karunaratne","Bela Karunaratne"
019d6143a6d37c939cd886aade865387,engine/data/people/019d6143a6d37c939cd886aade865387.json,"Rehana Srisai-Castañeda","Belinda Srisai-Castañeda"
019d6143a5a97ac1949470d3cc41d849,engine/data/people/019d6143a5a97ac1949470d3cc41d849.json,"Slate Wójcik-Malhotra","Beliz Wójcik-Malhotra"
019d6143a5b474a784190877f1d14047,engine/data/people/019d6143a5b474a784190877f1d14047.json,"Slate Hinojosa-Sefanaia","Belma Hinojosa-Sefanaia"
019d6143a5bd7e0eae0714d6a2552d1b,engine/data/people/019d6143a5bd7e0eae0714d6a2552d1b.json,"Slate Kulkarni-Nokomis","Beluchi Kulkarni-Nokomis"
019d6143a5c97144841c142771b6140c,engine/data/people/019d6143a5c97144841c142771b6140c.json,"Slate Björnsdóttir-Kwon","Benedikt Björnsdóttir-Kwon"
019d6143a5e075edb8c0b32d7f829b54,engine/data/people/019d6143a5e075edb8c0b32d7f829b54.json,"Slate Cervantes-Echeverría","Bengt Cervantes-Echeverría"
019d6143a5e17892821ace3acbeb1d45,engine/data/people/019d6143a5e17892821ace3acbeb1d45.json,"Slate Chakraborty-Tamale","Beniah Chakraborty-Tamale"
019d6143a60b75c4a897a560d2c663dd,engine/data/people/019d6143a60b75c4a897a560d2c663dd.json,"Slate Bah-Krishnamurthy","Benita Bah-Krishnamurthy"
019d6143a64077619b954785db5033bc,engine/data/people/019d6143a64077619b954785db5033bc.json,"Slate Baek-Popescu","Benjamim Baek-Popescu"
019d6143a645793cb840931b02258602,engine/data/people/019d6143a645793cb840931b02258602.json,"Slate Björnsdóttir","Berenice Björnsdóttir"
019d6143a6687765adcb51724d01b14e,engine/data/people/019d6143a6687765adcb51724d01b14e.json,"Slate Sepúlveda","Berk Sepúlveda"
019d6143a674781582be9fd297f5c3bd,engine/data/people/019d6143a674781582be9fd297f5c3bd.json,"Slate Hong-Árnason-Rentería","Berko Hong-Árnason-Rentería"
019d6143a68c74ac8357597af48825c1,engine/data/people/019d6143a68c74ac8357597af48825c1.json,"Slate Erikstad-Calvillo","Bernarda Erikstad-Calvillo"
019d6143a6ac78a48a3707dbe29a57ad,engine/data/people/019d6143a6ac78a48a3707dbe29a57ad.json,"Slate Fredriksen","Bernedette Fredriksen"
019d6143a6ca7a92b89442bb6473f5d9,engine/data/people/019d6143a6ca7a92b89442bb6473f5d9.json,"Slate Banerjee-Larsdóttir","Bernhard Banerjee-Larsdóttir"
019d6143a6cc78b2aa4396db36b3fa08,engine/data/people/019d6143a6cc78b2aa4396db36b3fa08.json,"Slate Boonsri-Im-Kabwit","Bernhardt Boonsri-Im-Kabwit"
019d6143a70672b8893f1cdd3dcf8180,engine/data/people/019d6143a70672b8893f1cdd3dcf8180.json,"Slate Okonkwo-Traoré","Bertel Okonkwo-Traoré"
019d6143a70e775996c7b1ca9591c1ea,engine/data/people/019d6143a70e775996c7b1ca9591c1ea.json,"Slate Touré-Najjar","Bertha Touré-Najjar"
019d6143a739791a80c39f72830c921c,engine/data/people/019d6143a739791a80c39f72830c921c.json,"Slate Charoenphol-Keïta","Beyza Charoenphol-Keïta"
019d6143a60b7501b80d62c65ff2caf2,engine/data/people/019d6143a60b7501b80d62c65ff2caf2.json,"Vesper Khoury","Bhagyashree Khoury"
019d6143a62279cfb6d515e64be366a1,engine/data/people/019d6143a62279cfb6d515e64be366a1.json,"Vesper Hernández","Bhairavi Hernández"
019d6143a6337061bb15e9f513341a55,engine/data/people/019d6143a6337061bb15e9f513341a55.json,"Vesper Kulkarni","Bhaskara Kulkarni"
019d6143a6797dcbab5dddf72108fbcf,engine/data/people/019d6143a6797dcbab5dddf72108fbcf.json,"Vesper Madrigal","Bhavesh Madrigal"
019d6143a70f7c159be2fd53e5e9d887,engine/data/people/019d6143a70f7c159be2fd53e5e9d887.json,"Vesper Thorvaldsdóttir-Esquivel","Bhavika Thorvaldsdóttir-Esquivel"
019d6143a7247c099dbb0ded5045e7f3,engine/data/people/019d6143a7247c099dbb0ded5045e7f3.json,"Vesper Konaté-Villalobos","Bhavleen Konaté-Villalobos"
019d6143a5ab70c480ce9f994baa7097,engine/data/people/019d6143a5ab70c480ce9f994baa7097.json,"Kira Magnúsdóttir","Bhoomika Magnúsdóttir"
019d6143a5b17008a4a3b72b0607a0d6,engine/data/people/019d6143a5b17008a4a3b72b0607a0d6.json,"Kira Mansour-Björnsdóttir-Shirazi","Bhumika Mansour-Björnsdóttir-Shirazi"
019d6143a5b470c1913d1c2a6543c625,engine/data/people/019d6143a5b470c1913d1c2a6543c625.json,"Kira Hinojosa","Bibhu Hinojosa"
019d6143a5ec7bbc95456b6f2710052d,engine/data/people/019d6143a5ec7bbc95456b6f2710052d.json,"Kira Duong","Bilal Duong"
019d6143a5f87d62b675e0b95714d288,engine/data/people/019d6143a5f87d62b675e0b95714d288.json,"Kira Raghavan","Bilge Raghavan"
019d6143a60a7451b7f9ac1f5f380722,engine/data/people/019d6143a60a7451b7f9ac1f5f380722.json,"Kira Banerjee","Binh Banerjee"
019d6143a6137f809f9c9b1bf2e18ffe,engine/data/people/019d6143a6137f809f9c9b1bf2e18ffe.json,"Kira Khoury-Möller","Biobaku Khoury-Möller"
019d6143a6567683876b62a9f10e7ef3,engine/data/people/019d6143a6567683876b62a9f10e7ef3.json,"Kira Villanueva-Owusu-Bangura","Biodun Villanueva-Owusu-Bangura"
019d6143a67e704a90e8c9040e736de8,engine/data/people/019d6143a67e704a90e8c9040e736de8.json,"Kira Nygaard-Haugen","Birendra Nygaard-Haugen"
019d6143a69175658579d5d8c6eae969,engine/data/people/019d6143a69175658579d5d8c6eae969.json,"Kira Baiseitov-Petrović","Birger Baiseitov-Petrović"
019d6143a6f47db3a5d70ea9917ed7db,engine/data/people/019d6143a6f47db3a5d70ea9917ed7db.json,"Kira Leota","Birgitta Leota"
019d6143a708705eaefccef27c3f59a8,engine/data/people/019d6143a708705eaefccef27c3f59a8.json,"Kira Rentería-Douangpanya","Bita Rentería-Douangpanya"
019d6143a710799e97d10e18f9d880a4,engine/data/people/019d6143a710799e97d10e18f9d880a4.json,"Kira Karimi-Quartey","Bjarne Karimi-Quartey"
019d6143a71c7f3f8f56093101c66611,engine/data/people/019d6143a71c7f3f8f56093101c66611.json,"Kira Hossain-Okonkwo","Bjork Hossain-Okonkwo"
019d6143a7237b80b00fb36088780a7b,engine/data/people/019d6143a7237b80b00fb36088780a7b.json,"Kira Chakraborty-Vongphasouk","Blanca Chakraborty-Vongphasouk"
019d6143a6f17ebbb5bc4ca83a47e704,engine/data/people/019d6143a6f17ebbb5bc4ca83a47e704.json,"Thora Mohammadi","Boahinmaa Mohammadi"
019d6143a63370b6b1dedd398b44fae0,engine/data/people/019d6143a63370b6b1dedd398b44fae0.json,"Zuri Makwa","Bogumila Makwa"
019d6143a6517a62ae8f6288909d4227,engine/data/people/019d6143a6517a62ae8f6288909d4227.json,"Zuri Migizi","Bohai Migizi"
019d6143a6a47661a2f26d2af58bb2ce,engine/data/people/019d6143a6a47661a2f26d2af58bb2ce.json,"Zuri Raghavan","Bohdan Raghavan"
019d6143a73b7aa68455b4cfa05e82b8,engine/data/people/019d6143a73b7aa68455b4cfa05e82b8.json,"Zuri Owusu","Bohumila Owusu"
019d6143a67672cb9248c38d198083b0,engine/data/people/019d6143a67672cb9248c38d198083b0.json,"Ghita Banerjee-Karimov","Bohuslav Banerjee-Karimov"
019d6143a6c87a8d93d9a0d31d572f15,engine/data/people/019d6143a6c87a8d93d9a0d31d572f15.json,"Ghita Cisneros","Bolaji Cisneros"
019d6143a5ac77c5b46a0f171fac833b,engine/data/people/019d6143a5ac77c5b46a0f171fac833b.json,"Arden Makwa-Guerrero","Bolivar Makwa-Guerrero"
019d6143a5c67125b494014bc7764368,engine/data/people/019d6143a5c67125b494014bc7764368.json,"Arden Rahman-Tursunov-Guerrero","Bolot Rahman-Tursunov-Guerrero"
019d6143a5e77ec0a248a24ed2b5e5f1,engine/data/people/019d6143a5e77ec0a248a24ed2b5e5f1.json,"Arden Ekwensi-Odinga","Bolu Ekwensi-Odinga"
019d6143a60f7f9ab333d5f057bad025,engine/data/people/019d6143a60f7f9ab333d5f057bad025.json,"Arden Morimoto","Boluwatife Morimoto"
019d6143a63574b4b36be2b9f6c48427,engine/data/people/019d6143a63574b4b36be2b9f6c48427.json,"Arden Árnason-Mori","Bongiwe Árnason-Mori"
019d6143a65777a399fa80d3f455c8ef,engine/data/people/019d6143a65777a399fa80d3f455c8ef.json,"Arden Salazar","Boris Salazar"
019d6143a6837ff9a76f725aabb9857a,engine/data/people/019d6143a6837ff9a76f725aabb9857a.json,"Arden Mansour","Borje Mansour"
019d6143a69b7da3a006fad207ac9917,engine/data/people/019d6143a69b7da3a006fad207ac9917.json,"Arden Sefanaia","Borna Sefanaia"
019d6143a6b47a2c9d24f08ac29db1fd,engine/data/people/019d6143a6b47a2c9d24f08ac29db1fd.json,"Arden Erikstad","Boutros Erikstad"
019d6143a6d37cceaa9e0691009005d6,engine/data/people/019d6143a6d37cceaa9e0691009005d6.json,"Arden Citlali","Bozena Citlali"
019d6143a6d474799357b6038a87af96,engine/data/people/019d6143a6d474799357b6038a87af96.json,"Arden An-Björnsdóttir","Branko An-Björnsdóttir"
019d6143a7077cde8855b09cfcbddf97,engine/data/people/019d6143a7077cde8855b09cfcbddf97.json,"Arden Kariuki-Chatterjee-Somchai","Braulio Kariuki-Chatterjee-Somchai"
019d6143a7127a98aaa035bdf65e86d2,engine/data/people/019d6143a7127a98aaa035bdf65e86d2.json,"Arden Zielinski","Brijesh Zielinski"
019d6143a7177e7387d1c07a38ccfac1,engine/data/people/019d6143a7177e7387d1c07a38ccfac1.json,"Arden Balasanyan-Hayashi-Cardenas","Brina Balasanyan-Hayashi-Cardenas"
019db318e29d7d02b2ac749fda4b0ab8,engine/data/people/019db318e29d7d02b2ac749fda4b0ab8.json,"Arden","Brisa"
019d6143a5ad790a92111ea0e4869e54,engine/data/people/019d6143a5ad790a92111ea0e4869e54.json,"Remi Douangpanya","Brita Douangpanya"
019d6143a5cc7281a2e2b86958430913,engine/data/people/019d6143a5cc7281a2e2b86958430913.json,"Remi Kovács-Masoe-Sato","Brunhilde Kovács-Masoe-Sato"
019d6143a5cf7627a50ab27f24038ee3,engine/data/people/019d6143a5cf7627a50ab27f24038ee3.json,"Remi Cervantes","Buenaventura Cervantes"
019d6143a5d07d408c8f5827f3ef0199,engine/data/people/019d6143a5d07d408c8f5827f3ef0199.json,"Remi Haraldsen-Larsdóttir-Bergqvist","Bugra Haraldsen-Larsdóttir-Bergqvist"
019d6143a5db742d85bb5774f2af90a2,engine/data/people/019d6143a5db742d85bb5774f2af90a2.json,"Remi Chowdhury-Wickramasinghe","Burak Chowdhury-Wickramasinghe"
019d6143a5f678419b93a7c742afb15b,engine/data/people/019d6143a5f678419b93a7c742afb15b.json,"Remi Jeong-Balasanyan","Busayo Jeong-Balasanyan"
019d6143a5fb77ba880b9a61e3a04a50,engine/data/people/019d6143a5fb77ba880b9a61e3a04a50.json,"Remi Pathak-Keïta","Bushra Pathak-Keïta"
019d6143a6297f59b5ee7f14ac3ea3e4,engine/data/people/019d6143a6297f59b5ee7f14ac3ea3e4.json,"Remi Traoré-Magnúsdóttir","Buyisile Traoré-Magnúsdóttir"
019d6143a64f742dbaef3680e6f3dd75,engine/data/people/019d6143a64f742dbaef3680e6f3dd75.json,"Remi Wójcik-Mwangi","Byeong-ho Wójcik-Mwangi"
019d6143a66179a0bd06a381c6e4e385,engine/data/people/019d6143a66179a0bd06a381c6e4e385.json,"Remi Horváth-Castañeda","Caetano Horváth-Castañeda"
019d6143a6917bfbb204406ccf4a99c6,engine/data/people/019d6143a6917bfbb204406ccf4a99c6.json,"Remi Szabó-Kovalenko-Hinojosa","Calista Szabó-Kovalenko-Hinojosa"
019d6143a694790db55fe66d7f93a54e,engine/data/people/019d6143a694790db55fe66d7f93a54e.json,"Remi Solberg-Anang","Calixto Solberg-Anang"
019d6143a6b2715dbf4955a7681d306d,engine/data/people/019d6143a6b2715dbf4955a7681d306d.json,"Remi Novotný","Cam Novotný"
019d6143a6bf79c7b553f16a95e8ab67,engine/data/people/019d6143a6bf79c7b553f16a95e8ab67.json,"Remi Sigurdsson-Sigurdsson","Camilo Sigurdsson-Sigurdsson"
019d6143a6c9719cbb174c842fddcf0e,engine/data/people/019d6143a6c9719cbb174c842fddcf0e.json,"Remi Zaragoza","Can Zaragoza"
019d6143a6da73a38e3eb094adb0c220,engine/data/people/019d6143a6da73a38e3eb094adb0c220.json,"Remi Chaiyaporn-Calvillo-Hernández","Canan Chaiyaporn-Calvillo-Hernández"
019d6143a6e07c49acd0190ae6d969ff,engine/data/people/019d6143a6e07c49acd0190ae6d969ff.json,"Remi Lindström-Lindström","Cande Lindström-Lindström"
019d6143a6fd71549a6d7cc1a69578c7,engine/data/people/019d6143a6fd71549a6d7cc1a69578c7.json,"Remi Möller-Saidov-Thorvaldsdóttir","Candida Möller-Saidov-Thorvaldsdóttir"
019d6143a5ae74068f30836a95513509,engine/data/people/019d6143a5ae74068f30836a95513509.json,"Lark Mwangi-Szczypiński","Candido Mwangi-Szczypiński"
019d6143a5b0753a8b0f4c5ce00f1199,engine/data/people/019d6143a5b0753a8b0f4c5ce00f1199.json,"Lark Magnúsdóttir","Carlota Magnúsdóttir"
019d6143a5c27068b38ee2847fe89d76,engine/data/people/019d6143a5c27068b38ee2847fe89d76.json,"Lark Sigurdsson","Carmela Sigurdsson"
019d6143a5dc756598a690baa8d3d673,engine/data/people/019d6143a5dc756598a690baa8d3d673.json,"Lark Pham","Carolina Pham"
019d6143a5e57eac83d9ad270a52a3f7,engine/data/people/019d6143a5e57eac83d9ad270a52a3f7.json,"Lark Phommasack-Johansson","Casimira Phommasack-Johansson"
019d6143a5fc7e7680fe75bd511feca6,engine/data/people/019d6143a5fc7e7680fe75bd511feca6.json,"Lark Kovács-Čabarkapa","Casper Kovács-Čabarkapa"
019d6143a6227868890bfb995233b364,engine/data/people/019d6143a6227868890bfb995233b364.json,"Lark Jung","Cassandra Jung"
019d6143a6657616bc7fe3471ee02c88,engine/data/people/019d6143a6657616bc7fe3471ee02c88.json,"Lark An-Sokolov","Catalina An-Sokolov"
019d6143a6a17b4abcdfe86ce5ab219f,engine/data/people/019d6143a6a17b4abcdfe86ce5ab219f.json,"Lark Madrigal","Catori Madrigal"
019d6143a6bf7d8dbef3db4720df4c49,engine/data/people/019d6143a6bf7d8dbef3db4720df4c49.json,"Lark Fassi-Khorasani-Tehrani","Caupolican Fassi-Khorasani-Tehrani"
019d6143a6d7796ea5c01e15fca8cc83,engine/data/people/019d6143a6d7796ea5c01e15fca8cc83.json,"Lark Souvannasane","Cayetano Souvannasane"
019d6143a6f47fee8627e77c09af0ddb,engine/data/people/019d6143a6f47fee8627e77c09af0ddb.json,"Lark Ergashev","Cecylia Ergashev"
019d6143a5ae7ac3abfcc75af7db5fff,engine/data/people/019d6143a5ae7ac3abfcc75af7db5fff.json,"Luca Valenzuela","Celestina Valenzuela"
019d6143a5bb7792a6ac4a68a9c7e542,engine/data/people/019d6143a5bb7792a6ac4a68a9c7e542.json,"Luca Thakur-Arredondo","Celia Thakur-Arredondo"
019d6143a5d37607844cad92eb1b0645,engine/data/people/019d6143a5d37607844cad92eb1b0645.json,"Luca Kovalenko-Wattana","Celina Kovalenko-Wattana"
019d6143a5fc7699910157090995efc1,engine/data/people/019d6143a5fc7699910157090995efc1.json,"Luca Asomaning-Ito","Celio Asomaning-Ito"
019d6143a6067b7aa5b92d067d141e91,engine/data/people/019d6143a6067b7aa5b92d067d141e91.json,"Luca Thammasak-Johansson","Celmira Thammasak-Johansson"
019d6143a62170bdb97c4a3d7795dbb6,engine/data/people/019d6143a62170bdb97c4a3d7795dbb6.json,"Luca Hernández","Cemal Hernández"
019d6143a62a7f1a8499c023206aa6c3,engine/data/people/019d6143a62a7f1a8499c023206aa6c3.json,"Luca Banerjee-Tamale","Cengiz Banerjee-Tamale"
019d6143a63d72af91e5887dff6ce4e6,engine/data/people/019d6143a63d72af91e5887dff6ce4e6.json,"Luca Nishimura-Chatterjee-Subramaniam","Cenk Nishimura-Chatterjee-Subramaniam"
019d6143a6527eb4a1f00ffdebe6ab66,engine/data/people/019d6143a6527eb4a1f00ffdebe6ab66.json,"Luca Makwa","Ceren Makwa"
019d6143a6647e3b8d70d4f3709f1bfb,engine/data/people/019d6143a6647e3b8d70d4f3709f1bfb.json,"Luca Zielinski-Volkov","Cesar Zielinski-Volkov"
019d6143a68b7486bd07c168a1fa6c5b,engine/data/people/019d6143a68b7486bd07c168a1fa6c5b.json,"Luca Chakraborty-Moon","Cesilia Chakraborty-Moon"
019d6143a6907ce0b15d881f2e18aa83,engine/data/people/019d6143a6907ce0b15d881f2e18aa83.json,"Luca Bhattacharya-Karimi","Cetin Bhattacharya-Karimi"
019d6143a69473e2bcc8bb2d364d1f97,engine/data/people/019d6143a69473e2bcc8bb2d364d1f97.json,"Luca Björnsdóttir-Vestergaard","Ceyhan Björnsdóttir-Vestergaard"
019d6143a6a375559af109ae7152bbda,engine/data/people/019d6143a6a375559af109ae7152bbda.json,"Luca Matai","Cezary Matai"
019d6143a6cf7ee9b438b2173f3c8126,engine/data/people/019d6143a6cf7ee9b438b2173f3c8126.json,"Luca Horváth","Chaitra Horváth"
019d6143a6fe7eeab61b16bc79c96a54,engine/data/people/019d6143a6fe7eeab61b16bc79c96a54.json,"Luca Dlamini","Chandni Dlamini"
019d6143a70a7629b2b3a77fd01dbee2,engine/data/people/019d6143a70a7629b2b3a77fd01dbee2.json,"Luca Montalvo","Chang-min Montalvo"
019d6143a71a7d05a16c72c39a3a13c0,engine/data/people/019d6143a71a7d05a16c72c39a3a13c0.json,"Luca Karimov","Chau Karimov"
019d6143a5bc738a9e5ec7a2c19ba976,engine/data/people/019d6143a5bc738a9e5ec7a2c19ba976.json,"Zen Truong","Chayton Truong"
019d6143a5c47c2690dddc128fed51c6,engine/data/people/019d6143a5c47c2690dddc128fed51c6.json,"Zen Solberg","Chenguang Solberg"
019d6143a6277d4e9462a44689ab3dde,engine/data/people/019d6143a6277d4e9462a44689ab3dde.json,"Zen Kristjánsson","Chetan Kristjánsson"
019d6143a63c7bb3907156b3874391f8,engine/data/people/019d6143a63c7bb3907156b3874391f8.json,"Zen Subramaniam-Deshpande","Cheyenne Subramaniam-Deshpande"
019d6143a6507d64badcbaaf5bd4f183,engine/data/people/019d6143a6507d64badcbaaf5bd4f183.json,"Zen Mori","Chhaya Mori"
019d6143a665757a8637b255120a49aa,engine/data/people/019d6143a665757a8637b255120a49aa.json,"Zen Trujillo","Chi Trujillo"
019d6143a69a79d2aaea7e07a1d099d1,engine/data/people/019d6143a69a79d2aaea7e07a1d099d1.json,"Zen Bui","Chiaki Bui"
019d6143a6d2727d833898ef2cf2c89f,engine/data/people/019d6143a6d2727d833898ef2cf2c89f.json,"Zen Makwa","Chiamaka Makwa"
019d6143a71b73db9987252fb0b4765a,engine/data/people/019d6143a71b73db9987252fb0b4765a.json,"Zen Rentería-Matsumoto","Chibueze Rentería-Matsumoto"
019d6143a7387e479a85a1e4298a21ca,engine/data/people/019d6143a7387e479a85a1e4298a21ca.json,"Zen Oh","Chibuzo Oh"
019d6143a6427146a4740910fcecb02a,engine/data/people/019d6143a6427146a4740910fcecb02a.json,"Paloma Ibarra","Chidera Ibarra"
019d6143a68d7483bc839808ec8e07f3,engine/data/people/019d6143a68d7483bc839808ec8e07f3.json,"Paloma Choi","Chidinma Choi"
019d6143a6df7d078b818f3991f6afb4,engine/data/people/019d6143a6df7d078b818f3991f6afb4.json,"Paloma Cervantes-Möller","Chidubem Cervantes-Möller"
019d6143a5c175d1ae04b31bec344a06,engine/data/people/019d6143a5c175d1ae04b31bec344a06.json,"Tarn Thakur","Chie Thakur"
019d6143a5c874b6b858068d908b8418,engine/data/people/019d6143a5c874b6b858068d908b8418.json,"Tarn Zielinski-Wickramasinghe","Chieko Zielinski-Wickramasinghe"
019d6143a6447a1aa5cab8c6fde20a47,engine/data/people/019d6143a6447a1aa5cab8c6fde20a47.json,"Tarn Tlemcani","Chigozie Tlemcani"
019d6143a695746b8fe388f1e8ff68b7,engine/data/people/019d6143a695746b8fe388f1e8ff68b7.json,"Tarn Hosseini","Chiharu Hosseini"
019d6143a6c27bebb7a83393a7acaf82,engine/data/people/019d6143a6c27bebb7a83393a7acaf82.json,"Tarn Vasquez-Alfarsi","Chihiro Vasquez-Alfarsi"
019d6143a7027ae0a29b657e8a0719b0,engine/data/people/019d6143a7027ae0a29b657e8a0719b0.json,"Tarn Delgado-Delgado-Kovalenko","Chijindu Delgado-Delgado-Kovalenko"
019d6143a70f780ca102c3ab502c31e2,engine/data/people/019d6143a70f780ca102c3ab502c31e2.json,"Tarn Zaragoza","Chijioke Zaragoza"
019d6143a71370499f44d7ebd00b43ec,engine/data/people/019d6143a71370499f44d7ebd00b43ec.json,"Tarn Mbekele","Chikanma Mbekele"
019d6143a71574719af6a27215d9203c,engine/data/people/019d6143a71574719af6a27215d9203c.json,"Tarn Sigurdsson","Chike Sigurdsson"
019d6143a73d79a9b07a41036123a4a9,engine/data/people/019d6143a73d79a9b07a41036123a4a9.json,"Tarn Fredriksen","Chimamanda Fredriksen"
019d6143a5b079c2acc9e5a94b76fd0c,engine/data/people/019d6143a5b079c2acc9e5a94b76fd0c.json,"Farid Sengupta","Chimezie Sengupta"
019d6143a5f379e8812b15bb5fe36129,engine/data/people/019d6143a5f379e8812b15bb5fe36129.json,"Farid Chakraborty","Chin-hwa Chakraborty"
019d6143a67a781da90b5869c330867a,engine/data/people/019d6143a67a781da90b5869c330867a.json,"Farid Karunaratne-Tlaloc","Chinaedu Karunaratne-Tlaloc"
019d6143a6927866b0645775a841a5f4,engine/data/people/019d6143a6927866b0645775a841a5f4.json,"Farid Halverson","Chinara Halverson"
019d6143a7227ad1a8e9f7e7a1c73dcc,engine/data/people/019d6143a7227ad1a8e9f7e7a1c73dcc.json,"Farid Čabarkapa-Jitpakdee","Chinasa Čabarkapa-Jitpakdee"
019d6143a5b1746d991d4317617c5a63,engine/data/people/019d6143a5b1746d991d4317617c5a63.json,"Onyx Mwangi-Park","Chinedu Mwangi-Park"
019d6143a5b97449b961f6af4beac28f,engine/data/people/019d6143a5b97449b961f6af4beac28f.json,"Onyx Mori-Konaté","Chinelo Mori-Konaté"
019d6143a5cb740b821506689dac148a,engine/data/people/019d6143a5cb740b821506689dac148a.json,"Onyx Cardenas-Tovar","Chinonso Cardenas-Tovar"
019d6143a5ea7058a12ec27129d2bdb6,engine/data/people/019d6143a5ea7058a12ec27129d2bdb6.json,"Onyx Dinh","Chinwendu Dinh"
019d6143a5f9789dbfe7d2fb529c9359,engine/data/people/019d6143a5f9789dbfe7d2fb529c9359.json,"Onyx Kulkarni-Jeong","Chioma Kulkarni-Jeong"
019d6143a6087e0abb02bea9a9dd651e,engine/data/people/019d6143a6087e0abb02bea9a9dd651e.json,"Onyx Kariuki","Chisara Kariuki"
019d6143a61674bc95b23a1c4c3e5c70,engine/data/people/019d6143a61674bc95b23a1c4c3e5c70.json,"Onyx Solberg-Sigurdsson","Chisom Solberg-Sigurdsson"
019d6143a62d748fbd2f58e0cb99c733,engine/data/people/019d6143a62d748fbd2f58e0cb99c733.json,"Onyx Sepúlveda-Mohammadi","Chizitere Sepúlveda-Mohammadi"
019d6143a66f71cdaee2931577e3dfc3,engine/data/people/019d6143a66f71cdaee2931577e3dfc3.json,"Onyx Mensah-Diallo","Chizoba Mensah-Diallo"
019d6143a68a790aa6f30f0983be6be5,engine/data/people/019d6143a68a790aa6f30f0983be6be5.json,"Onyx Deshpande","Cho-hee Deshpande"
019d6143a6e37de59dd0a4b0f4e3da72,engine/data/people/019d6143a6e37de59dd0a4b0f4e3da72.json,"Onyx Vaai","Christiaan Vaai"
019d6143a6f87d59ab2d03e779c35fad,engine/data/people/019d6143a6f87d59ab2d03e779c35fad.json,"Onyx Phommachanh","Chukwuemeka Phommachanh"
019d6143a5b1780b928a2771b74277c5,engine/data/people/019d6143a5b1780b928a2771b74277c5.json,"Quinn Ionescu-Mansour","Chukwuka Ionescu-Mansour"
019d6143a5c27f7898bc879dd9abd521,engine/data/people/019d6143a5c27f7898bc879dd9abd521.json,"Quinn Agyemang-Watanabe","Chunhua Agyemang-Watanabe"
019d6143a5f177698cb172b0fb3ea91d,engine/data/people/019d6143a5f177698cb172b0fb3ea91d.json,"Quinn Krishnamurthy-Montalvo","Cipriano Krishnamurthy-Montalvo"
019d6143a61b7401b892e14ea826df54,engine/data/people/019d6143a61b7401b892e14ea826df54.json,"Quinn Wojciechowski","Clarisa Wojciechowski"
019d6143a6257a7c8b1192297884f167,engine/data/people/019d6143a6257a7c8b1192297884f167.json,"Quinn Nygaard","Claudio Nygaard"
019d6143a62873bda96a5d44a38ad689,engine/data/people/019d6143a62873bda96a5d44a38ad689.json,"Quinn Haugen-Villalobos","Clelia Haugen-Villalobos"
019d6143a6307376a4566580a2ab6fcd,engine/data/people/019d6143a6307376a4566580a2ab6fcd.json,"Quinn Tran","Clemente Tran"
019d6143a6537d2284c1e44e642fd817,engine/data/people/019d6143a6537d2284c1e44e642fd817.json,"Quinn Nurzhanov","Cleofas Nurzhanov"
019d6143a5e47a54aa5d2795981e8ad4,engine/data/people/019d6143a5e47a54aa5d2795981e8ad4.json,"Cipher Magnúsdóttir","Colette Magnúsdóttir"
019d6143a62077d2b6918e90d0cf57c7,engine/data/people/019d6143a62077d2b6918e90d0cf57c7.json,"Cipher Rentería","Concepcion Rentería"
019d6143a62f7a50900a38ed019764a4,engine/data/people/019d6143a62f7a50900a38ed019764a4.json,"Cipher Cissé","Congxi Cissé"
019d6143a63b747e8220a0bd5d6d9af1,engine/data/people/019d6143a63b747e8220a0bd5d6d9af1.json,"Cipher Vestergaard-Kristjánsson","Conrado Vestergaard-Kristjánsson"
019d6143a64274a3b981ff8c7f1a9a43,engine/data/people/019d6143a64274a3b981ff8c7f1a9a43.json,"Cipher Kristjánsson","Consuelo Kristjánsson"
019d6143a6cd71629bc1979ec563c030,engine/data/people/019d6143a6cd71629bc1979ec563c030.json,"Cipher Delgado-Nygaard","Corentin Delgado-Nygaard"
019d6143a6da7e01b366bbe78c422da0,engine/data/people/019d6143a6da7e01b366bbe78c422da0.json,"Cipher Jeong","Cornelio Jeong"
019d6143a5b27f1c8745e494eafad270,engine/data/people/019d6143a5b27f1c8745e494eafad270.json,"Sol Trujillo-Asomaning","Cornelis Trujillo-Asomaning"
019d6143a5c47b239164126e70285bb0,engine/data/people/019d6143a5c47b239164126e70285bb0.json,"Sol Árnason-Karimi-Lindström","Cosme Árnason-Karimi-Lindström"
019d6143a600791aa7ed2dadf5818961,engine/data/people/019d6143a600791aa7ed2dadf5818961.json,"Sol Nokomis","Crispin Nokomis"
019d6143a6777c1eb557730f98b53156,engine/data/people/019d6143a6777c1eb557730f98b53156.json,"Sol Sigurdsson","Cristina Sigurdsson"
019d6143a67d7ab59fbeb114dc49b189,engine/data/people/019d6143a67d7ab59fbeb114dc49b189.json,"Sol Kabwit-Inoue","Cruzita Kabwit-Inoue"
019d6143a6937b198a4e4f2645d70679,engine/data/people/019d6143a6937b198a4e4f2645d70679.json,"Sol Anang-Bergqvist","Cuauhtemoc Anang-Bergqvist"
019d6143a6c677778dbf15ae8ac4ce10,engine/data/people/019d6143a6c677778dbf15ae8ac4ce10.json,"Sol Hayashi","Cuc Hayashi"
019d6143a6f67c598b2d46c059cfdaf6,engine/data/people/019d6143a6f67c598b2d46c059cfdaf6.json,"Sol Anang-Ozcoidi","Cyrille Anang-Ozcoidi"
019d6143a7167e97b8a91a9cb2b54ee6,engine/data/people/019d6143a7167e97b8a91a9cb2b54ee6.json,"Sol Mbekele-Thakur","Da-eun Mbekele-Thakur"
019d6143a5b577dbb57c48f7049e6329,engine/data/people/019d6143a5b577dbb57c48f7049e6329.json,"Aero Kovács-Cervantes","Dabira Kovács-Cervantes"
019d6143a5ce7066b402a329dc47a9c0,engine/data/people/019d6143a5ce7066b402a329dc47a9c0.json,"Aero Kimura","Dade Kimura"
019d6143a62a7108b7e8e69068f7097f,engine/data/people/019d6143a62a7108b7e8e69068f7097f.json,"Aero Kristjánsson","Dadzie Kristjánsson"
019d6143a6397d8785776859b6c5214a,engine/data/people/019d6143a6397d8785776859b6c5214a.json,"Aero Mohammadi-Deshpande","Dae-hyun Mohammadi-Deshpande"
019d6143a65972b9bf60db474c9763de,engine/data/people/019d6143a65972b9bf60db474c9763de.json,"Aero Trujillo-Appiah","Dag Trujillo-Appiah"
019d6143a66c7d788dc08b261cd6d934,engine/data/people/019d6143a66c7d788dc08b261cd6d934.json,"Aero Jitpakdee","Dagbjort Jitpakdee"
019d6143a69c7576ac7d9c68f63ac750,engine/data/people/019d6143a69c7576ac7d9c68f63ac750.json,"Aero Sigurdsson-Pathak","Dagmar Sigurdsson-Pathak"
019d6143a6bc7f0dafd7581af7d10bc7,engine/data/people/019d6143a6bc7f0dafd7581af7d10bc7.json,"Aero Larsdóttir","Daichi Larsdóttir"
019d6143a6d373a989302626193a8e7b,engine/data/people/019d6143a6d373a989302626193a8e7b.json,"Aero Mukherjee","Daiki Mukherjee"
019d6143a72f78588388e6ed60294a5e,engine/data/people/019d6143a72f78588388e6ed60294a5e.json,"Aero Taufa","Daisuke Taufa"
019d6143a5f87111b0b91ccf74726b4d,engine/data/people/019d6143a5f87111b0b91ccf74726b4d.json,"Kwame Okafor","Dakota Okafor"
019d6143a5b8724689b51fe4b192f9aa,engine/data/people/019d6143a5b8724689b51fe4b192f9aa.json,"Nyx Bautista-Vestergaard","Daksh Bautista-Vestergaard"
019d6143a61a730cbd2184771564205f,engine/data/people/019d6143a61a730cbd2184771564205f.json,"Nyx Montalvo","Daliborka Montalvo"
019d6143a63e727a822cc2934762fa96,engine/data/people/019d6143a63e727a822cc2934762fa96.json,"Nyx Abdykadyrov-Dalgaard","Dalila Abdykadyrov-Dalgaard"
019d6143a67277a58e6e2a15dcb9c5f0,engine/data/people/019d6143a67277a58e6e2a15dcb9c5f0.json,"Nyx Najjar-Khorasani","Dalinda Najjar-Khorasani"
019d6143a6b87bbcb57f05bee66051f8,engine/data/people/019d6143a6b87bbcb57f05bee66051f8.json,"Nyx Hossain-Haraldsen","Dalmiro Hossain-Haraldsen"
019d6143a6cb7871bf5d2f1d6cd6570d,engine/data/people/019d6143a6cb7871bf5d2f1d6cd6570d.json,"Nyx Sepúlveda-Solberg-Cardenas","Dalya Sepúlveda-Solberg-Cardenas"
019d6143a6e772b1914f4e8722cf8a7c,engine/data/people/019d6143a6e772b1914f4e8722cf8a7c.json,"Nyx Migizi-Soriano","Damaris Migizi-Soriano"
019d6143a7147b73b67f0f5ca4067e8d,engine/data/people/019d6143a7147b73b67f0f5ca4067e8d.json,"Nyx Sefanaia-Moala","Damian Sefanaia-Moala"
019d6143a73c757eadeb17e0e92ab8d8,engine/data/people/019d6143a73c757eadeb17e0e92ab8d8.json,"Nyx Rahman","Damilola Rahman"
019d6143a67f77b6ace051aeb31a084a,engine/data/people/019d6143a67f77b6ace051aeb31a084a.json,"Santiago Yoon","Daniella Yoon"
019d6143a6f074f588ffb6258c5c6224,engine/data/people/019d6143a6f074f588ffb6258c5c6224.json,"Santiago Appiah","Danilo Appiah"
019d6143a71d781eab0779d6a73ec737,engine/data/people/019d6143a71d781eab0779d6a73ec737.json,"Santiago Quiñones","Daniush Quiñones"
019d6143a71f735ca5bcb6e16d60f867,engine/data/people/019d6143a71f735ca5bcb6e16d60f867.json,"Santiago Calvillo","Danjuma Calvillo"
019d6143a5b673afb4ef0936a16b8374,engine/data/people/019d6143a5b673afb4ef0936a16b8374.json,"Nova Sow","Danladi Sow"
019d6143a5cd74af887c621a477753bf,engine/data/people/019d6143a5cd74af887c621a477753bf.json,"Nova Touré-Arakawa","Dao Touré-Arakawa"
019d6143a5d377a9bdbc50eef70d8ced,engine/data/people/019d6143a5d377a9bdbc50eef70d8ced.json,"Nova Strömqvist-Holm","Daramola Strömqvist-Holm"
019d6143a5d57ffa896eb2d423e2ca26,engine/data/people/019d6143a5d57ffa896eb2d423e2ca26.json,"Nova Quiñones-Mazurek","Darian Quiñones-Mazurek"
019d6143a612704daa82f065e596f671,engine/data/people/019d6143a612704daa82f065e596f671.json,"Nova Kimura-Tamale","Dariusz Kimura-Tamale"
019d6143a62672e899b305c55dc08002,engine/data/people/019d6143a62672e899b305c55dc08002.json,"Nova Hossain","Darren Hossain"
019d6143a63c7346858cc43c22805956,engine/data/people/019d6143a63c7346858cc43c22805956.json,"Nova Achebe","Daryanaz Achebe"
019d6143a66176bf92901f7a0b4be830,engine/data/people/019d6143a66176bf92901f7a0b4be830.json,"Nova Karunaratne","Daulet Karunaratne"
019d6143a67878b4bea39fbce693c0d3,engine/data/people/019d6143a67878b4bea39fbce693c0d3.json,"Nova Traoré-Villanueva","Dayo Traoré-Villanueva"
019d6143a67c7a2cb3af343a563f65c4,engine/data/people/019d6143a67c7a2cb3af343a563f65c4.json,"Nova Erikstad","Debangshu Erikstad"
019d6143a6bc709c93467a1672240ce5,engine/data/people/019d6143a6bc709c93467a1672240ce5.json,"Nova Ionescu","Debjani Ionescu"
019d6143a6be7c168de0134272a58e91,engine/data/people/019d6143a6be7c168de0134272a58e91.json,"Nova Petrović","Deka Petrović"
019d6143a6c77d1b891dfd45ed23e989,engine/data/people/019d6143a6c77d1b891dfd45ed23e989.json,"Nova Arredondo","Delali Arredondo"
019d6143a6ed7efe93d58ed971a6a54b,engine/data/people/019d6143a6ed7efe93d58ed971a6a54b.json,"Nova Ibarra-Nwosu","Delphine Ibarra-Nwosu"
019d6143a6ee706cb1d8bf9a386d09a8,engine/data/people/019d6143a6ee706cb1d8bf9a386d09a8.json,"Nova Petrović-Nkrumah","Delshad Petrović-Nkrumah"
019d6143a6f5721191da3a3ef8d0a76e,engine/data/people/019d6143a6f5721191da3a3ef8d0a76e.json,"Nova Delgado-Touré-Boateng","Delun Delgado-Touré-Boateng"
019d6143a6f8737bbb4f5e327fb3c9a4,engine/data/people/019d6143a6f8737bbb4f5e327fb3c9a4.json,"Nova Haugen-Xayavong","Dembe Haugen-Xayavong"
1867228611f8938acbc8ba2c0dbc7b8f,engine/data/people/1867228611f8938acbc8ba2c0dbc7b8f.json,"Nova Malhotra","Demetria Malhotra"
019d6143a5ca7024bfb2cce6f988a5f3,engine/data/people/019d6143a5ca7024bfb2cce6f988a5f3.json,"Echo Cardenas-Johansson-Hinojosa","Deniz Cardenas-Johansson-Hinojosa"
019d6143a5e9703a999e282c1f3225ad,engine/data/people/019d6143a5e9703a999e282c1f3225ad.json,"Echo Huitzil","Denzel Huitzil"
019d6143a5f07c919a7ff0f4a5598b18,engine/data/people/019d6143a5f07c919a7ff0f4a5598b18.json,"Echo Bautista","Derya Bautista"
019d6143a6197d8e83ab9cf34f679571,engine/data/people/019d6143a6197d8e83ab9cf34f679571.json,"Echo Hoang-Saechao","Deshanay Hoang-Saechao"
019d6143a63179b393c3086b4fff303c,engine/data/people/019d6143a63179b393c3086b4fff303c.json,"Echo Tamale-Khoury","Desiderio Tamale-Khoury"
019d6143a6387b1cb829ca0327d685ac,engine/data/people/019d6143a6387b1cb829ca0327d685ac.json,"Echo Watanabe","Desta Watanabe"
019d6143a65377a9862469fb7d42e49f,engine/data/people/019d6143a65377a9862469fb7d42e49f.json,"Echo Nygaard-Cissé","Detlef Nygaard-Cissé"
019d6143a654775d94a73388f93c6c05,engine/data/people/019d6143a654775d94a73388f93c6c05.json,"Echo Soriano-Srisai-Anang","Devansh Soriano-Srisai-Anang"
019d6143a6677803afbfe98dc14068f8,engine/data/people/019d6143a6677803afbfe98dc14068f8.json,"Echo Okada-Banerjee","Devanshi Okada-Banerjee"
019d6143a6677ff69b223306b9951eab,engine/data/people/019d6143a6677ff69b223306b9951eab.json,"Echo Haraldsen","Devika Haraldsen"
019d6143a6707429bb7b311ac410b337,engine/data/people/019d6143a6707429bb7b311ac410b337.json,"Echo Kettani-Erikstad","Dhanashri Kettani-Erikstad"
019d6143a6807262b7bbea25f01e3afe,engine/data/people/019d6143a6807262b7bbea25f01e3afe.json,"Echo Lewandowski","Dhanush Lewandowski"
019d6143a696728d88030e53a3b66599,engine/data/people/019d6143a696728d88030e53a3b66599.json,"Echo Haddad","Dhanvi Haddad"
019d6143a69d7d2bb11178deb6eb4a31,engine/data/people/019d6143a69d7d2bb11178deb6eb4a31.json,"Echo Tetteh-Malhotra-Vestergaard","Dharav Tetteh-Malhotra-Vestergaard"
019d6143a6ff7a93ad8945e2dfc75a0b,engine/data/people/019d6143a6ff7a93ad8945e2dfc75a0b.json,"Echo Boateng","Dharmesh Boateng"
019d6143a71476dc84844260e80d57fd,engine/data/people/019d6143a71476dc84844260e80d57fd.json,"Echo Tetteh","Dhoruba Tetteh"
019d6143a732747bba7553846ac3b806,engine/data/people/019d6143a732747bba7553846ac3b806.json,"Echo Nakamura-Petelo","Dhriti Nakamura-Petelo"
019d6143a7387d709134e050d8c225eb,engine/data/people/019d6143a7387d709134e050d8c225eb.json,"Echo Ibarra","Dhruv Ibarra"
019d6143a5b77b0a9559e006ad5308f3,engine/data/people/019d6143a5b77b0a9559e006ad5308f3.json,"Wren Salazar-Morimoto-Pathak","Diamantino Salazar-Morimoto-Pathak"
019d6143a5c4718691cc7692088b6e1a,engine/data/people/019d6143a5c4718691cc7692088b6e1a.json,"Wren Subramaniam","Diederik Subramaniam"
019d6143a6007623970fac76fad265b1,engine/data/people/019d6143a6007623970fac76fad265b1.json,"Wren Odinga","Diep Odinga"
019d6143a60771b682d97b2b157d751f,engine/data/people/019d6143a60771b682d97b2b157d751f.json,"Wren Sokolov","Dieter Sokolov"
019d6143a64a78a49394444c52e73a77,engine/data/people/019d6143a64a78a49394444c52e73a77.json,"Wren Haugen","Dikembe Haugen"
019d6143a6527efb99d9163e783906c0,engine/data/people/019d6143a6527efb99d9163e783906c0.json,"Wren Fassi-Wojciechowski","Diksha Fassi-Wojciechowski"
019d6143a65f7f86b5e484cd7dd20cd2,engine/data/people/019d6143a65f7f86b5e484cd7dd20cd2.json,"Wren Árnason","Dilber Árnason"
019d6143a66e72f8836b2992f364a5cc,engine/data/people/019d6143a66e72f8836b2992f364a5cc.json,"Wren Mansour-Möller","Dilcia Mansour-Möller"
019d6143a671733f8849f322b0836714,engine/data/people/019d6143a671733f8849f322b0836714.json,"Wren Haddad-Mwangi","Dilek Haddad-Mwangi"
019d6143a68e7d5b83cce5dc8a8ff36b,engine/data/people/019d6143a68e7d5b83cce5dc8a8ff36b.json,"Wren Echeverría-Ekwensi-Tovar","Dilnoza Echeverría-Ekwensi-Tovar"
019d6143a6a67542abdbafc97420d0ff,engine/data/people/019d6143a6a67542abdbafc97420d0ff.json,"Wren Valenzuela","Dina Valenzuela"
019d6143a6bb7cd6a0bbefab6e6b44a3,engine/data/people/019d6143a6bb7cd6a0bbefab6e6b44a3.json,"Wren Hwang","Dinara Hwang"
019d6143a6ff7e4e8b52b7b9efe69713,engine/data/people/019d6143a6ff7e4e8b52b7b9efe69713.json,"Wren Möller-Montalvo","Dinora Möller-Montalvo"
019d6143a70376b7bbe797cb10894ce7,engine/data/people/019d6143a70376b7bbe797cb10894ce7.json,"Wren Agyemang","Diogo Agyemang"
019d6143a5be7f2dbcf96b990ac54b22,engine/data/people/019d6143a5be7f2dbcf96b990ac54b22.json,"Cleo Hachemi-Strömqvist-Kettani","Diop Hachemi-Strömqvist-Kettani"
019d6143a60271dc928a6bd8dc7a8d28,engine/data/people/019d6143a60271dc928a6bd8dc7a8d28.json,"Cleo Guerrero-Oh","Dipti Guerrero-Oh"
019d6143a63a7a599680137c4ca530e1,engine/data/people/019d6143a63a7a599680137c4ca530e1.json,"Cleo Achebe","Divit Achebe"
019d6143a64d7389b75bb2d6e896bba5,engine/data/people/019d6143a64d7389b75bb2d6e896bba5.json,"Cleo Kim","Divya Kim"
019d6143a66871edb873854d1c83827e,engine/data/people/019d6143a66871edb873854d1c83827e.json,"Cleo Hong-Najjar","Divyansh Hong-Najjar"
019d6143a6a8762e9510f3806f7396b2,engine/data/people/019d6143a6a8762e9510f3806f7396b2.json,"Cleo Lindström-Zidane-Banerjee","Diyaa Lindström-Zidane-Banerjee"
019d6143a6bc732e925c48c181c12e8b,engine/data/people/019d6143a6bc732e925c48c181c12e8b.json,"Cleo Olofsson","Dmitry Olofsson"
019d6143a6d47d9e8f34b66fff0e4b3b,engine/data/people/019d6143a6d47d9e8f34b66fff0e4b3b.json,"Cleo Huitzil","Do-yun Huitzil"
019d6143a6f2755f84945e6d0e93aa6d,engine/data/people/019d6143a6f2755f84945e6d0e93aa6d.json,"Cleo Zielinski","Doan Zielinski"
019d6143a6fc75dab3bf7bf5037e3838,engine/data/people/019d6143a6fc75dab3bf7bf5037e3838.json,"Cleo Kjellberg","Dobromila Kjellberg"
019d6143a72d7595b50bc63de7827e67,engine/data/people/019d6143a72d7595b50bc63de7827e67.json,"Pavel Sokolov","Dolores Sokolov"
019d6143a5ba7a94b5856e27ef9e5dae,engine/data/people/019d6143a5ba7a94b5856e27ef9e5dae.json,"Ama Cissé","Domingo Cissé"
019d6143a5cd7991a10752988fc2f127,engine/data/people/019d6143a5cd7991a10752988fc2f127.json,"Ama Hossain","Dominika Hossain"
019d6143a5da7fa9a7547fbf4eb962fe,engine/data/people/019d6143a5da7fa9a7547fbf4eb962fe.json,"Ama Deshpande-Deshpande","Domitila Deshpande-Deshpande"
019d6143a6637c628c9e19238a835d90,engine/data/people/019d6143a6637c628c9e19238a835d90.json,"Ama Karimi","Donatello Karimi"
019d6143a66476398fdc709ecd570f35,engine/data/people/019d6143a66476398fdc709ecd570f35.json,"Ama Erikstad","Dong Erikstad"
019d6143a6f67959b64afa3c47775a2f,engine/data/people/019d6143a6f67959b64afa3c47775a2f.json,"Ama Bangura","Dongmei Bangura"
019d6143a707762ebf6f2a3a80f1d940,engine/data/people/019d6143a707762ebf6f2a3a80f1d940.json,"Ama Odinga","Donya Odinga"
019d6143a5c5790bbab366b9a6b26cf8,engine/data/people/019d6143a5c5790bbab366b9a6b26cf8.json,"Binta Okonkwo-Petrović-Volkov","Dora Okonkwo-Petrović-Volkov"
019d6143a60b726982d44531fe15346f,engine/data/people/019d6143a60b726982d44531fe15346f.json,"Binta Magnúsdóttir-Björnsdóttir","Dorian Magnúsdóttir-Björnsdóttir"
019d6143a61f7dce94a25b52e87cf7b5,engine/data/people/019d6143a61f7dce94a25b52e87cf7b5.json,"Binta Boateng","Dragan Boateng"
019d6143a66a7228a57dd816a432c277,engine/data/people/019d6143a66a7228a57dd816a432c277.json,"Binta Nkrumah-Wojciechowski-Kulkarni","Duduzile Nkrumah-Wojciechowski-Kulkarni"
019d6143a6817d46922b4d83f29e1005,engine/data/people/019d6143a6817d46922b4d83f29e1005.json,"Binta Cervantes-Banerjee","Dulce Cervantes-Banerjee"
019d6143a6b07c668e6dce754735e568,engine/data/people/019d6143a6b07c668e6dce754735e568.json,"Binta Karimi","Dumi Karimi"
019d6143a5bc773597050c455deede82,engine/data/people/019d6143a5bc773597050c455deede82.json,"Juno Abdykadyrov-Adu","Dunni Abdykadyrov-Adu"
019d6143a5ce7abda481695f8d2a56c0,engine/data/people/019d6143a5ce7abda481695f8d2a56c0.json,"Juno Jang","Duong Jang"
019d6143a5d77525ae4eff5723a86488,engine/data/people/019d6143a5d77525ae4eff5723a86488.json,"Juno Zidane","Durojaiye Zidane"
019d6143a5da7990b77420919eed60f8,engine/data/people/019d6143a5da7990b77420919eed60f8.json,"Juno Delgado-Najjar","Dusan Delgado-Najjar"
019d6143a5de7f2aaa7d4741de8060b2,engine/data/people/019d6143a5de7f2aaa7d4741de8060b2.json,"Juno Kulkarni-Wickramasinghe","Duyen Kulkarni-Wickramasinghe"
019d6143a6227ef29d448392f507cc16,engine/data/people/019d6143a6227ef29d448392f507cc16.json,"Juno Nkrumah-Malhotra","Duygu Nkrumah-Malhotra"
019d6143a66b73e7b28b40220aee061a,engine/data/people/019d6143a66b73e7b28b40220aee061a.json,"Juno Venkatesh","Dyani Venkatesh"
019d6143a68972ceaf6e1d9bcbabb49e,engine/data/people/019d6143a68972ceaf6e1d9bcbabb49e.json,"Juno Balogun","Ebele Balogun"
019d6143a6bb7dc9bcc33df4f2c45b8a,engine/data/people/019d6143a6bb7dc9bcc33df4f2c45b8a.json,"Juno Lindström","Eberechi Lindström"
019d6143a6ec732aa54be7f60b042cca,engine/data/people/019d6143a6ec732aa54be7f60b042cca.json,"Juno Delgado","Ebubechi Delgado"
019d6143a6fb714abba8644d2538dc76,engine/data/people/019d6143a6fb714abba8644d2538dc76.json,"Juno Mukherjee-Raghavan-Quartey","Ebuka Mukherjee-Raghavan-Quartey"
019d6143a6097f6cb877dc34b4cead35,engine/data/people/019d6143a6097f6cb877dc34b4cead35.json,"Amara Achebe","Ecem Achebe"
019d6143a6697ee88bb4df5cf49d0892,engine/data/people/019d6143a6697ee88bb4df5cf49d0892.json,"Amara Quartey-Prempeh","Eckhard Quartey-Prempeh"
eeb9a904e3a8156bd57b9a83188d9114,engine/data/people/amara_lindqvist_diallo.json,"Amara Lindqvist-Diallo","Edgardo Lindqvist-Diallo"
019d6143a5c575c8a187f8041fa3d11c,engine/data/people/019d6143a5c575c8a187f8041fa3d11c.json,"Delta Strömqvist-Rahman","Edilberto Strömqvist-Rahman"
019d6143a5d0744db53868bba99643ef,engine/data/people/019d6143a5d0744db53868bba99643ef.json,"Delta Cervantes-Thorvaldsdóttir","Edilson Cervantes-Thorvaldsdóttir"
019d6143a6277d8da908cd539e9e8bab,engine/data/people/019d6143a6277d8da908cd539e9e8bab.json,"Delta Árnason","Edip Árnason"
019d6143a62e7e7580848bb67a1f7b88,engine/data/people/019d6143a62e7e7580848bb67a1f7b88.json,"Delta Petelo-Faalele-Tofauti","Edmundo Petelo-Faalele-Tofauti"
019d6143a65d781c8b0f151217457d5b,engine/data/people/019d6143a65d781c8b0f151217457d5b.json,"Delta Erikstad","Edna Erikstad"
019d6143a6797657ae39d63d38c2fb0b,engine/data/people/019d6143a6797657ae39d63d38c2fb0b.json,"Delta Villanueva-Larsdóttir","Eduarda Villanueva-Larsdóttir"
019d6143a6d27f25932ab26af18e83e9,engine/data/people/019d6143a6d27f25932ab26af18e83e9.json,"Delta Rentería-Subramaniam","Edyta Rentería-Subramaniam"
019d6143a6db7f2f878128abef605d4a,engine/data/people/019d6143a6db7f2f878128abef605d4a.json,"Delta Kristjánsson","Eefje Kristjánsson"
019d6143a6ef7c5385b6cf6fe8a1e574,engine/data/people/019d6143a6ef7c5385b6cf6fe8a1e574.json,"Delta Pathak-Cervantes","Eero Pathak-Cervantes"
019d6143a73775989145b34e15ad72b1,engine/data/people/019d6143a73775989145b34e15ad72b1.json,"Delta Baek-Nakamura","Efigenia Baek-Nakamura"
b3b87bcb062b323c40ecaaca5425a78c,engine/data/people/b3b87bcb062b323c40ecaaca5425a78c.json,"Delta Touré","Egil Touré"
019d6143a5be7a94be476c8e81a1e8bf,engine/data/people/019d6143a5be7a94be476c8e81a1e8bf.json,"Drift Mwangi-Kabwit","Eidur Mwangi-Kabwit"
019d6143a5d47eb49c58ff6cf652576d,engine/data/people/019d6143a5d47eb49c58ff6cf652576d.json,"Drift Haugen","Eiji Haugen"
019d6143a5fb7432a0f7f881c5daca4c,engine/data/people/019d6143a5fb7432a0f7f881c5daca4c.json,"Drift Tehrani","Eiman Tehrani"
019d6143a5ff74b29824d6402e181172,engine/data/people/019d6143a5ff74b29824d6402e181172.json,"Drift Haraldsen","Einar Haraldsen"
019d6143a6167c149f96b65f48fadadc,engine/data/people/019d6143a6167c149f96b65f48fadadc.json,"Drift Tanaka-Johansson-Jeong","Ejike Tanaka-Johansson-Jeong"
019d6143a63b7235a5010dc7cb25f373,engine/data/people/019d6143a63b7235a5010dc7cb25f373.json,"Drift Zielinski-Kulkarni","Ekaterina Zielinski-Kulkarni"
019d6143a6477f1bab8ab0d4818d65f5,engine/data/people/019d6143a6477f1bab8ab0d4818d65f5.json,"Drift Salazar","Ekene Salazar"
019d6143a688731cb5033e5c9c33dd01,engine/data/people/019d6143a688731cb5033e5c9c33dd01.json,"Drift Zielinski-Nygaard","Ekenedilichukwu Zielinski-Nygaard"
019d6143a6c17b9592f34933b791bdd9,engine/data/people/019d6143a6c17b9592f34933b791bdd9.json,"Drift Ingebrigtsen","Ekin Ingebrigtsen"
019d6143a6c7770daa439730c680b876,engine/data/people/019d6143a6c7770daa439730c680b876.json,"Drift Ekwensi-Okada-Madrigal","Ekkehart Ekwensi-Okada-Madrigal"
019d6143a70375f4b6baa7968f6671ee,engine/data/people/019d6143a70375f4b6baa7968f6671ee.json,"Drift Huitzil","Ekow Huitzil"
8c1abc57f77e7ba6a30a606d892e612f,engine/data/people/8c1abc57f77e7ba6a30a606d892e612f.json,"Drift Valenzuela","Ekta Valenzuela"
019d6143a67f7925abce751388028966,engine/data/people/019d6143a67f7925abce751388028966.json,"Luciana Valenzuela-Bustamante-Ekwensi","Ekundayo Valenzuela-Bustamante-Ekwensi"
019d6143a7207e38b1370f331616de0a,engine/data/people/019d6143a7207e38b1370f331616de0a.json,"Luciana Ekwensi-Fredriksen","Eladio Ekwensi-Fredriksen"
019d6143a67a761592685f68b615e9d6,engine/data/people/019d6143a67a761592685f68b615e9d6.json,"Tallulah Wójcik-Migizi","Elan Wójcik-Migizi"
019d6143a6a071dfb15412284049f02d,engine/data/people/019d6143a6a071dfb15412284049f02d.json,"Tallulah Krishnamurthy","Elba Krishnamurthy"
019d6143a6057ff4b32e0ec4d8afb1ac,engine/data/people/019d6143a6057ff4b32e0ec4d8afb1ac.json,"Ifeanyi Ekwensi-Wojciechowski","Elena Ekwensi-Wojciechowski"
019d6143a5c174069648c4b489899afa,engine/data/people/019d6143a5c174069648c4b489899afa.json,"Briar Quartey-Petrović-Lewandowski","Eleuterio Quartey-Petrović-Lewandowski"
019d6143a5e675eeba42bc4035b48811,engine/data/people/019d6143a5e675eeba42bc4035b48811.json,"Briar Ingebrigtsen-Matsumoto-Bautista","Eliana Ingebrigtsen-Matsumoto-Bautista"
019d6143a5ee74a8914f20f27a5ea6e9,engine/data/people/019d6143a5ee74a8914f20f27a5ea6e9.json,"Briar Tofauti-Adu","Elif Tofauti-Adu"
019d6143a6067825becb43733669cfb8,engine/data/people/019d6143a6067825becb43733669cfb8.json,"Briar Arakawa","Elina Arakawa"
019d6143a6567022a26e7b297cd6b7f6,engine/data/people/019d6143a6567022a26e7b297cd6b7f6.json,"Briar Tofauti-Cardenas","Eliseo Tofauti-Cardenas"
019d6143a65e7fd080ec98a02f8f5219,engine/data/people/019d6143a65e7fd080ec98a02f8f5219.json,"Briar Kristjánsson","Eliska Kristjánsson"
019d6143a6717922ac3656fc61f611f2,engine/data/people/019d6143a6717922ac3656fc61f611f2.json,"Briar Ibarra-Kowalczyk-Mwangi","Eliud Ibarra-Kowalczyk-Mwangi"
019d6143a6777706bc36370ac941aa7e,engine/data/people/019d6143a6777706bc36370ac941aa7e.json,"Briar Im-Ingebrigtsen","Elke Im-Ingebrigtsen"
019d6143a67b7dc381f2b6e2f6845c07,engine/data/people/019d6143a67b7dc381f2b6e2f6845c07.json,"Briar Park-Banerjee","Ellinor Park-Banerjee"
019d6143a6977d78aa29e07f1dbbdc5d,engine/data/people/019d6143a6977d78aa29e07f1dbbdc5d.json,"Briar Mukherjee","Elmer Mukherjee"
019d6143a6da75e78e52a3478be35808,engine/data/people/019d6143a6da75e78e52a3478be35808.json,"Briar Ingebrigtsen","Elmira Ingebrigtsen"
019d6143a6ef70058cb2ed6425cdad71,engine/data/people/019d6143a6ef70058cb2ed6425cdad71.json,"Briar Lahlou-Shirazi","Elnaz Lahlou-Shirazi"
019d6143a6f47f44976e7a50db1d2e02,engine/data/people/019d6143a6f47f44976e7a50db1d2e02.json,"Briar Olofsson","Eloisa Olofsson"
019d6143a6f9761082a5cc342d015b57,engine/data/people/019d6143a6f9761082a5cc342d015b57.json,"Briar Baek","Eloka Baek"
019d6143a7217109a42df99efe77c258,engine/data/people/019d6143a7217109a42df99efe77c258.json,"Briar Hwang","Elva Hwang"
019d6143a7357674af2f4683eb62f584,engine/data/people/019d6143a7357674af2f4683eb62f584.json,"Briar Árnason-Kang-Larsdóttir","Eman Árnason-Kang-Larsdóttir"
019db318e3b87203998ae0bd84554a31,engine/data/people/019db318e3b87203998ae0bd84554a31.json,"Briar","Emeka"
aca6e7cc73aa52a265a3a00d7add0486,engine/data/people/aca6e7cc73aa52a265a3a00d7add0486.json,"Briar Hinojosa","Emeterio Hinojosa"
019d6143a5c27b69b2758f030389c6ab,engine/data/people/019d6143a5c27b69b2758f030389c6ab.json,"Daniela Mbekele","Emi Mbekele"
019d6143a7057e6589aaf5d009f805a8,engine/data/people/019d6143a7057e6589aaf5d009f805a8.json,"Daniela Benali","Emiko Benali"
019d6143a73e7532920f67b16aacf7d8,engine/data/people/019d6143a73e7532920f67b16aacf7d8.json,"Daniela Bautista-Möller","Emilia Bautista-Möller"
019d6143a62477b4819c7d76dfa7dbfb,engine/data/people/019d6143a62477b4819c7d76dfa7dbfb.json,"Dariush Vasquez-Alfarsi","Emma Vasquez-Alfarsi"
019d6143a5c87652bbc70abb2ba9330b,engine/data/people/019d6143a5c87652bbc70abb2ba9330b.json,"Sibusiso Ibarra","Emre Ibarra"
019d6143a5cf76e7a74296cf05d4c39f,engine/data/people/019d6143a5cf76e7a74296cf05d4c39f.json,"Sibusiso Tovar-Strömqvist","Enas Tovar-Strömqvist"
019d6143a5da7a0b848a2056c86e9d75,engine/data/people/019d6143a5da7a0b848a2056c86e9d75.json,"Sibusiso Holm","Encarnacion Holm"
019d6143a61473bc8d247d87abcccf02,engine/data/people/019d6143a61473bc8d247d87abcccf02.json,"Sibusiso Mwangi-Siripong-Pathak","Ender Mwangi-Siripong-Pathak"
019d6143a72e71fdb16d8adc15972df4,engine/data/people/019d6143a72e71fdb16d8adc15972df4.json,"Sibusiso Traoré-Sokolov-Kariuki","Enitan Traoré-Sokolov-Kariuki"
019d6143a5e875808914f047b5194601,engine/data/people/019d6143a5e875808914f047b5194601.json,"Vikram Quartey","Enola Quartey"
019d6143a6347906bb401f42571d783c,engine/data/people/019d6143a6347906bb401f42571d783c.json,"Vikram Wickramasinghe-Keomanivong-Pathak","Enrique Wickramasinghe-Keomanivong-Pathak"
019d6143a65a7690aa946fbe5d26d0c2,engine/data/people/019d6143a65a7690aa946fbe5d26d0c2.json,"Vikram Moala","Enyinnaya Moala"
019d6143a5ed7abfa36f58d9fb8fdd36,engine/data/people/019d6143a5ed7abfa36f58d9fb8fdd36.json,"Rio Morimoto-Citlali-Bouzid","Enzo Morimoto-Citlali-Bouzid"
019d6143a5f57b6da5608c001d6a781c,engine/data/people/019d6143a5f57b6da5608c001d6a781c.json,"Rio Erikstad","Epifanio Erikstad"
019d6143a6027ce5991b2ddacf041ac4,engine/data/people/019d6143a6027ce5991b2ddacf041ac4.json,"Rio Sepúlveda","Erasme Sepúlveda"
019d6143a60e74218e9c64ee792ea2ef,engine/data/people/019d6143a60e74218e9c64ee792ea2ef.json,"Rio Montalvo-Novotný-Diallo","Erasmo Montalvo-Novotný-Diallo"
019d6143a61d76909abbdc7d09a30ee2,engine/data/people/019d6143a61d76909abbdc7d09a30ee2.json,"Rio Árnason-Matsumoto-Hong","Erbol Árnason-Matsumoto-Hong"
019d6143a6427989bed829725404ed08,engine/data/people/019d6143a6427989bed829725404ed08.json,"Rio Nkrumah-Kovács","Erdem Nkrumah-Kovács"
019d6143a66d78f08b2614b320faf65f,engine/data/people/019d6143a66d78f08b2614b320faf65f.json,"Rio Hinojosa","Ergun Hinojosa"
019d6143a66f7d74b4a85d03dbfbd07b,engine/data/people/019d6143a66f7d74b4a85d03dbfbd07b.json,"Rio Ingebrigtsen-Watanabe","Erhard Ingebrigtsen-Watanabe"
019d6143a6727df09a13e1a20170469d,engine/data/people/019d6143a6727df09a13e1a20170469d.json,"Rio Erikstad-Delgado","Erkin Erikstad-Delgado"
019d6143a69e7ec0b423b3979668d534,engine/data/people/019d6143a69e7ec0b423b3979668d534.json,"Rio Bautista-Horváth-Petrović","Erling Bautista-Horváth-Petrović"
019d6143a7357ef2817e4f9d96ca0ff3,engine/data/people/019d6143a7357ef2817e4f9d96ca0ff3.json,"Rio Haraldsen-Park-Horváth","Erlingur Haraldsen-Park-Horváth"
019d6143a6377be28724d6b89d77b83f,engine/data/people/019d6143a6377be28724d6b89d77b83f.json,"Chinwe Popescu-Okafor","Ermek Popescu-Okafor"
019d6143a67872e58bdcdf10b8d554a1,engine/data/people/019d6143a67872e58bdcdf10b8d554a1.json,"Chinwe Kjellberg-Phongsavath","Ernestina Kjellberg-Phongsavath"
019d6143a6a57ed1b8e9ed45a4cf684b,engine/data/people/019d6143a6a57ed1b8e9ed45a4cf684b.json,"Chinwe Krstić","Esen Krstić"
019d6143a6e17e78b6d8fc7128b9779e,engine/data/people/019d6143a6e17e78b6d8fc7128b9779e.json,"Farah Mensah","Esha Mensah"
fc6c27d448b69e55fd6bb47952c4cd98,engine/data/people/fc6c27d448b69e55fd6bb47952c4cd98.json,"Farah Vasquez-Alfarsi-Echeverría","Eshe Vasquez-Alfarsi-Echeverría"
019d6143a6cb73269c28c4984d03f247,engine/data/people/019d6143a6cb73269c28c4984d03f247.json,"Ivar Haugen","Esmeralda Haugen"
019d6143a5da7a46baf8a0394a823065,engine/data/people/019d6143a5da7a46baf8a0394a823065.json,"Indigo Madrigal","Estela Madrigal"
019d6143a5de7ff7b7a030dfb0cfa2a3,engine/data/people/019d6143a5de7ff7b7a030dfb0cfa2a3.json,"Indigo Sisavath","Estrella Sisavath"
019d6143a5e47538a61d19f011dc8ab3,engine/data/people/019d6143a5e47538a61d19f011dc8ab3.json,"Indigo Bangura","Ethem Bangura"
019d6143a5e97390bb48ef67cc933db2,engine/data/people/019d6143a5e97390bb48ef67cc933db2.json,"Indigo Suzuki","Etsuko Suzuki"
019d6143a5ea78c097f96905b8f90321,engine/data/people/019d6143a5ea78c097f96905b8f90321.json,"Indigo Kamara","Eufemia Kamara"
019d6143a6047cbab7b494df1ec93920,engine/data/people/019d6143a6047cbab7b494df1ec93920.json,"Indigo Nkrumah","Eulalia Nkrumah"
019d6143a6827c5394740df6b5b3bbac,engine/data/people/019d6143a6827c5394740df6b5b3bbac.json,"Indigo Ingebrigtsen-Kristjánsson","Eun-ji Ingebrigtsen-Kristjánsson"
019d6143a68f7e0e9853291992c4cb0c,engine/data/people/019d6143a68f7e0e9853291992c4cb0c.json,"Indigo Matsumoto-Bergqvist","Eun-kyung Matsumoto-Bergqvist"
019d6143a6917d9eaa338ff9072ead72,engine/data/people/019d6143a6917d9eaa338ff9072ead72.json,"Indigo Pathak","Eusebia Pathak"
019d6143a69f7aad963baad6bd0844f6,engine/data/people/019d6143a69f7aad963baad6bd0844f6.json,"Indigo Chanthavong","Eusebio Chanthavong"
019d6143a6ad72619e4dc15cfd389a8f,engine/data/people/019d6143a6ad72619e4dc15cfd389a8f.json,"Indigo Salazar-Khorasani","Eva Salazar-Khorasani"
019d6143a6b27c0f8865089d6603a47f,engine/data/people/019d6143a6b27c0f8865089d6603a47f.json,"Indigo Wickramasinghe-Delgado-Wickramasinghe","Everardo Wickramasinghe-Delgado-Wickramasinghe"
019d6143a6db7f69b32d45786c7460e0,engine/data/people/019d6143a6db7f69b32d45786c7460e0.json,"Indigo Nguyen","Evgenia Nguyen"
019d6143a6dc73d1ad6ebd0ef6bc039a,engine/data/people/019d6143a6dc73d1ad6ebd0ef6bc039a.json,"Indigo Ergashev","Evgeniy Ergashev"
019d6143a7307104a233ab7101361460,engine/data/people/019d6143a7307104a233ab7101361460.json,"Indigo Bah-Tamale","Evren Bah-Tamale"
019d6143a5d47f6bb2777a4320806375,engine/data/people/019d6143a5d47f6bb2777a4320806375.json,"Sage Nazari","Ewald Nazari"
019d6143a5d67d48b37d26a06d556da1,engine/data/people/019d6143a5d67d48b37d26a06d556da1.json,"Sage Faalele","Ewout Faalele"
019d6143a5fc7845baa3839a4121ca39,engine/data/people/019d6143a5fc7845baa3839a4121ca39.json,"Sage Villalobos","Eyvindur Villalobos"
019d6143a6077a5994f0b3a8dde07b9b,engine/data/people/019d6143a6077a5994f0b3a8dde07b9b.json,"Sage Szabó-Vestergaard","Ezenwa Szabó-Vestergaard"
019d6143a67774d989f5fdb3726b6af9,engine/data/people/019d6143a67774d989f5fdb3726b6af9.json,"Sage Espinoza-Sato","Ezinne Espinoza-Sato"
019d6143a6b87e7c8b83734c69fcb0af,engine/data/people/019d6143a6b87e7c8b83734c69fcb0af.json,"Sage Mwangi","Fabiana Mwangi"
019d6143a6c3785d9e84a1fe59c3a8e7,engine/data/people/019d6143a6c3785d9e84a1fe59c3a8e7.json,"Sage Kovács","Fabienne Kovács"
019d6143a6c47a3597d96c50d62b3712,engine/data/people/019d6143a6c47a3597d96c50d62b3712.json,"Sage Kamara","Fabio Kamara"
019d6143a6d171f9a73eb620d89993a9,engine/data/people/019d6143a6d171f9a73eb620d89993a9.json,"Sage Tofauti","Fabricio Tofauti"
019d6143a71d752190c4c96e06201756,engine/data/people/019d6143a71d752190c4c96e06201756.json,"Sage Sisavath-Delgado","Facundo Sisavath-Delgado"
39ad785068db3dd5f79b3d8c667e11d0,engine/data/people/39ad785068db3dd5f79b3d8c667e11d0.json,"Sage Čabarkapa-Inthavong","Faheem Čabarkapa-Inthavong"
019d6143a6807073aae0e7f20a13d56c,engine/data/people/019d6143a6807073aae0e7f20a13d56c.json,"Kofi Mbekele-Larsdóttir","Faiza Mbekele-Larsdóttir"
ddcd432e4aebe7db3b3b96d4a7bf913b,engine/data/people/ddcd432e4aebe7db3b3b96d4a7bf913b.json,"Kofi Karunaratne-Appiah","Fakir Karunaratne-Appiah"
980a4cc6e4e541fe6e7db929d59fb80f,engine/data/people/kofi_nakamura_singh.json,"Kofi Nakamura-Singh","Famke Nakamura-Singh"
019d6143a60c7081bf154911419b4665,engine/data/people/019d6143a60c7081bf154911419b4665.json,"Imani Owusu","Fanghua Owusu"
019d6143a60e784a9bfcc9c3ba27773c,engine/data/people/019d6143a60e784a9bfcc9c3ba27773c.json,"Imani Krishnamurthy-Dlamini","Farahnaz Krishnamurthy-Dlamini"
019d6143a7047bbdbb907bda5fd11434,engine/data/people/019d6143a7047bbdbb907bda5fd11434.json,"Imani Karimi","Farai Karimi"
019d6143a70b7771aadc83c795ea36cb,engine/data/people/019d6143a70b7771aadc83c795ea36cb.json,"Imani Sabbagh","Faraji Sabbagh"
019d6143a60377d581fd93b0ef0b6383,engine/data/people/019d6143a60377d581fd93b0ef0b6383.json,"Bogdana Calvillo","Faramarz Calvillo"
019d6143a6597f8f8385230ab1e144ef,engine/data/people/019d6143a6597f8f8385230ab1e144ef.json,"Bogdana Zaragoza-Pathak","Farangis Zaragoza-Pathak"
019d6143a724757894a1fe766c915b6a,engine/data/people/019d6143a724757894a1fe766c915b6a.json,"Bogdana Chatterjee","Farhad Chatterjee"
019d6143a6c575a4b89173837c5523eb,engine/data/people/019d6143a6c575a4b89173837c5523eb.json,"Marek Szabó","Farida Szabó"
019d6143a6de7a0ead427fddc4900976,engine/data/people/019d6143a6de7a0ead427fddc4900976.json,"Marek Čabarkapa-Sow","Farideh Čabarkapa-Sow"
019d6143a63877ce9f4905e4739ca63c,engine/data/people/019d6143a63877ce9f4905e4739ca63c.json,"Tendai Zielinski-Tanaka-Banerjee","Fariha Zielinski-Tanaka-Banerjee"
019d6143a63d7fe3a150ffa7b9bf721b,engine/data/people/019d6143a63d7fe3a150ffa7b9bf721b.json,"Tendai Nkrumah-Kimura-Mbekele","Faris Nkrumah-Kimura-Mbekele"
019d6143a66d75268d77b567704eb518,engine/data/people/019d6143a66d75268d77b567704eb518.json,"Tendai Dlamini-Banerjee-Kulkarni","Farouq Dlamini-Banerjee-Kulkarni"
019d6143a6cc70f69ba3f3e08770c622,engine/data/people/019d6143a6cc70f69ba3f3e08770c622.json,"Tendai Adeyemi-Mensah","Farshad Adeyemi-Mensah"
019d6143a7327b85a56f2372a0574c60,engine/data/people/019d6143a7327b85a56f2372a0574c60.json,"Tendai Ozcoidi","Farshid Ozcoidi"
019d6143a5dd7016b418eb3a19d14c5b,engine/data/people/019d6143a5dd7016b418eb3a19d14c5b.json,"Aponi Tlaloc","Farzana Tlaloc"
019d6143a6577662adc2cfd1be4642c3,engine/data/people/019d6143a6577662adc2cfd1be4642c3.json,"Aponi Prempeh-Citlali","Farzaneh Prempeh-Citlali"
019d6143a5dd7342b1c2ac8b3938c91b,engine/data/people/019d6143a5dd7342b1c2ac8b3938c91b.json,"Katarzyna Szabó","Fatma Szabó"
019d6143a5f6753e93d448a0771262c1,engine/data/people/019d6143a5f6753e93d448a0771262c1.json,"Katarzyna Mazurek","Fattaneh Mazurek"
019d6143a62d70dab4d9289a7e236b2f,engine/data/people/019d6143a62d70dab4d9289a7e236b2f.json,"Katarzyna Ionescu","Faustine Ionescu"
019d6143a7337bc1a4b8cbf2a314c209,engine/data/people/019d6143a7337bc1a4b8cbf2a314c209.json,"Katarzyna Zielinski","Fayza Zielinski"
019d6143a5fe712187c28671d074bb8a,engine/data/people/019d6143a5fe712187c28671d074bb8a.json,"Ash Amrani","Fedor Amrani"
019d6143a606797a9b7c8c78c4df1aae,engine/data/people/019d6143a606797a9b7c8c78c4df1aae.json,"Ash Lindström","Fehmi Lindström"
019d6143a60d7895b98b42e6324b364e,engine/data/people/019d6143a60d7895b98b42e6324b364e.json,"Ash Hossain","Fela Hossain"
019d6143a6377e38a0aa2b4d353209d1,engine/data/people/019d6143a6377e38a0aa2b4d353209d1.json,"Ash Cissé","Felicia Cissé"
019d6143a6767121942b461ffa0b7d75,engine/data/people/019d6143a6767121942b461ffa0b7d75.json,"Ash Tofauti-Sabbagh-Ghorbani","Feliciano Tofauti-Sabbagh-Ghorbani"
019d6143a67b74e493bf132b136710e7,engine/data/people/019d6143a67b74e493bf132b136710e7.json,"Ash Madrigal-Vestergaard","Felicitas Madrigal-Vestergaard"
019d6143a6867028bb1741e40afa2510,engine/data/people/019d6143a6867028bb1741e40afa2510.json,"Ash Rattanakorn","Felisa Rattanakorn"
019d6143a6c27c46bc163f4d89345b13,engine/data/people/019d6143a6c27c46bc163f4d89345b13.json,"Ash Esquivel-Vasquez-Alfarsi-Nazari","Femi Esquivel-Vasquez-Alfarsi-Nazari"
019d6143a6c47bd5a299fb413203223d,engine/data/people/019d6143a6c47bd5a299fb413203223d.json,"Ash Shirazi","Femke Shirazi"
019d6143a6dc78ba9eeaaacd8cd4156d,engine/data/people/019d6143a6dc78ba9eeaaacd8cd4156d.json,"Ash Banerjee-Kabwit","Fenfang Banerjee-Kabwit"
019d6143a7087df1bcb61116463ba8cd,engine/data/people/019d6143a7087df1bcb61116463ba8cd.json,"Ash Haugen-Malhotra-Björnsdóttir","Ferdaws Haugen-Malhotra-Björnsdóttir"
66d0992880e4c1fbfae58216df3e6df3,engine/data/people/66d0992880e4c1fbfae58216df3e6df3.json,"Ash Árnason-Chowdhury","Ferdows Árnason-Chowdhury"
019d6143a5f67f2b8a94ef2cd7cc404e,engine/data/people/019d6143a5f67f2b8a94ef2cd7cc404e.json,"Cyrus Karunaratne-Krishnamurthy","Feride Karunaratne-Krishnamurthy"
019d6143a6757f52871cd3445d903242,engine/data/people/019d6143a6757f52871cd3445d903242.json,"Cyrus Yamamoto","Ferit Yamamoto"
019d6143a5e27912b40e0f8e81d95a96,engine/data/people/019d6143a5e27912b40e0f8e81d95a96.json,"Temur Baiseitov","Fermin Baiseitov"
019d6143a64e75f2980b7df0a3779cad,engine/data/people/019d6143a64e75f2980b7df0a3779cad.json,"Anjali Castañeda","Fernanda Castañeda"
019d6143a68877d3b5dc715ff1bbb39d,engine/data/people/019d6143a68877d3b5dc715ff1bbb39d.json,"Anjali Bhattacharya","Fethi Bhattacharya"
019d6143a6f07dfa998c1385c3e7084d,engine/data/people/019d6143a6f07dfa998c1385c3e7084d.json,"Anjali Rahman","Fidela Rahman"
019d6143a62c7c91b88cf365f155e0b9,engine/data/people/019d6143a62c7c91b88cf365f155e0b9.json,"Nisha Hossain-Tran","Fiifi Hossain-Tran"
019d6143a6c87a8fa0d746dbfca72ff0,engine/data/people/019d6143a6c87a8fa0d746dbfca72ff0.json,"Nisha Mukherjee","Fikret Mukherjee"
019d6143a5e576729d966ddd05c6b72f,engine/data/people/019d6143a5e576729d966ddd05c6b72f.json,"Yasmin Wickramasinghe-Vaai","Filip Wickramasinghe-Vaai"
019d6143a6c972a3aa2a6f6bb22f4ca9,engine/data/people/019d6143a6c972a3aa2a6f6bb22f4ca9.json,"Yasmin Volkov","Filiz Volkov"
019d6143a7117433867c20cf9bb41436,engine/data/people/019d6143a7117433867c20cf9bb41436.json,"Yasmin Bangura","Filomena Bangura"
019d6143a5e876b588688ff488f9d86c,engine/data/people/019d6143a5e876b588688ff488f9d86c.json,"Frost Sigurdsson","Fiorella Sigurdsson"
019d6143a5eb78e688e790c495e2d894,engine/data/people/019d6143a5eb78e688e790c495e2d894.json,"Frost Krishnamurthy","Firas Krishnamurthy"
019d6143a5ff72238f379d64d21a4255,engine/data/people/019d6143a5ff72238f379d64d21a4255.json,"Frost Matai-Fassi","Firdaus Matai-Fassi"
019d6143a63a717d91b1352a6dd544fc,engine/data/people/019d6143a63a717d91b1352a6dd544fc.json,"Frost Nazari-Jaramillo-Sesay","Firouz Nazari-Jaramillo-Sesay"
019d6143a64479b09032a9ab3f8e6bcf,engine/data/people/019d6143a64479b09032a9ab3f8e6bcf.json,"Frost Sigurdsson-Morimoto","Flavia Sigurdsson-Morimoto"
019d6143a64e7850a2c9b79001bde362,engine/data/people/019d6143a64e7850a2c9b79001bde362.json,"Frost Echeverría","Flavio Echeverría"
019d6143a6ad74cba07d997c700e9c74,engine/data/people/019d6143a6ad74cba07d997c700e9c74.json,"Frost Souvannavong","Fleur Souvannavong"
019d6143a6c37d55936a2eb832354873,engine/data/people/019d6143a6c37d55936a2eb832354873.json,"Frost Keomanivong-Calvillo","Florent Keomanivong-Calvillo"
019d6143a6ea72cb9690136f17f8e73b,engine/data/people/019d6143a6ea72cb9690136f17f8e73b.json,"Frost Hernández","Floris Hernández"
019d6143a6fc70c6bdbf49fac370a55e,engine/data/people/019d6143a6fc70c6bdbf49fac370a55e.json,"Frost Boudiaf","Folakemi Boudiaf"
019d6143a5f777a0ac42a495af231bb2,engine/data/people/019d6143a5f777a0ac42a495af231bb2.json,"Axel Lindström-Vasquez-Alfarsi-Matsumoto","Folaranmi Lindström-Vasquez-Alfarsi-Matsumoto"
019d6143a6d57da79833361d3e7706aa,engine/data/people/019d6143a6d57da79833361d3e7706aa.json,"Milena Makwa-Sigurdsson","Folashade Makwa-Sigurdsson"
019d6143a5eb75ffa4900396d989adb6,engine/data/people/019d6143a5eb75ffa4900396d989adb6.json,"Ananya Esquivel","Foluke Esquivel"
019d6143a6af7844a38a8ea4d0a943de,engine/data/people/019d6143a6af7844a38a8ea4d0a943de.json,"Ananya Krishnamurthy","Fortunato Krishnamurthy"
019d6143a6f97ef1b74797f050bdc4f1,engine/data/people/019d6143a6f97ef1b74797f050bdc4f1.json,"Ananya Bautista-Kulkarni-Traoré","Fouad Bautista-Kulkarni-Traoré"
019d6143a5ed7d7d9dc1d4a56b40e1fd,engine/data/people/019d6143a5ed7d7d9dc1d4a56b40e1fd.json,"Siddharth Deshpande-Sengupta","Francia Deshpande-Sengupta"
019d6143a629766ba3ff08b5ccb06fad,engine/data/people/019d6143a629766ba3ff08b5ccb06fad.json,"Siddharth Bhattacharya-Montalvo","Francisca Bhattacharya-Montalvo"
019d6143a6307d7ba1ddca60268329f3,engine/data/people/019d6143a6307d7ba1ddca60268329f3.json,"Siddharth Sengupta-Cisneros","Franciszek Sengupta-Cisneros"
019d6143a65a7c06a816337e996740ab,engine/data/people/019d6143a65a7c06a816337e996740ab.json,"Siddharth Raghavan","Franco Raghavan"
019d6143a685791bb96102457fdabb71,engine/data/people/019d6143a685791bb96102457fdabb71.json,"Siddharth Pathak","Frantisek Pathak"
019d6143a718759e8dead947f876c3d4,engine/data/people/019d6143a718759e8dead947f876c3d4.json,"Siddharth Touré","Frida Touré"
019d6143a6837e189e47e9f2367b8ba8,engine/data/people/019d6143a6837e189e47e9f2367b8ba8.json,"Emiliano Venkatesh-Dlamini-Montalvo","Fridrik Venkatesh-Dlamini-Montalvo"
019d6143a6c3715785829c2b16244b0e,engine/data/people/019d6143a6c3715785829c2b16244b0e.json,"Emiliano Villanueva","Friedhelm Villanueva"
019d6143a6d67f3daea1345b4b95bb2b,engine/data/people/019d6143a6d67f3daea1345b4b95bb2b.json,"Emiliano Castañeda","Frithjof Castañeda"
019d6143a73773968aec2fd7489d10ce,engine/data/people/019d6143a73773968aec2fd7489d10ce.json,"Emiliano Montalvo-Balasanyan","Fritz Montalvo-Balasanyan"
019d6143a5ef7a248785a78913cc277d,engine/data/people/019d6143a5ef7a248785a78913cc277d.json,"Orion Hernández","Fuat Hernández"
019d6143a5f873d3841ff4cff1c82198,engine/data/people/019d6143a5f873d3841ff4cff1c82198.json,"Orion Mwangi","Fulgencio Mwangi"
019d6143a61e75d5b30d39057fa31a64,engine/data/people/019d6143a61e75d5b30d39057fa31a64.json,"Orion Sabbagh-Migizi","Fumiko Sabbagh-Migizi"
019d6143a6247b2b86391a1d8c2d4200,engine/data/people/019d6143a6247b2b86391a1d8c2d4200.json,"Orion Sigurdsson","Futaba Sigurdsson"
019d6143a62f7d7da71d67884bca7158,engine/data/people/019d6143a62f7d7da71d67884bca7158.json,"Orion Kulkarni","Gabino Kulkarni"
019d6143a640722297025abeb28c5802,engine/data/people/019d6143a640722297025abeb28c5802.json,"Orion Somchai-Mukherjee","Gabor Somchai-Mukherjee"
019d6143a6877329b978a2006d55e204,engine/data/people/019d6143a6877329b978a2006d55e204.json,"Orion Yamamoto-Kwon-Khoury","Gaetan Yamamoto-Kwon-Khoury"
019d6143a6927860b9cb3a43b83ce6d0,engine/data/people/019d6143a6927860b9cb3a43b83ce6d0.json,"Orion Esquivel-Kowalczyk","Gagan Esquivel-Kowalczyk"
019d6143a6d47d3583fdc2a8751e003a,engine/data/people/019d6143a6d47d3583fdc2a8751e003a.json,"Orion Deshpande","Gaida Deshpande"
019d6143a6fa7d5b9712bc04deed99ad,engine/data/people/019d6143a6fa7d5b9712bc04deed99ad.json,"Orion Krstić-Čabarkapa","Gamze Krstić-Čabarkapa"
019d6143a6fe7cceb904aead71814be1,engine/data/people/019d6143a6fe7cceb904aead71814be1.json,"Orion Thorvaldsdóttir","Gan Thorvaldsdóttir"
019d6143a7297dafa60608be9786c188,engine/data/people/019d6143a7297dafa60608be9786c188.json,"Orion Appiah","Gargi Appiah"
019d6143a72d78d998c0a331697e1219,engine/data/people/019d6143a72d78d998c0a331697e1219.json,"Orion Möller","Gaspar Möller"
019d6143a6cb7627bce2c901cafec60f,engine/data/people/019d6143a6cb7627bce2c901cafec60f.json,"Rajan Malhotra","Gaspard Malhotra"
019d6143a6e871329cd45fa4ee5e0fc8,engine/data/people/019d6143a6e871329cd45fa4ee5e0fc8.json,"Rajan Cissé","Gaudencio Cissé"
019d6143a71170ea909d1766b084494d,engine/data/people/019d6143a71170ea909d1766b084494d.json,"Rajan Kulkarni","Gautami Kulkarni"
019d6143a728726f9b062a625cfee7b8,engine/data/people/019d6143a728726f9b062a625cfee7b8.json,"Rajan Volkov","Gauti Volkov"
019d6143a7287608a31e06709a00538b,engine/data/people/019d6143a7287608a31e06709a00538b.json,"Rajan Popescu-Strömqvist-Petrović","Gayatri Popescu-Strömqvist-Petrović"
019d6143a6e6717085f56f83bedcf1df,engine/data/people/019d6143a6e6717085f56f83bedcf1df.json,"Abiodun Sesay","Gbemisola Sesay"
019d6143a67a7170bf237948e4891cf2,engine/data/people/019d6143a67a7170bf237948e4891cf2.json,"Soledad Ibarra-Haraldsen","Gbenga Ibarra-Haraldsen"
019d6143a693767d844c7cba6a888882,engine/data/people/019d6143a693767d844c7cba6a888882.json,"Soledad Trujillo-Esquivel","Geert Trujillo-Esquivel"
019d6143a72d7532926d05181e41611b,engine/data/people/019d6143a72d7532926d05181e41611b.json,"Soledad Jaramillo-Konaté","Geir Jaramillo-Konaté"
019d6143a5f3780b8bbc496607350a21,engine/data/people/019d6143a5f3780b8bbc496607350a21.json,"Aditya Salazar-Pathak","Gema Salazar-Pathak"
019d6143a66c76bca1f614e8b2b7c611,engine/data/people/019d6143a66c76bca1f614e8b2b7c611.json,"Aditya Sigurdsson-Banerjee","Gen Sigurdsson-Banerjee"
019d6143a67c7797ab53b3d8af9cf0f9,engine/data/people/019d6143a67c7797ab53b3d8af9cf0f9.json,"Aditya Sengupta","Genaro Sengupta"
019d6143a6877ae297dd60f3284b0680,engine/data/people/019d6143a6877ae297dd60f3284b0680.json,"Aditya Konaté-Sesay-Deshpande","Gencer Konaté-Sesay-Deshpande"
019d6143a71676bca9f3769d68b655b3,engine/data/people/019d6143a71676bca9f3769d68b655b3.json,"Aarav Halverson-Kimura","Genevieve Halverson-Kimura"
019d6143a60a7ffea9838a6ecd0c601a,engine/data/people/019d6143a60a7ffea9838a6ecd0c601a.json,"Magnus Thammasak-Árnason","Genji Thammasak-Árnason"
019d6143a71a7ee9a56daeec402b4b16,engine/data/people/019d6143a71a7ee9a56daeec402b4b16.json,"Magnus Sigurdsson-Echeverría-Rhee","Gennadiy Sigurdsson-Echeverría-Rhee"
019d6143a5fa742c97102caf07c45f26,engine/data/people/019d6143a5fa742c97102caf07c45f26.json,"Atlas Ibarra","Genoveva Ibarra"
019d6143a6097f41a98b8cff89d11bf5,engine/data/people/019d6143a6097f41a98b8cff89d11bf5.json,"Atlas Tetteh","Geon Tetteh"
019d6143a633746a993c70700184929a,engine/data/people/019d6143a633746a993c70700184929a.json,"Atlas Kang-Lindström","Georgina Kang-Lindström"
019d6143a64179f4b4d15ba6d4a82543,engine/data/people/019d6143a64179f4b4d15ba6d4a82543.json,"Atlas Montalvo-Tlaloc","Gerhild Montalvo-Tlaloc"
019d6143a6437f79a2b859a23c5377e9,engine/data/people/019d6143a6437f79a2b859a23c5377e9.json,"Atlas Salazar","Geronimo Salazar"
019d6143a6477a2f8246acf1c0798f0e,engine/data/people/019d6143a6477a2f8246acf1c0798f0e.json,"Atlas Trujillo","Gertrudis Trujillo"
019d6143a660759486ef31552cd8a3df,engine/data/people/019d6143a660759486ef31552cd8a3df.json,"Atlas Kovács-Ozcoidi-Cardenas","Gesanel Kovács-Ozcoidi-Cardenas"
019d6143a6de7fc9a5ecc3b0582a70c7,engine/data/people/019d6143a6de7fc9a5ecc3b0582a70c7.json,"Atlas Chakraborty-Mukherjee","Ghada Chakraborty-Mukherjee"
019d6143a6e67dd68cb941f4c35fa725,engine/data/people/019d6143a6e67dd68cb941f4c35fa725.json,"Atlas Cissé-Krishnamurthy","Ghadir Cissé-Krishnamurthy"
019d6143a6e771218b448c39db144cce,engine/data/people/019d6143a6e771218b448c39db144cce.json,"Atlas Árnason","Ghaith Árnason"
019d6143a6e870b7be2af7b3c7120c71,engine/data/people/019d6143a6e870b7be2af7b3c7120c71.json,"Atlas Wickramasinghe-Calvillo","Ghaliya Wickramasinghe-Calvillo"
019d6143a6f770bfa9e89b3053961073,engine/data/people/019d6143a6f770bfa9e89b3053961073.json,"Atlas Balasanyan","Ghazi Balasanyan"
019d6143a7157771895dbcdbcb8a57ac,engine/data/people/019d6143a7157771895dbcdbcb8a57ac.json,"Atlas Nazari-Hinojosa","Ghislaine Nazari-Hinojosa"
019d6143a71e7964a43dce5749d11546,engine/data/people/019d6143a71e7964a43dce5749d11546.json,"Atlas Echeverría","Gia-hoa Echeverría"
019d6143a722795cb91741daa43519a1,engine/data/people/019d6143a722795cb91741daa43519a1.json,"Atlas Le-Vestergaard-Adu","Giang Le-Vestergaard-Adu"
019d6143a726740bb6c2cbcbdfecad34,engine/data/people/019d6143a726740bb6c2cbcbdfecad34.json,"Atlas Boateng-Raghavan-Banerjee","Gilberto Boateng-Raghavan-Banerjee"
019d6143a72a74d18d2454bee68b719b,engine/data/people/019d6143a72a74d18d2454bee68b719b.json,"Atlas Johansson","Gina Johansson"
019d6143a7387691b608217a4831a937,engine/data/people/019d6143a7387691b608217a4831a937.json,"Atlas Ozcoidi-Baek","Ginette Ozcoidi-Baek"
019d6143a6b479029447fd376de39f8b,engine/data/people/019d6143a6b479029447fd376de39f8b.json,"Ingrid Lindström-Seo","Giovana Lindström-Seo"
019d6143a6e37d058f7d204f8ce8e192,engine/data/people/019d6143a6e37d058f7d204f8ce8e192.json,"Ingrid Lindström-Čabarkapa","Girish Lindström-Čabarkapa"
019d6143a7227d06ad16da1d8349460f,engine/data/people/019d6143a7227d06ad16da1d8349460f.json,"Ingrid Lindström","Gisela Lindström"
019d6143a649705c8759e0404bf7694e,engine/data/people/019d6143a649705c8759e0404bf7694e.json,"Koffi Ergashev","Gislaug Ergashev"
019d6143a69c764c811cea124f2e93f4,engine/data/people/019d6143a69c764c811cea124f2e93f4.json,"Koffi Tamale","Gita Tamale"
019d6143a6e57c548449c2e1e23d9d5e,engine/data/people/019d6143a6e57c548449c2e1e23d9d5e.json,"Koffi Ingebrigtsen","Gitika Ingebrigtsen"
019d6143a6fd78a3ac30ef5b73b08570,engine/data/people/019d6143a6fd78a3ac30ef5b73b08570.json,"Koffi Ito","Gizem Ito"
019d6143a5fe7cbfb0d8ef2662e21ad9,engine/data/people/019d6143a5fe7cbfb0d8ef2662e21ad9.json,"Fatima Kettani-Haraldsen","Gladys Kettani-Haraldsen"
019d6143a68675489dd7e6b86abc615e,engine/data/people/019d6143a68675489dd7e6b86abc615e.json,"Tumelo Traoré-Okonkwo-Fujiwara","Gloriana Traoré-Okonkwo-Fujiwara"
019d6143a68e74c5bce71866c2269574,engine/data/people/019d6143a68e74c5bce71866c2269574.json,"Tumelo Keïta-Bergqvist","Gogo Keïta-Bergqvist"
019d6143a6e077b180d08587300a58f3,engine/data/people/019d6143a6e077b180d08587300a58f3.json,"Tumelo Kovalenko-Mazurek","Gokhan Kovalenko-Mazurek"
019d6143a61570e3a6772687e6128b51,engine/data/people/019d6143a61570e3a6772687e6128b51.json,"Lyric Agyemang","Goli Agyemang"
019d6143a6607f6ab5cafe0d4100f94f,engine/data/people/019d6143a6607f6ab5cafe0d4100f94f.json,"Lyric Srisai-Nokomis","Golnar Srisai-Nokomis"
019d6143a66976e19855ed56be7772b5,engine/data/people/019d6143a66976e19855ed56be7772b5.json,"Lyric Faalele","Gonzalo Faalele"
019d6143a69977b2bacfb0ce7bbbd01b,engine/data/people/019d6143a69977b2bacfb0ce7bbbd01b.json,"Lyric Echeverría","Goshtasb Echeverría"
019d6143a69f73e4af1c80c53a5a619e,engine/data/people/019d6143a69f73e4af1c80c53a5a619e.json,"Lyric Shin-Mwangi","Gottfried Shin-Mwangi"
019d6143a6a079ccb75e41520a0a1872,engine/data/people/019d6143a6a079ccb75e41520a0a1872.json,"Lyric Odinga-Mbekele","Gotthard Odinga-Mbekele"
019d6143a6af7ac4811d211f8f04639c,engine/data/people/019d6143a6af7ac4811d211f8f04639c.json,"Lyric Bhattacharya","Gouri Bhattacharya"
019d6143a6b979898d4ed633bbe4b36c,engine/data/people/019d6143a6b979898d4ed633bbe4b36c.json,"Lyric Petrović-Balogun","Govert Petrović-Balogun"
019d6143a71b70d2bed81a28c0b6f43a,engine/data/people/019d6143a71b70d2bed81a28c0b6f43a.json,"Lyric Makwa","Graciela Makwa"
019d6143a62d7980b3a595dbf5194acf,engine/data/people/019d6143a62d7980b3a595dbf5194acf.json,"Leila Bautista","Gregoria Bautista"
019d6143a704748398b8b12fcbd83a99,engine/data/people/019d6143a704748398b8b12fcbd83a99.json,"Mikhail Krstić","Gregorio Krstić"
019d6143a7297770909691d3bd3dac6e,engine/data/people/019d6143a7297770909691d3bd3dac6e.json,"Mikhail Malhotra-Lewandowski-Rakhimov","Gretchen Malhotra-Lewandowski-Rakhimov"
019d6143a605785a9557b6f6da27c6f8,engine/data/people/019d6143a605785a9557b6f6da27c6f8.json,"Aiyana Huitzil-Szabó","Grigor Huitzil-Szabó"
019d6143a65f7c3996814604b1e34853,engine/data/people/019d6143a65f7c3996814604b1e34853.json,"Aiyana Tetteh-Yoon","Grimur Tetteh-Yoon"
019d6143a60f7e7f989cd1744012a826,engine/data/people/019d6143a60f7e7f989cd1744012a826.json,"Meera Song","Griselda Song"
019d6143a619788988e2ce5a35ac4fb5,engine/data/people/019d6143a619788988e2ce5a35ac4fb5.json,"Meera Vasquez-Alfarsi-Rahman","Guadalupe Vasquez-Alfarsi-Rahman"
019d6143a67376f4bfb9a931dde778ab,engine/data/people/019d6143a67376f4bfb9a931dde778ab.json,"Meera Hossain-Kulkarni","Guanglei Hossain-Kulkarni"
019d6143a67c7eea878e2969c9e6686a,engine/data/people/019d6143a67c7eea878e2969c9e6686a.json,"Meera Rahman","Guangli Rahman"
019d6143a6117fb08c64d7a03b2c7687,engine/data/people/019d6143a6117fb08c64d7a03b2c7687.json,"Nadia Tlemcani","Gudmundur Tlemcani"
019d6143a61273afba822b9fe823da16,engine/data/people/019d6143a61273afba822b9fe823da16.json,"Diego Villalobos","Gudrun Villalobos"
019d6143a6dc75bd8d48e81c55b00ac2,engine/data/people/019d6143a6dc75bd8d48e81c55b00ac2.json,"Diego Adeyemi-Calvillo-Nwosu","Guilherme Adeyemi-Calvillo-Nwosu"
019d6143a6eb79eab63bca9df2355de6,engine/data/people/019d6143a6eb79eab63bca9df2355de6.json,"Diego Zaragoza-Anang","Guillaume Zaragoza-Anang"
019d6143a6ec7d9f8a61320631984907,engine/data/people/019d6143a6ec7d9f8a61320631984907.json,"Diego Kowalczyk","Guiren Kowalczyk"
019d6143a73675ffa0a7716276bb0e06,engine/data/people/019d6143a73675ffa0a7716276bb0e06.json,"Diego Arredondo","Gulbakyt Arredondo"
019d6143a6277dcaa39cec7c20c16a35,engine/data/people/019d6143a6277dcaa39cec7c20c16a35.json,"Nikhil Raghavan","Gulcan Raghavan"
019d6143a6be76909bc1efe02a361d5c,engine/data/people/019d6143a6be76909bc1efe02a361d5c.json,"Nikhil Rahman","Guleed Rahman"
019d6143a61d7b8a84b8f526bc20a3c4,engine/data/people/019d6143a61d7b8a84b8f526bc20a3c4.json,"Camila Baiseitov-Mensah-Bautista","Gulmira Baiseitov-Mensah-Bautista"
019d6143a64c7cdfbcb4727ac7799559,engine/data/people/019d6143a64c7cdfbcb4727ac7799559.json,"Camila Wojciechowski","Gulnara Wojciechowski"
019d6143a709740191725f43a1f5a474,engine/data/people/019d6143a709740191725f43a1f5a474.json,"Camila Cervantes-Dang","Gulshan Cervantes-Dang"
019d6143a6c6752fac0d27b2dbbc724b,engine/data/people/019d6143a6c6752fac0d27b2dbbc724b.json,"Noor Khorasani","Gulsun Khorasani"
019d6143a6d277d3905660f8881e1b41,engine/data/people/019d6143a6d277d3905660f8881e1b41.json,"Odalys Cho-Ekwensi","Gunhild Cho-Ekwensi"
019d6143a6f17f0384031cc711d78adf,engine/data/people/019d6143a6f17f0384031cc711d78adf.json,"Odalys Bautista","Gunther Bautista"
019d6143a6fb7187b24e80a4b1496c19,engine/data/people/019d6143a6fb7187b24e80a4b1496c19.json,"Odalys Montalvo-Thorvaldsdóttir","Gustavo Montalvo-Thorvaldsdóttir"
019d6143a6187863b219344f369e562b,engine/data/people/019d6143a6187863b219344f369e562b.json,"Solveig Soriano-Ibarra","Gwendoline Soriano-Ibarra"
019d6143a7107d2f86896cd9e1ef27bc,engine/data/people/019d6143a7107d2f86896cd9e1ef27bc.json,"Solveig Vestergaard","Ha-eun Vestergaard"
019d6143a61c759f99916525b6d89729,engine/data/people/019d6143a61c759f99916525b6d89729.json,"Marisol Salazar","Ha-yun Salazar"
019d6143a6507cf99976c9e41e8432cc,engine/data/people/019d6143a6507cf99976c9e41e8432cc.json,"Marisol Bui-Dalgaard","Habib Bui-Dalgaard"
019d6143a6977e8fad64ddacfda26e1c,engine/data/people/019d6143a6977e8fad64ddacfda26e1c.json,"Marisol Krstić","Habiba Krstić"
019d6143a6c27cc88deab1f70529fb33,engine/data/people/019d6143a6c27cc88deab1f70529fb33.json,"Marisol Lindström-Bustamante","Hachiro Lindström-Bustamante"
019d6143a72c7bc599a79dee0cbe07a3,engine/data/people/019d6143a72c7bc599a79dee0cbe07a3.json,"Marisol Sigurdsson","Hadeel Sigurdsson"
019db318e4c8711493be89882896e356,engine/data/people/019db318e4c8711493be89882896e356.json,"Marisol","Hadi"
019d6143a67c7dd896762715db8e2d80,engine/data/people/019d6143a67c7dd896762715db8e2d80.json,"Elsa Kjellberg-Björnsdóttir","Hadia Kjellberg-Björnsdóttir"
019d6143a6b3771897f8ff8d6c031133,engine/data/people/019d6143a6b3771897f8ff8d6c031133.json,"Elsa Cissé","Hae-jin Cissé"
019d6143a6e877dea90c0006c75c973d,engine/data/people/019d6143a6e877dea90c0006c75c973d.json,"Thandiwe Magnúsdóttir","Hae-won Magnúsdóttir"
019d6143a73d7540943cfe80019ffca3,engine/data/people/019d6143a73d7540943cfe80019ffca3.json,"Thandiwe Subramaniam","Hafez Subramaniam"
697f88d0434a04979fa998f738688428,engine/data/people/thandiwe_karlsen_boateng.json,"Thandiwe Karlsen-Boateng","Hafsteinn Karlsen-Boateng"
019d6143a6727b35944f38519eb05b81,engine/data/people/019d6143a6727b35944f38519eb05b81.json,"Dmitri Calvillo-Lewandowski","Hai Calvillo-Lewandowski"
019d6143a7207ac59858ea56ae59669b,engine/data/people/019d6143a7207ac59858ea56ae59669b.json,"Dmitri Ionescu-Wickramasinghe","Haifa Ionescu-Wickramasinghe"
019d6143a70c7286a57ae54040fd3aea,engine/data/people/019d6143a70c7286a57ae54040fd3aea.json,"Soraya Kovalenko","Haiyun Kovalenko"
019d6143a73178bcabf67e40d79325d3,engine/data/people/019d6143a73178bcabf67e40d79325d3.json,"Soraya Nazari","Hajar Nazari"
019d6143a62877ff95ea85e7bc2ff914,engine/data/people/019d6143a62877ff95ea85e7bc2ff914.json,"Ngozi Olofsson","Hajer Olofsson"
019d6143a67e7ae9a80179605bb4f5a4,engine/data/people/019d6143a67e7ae9a80179605bb4f5a4.json,"Ngozi Appiah","Hakan Appiah"
019d6143a6ec703ab4b293bfc717a82a,engine/data/people/019d6143a6ec703ab4b293bfc717a82a.json,"Ngozi Szczypiński-Petrović","Hakeem Szczypiński-Petrović"
019d6143a65d7c7696741a308f2b377c,engine/data/people/019d6143a65d7c7696741a308f2b377c.json,"Olumide Bergqvist","Hakim Bergqvist"
019d6143a6a37bc2aa6efd9aeb52753b,engine/data/people/019d6143a6a37bc2aa6efd9aeb52753b.json,"Olumide Dlamini-Guerrero","Hakon Dlamini-Guerrero"
019d6143a6d674c48e009c826653218d,engine/data/people/019d6143a6d674c48e009c826653218d.json,"Olumide Horváth-Adeyemi-Salazar","Haku Horváth-Adeyemi-Salazar"
019d6143a72f7f3a9974f2e32d5b6ed8,engine/data/people/019d6143a72f7f3a9974f2e32d5b6ed8.json,"Olumide Touré","Haleh Touré"
019d6143a73c7fbfbc45c6821b3ae12a,engine/data/people/019d6143a73c7fbfbc45c6821b3ae12a.json,"Olumide Huynh-Agyemang","Halid Huynh-Agyemang"
019d6143a62e7d83b5b38bef5cba3a9b,engine/data/people/019d6143a62e7d83b5b38bef5cba3a9b.json,"Chidi Tran","Halil Tran"
019d6143a6327919beb4bbfb08f1f6d2,engine/data/people/019d6143a6327919beb4bbfb08f1f6d2.json,"Chidi Sato","Halim Sato"
019d6143a6f57f5faf589a07e8d97e9b,engine/data/people/019d6143a6f57f5faf589a07e8d97e9b.json,"Chidi Venkatesh-Balogun","Halldor Venkatesh-Balogun"
019d6143a71b7d6daeaf7bc4a1acb45a,engine/data/people/019d6143a71b7d6daeaf7bc4a1acb45a.json,"Svetlana Sokolov","Halldora Sokolov"
019d6143a6bd7927bc61412de1394674,engine/data/people/019d6143a6bd7927bc61412de1394674.json,"Samira Seo","Halona Seo"
019d6143a64d74988ac32cb20e49933e,engine/data/people/019d6143a64d74988ac32cb20e49933e.json,"Aidana Karimov","Halvdan Karimov"
019d6143a7347e178fe5bef243515793,engine/data/people/019d6143a7347e178fe5bef243515793.json,"Aidana Baiseitov-Zaragoza","Hamed Baiseitov-Zaragoza"
019d6143a68c77ed9636cd21b7f7a2c0,engine/data/people/019d6143a68c77ed9636cd21b7f7a2c0.json,"Renata Calvillo","Hamid Calvillo"
019d6143a6b971fda53bce0690943008,engine/data/people/019d6143a6b971fda53bce0690943008.json,"Renata Shirazi","Hamidou Shirazi"
019d6143a63975719e75abc8cc014c49,engine/data/people/019d6143a63975719e75abc8cc014c49.json,"Farhan Rahman-Khoury","Hamidreza Rahman-Khoury"
019d6143a68f708abab297ee40ff4c3e,engine/data/people/019d6143a68f708abab297ee40ff4c3e.json,"Farhan Chakraborty-Thorvaldsdóttir","Hanan Chakraborty-Thorvaldsdóttir"
019d6143a6a37875b8e7e2989cecbabd,engine/data/people/019d6143a6a37875b8e7e2989cecbabd.json,"Anya Mazurek-Kulkarni","Hanbyul Mazurek-Kulkarni"
019d6143a6d079cba41b9239e2bab36e,engine/data/people/019d6143a6d079cba41b9239e2bab36e.json,"Anya Solberg-Vestergaard-Szabó","Hanh Solberg-Vestergaard-Szabó"
019d6143a70d745bb55fd5cf3e2674c1,engine/data/people/019d6143a70d745bb55fd5cf3e2674c1.json,"Anya Wojciechowski","Hania Wojciechowski"
019d6143a72a7ec783c2bd6fc5fdc92d,engine/data/people/019d6143a72a7ec783c2bd6fc5fdc92d.json,"Anya Cisneros","Hanin Cisneros"
019d6143a73d745492800362e6d8ecad,engine/data/people/019d6143a73d745492800362e6d8ecad.json,"Anya Horváth","Haniya Horváth"
019d6143a63d7936bd590bc55b15bfa3,engine/data/people/019d6143a63d7936bd590bc55b15bfa3.json,"Efua Cisneros","Hanka Cisneros"
019d6143a654749795e58fb1ba1e39d6,engine/data/people/019d6143a654749795e58fb1ba1e39d6.json,"Efua Čabarkapa","Hannele Čabarkapa"
019d6143a6977791821b54ca3d02066b,engine/data/people/019d6143a6977791821b54ca3d02066b.json,"Efua Bah","Hannelore Bah"
019d6143a6a27c6ebadbfc5de936dbd4,engine/data/people/019d6143a6a27c6ebadbfc5de936dbd4.json,"Efua Touré-Cisneros","Hans Touré-Cisneros"
019d6143a6c6747d831fb891148c8347,engine/data/people/019d6143a6c6747d831fb891148c8347.json,"Efua Deshpande-Dlamini-Rentería","Hanying Deshpande-Dlamini-Rentería"
019d6143a73e7db79af725046eb7534d,engine/data/people/019d6143a73e7db79af725046eb7534d.json,"Efua Dalgaard-Shirazi-Magnúsdóttir","Harendra Dalgaard-Shirazi-Magnúsdóttir"
019d6143a6d77abe90e7d5a576d32ad8,engine/data/people/019d6143a6d77abe90e7d5a576d32ad8.json,"Hana Kowalczyk","Hariprasad Kowalczyk"
019d6143a6447d058c32afef39cb1d19,engine/data/people/019d6143a6447d058c32afef39cb1d19.json,"Makena Balogun","Harish Balogun"
019d6143a70b7a44a962dacdc1d0006a,engine/data/people/019d6143a70b7a44a962dacdc1d0006a.json,"Vivaan Fredriksen","Harith Fredriksen"
019d6143a72b733db772e5b54b850ab6,engine/data/people/019d6143a72b733db772e5b54b850ab6.json,"Vivaan Deshpande-Nazari-Kovács","Harleen Deshpande-Nazari-Kovács"
019d6143a6477fefaefcb418092ec984,engine/data/people/019d6143a6477fefaefcb418092ec984.json,"Sekou Vestergaard","Harshad Vestergaard"
019d6143a6cc78d0bd6b535ebd1bd2f3,engine/data/people/019d6143a6cc78d0bd6b535ebd1bd2f3.json,"Sekou Haraldsen","Harshini Haraldsen"
019d6143a6d97de7b5f9496fec81ab95,engine/data/people/019d6143a6d97de7b5f9496fec81ab95.json,"Sekou Balogun","Harshita Balogun"
019d6143a6e97b7d9f69b4ef40f08b01,engine/data/people/019d6143a6e97b7d9f69b4ef40f08b01.json,"Sekou Venkatesh-Tetteh","Hartmut Venkatesh-Tetteh"
019d6143a64973d6a7e6a9f6f75fc6e3,engine/data/people/019d6143a64973d6a7e6a9f6f75fc6e3.json,"Nneka Soriano-Sigurdsson-Larsdóttir","Haruka Soriano-Sigurdsson-Larsdóttir"
019d6143a6927021925144be502ff579,engine/data/people/019d6143a6927021925144be502ff579.json,"Nneka Tamale","Haruki Tamale"
019d6143a6987a67923b1077e38f3c7e,engine/data/people/019d6143a6987a67923b1077e38f3c7e.json,"Nneka Sesay","Haruko Sesay"
019d6143a6ea7106811fc0db0b015a3c,engine/data/people/019d6143a6ea7106811fc0db0b015a3c.json,"Nneka Prempeh","Haruto Prempeh"
019d6143a65b731881684e320da49103,engine/data/people/019d6143a65b731881684e320da49103.json,"Isadora Calvillo","Hasan Calvillo"
019d6143a6607f41a40f5030c3523519,engine/data/people/019d6143a6607f41a40f5030c3523519.json,"Isadora Vo","Hasna Vo"
019d6143a6a57d018ab3c1dcbe5ad4a7,engine/data/people/019d6143a6a57d018ab3c1dcbe5ad4a7.json,"Isadora Kovalenko-Lahlou","Hassan Kovalenko-Lahlou"
019d6143a6eb78c4a1463ea8c1ebe42f,engine/data/people/019d6143a6eb78c4a1463ea8c1ebe42f.json,"Isadora Nygaard","Hatice Nygaard"
019d6143a69074ff8d965ee507b6bd2a,engine/data/people/019d6143a69074ff8d965ee507b6bd2a.json,"Mateo Salazar-Kim-Bangura","Hauk Salazar-Kim-Bangura"
019d6143a6ae759b804ce5b9d3eff8bf,engine/data/people/019d6143a6ae759b804ce5b9d3eff8bf.json,"Mateo Madrigal","Havard Madrigal"
019d6143a71579a8bf906df3eccbac60,engine/data/people/019d6143a71579a8bf906df3eccbac60.json,"Mateo Venkatesh","Havel Venkatesh"
019d6143a7217ae3a4f45e6770cc0b72,engine/data/people/019d6143a7217ae3a4f45e6770cc0b72.json,"Mateo Cervantes","Hawa Cervantes"
019d6143a64f7479b4720a8a86f2cf35,engine/data/people/019d6143a64f7479b4720a8a86f2cf35.json,"Ignacio Halverson","Hawraa Halverson"
019d6143a69573c0a9bd1a8c647854f5,engine/data/people/019d6143a69573c0a9bd1a8c647854f5.json,"Ignacio Sepúlveda-Guerrero-Ekwensi","Hayate Sepúlveda-Guerrero-Ekwensi"
019d6143a6507c4d97b7e7a3831d0ea9,engine/data/people/019d6143a6507c4d97b7e7a3831d0ea9.json,"Valentina Yamamoto","Haytham Yamamoto"
019d6143a6837294a85648fc8f01f327,engine/data/people/019d6143a6837294a85648fc8f01f327.json,"Valentina Sepúlveda","Healani Sepúlveda"
019d6143a73976e1bc4dbfc3e6c7946d,engine/data/people/019d6143a73976e1bc4dbfc3e6c7946d.json,"Valentina Bustamante","Hector Bustamante"
019d6143a68f7af19aac87467158dddd,engine/data/people/019d6143a68f7af19aac87467158dddd.json,"Esteban Echeverría","Hedvika Echeverría"
019d6143a72b75f1888a56216d55a8a6,engine/data/people/019d6143a72b75f1888a56216d55a8a6.json,"Esteban Subramaniam-Zielinski","Hee-young Subramaniam-Zielinski"
019d6143a6c57a09afc34d4dc1a3b3f5,engine/data/people/019d6143a6c57a09afc34d4dc1a3b3f5.json,"Yemi Okafor-Petelo","Hehewuti Okafor-Petelo"
019d6143a6e5795eb4672643de7027bf,engine/data/people/019d6143a6e5795eb4672643de7027bf.json,"Yemi Szabó","Heidemarie Szabó"
019d6143a67173bcb851805f4ba84a02,engine/data/people/019d6143a67173bcb851805f4ba84a02.json,"Daria Saito","Heinrich Saito"
019d6143a6747992bd2dcea0bc17eaa7,engine/data/people/019d6143a6747992bd2dcea0bc17eaa7.json,"Kiran Deshpande-Pathak","Helaku Deshpande-Pathak"
019d6143a6ab72138133a24ea8ff1cd1,engine/data/people/019d6143a6ab72138133a24ea8ff1cd1.json,"Kiran Kariuki","Helge Kariuki"
019d6143a65d794e8189977791ade32a,engine/data/people/019d6143a65d794e8189977791ade32a.json,"Tuva Bergqvist-Phommasack-Lahlou","Helmer Bergqvist-Phommasack-Lahlou"
019d6143a6a5710cafaa1726b59e5b76,engine/data/people/019d6143a6a5710cafaa1726b59e5b76.json,"Reza Najjar-Balasanyan","Helmi Najjar-Balasanyan"
019d6143a72e74808633c5c21de9dc19,engine/data/people/019d6143a72e74808633c5c21de9dc19.json,"Devi Chakraborty","Helmut Chakraborty"
019d6143a73c7407a3606962c86ac5da,engine/data/people/019d6143a73c7407a3606962c86ac5da.json,"Devi Sesay-Okafor","Heloise Sesay-Okafor"
fd0b072ab2457447b1eaf520b9e0f1ee,engine/data/people/fd0b072ab2457447b1eaf520b9e0f1ee.json,"Devi Phommachanh","Hendrik Phommachanh"
019d6143a66b70a493063a86038e2948,engine/data/people/019d6143a66b70a493063a86038e2948.json,"Britt Truong-Strömqvist","Henri Truong-Strömqvist"
019d6143a7127ff6a1445003285da775,engine/data/people/019d6143a7127ff6a1445003285da775.json,"Britt Fredriksen","Henrieta Fredriksen"
019d6143a6a67af2ab023458bed7bfb0,engine/data/people/019d6143a6a67af2ab023458bed7bfb0.json,"Aurelio Hernández","Herminia Hernández"
019d6143a73a74b0b8a3758740a4f540,engine/data/people/019d6143a73a74b0b8a3758740a4f540.json,"Aurelio Cervantes-Citlali","Hernan Cervantes-Citlali"
019d6143a6b17f6387b3109caca21475,engine/data/people/019d6143a6b17f6387b3109caca21475.json,"Mariposa Dalgaard-Cardenas","Herta Dalgaard-Cardenas"
019d6143a6bb7e5fa3db5456e6f47afd,engine/data/people/019d6143a6bb7e5fa3db5456e6f47afd.json,"Mariposa Pathak-Hernández","Heying Pathak-Hernández"
019d6143a701702eb05108c9e83f185f,engine/data/people/019d6143a701702eb05108c9e83f185f.json,"Mariposa Bustamante-Volkov","Hiapo Bustamante-Volkov"
019d6143a6b57ddcbc6152a2dfa0f00e,engine/data/people/019d6143a6b57ddcbc6152a2dfa0f00e.json,"Ibrahim Haddad","Hiba Haddad"
019d6143a6dc73649b6c40b66a92960d,engine/data/people/019d6143a6dc73649b6c40b66a92960d.json,"Ibrahim Nazari-Castañeda","Hibiki Nazari-Castañeda"
019d6143a6e37892889a7ab947239c03,engine/data/people/019d6143a6e37892889a7ab947239c03.json,"Ibrahim Calvillo","Hichem Calvillo"
019d6143a7297604b2b7c363fbae815d,engine/data/people/019d6143a7297604b2b7c363fbae815d.json,"Ibrahim Olofsson","Hideaki Olofsson"
019d6143a67f738e9654a267f8f5e12a,engine/data/people/019d6143a67f738e9654a267f8f5e12a.json,"Cruz Valenzuela","Hideki Valenzuela"
019d6143a71e76ec85de174e09b7b88e,engine/data/people/019d6143a71e76ec85de174e09b7b88e.json,"Cruz Hernández-Delgado","Higinio Hernández-Delgado"
019d6143a7347860b0ac5c841c67b69f,engine/data/people/019d6143a7347860b0ac5c841c67b69f.json,"Cruz Soriano-Rattanakorn","Hikaru Soriano-Rattanakorn"
019d6143a6b37e91a9cbf976f9b81262,engine/data/people/019d6143a6b37e91a9cbf976f9b81262.json,"Amir Cisneros-Tovar-Khorasani","Hikmet Cisneros-Tovar-Khorasani"
019d6143a6827be4944b6b7714c9c71b,engine/data/people/019d6143a6827be4944b6b7714c9c71b.json,"Alejandro Arredondo","Hilal Arredondo"
019d6143a69973709d55882d30f03cf3,engine/data/people/019d6143a69973709d55882d30f03cf3.json,"Alejandro Inoue","Hilario Inoue"
019d6143a6bd71239e002b97d5103e9f,engine/data/people/019d6143a6bd71239e002b97d5103e9f.json,"Alejandro Hernández","Hildur Hernández"
019d6143a68a7102939d8e558ff5c1dc,engine/data/people/019d6143a68a7102939d8e558ff5c1dc.json,"Joaquín Erikstad-Shin","Himali Erikstad-Shin"
019d6143a68e7527b2211abc0bada1ee,engine/data/people/019d6143a68e7527b2211abc0bada1ee.json,"Koda Citlali","Himanshi Citlali"
0a62cff8f5c9be3185bff10e6d6d7e7a,engine/data/people/0a62cff8f5c9be3185bff10e6d6d7e7a.json,"Koda Migizi-Achebe","Himari Migizi-Achebe"
177aa9ffb975256a0cafe9e17aa69002,engine/data/people/folake_borg_darko.json,"Folake Borg-Darko","Hina Borg-Darko"
019d6143a6be7645acc57e6dd9081fd5,engine/data/people/019d6143a6be7645acc57e6dd9081fd5.json,"Esperanza Mori-Esquivel-Jaramillo","Hinata Mori-Esquivel-Jaramillo"
019d6143a6c97e5383a15d64519a8ebc,engine/data/people/019d6143a6c97e5383a15d64519a8ebc.json,"Malika Baiseitov-Bhattacharya","Hinewai Baiseitov-Bhattacharya"
019d6143a6b57ef38f86f79ba6f557a8,engine/data/people/019d6143a6b57ef38f86f79ba6f557a8.json,"Ximena Jaramillo","Hinto Jaramillo"
019d6143a7307f989974283f94470e47,engine/data/people/019d6143a7307f989974283f94470e47.json,"Zofia Park","Hipolito Park"
019d6143a6e27473b7dacf121b976369,engine/data/people/019d6143a6e27473b7dacf121b976369.json,"Kitchi Watanabe","Hiral Watanabe"
c38fec6b74c44c20c29c1af5c4e13f31,engine/data/people/c38fec6b74c44c20c29c1af5c4e13f31.json,"Nayeli Citlali","Hiro Citlali"
019d6143a72f77b19c00260800c52f8f,engine/data/people/019d6143a72f77b19c00260800c52f8f.json,"Erik Delgado-Strömqvist","Hiroki Delgado-Strömqvist"
019d6143a73676df83a3715475204be4,engine/data/people/019d6143a73676df83a3715475204be4.json,"Erik Larsdóttir","Hiromi Larsdóttir"
ecbe11ee8ffb27c6550a5701aae724c5,engine/data/people/ecbe11ee8ffb27c6550a5701aae724c5.json,"Andrei An-Saito-Olofsson","Hiroshi An-Saito-Olofsson"
3fc3509ff1388be336544798d2ab308b,engine/data/people/3fc3509ff1388be336544798d2ab308b.json,"Ioane Traoré-Thakur","Hisako Traoré-Thakur"