{"type":"FeatureCollection","features":[{"type":"Feature","geometry":{"type":"Polygon","coordinates":[[[-87.848124999606114,44.352825999745512],[-87.848302999881369,44.352845000129953],[-87.847475000226098,44.351459999849013],[-87.847092999736375,44.350819999825987],[-87.846733999711162,44.350135000057733],[-87.845805999598497,44.348362999792506],[-87.844936000110437,44.346570000260428],[-87.844525000206701,44.345722999686799],[-87.844493000419646,44.345657000312855],[-87.844889000254767,44.345686999920694],[-87.845315000227131,44.34571899999942],[-87.845896000010171,44.345754000145831],[-87.846480000166252,44.345788000029401],[-87.846727000038484,44.345802999801712],[-87.846716999992736,44.34571200022458],[-87.846718999642562,44.34388500022375],[-87.846721000190698,44.342897999913049],[-87.846722000015603,44.341879000101557],[-87.846758000000619,44.3387240003089],[-87.841523000308769,44.338747000288201],[-87.841175999979129,44.338745000206544],[-87.840799000410584,44.338745999926104],[-87.840582999602191,44.338295000019599],[-87.840395000179541,44.338297000116604],[-87.84029800009516,44.338297999843853],[-87.838769000107945,44.338311999878144],[-87.836892999791104,44.338330000100925],[-87.836840000087633,44.340257999748204],[-87.832653000159084,44.340276999709516],[-87.831290999678117,44.340286000162486],[-87.830863999880847,44.340288000191528],[-87.829894999760285,44.34029499997154],[-87.82748500041437,44.340309999864431],[-87.82675800014313,44.340309000171494],[-87.826703999716457,44.340301000057636],[-87.826482999783536,44.340309999864431],[-87.823755000420292,44.340324999753442],[-87.81940000026222,44.340347000054905],[-87.819377999622617,44.340347000054905],[-87.818551999617185,44.340328999808882],[-87.818561999662919,44.342760000035426],[-87.818563000386135,44.343485000246005],[-87.818563000386135,44.343535000151597],[-87.818568000409016,44.344828000193068],[-87.81851999983013,44.344828999808954],[-87.818020000237922,44.344836999947375],[-87.817511000424901,44.344855000094199],[-87.81700400026169,44.344886999984666],[-87.816497999923413,44.344930000111091],[-87.815994000133244,44.344986999931315],[-87.81549399964274,44.34505600018047],[-87.815041999731122,44.345129999687082],[-87.814364999688607,44.345247999887775],[-87.81358200023918,44.345385000084107],[-87.813455999842489,44.345406000165625],[-87.813273000442706,44.345435999901959],[-87.812746000188014,44.345513000311165],[-87.812045999680976,44.345586999883359],[-87.812003999848173,44.345589999976902],[-87.811655999693613,44.345610999984977],[-87.811545000263848,44.345606000044903],[-87.811305000064351,44.345604999799882],[-87.811028999879824,44.345604000197227],[-87.810997999917689,44.351163000315957],[-87.810455999594367,44.351153000097867],[-87.810073000178051,44.351145999687226],[-87.810064999782128,44.351784999864876],[-87.810058000109436,44.352889000320395],[-87.811894000243313,44.352924000039508],[-87.812218999933322,44.352928999997701],[-87.812300999949088,44.352930000117738],[-87.812357999850491,44.352899000242282],[-87.812428999995603,44.352858999902146],[-87.812506999813408,44.352816999933182],[-87.813448000344877,44.352296999720338],[-87.814058000440255,44.352292999839186],[-87.81406000009008,44.352061999975703],[-87.814074000333775,44.349313999842373],[-87.818573000431897,44.349355999752269],[-87.818573000431897,44.349376000157605],[-87.818575999906614,44.349726000043738],[-87.818324999836449,44.349909999784387],[-87.818577999556439,44.35008699969503],[-87.818596999823015,44.353911999931455],[-87.814640000048215,44.353897999768471],[-87.814669000360524,44.354449999715129],[-87.814655000116815,44.356681000183343],[-87.814787000361306,44.356683000295334],[-87.815599999947949,44.356694999681459],[-87.817737000380703,44.356687999932817],[-87.822501999719279,44.35671899973083],[-87.822494000221681,44.357281999943147],[-87.821706999675996,44.357279999851549],[-87.821694999980423,44.358742999784319],[-87.821680999736714,44.360352000296054],[-87.821680999736714,44.360474999994118],[-87.822635999613581,44.360479999950265],[-87.822635999613581,44.360365000208446],[-87.823199999678195,44.359124000060874],[-87.823209999723943,44.359101999741462],[-87.823746000199449,44.359105999800157],[-87.824819000077099,44.359113999916723],[-87.82516899988147,44.358912999868217],[-87.825742000166912,44.358989999913959],[-87.825744999641643,44.358650999722094],[-87.825753999862471,44.357489000059793],[-87.82564000005965,44.357488000017518],[-87.825649000280492,44.357217000143478],[-87.826623000423922,44.357223999828925],[-87.826786999557157,44.357224999875712],[-87.826803000348974,44.357238999886107],[-87.828232999703673,44.357219000237222],[-87.828234000426903,44.357185999966617],[-87.8301480003786,44.357150000175722],[-87.830154000226386,44.356706999707377],[-87.83106300007249,44.356695999737227],[-87.832417000157506,44.356680000127319],[-87.832486999579402,44.356679000071232],[-87.832982999871945,44.357752999696686],[-87.834362999896257,44.360794000195547],[-87.834641999555515,44.361379999879084],[-87.835872999616896,44.364079000272284],[-87.83588400038586,44.364116000230553],[-87.836265999977286,44.364940000258265],[-87.836380999605026,44.365189999683366],[-87.836764999744574,44.366010999684384],[-87.83675100039919,44.365009000136823],[-87.836762000269829,44.36381099985946],[-87.836749999675959,44.361036000119917],[-87.836753000049015,44.360272000129314],[-87.841443999767733,44.36019799982968],[-87.841488000148672,44.360196999833683],[-87.844515999985873,44.36014900000513],[-87.844165000356583,44.359510999833439],[-87.844120999975658,44.359429999793846],[-87.844791000345495,44.359423999738858],[-87.845345000364347,44.359415000297552],[-87.845430999679763,44.359413000278764],[-87.846009999812978,44.359404000193479],[-87.846045999797994,44.359404000193479],[-87.846166000346912,44.35940200017437],[-87.846403000173368,44.359398000135876],[-87.84671100014495,44.359394000097126],[-87.846686000030587,44.356931000168515],[-87.846181000415527,44.356936999836485],[-87.84617399984451,44.356484999793317],[-87.842530000064158,44.356534000112859],[-87.840519999853001,44.352899000242282],[-87.843721999767496,44.352858999902146],[-87.848124999606114,44.352825999745512]]]},"properties":{"BASENAME":"Denmark"}},{"type":"Feature","geometry":{"type":"MultiPolygon","coordinates":[[[[-88.345271999701311,44.514288000188422],[-88.345311000059368,44.513249999934864],[-88.344428999977453,44.513237999983041],[-88.344382999946703,44.514263000144098],[-88.344330000243247,44.515317999992867],[-88.342674999859341,44.515298999834783],[-88.342715000042318,44.514662000288368],[-88.34282600037038,44.512088000075479],[-88.342847000286781,44.511688000275178],[-88.342600000414578,44.511660999816641],[-88.341626000271134,44.511638999837047],[-88.341263000047988,44.511645000298188],[-88.340736999618187,44.511630000105072],[-88.340385999988925,44.511628000164485],[-88.340389000361952,44.511551999807416],[-88.340405000255501,44.511198999782991],[-88.34043299984458,44.510605999745728],[-88.34044700008829,44.51026199970174],[-88.340498999966826,44.507998999982554],[-88.340600000249168,44.506495000105922],[-88.340838999725449,44.500749999767223],[-88.338051000087759,44.500708999724836],[-88.337655000252639,44.500703000059993],[-88.332729000357261,44.500626000035183],[-88.332577999846208,44.500623999716964],[-88.33247200043931,44.500622000039407],[-88.331916999697228,44.500614000047101],[-88.330740999887425,44.500599000218735],[-88.330795000314083,44.499877999902196],[-88.330779000420577,44.499418999918689],[-88.329985000202186,44.499410000222099],[-88.32998400037728,44.49997700017871],[-88.329210000250399,44.499969000097856],[-88.329206999877329,44.499802000242468],[-88.329179000288235,44.499199999859329],[-88.328605000177888,44.499178000302344],[-88.328574000215752,44.499173000023255],[-88.328515999591104,44.499177000118429],[-88.328458999689701,44.499181000213284],[-88.32834200041215,44.49918999994523],[-88.328231999908994,44.499196999949362],[-88.328175999832482,44.499201000042845],[-88.328175000007576,44.499258000224316],[-88.328159999938961,44.499809000173123],[-88.328158000289136,44.499892999916064],[-88.328528000185003,44.499892999916064],[-88.328580999888445,44.499892999916064],[-88.32858199971335,44.500396000154261],[-88.328550999751215,44.500571000229776],[-88.328032999717365,44.500564999909997],[-88.327590999851466,44.500559000230375],[-88.327607999569906,44.499905000052536],[-88.328072999900314,44.499917000186493],[-88.328082000121157,44.499884000292624],[-88.328082000121157,44.499857000132565],[-88.328082999946076,44.499808000000037],[-88.328084999595887,44.499607000097583],[-88.32809299999181,44.498970000119755],[-88.328164000136923,44.498970000119755],[-88.328175999832482,44.498916999769747],[-88.328578000413714,44.498943000177128],[-88.329026999952276,44.498947000288091],[-88.329027999777182,44.498707999745569],[-88.329028999602102,44.498349000199504],[-88.329030000325318,44.498204999681938],[-88.329031000150238,44.498077000133634],[-88.329030000325318,44.497967000147149],[-88.329030000325318,44.497858000159709],[-88.328742000445246,44.497855000180699],[-88.328789000300901,44.497821999760504],[-88.328955999807178,44.497713999711038],[-88.328987999594204,44.497396999864158],[-88.327540999622755,44.497384000278366],[-88.327543999995825,44.497827999721814],[-88.327065000320019,44.497830999702217],[-88.326660000264056,44.497843999829115],[-88.326675000332685,44.498594000173838],[-88.325825000037796,44.498578999825781],[-88.325816999641887,44.498640000106541],[-88.325623000371436,44.498641999852069],[-88.32407000009475,44.498624000217625],[-88.323718999567177,44.498620000084557],[-88.323593000068797,44.498618999891015],[-88.323502999657109,44.498617999697522],[-88.323432000410307,44.498617000144698],[-88.323418000166598,44.498628999903048],[-88.323279000249428,44.498618999891015],[-88.323194999685526,44.498618999891015],[-88.323090999928453,44.498620000084557],[-88.32286300032284,44.498621999830767],[-88.322849999904037,44.4986259999637],[-88.322469000137531,44.498617999697522],[-88.322463000289744,44.498694000259803],[-88.320280999651132,44.498671000319263],[-88.320264999757626,44.500026000169214],[-88.320323000382245,44.500034000242202],[-88.320472000345163,44.500038000278309],[-88.320473000170082,44.500164000313511],[-88.3204470002308,44.500318000200366],[-88.320438000009986,44.50047800000975],[-88.318176999728649,44.50045200028682],[-88.317860000434564,44.500448000279157],[-88.315967000399283,44.500425999911613],[-88.315913999797516,44.50193699971436],[-88.315487999825166,44.501933999945216],[-88.315305000425383,44.507266000310885],[-88.312218000138614,44.507246000044709],[-88.312182999978518,44.508003000112787],[-88.310253000133315,44.507976999901956],[-88.310207999927471,44.509135000313826],[-88.310191000209045,44.509589000010521],[-88.310187999835975,44.509755000015701],[-88.310186000186164,44.509805000117574],[-88.315189000074426,44.510374000177357],[-88.315173000180891,44.510584000008507],[-88.315177000378853,44.510656999745159],[-88.315151000439585,44.511297000076759],[-88.3126809999209,44.511252999834504],[-88.312593000057348,44.513629999906918],[-88.312591000407537,44.513675000211506],[-88.314072999640757,44.513690999813207],[-88.314064000318254,44.513810000276266],[-88.314060999945198,44.514888999870386],[-88.314891000148592,44.514899000294427],[-88.319390000246685,44.514954000033704],[-88.319381999850776,44.515065999819853],[-88.31936500013235,44.51542799990974],[-88.319894000036854,44.515436999695766],[-88.320012000037636,44.515439000146216],[-88.320012999862541,44.51550999975926],[-88.319944000265565,44.51696899988152],[-88.319919999976108,44.517739999890871],[-88.319916999603066,44.518410999906479],[-88.319890999663798,44.518506000045022],[-88.319829999564433,44.518576999764285],[-88.319781000058953,44.518597999836068],[-88.319707000439109,44.518628999684204],[-88.319534000186735,44.518645999697235],[-88.319195000253032,44.518635000066119],[-88.318191999797278,44.518614000007666],[-88.318175999903758,44.51896699995406],[-88.318173000429013,44.519043000248772],[-88.318113000154554,44.52038300005141],[-88.314801999561809,44.520336000161123],[-88.314731000315021,44.52214999996626],[-88.316863999651503,44.52219700031462],[-88.319617999852326,44.522225999951957],[-88.319509999897306,44.525046999757535],[-88.319343000391029,44.529420999960998],[-88.325362000255538,44.529508999872412],[-88.327893999800182,44.529548000183645],[-88.329379000304783,44.529571999771015],[-88.329476000389164,44.529577000004011],[-88.329741999629633,44.529577000004011],[-88.339287999996913,44.529682999975499],[-88.33972499983993,44.522451999745037],[-88.341713000309767,44.522472999701151],[-88.344707999636711,44.522504999833174],[-88.345096999799125,44.516931999874608],[-88.34520399992924,44.515323000168266],[-88.345212000325176,44.515200999865051],[-88.345234999891403,44.514847000248601],[-88.345271999701311,44.514288000188422]]],[[[-88.310186000186164,44.509805000117574],[-88.296755000014073,44.507697000247603],[-88.296732000447847,44.509846000169112],[-88.297750000073918,44.509870000185934],[-88.297677000278995,44.513288000299795],[-88.300233999937987,44.51333600005109],[-88.30024800018171,44.514728999898608],[-88.301487999565609,44.514741000183939],[-88.301494000311706,44.513740999741302],[-88.302080999942532,44.513767999876826],[-88.302508999564708,44.51379400006666],[-88.303128999705805,44.513795999932917],[-88.30360300025707,44.513769999743985],[-88.303928999771983,44.513771000318123],[-88.304223000398167,44.513745000118035],[-88.30451600030112,44.513771000318123],[-88.304662999715902,44.513849000208261],[-88.304989999954046,44.513926999993984],[-88.305463999606971,44.513954000043292],[-88.306152000418479,44.513954999973741],[-88.306477999933378,44.513929999786562],[-88.306692000193635,44.513852999936994],[-88.306697000216502,44.514803000124338],[-88.309422000105002,44.514835999900377],[-88.310016000306845,44.514840000201943],[-88.310018999781576,44.514511000262843],[-88.310086999553647,44.512615000318256],[-88.310095999774489,44.512358000198333],[-88.308585000228931,44.512330000091886],[-88.308649999627931,44.510515000138305],[-88.310164000444843,44.510543999824471],[-88.310186000186164,44.509805000117574]]]]},"properties":{"BASENAME":"Seymour"}},{"type":"Feature","geometry":{"type":"Polygon","coordinates":[[[-88.257211000408702,44.664651000313754],[-88.257249999868449,44.663859999813624],[-88.256358999565691,44.663849000157846],[-88.252374000201797,44.663784000174594],[-88.252241999957306,44.663780999800089],[-88.252391999745143,44.660217999800572],[-88.251553000219246,44.660201000251284],[-88.250446999831325,44.660180000162178],[-88.250102000049822,44.660174000317859],[-88.249336000318863,44.660139999910548],[-88.247697999653369,44.660136000011654],[-88.246039999794718,44.660105000146977],[-88.246008999832583,44.66082900010079],[-88.24283299985737,44.660773000239836],[-88.242840000428387,44.660649000127108],[-88.242844999552943,44.660587000290782],[-88.242851000299027,44.660456999965263],[-88.242869999667292,44.660070999699201],[-88.242877000238309,44.659942000111677],[-88.242888999933868,44.659693999900284],[-88.242904000002483,44.659396999900174],[-88.242919999895989,44.65894999993008],[-88.242929999941765,44.658702999947934],[-88.242929999941765,44.658692999952336],[-88.24294199963731,44.658510999731647],[-88.242955000056114,44.658336000258643],[-88.242965999926781,44.65798999977531],[-88.242967999576592,44.657936999766399],[-88.242976999797406,44.657746000224599],[-88.242984000368423,44.657574999796552],[-88.242986999843168,44.657525000106737],[-88.241586999727375,44.65757399977759],[-88.241635000306275,44.656504000308921],[-88.240412999567397,44.656538999690198],[-88.230504999700173,44.656825999954137],[-88.228278999578947,44.656899000315697],[-88.226331000190385,44.656962999681696],[-88.226373000023173,44.657328999731156],[-88.226654000230567,44.659760999958891],[-88.226737000071253,44.660481999829301],[-88.226740000444295,44.660510000226552],[-88.22594200002797,44.660537999971325],[-88.225906999867846,44.660233000037707],[-88.225853000339498,44.659765999864796],[-88.2256070002922,44.65765599999488],[-88.225533999598952,44.656989999832362],[-88.22552500027642,44.65686900002941],[-88.225521999903378,44.656761999797929],[-88.225495000139205,44.655877999719529],[-88.225419999796131,44.653392999892439],[-88.230395999920219,44.653205999819342],[-88.230287999965185,44.64959799990298],[-88.225311000016191,44.649806000125693],[-88.22053200043392,44.650005999685561],[-88.220327000394505,44.650013000092272],[-88.22045000041814,44.653452000121895],[-88.22045399971779,44.653567000136555],[-88.220455000441021,44.653576000289227],[-88.220304999754873,44.653584999801453],[-88.220261000272259,44.653586999976895],[-88.218728000087083,44.653651999889682],[-88.218543999964069,44.653656000235877],[-88.218409000244847,44.653669000080974],[-88.218283999673076,44.653673999873192],[-88.215465000073223,44.653791000255083],[-88.215497999685198,44.655145000020234],[-88.215497999685198,44.655184999883694],[-88.215551000286965,44.65736699996004],[-88.215578000051138,44.657666000169286],[-88.216113999628362,44.663564999901034],[-88.216192000344478,44.664439000064007],[-88.215301999866625,44.664472999866923],[-88.214977000176617,44.66447600020561],[-88.2121030003252,44.664583000257856],[-88.211099999869433,44.664616999976317],[-88.211203999626505,44.665943000277032],[-88.211592999788948,44.665929999989118],[-88.215439000133983,44.665797999751014],[-88.215532000020374,44.666006999882725],[-88.215676999785344,44.665974000214661],[-88.215824000098436,44.66593900013963],[-88.215902999741147,44.665919999962227],[-88.216102999757695,44.665864999783594],[-88.216312999819976,44.665795000119651],[-88.216505000338927,44.667946000076498],[-88.218558000207778,44.667869000203048],[-88.219904999721805,44.667818999807281],[-88.221631000250824,44.667753999803338],[-88.222180000246823,44.667773000018443],[-88.226094000363915,44.667646000009064],[-88.226105000234568,44.66773900023437],[-88.226187000250334,44.668452999817092],[-88.226819999911925,44.668433999824892],[-88.226828000307833,44.668532999682341],[-88.22699700036226,44.670075999732894],[-88.227035999821979,44.670805999762514],[-88.226154999564969,44.670804999971764],[-88.225823000202269,44.670804000181043],[-88.22444300017797,44.670801000169888],[-88.224466999569103,44.671026999724376],[-88.22459799998866,44.671562999932675],[-88.224625999577754,44.671744000290957],[-88.2246149997071,44.672364000283324],[-88.22477200006594,44.672364000283324],[-88.224905999960228,44.672364000283324],[-88.225034000006758,44.672364000283324],[-88.227115000363028,44.672367000213583],[-88.227240000036502,44.672367000213583],[-88.227913999705962,44.672360999714087],[-88.227975999630232,44.672360999714087],[-88.227953999888939,44.673334999839199],[-88.227934999622363,44.674157999850685],[-88.225443000260668,44.674152000175432],[-88.223760000287683,44.674094000301487],[-88.223032000191537,44.674064999703923],[-88.223033999841348,44.674015000181548],[-88.223048000085043,44.673799999827388],[-88.221709000068628,44.67379900008828],[-88.22172999998503,44.67369500030042],[-88.221728000335204,44.673372999798261],[-88.219209000311025,44.673424000258947],[-88.219102000180897,44.676016999849246],[-88.218947000370207,44.679637999816634],[-88.216452999562065,44.679655999691576],[-88.216409999904371,44.680757999763962],[-88.219358000273942,44.680737000095874],[-88.219573000359091,44.6806229999398],[-88.221334000149909,44.679692000063376],[-88.221471000417253,44.679619999936151],[-88.221719999939296,44.679618000020042],[-88.222217000056744,44.679614000187655],[-88.23025600017813,44.679556000031823],[-88.230958000335008,44.679557999950077],[-88.231146999582577,44.679557999950077],[-88.231431999987933,44.679559000228537],[-88.231354999995048,44.681251999798292],[-88.231343000299461,44.681457000067972],[-88.231338000276608,44.681784999884947],[-88.231257000085748,44.683161999785916],[-88.241031999883575,44.683239999994761],[-88.240634000398643,44.682706999881034],[-88.240196999657329,44.682129999910458],[-88.239943999937339,44.681779999962011],[-88.239676000148748,44.681419999907803],[-88.240995999898587,44.6814360000145],[-88.240511000375008,44.68115999979041],[-88.239994999990969,44.680866000035557],[-88.239926000394007,44.680827999880165],[-88.239805999845089,44.680760999898432],[-88.239897000081669,44.680759000021744],[-88.240118000014604,44.680757999763962],[-88.240354000016183,44.680755999887182],[-88.240380999780342,44.680747999740461],[-88.240542000337143,44.680747000121279],[-88.242681000419708,44.680732999701995],[-88.242681000419708,44.680686999942964],[-88.242694999765106,44.68068500006374],[-88.242693999940201,44.680595000315414],[-88.242693000115295,44.68056399989424],[-88.242693000115295,44.680509000198164],[-88.242690999567159,44.680327999749764],[-88.242690999567159,44.680238999713652],[-88.242687000267523,44.679679999941918],[-88.242687000267523,44.679630999792806],[-88.242846000276174,44.679630999792806],[-88.244217999904549,44.679651999861811],[-88.24421700007963,44.680528999687205],[-88.244152999607223,44.680528000064243],[-88.243488999983484,44.680511000083527],[-88.242897000329791,44.680497999869452],[-88.242915999698042,44.680653999690662],[-88.242931999591576,44.68076000027947],[-88.242934999964618,44.682060999686463],[-88.242934999964618,44.682113999995465],[-88.243110999691709,44.682113999995465],[-88.243283000119177,44.682113999995465],[-88.243283000119177,44.68241999999961],[-88.244542999594557,44.682964000061531],[-88.246199999628288,44.68368000027025],[-88.24768599995781,44.684322999706879],[-88.247624999858445,44.67974199979745],[-88.248044999983009,44.679722000036747],[-88.250112999920475,44.679774000294429],[-88.250899999567849,44.679785999757669],[-88.252561999624461,44.679813000137713],[-88.252559000149731,44.679774000294429],[-88.25255300030193,44.679656999968337],[-88.252550999753808,44.679619000297457],[-88.25254099970806,44.679454999919301],[-88.252533000210462,44.679169000182206],[-88.252525999639445,44.678865999847545],[-88.252501000423408,44.678230000081953],[-88.252479999608695,44.677820999924144],[-88.252467999913137,44.677573000185731],[-88.252462999890255,44.677372000213936],[-88.252461000240444,44.677291999773786],[-88.252465000438391,44.677101000120707],[-88.252457000042483,44.676787000075237],[-88.252455000392658,44.676655000288662],[-88.252461000240444,44.676180999737845],[-88.252436000126082,44.675180000203497],[-88.252428999555065,44.675034000070269],[-88.252401999790891,44.674476000275632],[-88.253684999730822,44.674504000301823],[-88.253681000431172,44.674448000235969],[-88.253653999768659,44.673460000030992],[-88.253632999852258,44.672691999830498],[-88.253830000394089,44.672696000140704],[-88.253881000447706,44.672696999898839],[-88.254037000083315,44.672699999811861],[-88.254088999961851,44.672701000208704],[-88.25454300042162,44.672712999859016],[-88.25482299990577,44.672722000233961],[-88.25540899971169,44.672733999879974],[-88.255508000344221,44.670829999845381],[-88.256903000437134,44.6708519996997],[-88.256912999584557,44.670645999807647],[-88.255011000226759,44.670616000246071],[-88.25504499966361,44.669923000237965],[-88.256946999919748,44.669966000182761],[-88.256973999683922,44.669418000207699],[-88.254295999651092,44.669361999699312],[-88.25438500023786,44.667407000092105],[-88.254670999569825,44.667408999790766],[-88.255007000028797,44.667411999977496],[-88.257073000316453,44.66742899996791],[-88.257090000034879,44.667078000168928],[-88.257157999806935,44.665715000308936],[-88.257186000294354,44.665145000298679],[-88.257211000408702,44.664651000313754]]]},"properties":{"BASENAME":"Pulaski"}},{"type":"Feature","geometry":{"type":"MultiPolygon","coordinates":[[[[-88.217225000039136,44.321299999992746],[-88.217482999781993,44.320795000166633],[-88.217000999733145,44.320693000038062],[-88.21588400037291,44.32064399996365],[-88.2158640002814,44.318180000287576],[-88.215234999919474,44.318151000173735],[-88.210851000347404,44.319088999824928],[-88.201756000066808,44.321022999774982],[-88.201757999716634,44.321237000174136],[-88.201750000219036,44.32364899993825],[-88.201740000173288,44.328169999770225],[-88.197975999844019,44.328165000270616],[-88.196337000251944,44.328162999828031],[-88.196328000031116,44.328053999702341],[-88.19631100031269,44.326109000258562],[-88.196589000147029,44.324552999767917],[-88.198904999781618,44.324577000125231],[-88.199310999662487,44.321403999739189],[-88.196014000211761,44.322124999851518],[-88.192489000257098,44.322852000044058],[-88.192489000257098,44.322819999695568],[-88.192491999731828,44.322372000053988],[-88.192494000279964,44.322061000272086],[-88.192494000279964,44.322039000179643],[-88.192497999579601,44.321434000187935],[-88.192524000417208,44.321029999926509],[-88.19254199996054,44.318946000187729],[-88.192542999785445,44.318811000035126],[-88.192543999610365,44.318674000091178],[-88.192442000401428,44.318301000297474],[-88.192420999586716,44.31822400014476],[-88.192402000218451,44.317487000273417],[-88.192418000111985,44.317439000175213],[-88.192463000317829,44.317302999683861],[-88.192502999602482,44.317188000066793],[-88.192603000059904,44.316888000172661],[-88.192603000059904,44.31658800003018],[-88.192603000059904,44.31608800002649],[-88.192603000059904,44.315287999900391],[-88.192613000105652,44.313690000003483],[-88.188212999741737,44.313596000280228],[-88.187452000033645,44.313583000279294],[-88.187334000032862,44.313580999982229],[-88.18631899988155,44.313565000174385],[-88.185451999868221,44.31356699982922],[-88.18445699980839,44.313543000110052],[-88.184338999807636,44.31353000009738],[-88.184231999677507,44.313536999857348],[-88.184168000103398,44.313535999708066],[-88.183794000009584,44.31353299990279],[-88.18296200015638,44.313509000169717],[-88.180375000360129,44.313483000126432],[-88.172219999887787,44.313381000142066],[-88.172173000032117,44.315852000287876],[-88.172142000069982,44.315842999941324],[-88.172102999711925,44.3158359998137],[-88.172029000092081,44.315832000015803],[-88.172009999825491,44.315832000015803],[-88.171956000297143,44.315834000236144],[-88.171920000312127,44.315829999795405],[-88.171850999816854,44.315827000107447],[-88.171814000006918,44.315815000068483],[-88.171773999823941,44.315786000071306],[-88.171717999747443,44.315749999921856],[-88.171659000196215,44.31570600013773],[-88.171610999617329,44.315657999868179],[-88.171588000051116,44.315623999867711],[-88.171547000043233,44.315560000267133],[-88.171506999860256,44.315497000069868],[-88.171464000202548,44.315394999729584],[-88.171448000309027,44.315346999848366],[-88.17142499984449,44.31528500018468],[-88.171413999973836,44.315243999769841],[-88.171403000103169,44.315196999886147],[-88.171392000232544,44.315148999842968],[-88.171382000186782,44.315104000128365],[-88.171358999722244,44.31505200015809],[-88.171347999851591,44.315032000256167],[-88.171312999691494,44.314965000277866],[-88.171306999843722,44.314954000187775],[-88.171300000171016,44.314932000001427],[-88.171290999950187,44.314924000282218],[-88.171270999858706,44.314903000210627],[-88.171260999812972,44.314897000096984],[-88.171232000398959,44.31487899975231],[-88.17121800015525,44.314873000278965],[-88.171202000261729,44.314864999908949],[-88.171173999774311,44.314843999816247],[-88.171157000055899,44.314822999716043],[-88.171140000337459,44.314767999754636],[-88.171087999560598,44.314742999755147],[-88.171070999842158,44.314717999745007],[-88.171050999750676,44.314677999706625],[-88.171048000275945,44.31465200018129],[-88.171020999613447,44.314628999751029],[-88.170979999605564,44.314603999692331],[-88.170947999818509,44.314589999783323],[-88.170892999566931,44.314571999987294],[-88.170861999604796,44.314551999921719],[-88.170834000015688,44.314515000168178],[-88.170828999992835,44.314474999991425],[-88.170824999794874,44.314440999948296],[-88.170813000099287,44.314419999703865],[-88.170794999657645,44.31440699988547],[-88.170774999566163,44.314377999835237],[-88.170761000220764,44.314351000041555],[-88.170746999977055,44.314321999963639],[-88.170736000106402,44.314276000120962],[-88.17073500028151,44.31425099991187],[-88.170777000114299,44.314188000237557],[-88.170829999817741,44.314142999786064],[-88.170854000107184,44.314122000077766],[-88.170863000328012,44.314114999744803],[-88.170962000062204,44.314035000104276],[-88.17101599959058,44.313978999905324],[-88.171073000390308,44.31393000000886],[-88.171094000306709,44.313901999865962],[-88.171107999652094,44.313873999709706],[-88.17112600009375,44.313833999738812],[-88.17114199998727,44.31379800032019],[-88.171157000055899,44.313775999700418],[-88.171186000368209,44.313731999721739],[-88.171213000132383,44.313691000150143],[-88.171256999615011,44.313644999812844],[-88.171309000391858,44.313591000181304],[-88.171347000026685,44.313551000017519],[-88.171461999654412,44.313467999799549],[-88.171523999578696,44.31342499974118],[-88.171624999861024,44.313382999803174],[-88.167102000371798,44.313406000078999],[-88.167079999732181,44.312368000088945],[-88.167052999968007,44.312376000156576],[-88.167031000226686,44.312380000189989],[-88.166997999716401,44.312377999851925],[-88.16695000003584,44.312380999716233],[-88.166917000423865,44.312380999716233],[-88.166877000240888,44.312383000054197],[-88.16685399977635,44.312388000255993],[-88.166818999616268,44.312388000255993],[-88.166786000004294,44.312385999918192],[-88.166748000369466,44.312388000255993],[-88.166705999638353,44.312384999749298],[-88.166669999653337,44.312385999918192],[-88.166635000391565,44.312395000152172],[-88.166611999927042,44.31240200004752],[-88.166592999660452,44.312414000141615],[-88.166576999766932,44.312423999896808],[-88.166561999698317,44.312446999905703],[-88.166565000071358,44.312461999850761],[-88.166568000444414,44.312495000230648],[-88.166550000002744,44.312529000115646],[-88.166527000436531,44.312546999895567],[-88.166503000147088,44.312557000270843],[-88.166454999568202,44.312583000081595],[-88.166420000306402,44.31259699982661],[-88.166375999925464,44.312606000028175],[-88.16631999984898,44.312623999784485],[-88.166298000107659,44.312631000295305],[-88.166251000252004,44.312649000043898],[-88.166204000396334,44.31266100008753],[-88.166171999710969,44.312670000279283],[-88.166127000403449,44.312674000292702],[-88.166083999847416,44.312670999800588],[-88.166052999885281,44.312670000279283],[-88.16600500020472,44.31266299977316],[-88.165985000113224,44.312657000073273],[-88.165950999778033,44.312646999715],[-88.165924000013874,44.312631999817221],[-88.165872000135309,44.312618000080604],[-88.165850000394016,44.312604999863026],[-88.165822999731517,44.312596000304048],[-88.16578500009669,44.31259299980794],[-88.165763000355369,44.312585999935422],[-88.165745999738618,44.31257699973073],[-88.165729999845098,44.312580999750445],[-88.165713999951578,44.312602000010173],[-88.165689999662121,44.312612999898356],[-88.165668999745733,44.312619000245533],[-88.165612999669236,44.312614000063419],[-88.165573000384583,44.312614000063419],[-88.165494999668454,44.312631000295305],[-88.165457000033626,44.312639999848919],[-88.165407999629835,44.312658000237541],[-88.165364999972113,44.312685000167349],[-88.165342000405886,44.312700000051628],[-88.165314999743401,44.312729999808582],[-88.165287999979228,44.312749999852265],[-88.165255000367267,44.312712000084787],[-88.165217999659021,44.312669000115228],[-88.16479199968667,44.312476999791983],[-88.164733999960362,44.313160999723451],[-88.164576999601522,44.313373999720753],[-88.164543000164642,44.31341900011914],[-88.163485000355607,44.31342499974118],[-88.163204999973146,44.313423000081464],[-88.163460000241272,44.313131999700268],[-88.165297000200056,44.31103700016498],[-88.165437999767036,44.310891000248667],[-88.165647000004427,44.31070400023912],[-88.165836000150321,44.310558000137235],[-88.166062000106123,44.310403999979521],[-88.166228999612372,44.310304000195032],[-88.166156999642368,44.310235000192961],[-88.166124999855313,44.310251999828381],[-88.166134999901047,44.310213999729072],[-88.166128000228355,44.30978700023735],[-88.166125999680204,44.309739000268834],[-88.162559999717672,44.309760999830715],[-88.153144999769935,44.309757999832534],[-88.152281000129676,44.309760999830715],[-88.151938999822917,44.309760999830715],[-88.151908999685688,44.310266000129388],[-88.152866000110677,44.310297000049452],[-88.153148000142991,44.310305999960967],[-88.153224000310985,44.310307999726888],[-88.153189000150888,44.310897000129088],[-88.153153999990764,44.311485999762674],[-88.1531139998078,44.312151000248384],[-88.153096000264455,44.31245399979484],[-88.153090000416682,44.3125520000834],[-88.153085000393801,44.31263400014663],[-88.15308100019584,44.312705999747116],[-88.152854000415118,44.312702999899422],[-88.15284600001921,44.312875000131768],[-88.153133999899296,44.312876999810101],[-88.153118999830667,44.313123999735687],[-88.153101000287307,44.313424000232722],[-88.151720000438118,44.313424000232722],[-88.15166299963839,44.314244000237061],[-88.15153600031509,44.314238000056029],[-88.150179999681924,44.314239000193346],[-88.150219000039982,44.313424000232722],[-88.149281999706474,44.31342499974118],[-88.148291999669496,44.315927000122478],[-88.150041999589661,44.316566999911331],[-88.149901999847586,44.318083999900324],[-88.149639000081848,44.320703999695027],[-88.148946999970704,44.320703000310552],[-88.148931999902089,44.321242000264206],[-88.148883000396609,44.322318000098534],[-88.148876999650525,44.322412999986938],[-88.148878000373742,44.322469999846128],[-88.14893799974989,44.322471999840189],[-88.149009999719894,44.32247399983418],[-88.149004999697041,44.3225890000164],[-88.148978999757759,44.323269999738969],[-88.148943999597662,44.323937000304142],[-88.148933999551915,44.324223999931604],[-88.148827000320125,44.324223999931604],[-88.148659000090632,44.324225999865867],[-88.14658699995519,44.324217000161177],[-88.146426000296714,44.324217000161177],[-88.146381000090869,44.324217000161177],[-88.146269999762794,44.324214000259325],[-88.146120999799876,44.324209999747254],[-88.146048000004924,44.326294000154462],[-88.145966999814092,44.326276000092946],[-88.145952999570369,44.32642899979718],[-88.145885999623218,44.326790000247691],[-88.145864999706831,44.326926999876299],[-88.145847000163485,44.327295999793876],[-88.145827000071989,44.327805999740534],[-88.144753000369448,44.327805999740534],[-88.144735999752697,44.328233999753778],[-88.145714000094088,44.328238999890168],[-88.14570700042141,44.328425000032581],[-88.145800000307815,44.328493999852554],[-88.145964000339347,44.328493999852554],[-88.145967999638998,44.329728999683645],[-88.145969000362228,44.330301000250479],[-88.14597100001204,44.330809000062573],[-88.145974000385081,44.331923999880964],[-88.145858999859044,44.331923999880964],[-88.143445000315182,44.331912999757478],[-88.143446000140088,44.334293000189412],[-88.144975000127289,44.334309000127867],[-88.144975000127289,44.335524000252555],[-88.144975999952209,44.335605999695794],[-88.145984000430843,44.335615999996172],[-88.146345000105867,44.335621000145721],[-88.148900999939954,44.33565299993613],[-88.15104800041847,44.33561800018451],[-88.151118999665258,44.33561699976908],[-88.151106000144779,44.333974000304131],[-88.151312000009099,44.333949999936436],[-88.151318999681806,44.333488999748305],[-88.153271999991546,44.334081000110601],[-88.153644000435548,44.334189999958902],[-88.153656000131107,44.334193999790337],[-88.153677999872414,44.334186999924533],[-88.15369499959084,44.334182000295264],[-88.153716000405552,44.334167000119791],[-88.153762000436316,44.334135000160991],[-88.15377699960662,44.334125000250609],[-88.153786999652354,44.334117999734019],[-88.153807999568741,44.334104999782177],[-88.153831000033307,44.334097999905751],[-88.153861999995442,44.334087999989059],[-88.153878999713868,44.334082999708791],[-88.1539160004221,44.334049000104876],[-88.153971999600287,44.334036000137736],[-88.154021999828984,44.334005999708268],[-88.154036000072708,44.334000000263067],[-88.154051000141322,44.333991999930959],[-88.154065000385017,44.333985999841758],[-88.154102000194939,44.333969000014143],[-88.154119999738299,44.333961000320365],[-88.154135999631805,44.333950999737752],[-88.154150999700434,44.333940999795985],[-88.154217999647585,44.33390899971387],[-88.154252999807667,44.333893000308798],[-88.154268999701216,44.333885999764554],[-88.154282999944897,44.333880000307076],[-88.154320999579738,44.333862000003357],[-88.154375000006411,44.333836999786548],[-88.154431000082923,44.333777999798038],[-88.154441000128656,44.333767999826783],[-88.154446999976443,44.333760000105528],[-88.154468999717736,44.333737000097777],[-88.154591999741399,44.333668999826479],[-88.154668999734284,44.333625999793796],[-88.1547049997193,44.333608000054639],[-88.154735999681435,44.333592999732339],[-88.154760999795784,44.333581000114293],[-88.154817999697201,44.333561000102883],[-88.15487899979658,44.333538000017093],[-88.15489399986518,44.333531999881444],[-88.154991999774481,44.333498999767144],[-88.155011999865962,44.333491000009246],[-88.155061000269754,44.333477000108992],[-88.155108999950329,44.333461999753183],[-88.155202999661682,44.333434999745627],[-88.15522299975315,44.333417999758296],[-88.155259999563071,44.333402000219259],[-88.155296000446398,44.333382999957799],[-88.155343000302068,44.333365000144106],[-88.155409000424299,44.33335100021376],[-88.155662000144304,44.333246999800572],[-88.155764000251551,44.333210000270135],[-88.155791000015725,44.333198999745342],[-88.155813999581952,44.333189000317923],[-88.155842000069356,44.333187000046678],[-88.155862999985757,44.333186000232295],[-88.155907000366682,44.333162999999423],[-88.155943000351698,44.333139999757535],[-88.156016000146622,44.333117000149144],[-88.156088999941559,44.333087999708134],[-88.1562189996379,44.333031999702257],[-88.156283999935226,44.333003999679292],[-88.156463000035373,44.332916000254322],[-88.157130999857074,44.333628000050062],[-88.158683000308812,44.332152999762961],[-88.158978999686511,44.331871000201716],[-88.1579650002584,44.331401999692311],[-88.157988999649547,44.331370999997823],[-88.158017999961857,44.331340000286943],[-88.158033000030471,44.331321999846203],[-88.158043000076219,44.331304999888893],[-88.158048999924006,44.33129400029194],[-88.158080999711061,44.33126500023458],[-88.158099000152703,44.331242999738393],[-88.158108000373545,44.331229999791823],[-88.158114000221317,44.331216999842326],[-88.158146999833292,44.331166999713233],[-88.15817299977256,44.33114600031459],[-88.158201000259979,44.331112000293103],[-88.158222000176366,44.331091000232185],[-88.158229999673964,44.331080999802744],[-88.158243000092767,44.331071000014148],[-88.158264000009169,44.331058999880071],[-88.158289000123517,44.331040000144696],[-88.158318000435827,44.331015000010062],[-88.15832900030648,44.331003999716074],[-88.158409999599016,44.330910000099145],[-88.158427000215767,44.330883000201815],[-88.158433000063553,44.330874000233315],[-88.158448999957074,44.330858999854271],[-88.158464999850608,44.330847000319409],[-88.158474999896356,44.330840999908496],[-88.158490999789862,44.330831000078973],[-88.15850300038376,44.33081599968898],[-88.158517999554064,44.330799000227636],[-88.158536999820612,44.330774999845723],[-88.158561000110069,44.330751000096541],[-88.158604999592683,44.330705000282158],[-88.158618000011487,44.330692000216288],[-88.158633000080101,44.330680000004662],[-88.15864499977566,44.330667999790592],[-88.158660999669181,44.330647000213276],[-88.158689999981505,44.330616000119726],[-88.158717999570598,44.330581999790944],[-88.158725000141601,44.33056899969786],[-88.158760000301697,44.330533000265277],[-88.158794999563483,44.330498999888427],[-88.158813999830059,44.330481999692616],[-88.158823000050887,44.330473000305133],[-88.158837000294596,44.330452000015406],[-88.158858000211012,44.330428999995455],[-88.158884999975186,44.330397999786669],[-88.158926999807974,44.330353000200631],[-88.158961000143151,44.330308999800963],[-88.158973999663644,44.330287000231309],[-88.158982999884472,44.330265999874975],[-88.159037000311145,44.330214999712695],[-88.159064999900238,44.330180999794109],[-88.159071999572916,44.330170999852058],[-88.159110999930988,44.330141000015779],[-88.159125999999603,44.330128999691411],[-88.159151999938857,44.330093999855869],[-88.159187000098967,44.330058999999437],[-88.159202000167582,44.330044999922499],[-88.159224999733809,44.330019000137945],[-88.159240999627329,44.330001999803009],[-88.159265999741677,44.329977999737501],[-88.159280999810306,44.329962999771944],[-88.15929099985604,44.329955000174273],[-88.159358999628111,44.329882000020035],[-88.159452000412827,44.32977799988101],[-88.159480000001921,44.329741000089847],[-88.159500000093431,44.329710000160027],[-88.159521999834723,44.329684000226926],[-88.159534000428593,44.329668000311813],[-88.159582000109168,44.329617000272158],[-88.159604999675395,44.329588999903919],[-88.159632000337893,44.329555000265046],[-88.159665999774759,44.32951199978627],[-88.159690000064217,44.329464999764923],[-88.15970000010995,44.329446000155741],[-88.159724000399407,44.329420000105664],[-88.159745000315795,44.329396999681009],[-88.15977600027793,44.329372000131194],[-88.159798000019236,44.329339000246463],[-88.159819999760558,44.329310999745509],[-88.159837000377308,44.329289999682338],[-88.160102999617777,44.329489000040304],[-88.160752000071199,44.329975999999355],[-88.161270999929968,44.330437000171017],[-88.160675999903205,44.331437999876634],[-88.160675000078285,44.331458999813321],[-88.160670999880338,44.331482000071937],[-88.160666999682377,44.331520999735524],[-88.160649000139031,44.331556999846804],[-88.160637000443472,44.331580000066943],[-88.160613000154015,44.331615000300879],[-88.1605980000854,44.331633000009155],[-88.1605830000168,44.331653000035494],[-88.160572999971052,44.331668000211423],[-88.160564999575129,44.331681999900951],[-88.16055299987957,44.331696000229712],[-88.160547000031784,44.331709000072991],[-88.160532999788074,44.331736000232645],[-88.16053500033621,44.331758999740053],[-88.160492999605097,44.331815000318912],[-88.160475000061766,44.331852999923946],[-88.160444000099631,44.331884000006248],[-88.160420999635093,44.331899000123094],[-88.160399999718706,44.331935000002339],[-88.160374999604329,44.331970999859493],[-88.160336000144596,44.332008000171605],[-88.160316999878006,44.332021999779968],[-88.160299000334675,44.332043999983945],[-88.160292999588577,44.33206700001314],[-88.160285000090951,44.332085000225227],[-88.160256999603561,44.332097000149375],[-88.16023700041039,44.332123000297905],[-88.160208999922986,44.33215199993095],[-88.159861999593346,44.332593000006511],[-88.159757999836287,44.332752000155864],[-88.159716000003485,44.332816000280218],[-88.159695000087083,44.3328429999302],[-88.159680999843374,44.332899999935819],[-88.159666999599679,44.33294999987254],[-88.159635999637544,44.33297499982497],[-88.15957500043649,44.333031999702257],[-88.159494000245616,44.333117999964649],[-88.15943200032136,44.333180999875125],[-88.159387999940421,44.333236999738723],[-88.159372999871806,44.333263999837428],[-88.159275999787425,44.333361000256126],[-88.159201000342662,44.333443000153736],[-88.159043999983837,44.333571000109451],[-88.158965000341126,44.333638999851821],[-88.158939000401844,44.333654999968751],[-88.158874000104518,44.333690000249426],[-88.158817000203115,44.333714999886347],[-88.158751000080883,44.333736000292816],[-88.158664999867142,44.333792000268957],[-88.158592999897138,44.333836999786548],[-88.158500999835624,44.333906000307692],[-88.158427000215767,44.333958000274279],[-88.158305999841957,44.334036999937581],[-88.15813900033568,44.334130999682991],[-88.158008999741028,44.334215000025232],[-88.157991000197683,44.334253000002867],[-88.157968999558051,44.334277000246551],[-88.157895999763127,44.334321000239498],[-88.157858000128286,44.334337000170358],[-88.157764000416961,44.334384000142734],[-88.157678000203234,44.334424000239927],[-88.157551999806529,44.334493000070395],[-88.157483000209567,44.334563000253098],[-88.157381000102305,44.334659999808245],[-88.157299000086553,44.334734000228757],[-88.15725800007867,44.334762999855748],[-88.157130999857074,44.334837999932482],[-88.15700500035868,44.334882000147047],[-88.156951999756913,44.334909000130942],[-88.156786000075556,44.334980000243398],[-88.156770000182036,44.334987000014543],[-88.156731999648898,44.334999999770872],[-88.156690999641,44.335013000166853],[-88.156654999655984,44.335023999708874],[-88.156621000219118,44.335036000316748],[-88.156586000059022,44.335049000062206],[-88.156548000424195,44.33506499979439],[-88.156513000264084,44.335078000175969],[-88.156479999753813,44.335093000118412],[-88.156446000316933,44.335107000275435],[-88.156411000156851,44.335119000223777],[-88.156372999623684,44.335134000155733],[-88.15634099983663,44.335148000302915],[-88.156305999676533,44.335166999992524],[-88.156276000437629,44.335186000318522],[-88.156242000102424,44.335205999775738],[-88.156206999942327,44.335224000309452],[-88.156185000201035,44.335231999830945],[-88.155503000135653,44.335588999695261],[-88.15492499982733,44.336074000231484],[-88.154740999704316,44.336361999989663],[-88.154633999574187,44.336537000173614],[-88.154551999558421,44.33667200001377],[-88.154472000090792,44.336779000037517],[-88.154376999656236,44.336985000217965],[-88.154302000211487,44.337177999761579],[-88.154214000347935,44.337335999943754],[-88.154150999700434,44.337472000255694],[-88.154027999676785,44.337677999929099],[-88.153881000262004,44.337881000318326],[-88.153722000253339,44.338088000213091],[-88.153513000015977,44.338301000310366],[-88.153343999961578,44.338507000283805],[-88.153225999960796,44.33866500009735],[-88.153037999639807,44.338846999785879],[-88.152849000392251,44.339022999978269],[-88.152547000268456,44.3393119997395],[-88.152410999826017,44.339449000315781],[-88.152317000114678,44.33954899990124],[-88.15219900011391,44.339672999921284],[-88.152110000425452,44.339765999924815],[-88.151941000371039,44.339905999824708],[-88.151835000065844,44.339990000246665],[-88.151768000118693,44.340024999958636],[-88.151731000308757,44.340054999878696],[-88.151595999691239,44.340126000185201],[-88.151306999986218,44.340238000086636],[-88.151213000274893,44.340271000263449],[-88.151120000388502,44.340349999774119],[-88.151026999603758,44.340420999723342],[-88.150855000074628,44.34051100011456],[-88.150821999564343,44.340527000283863],[-88.150598999981582,44.340657000212651],[-88.150362999980018,44.340762000018799],[-88.150281999789172,44.340792000204218],[-88.150087999620411,44.340857000232091],[-88.149936000182763,44.34090899981701],[-88.149829999877554,44.340942999940729],[-88.149752999884669,44.340961999680054],[-88.149685000112598,44.340991000081885],[-88.149560000439124,44.341037000180265],[-88.149405999555029,44.341089000247969],[-88.14922099960711,44.341127999947311],[-88.149040999682029,44.341205000232925],[-88.148813999901336,44.341320999988334],[-88.148738999558248,44.341384000080517],[-88.148695999900539,44.341447000105049],[-88.148674000159232,44.341474000278403],[-88.148664999938418,44.341482999905089],[-88.148657000440807,44.341498000136525],[-88.148634999801189,44.341514000036433],[-88.148616000432924,44.341531999918679],[-88.148582000097718,44.341578999906325],[-88.148560000356426,44.341613000283978],[-88.148551999960503,44.341629999822928],[-88.14852799967106,44.341668000135101],[-88.148505000104834,44.341685000300586],[-88.148485999838272,44.341713999702314],[-88.148468000294926,44.34174600002239],[-88.148444999830389,44.341771999747586],[-88.148392999951838,44.341865999942868],[-88.148383999731024,44.341883999717041],[-88.14830300043846,44.342005999967967],[-88.148229999745226,44.342108999961134],[-88.148196000308346,44.342156999790085],[-88.148175000391959,44.342181000011074],[-88.148083000330445,44.342315999705754],[-88.147958999583565,44.342442000253925],[-88.147946000063101,44.342468999968993],[-88.147930000169566,44.342498999923421],[-88.147885999788642,44.342597999792538],[-88.147833999910119,44.342710000111353],[-88.147819999666396,44.34273799999702],[-88.147803999772876,44.342776000233435],[-88.147793999727142,44.342791000133985],[-88.147794999552048,44.342833000220665],[-88.147782999856474,44.34287200004475],[-88.147763999589898,44.342934000107043],[-88.147742999673497,44.343016999756173],[-88.147735000175913,44.343043000202627],[-88.147729000328113,44.343070000283426],[-88.14772199975711,44.343132999781076],[-88.147713000434607,44.343191999993692],[-88.147706999688481,44.343249000218904],[-88.14770500003867,44.343281999985798],[-88.147698000365992,44.343342999973331],[-88.14768800032023,44.343401999974546],[-88.147684999947188,44.343432000093991],[-88.147693000343111,44.343489000085803],[-88.147694999992936,44.343519999798886],[-88.147696999642747,44.343551000138035],[-88.147699000190897,44.343583000097865],[-88.147696999642747,44.343611000209016],[-88.147695999817856,44.343673999767752],[-88.147696999642747,44.343706000302895],[-88.147696999642747,44.343766999849187],[-88.147698000365992,44.343798000057717],[-88.147700000015817,44.343829000249855],[-88.147700999840708,44.343859999783149],[-88.147700000015817,44.343887999761954],[-88.147700000015817,44.343918999906492],[-88.147700999840708,44.343948000130482],[-88.147713000434607,44.343976999697666],[-88.147725999955071,44.344005000263088],[-88.147726999779991,44.344035000073909],[-88.147725000130166,44.344061999697821],[-88.147724000305246,44.344094000021173],[-88.147730999977952,44.344121999888216],[-88.147739000373861,44.344151000011777],[-88.147732999627763,44.344209000215862],[-88.147730000153032,44.344240000190652],[-88.147729000328113,44.344307999767032],[-88.147725000130166,44.344324000184997],[-88.147725999955071,44.344559999739097],[-88.147787999879355,44.344727999975191],[-88.147782999856474,44.344773999711165],[-88.147780000381758,44.344803999770882],[-88.147781000206649,44.344831999941292],[-88.147783999681394,44.344861999971336],[-88.14778600022953,44.344890999728825],[-88.147787999879355,44.344918000243325],[-88.147793999727142,44.344975999688543],[-88.147796000275264,44.345006000287327],[-88.14780299994797,44.345036999840659],[-88.147807000145932,44.3450530000596],[-88.147816000366745,44.345094999810527],[-88.147812000168798,44.345153999975793],[-88.147813999818609,44.345181999979033],[-88.147807999970837,44.345209999968844],[-88.147804999597795,44.345237999945326],[-88.14780299994797,44.345267999767593],[-88.147797000100184,44.345295999716321],[-88.147793999727142,44.345324999901543],[-88.147783999681394,44.345352000216153],[-88.147771999985821,44.345378000269427],[-88.147751999894339,44.345404999917193],[-88.147736999825725,44.345432999800529],[-88.147709000236631,44.345487999922419],[-88.14769400016803,44.345515000161946],[-88.147679999924307,44.345541000142923],[-88.147655999634878,44.345596999766272],[-88.147623999847823,44.345651000132477],[-88.147599999558366,44.34570700029316],[-88.147587999862807,44.345736999875413],[-88.147576000167248,44.345796000036955],[-88.147561000098634,44.345858000218868],[-88.147554000425941,44.345884000047718],[-88.147542999656963,44.345939999985816],[-88.147542999656963,44.345995000274442],[-88.147535000159351,44.346057000245935],[-88.147525999938537,44.346119999745689],[-88.147514000242964,44.346228000107196],[-88.147516999717695,44.346357000010549],[-88.147521999740562,44.346369999815728],[-88.147525000113617,44.346380999796907],[-88.147544000380194,44.346418000010395],[-88.147554000425941,44.346435000083304],[-88.147562999748445,44.346449999690073],[-88.147591000235863,44.346516000098383],[-88.147608999779209,44.346550999768922],[-88.147623000022904,44.346575999704321],[-88.147623999847823,44.346587999875105],[-88.147636000441693,44.346697999827192],[-88.14762600039596,44.346777000313608],[-88.147622000198012,44.346806999990676],[-88.147616000350212,44.34684099990595],[-88.147607999954303,44.346877999829083],[-88.14759399971058,44.346993999922859],[-88.147566999946406,44.347042000248912],[-88.147557999725578,44.347074000230364],[-88.147546000030019,44.347132999688554],[-88.147495999801293,44.347211000013544],[-88.147434999701943,44.347316000287094],[-88.147402000089983,44.347378000146151],[-88.147350000211446,44.347475999913982],[-88.147277000416494,44.347593000320266],[-88.147258000149932,44.347681999770131],[-88.147139000324231,44.347838999704493],[-88.146985000338461,44.348036999869116],[-88.146928000437043,44.348192999936522],[-88.146832000177568,44.348420000128868],[-88.146756999834508,44.348544000015515],[-88.146704000131052,44.348635999886199],[-88.146634999635765,44.348697000083924],[-88.146576000084536,44.348819999836799],[-88.146503000289599,44.348972999827147],[-88.146479999825061,44.349022000004133],[-88.146442000190234,44.349044999797805],[-88.146411000228099,44.349065000309267],[-88.146342999557717,44.349145999901943],[-88.146239999625564,44.349232000298677],[-88.146161999807759,44.349337000163807],[-88.146094000035689,44.349436000047881],[-88.146068000096435,44.3494550002466],[-88.146026000263646,44.349484999837834],[-88.14595699976833,44.349534999764799],[-88.145690999629565,44.349824999913153],[-88.14562700005547,44.349984999757382],[-88.14726800019568,44.350000999910442],[-88.147269000020586,44.349864000224585],[-88.147289000112067,44.349644999967822],[-88.147311999678294,44.349513999877743],[-88.147316999701161,44.349481999943642],[-88.147373999602564,44.349266000092072],[-88.147452000318694,44.349054000189362],[-88.147524000288712,44.348897000297526],[-88.149834999900435,44.344726999715192],[-88.150122999780521,44.344209999842306],[-88.150461999714224,44.343602999903275],[-88.150700000263924,44.343228000007095],[-88.15087400034119,44.342983999840108],[-88.150930000417688,44.342912000133879],[-88.151056999740987,44.342745999778337],[-88.15917899970303,44.342756000145876],[-88.161552000137348,44.342760999686575],[-88.161502999733557,44.342638000068625],[-88.16146500009873,44.342489000154458],[-88.161422000441007,44.342320999926436],[-88.161343999724906,44.341954000071119],[-88.161285000173677,44.341584000189862],[-88.16124400016578,44.341213999900916],[-88.161220999701243,44.340843000162998],[-88.161188999914188,44.337901999875371],[-88.161177000218629,44.335717999878383],[-88.16116999964764,44.335667999731491],[-88.161159999601878,44.335601999960673],[-88.161148999731239,44.335561000250607],[-88.161130000362974,44.335521000286427],[-88.161101999875569,44.335468999778165],[-88.161050999821938,44.335404000202452],[-88.160987000247843,44.335344999862905],[-88.160963999783306,44.335329000207118],[-88.162973999994449,44.335376000026926],[-88.166192999627356,44.33544799999234],[-88.166143000296969,44.331801999856545],[-88.171183999820073,44.331758999740053],[-88.173211999574576,44.331758999740053],[-88.181265999764562,44.331760000221308],[-88.181294000251981,44.335344999862905],[-88.181297999551617,44.335708000237936],[-88.186333000125245,44.335692000038655],[-88.186350999668605,44.335689999852789],[-88.186342000346073,44.336685000039083],[-88.189939000270783,44.33666799970888],[-88.191346999884161,44.336679000225466],[-88.19134799970908,44.336771000084539],[-88.191402999960658,44.344486999777068],[-88.191500000045053,44.34525999968799],[-88.191496999671998,44.34622500004631],[-88.191494000197252,44.347253000145514],[-88.192218999920357,44.347130999893032],[-88.193655999846058,44.346816000083528],[-88.194420999752111,44.346534999958855],[-88.195177000335676,44.346196000306328],[-88.19711499967849,44.344249000035191],[-88.198202999624741,44.342930000229323],[-88.19835999998358,44.342965000113608],[-88.198520999642056,44.343001000266405],[-88.202678000331716,44.338203999710501],[-88.202330000177184,44.338064000244131],[-88.2011009997656,44.337562999773347],[-88.200865999588956,44.337467000263977],[-88.201639999715866,44.3363709997585],[-88.20234699989561,44.335450999962198],[-88.202725000187385,44.33499500021091],[-88.203577999956991,44.334607999821579],[-88.204576000389864,44.334471999934998],[-88.205195999632679,44.334132999922019],[-88.206911000291043,44.331613999817151],[-88.208306000383956,44.330141000015779],[-88.208576999647292,44.329618000147377],[-88.208652999815271,44.329394000044061],[-88.208897000212744,44.328678000046594],[-88.209009000365739,44.328498000072472],[-88.209031000107046,44.328462000011349],[-88.209207999659057,44.328180000053436],[-88.209448999683488,44.327883000169997],[-88.209729999890882,44.327748000017948],[-88.210215000312786,44.327684000146739],[-88.2103990004358,44.327659999775364],[-88.210941999685687,44.327505000246525],[-88.212173999571988,44.326258000025916],[-88.21207099963982,44.326258000025916],[-88.211397999795281,44.326258999958405],[-88.21096799962497,44.326258999958405],[-88.210944000233823,44.325200000234403],[-88.21093300036317,44.32472599992807],[-88.210907000423916,44.323597999806431],[-88.210888999982245,44.322808999792692],[-88.210878999936497,44.322373000052671],[-88.210859999669921,44.321581000237067],[-88.215892999695413,44.321800999937267],[-88.216265999964321,44.321817000070212],[-88.216681999890923,44.321832000190909],[-88.217144999673195,44.321457999893234],[-88.217225000039136,44.321299999992746]],[[-88.192941000168716,44.331729000073459],[-88.191317999571837,44.332475999863817],[-88.191311999724064,44.331729999912632],[-88.192941000168716,44.331729000073459]]],[[[-88.191421000402315,44.347414000158579],[-88.191419999679113,44.347012000049752],[-88.19140700015862,44.346679000019556],[-88.19140700015862,44.346626000185594],[-88.19133099999064,44.34662699977077],[-88.191254999822647,44.346624999957932],[-88.190418999771481,44.34662699977077],[-88.189600000337052,44.34662900022596],[-88.189600000337052,44.346584999832636],[-88.18959899961385,44.346171999801804],[-88.187852999891632,44.346176000100748],[-88.186405000095263,44.346179999756949],[-88.183901999964618,44.346187000118285],[-88.18390600016258,44.347994000094616],[-88.186409000293224,44.347985999744644],[-88.186411999767969,44.349274000267336],[-88.186411999767969,44.349326000095004],[-88.186411999767969,44.349381999956691],[-88.186411999767969,44.34947099990201],[-88.186624000378387,44.349519000126811],[-88.18683799974032,44.349560999889825],[-88.187053999650388,44.349596999846213],[-88.187272000108592,44.349627000007111],[-88.187491000391688,44.349650000205713],[-88.187712000324638,44.349666999983661],[-88.187934000082493,44.349676999812928],[-88.188155999840333,44.349680999872625],[-88.188376999773283,44.349679000163981],[-88.188599000429448,44.349669999868397],[-88.188820000362384,44.3496540002673],[-88.189039999572088,44.349632000246579],[-88.189258000030293,44.34960399979947],[-88.189474999765281,44.349570000202142],[-88.189689000025524,44.349528999981381],[-88.189900999737631,44.349481999943642],[-88.190110999799927,44.349429000074558],[-88.191396000287966,44.349081000071138],[-88.191408999808445,44.349078000156261],[-88.191418999854193,44.348197000097493],[-88.191421000402315,44.347414000158579]]]]},"properties":{"BASENAME":"Wrightstown"}},{"type":"Feature","geometry":{"type":"Polygon","coordinates":[[[-88.055831999837906,44.464872000015376],[-88.055603000407345,44.464791000237653],[-88.053460000126819,44.464012000167351],[-88.053403000225416,44.463991000306329],[-88.053229999973041,44.463921000287627],[-88.050905999942529,44.463123000296356],[-88.050983999760348,44.463046000023837],[-88.051181000302151,44.462853999942737],[-88.051305000150705,44.462733999811853],[-88.051327999716932,44.462710999796023],[-88.051466999634115,44.462574999851533],[-88.051748999666401,44.462299999768966],[-88.051864000192438,44.462187999916708],[-88.05152799973348,44.462068999878291],[-88.051623999992941,44.461949000057267],[-88.04986900004991,44.461355999874584],[-88.04024099966685,44.457937999777691],[-88.040299000291483,44.457853999884342],[-88.040483000414497,44.457589000001327],[-88.041152999886023,44.456623000020301],[-88.041981000439577,44.455428999801079],[-88.042852999577448,44.454184000203846],[-88.041510000261368,44.45371600004249],[-88.040203999856928,44.45325699974336],[-88.038880999734019,44.452790999882993],[-88.038072000345352,44.452506000305981],[-88.03779699998573,44.452410000007063],[-88.037566000007047,44.452329000253314],[-88.034560999736058,44.451277000008027],[-88.031510000332645,44.450207999967219],[-88.030477999564582,44.449846000244534],[-88.029952999858025,44.449663000041063],[-88.024133000185159,44.447639999948152],[-88.02039700034328,44.446314000001436],[-88.016944000358649,44.445109999799044],[-88.016867000365764,44.445082999939338],[-88.016805000441465,44.44506199968351],[-88.016773999581019,44.445051000279463],[-88.016580000310583,44.445143999723385],[-88.016511999640201,44.445189000290746],[-88.016243999851596,44.445478000229301],[-88.01608099964497,44.44568699985102],[-88.015921999636305,44.445895000192778],[-88.01570699955117,44.446143999738872],[-88.015637000129274,44.446270000109195],[-88.015596000121405,44.446327999872786],[-88.015525999801199,44.446360999922646],[-88.015473000097742,44.446436000141503],[-88.015343000401401,44.446514000318309],[-88.015166999776,44.446603999948863],[-88.014664999635656,44.446719000236982],[-88.014322000402316,44.44670700006138],[-88.014141999578939,44.446681999901337],[-88.01387499961524,44.446610999850186],[-88.013596999780887,44.446548999870437],[-88.013380000045927,44.446499999850261],[-88.013089999617691,44.446455000292836],[-88.012735999615373,44.446450999788937],[-88.012538000146961,44.446503999709492],[-88.012461000154076,44.446535999856017],[-88.012450000283408,44.446547000263088],[-88.012389000184044,44.446607999800975],[-88.01231700021404,44.446687000190707],[-88.012231000000298,44.446752000065956],[-88.012157000380455,44.446832999858607],[-88.012200000038163,44.446893999739146],[-88.012229000350487,44.446933999973183],[-88.012293999749474,44.447022999802385],[-88.012357000396989,44.447030000294809],[-88.012456000131195,44.447049000252939],[-88.012499999613809,44.44709799981262],[-88.012583000352805,44.447144999744289],[-88.01260199972107,44.44716400030628],[-88.012667999843302,44.447230999876098],[-88.01270999967609,44.447277999700752],[-88.012753000232124,44.447328000141283],[-88.012816999806219,44.447407000198517],[-88.01291300006568,44.447531000194765],[-88.012990999883499,44.44764599994047],[-88.013091000340921,44.447746999931866],[-88.013201999770686,44.447829999832194],[-88.013246999976531,44.447872000269946],[-88.013340999687841,44.447960000173047],[-88.013419000403971,44.448015999984051],[-88.013503999894482,44.448050999918827],[-88.01365700005536,44.448073999937868],[-88.013704999735921,44.448077999689311],[-88.013753000314821,44.448082000081747],[-88.013908999950445,44.448099000143451],[-88.014033999623891,44.448111999810024],[-88.014108000142059,44.448125000115006],[-88.014190000157825,44.448130000280884],[-88.014257999929882,44.448125000115006],[-88.014389000349468,44.448139999970017],[-88.014509999824952,44.448150000298753],[-88.014627000000829,44.448165000147362],[-88.014744000176705,44.448165000147362],[-88.014847000108858,44.448177999799242],[-88.014893999964514,44.448185000153238],[-88.015078000087556,44.448193000281954],[-88.015093000156142,44.448194000057498],[-88.015259999662419,44.448205999927602],[-88.015324000134839,44.448211000086559],[-88.015401999952644,44.448208999894746],[-88.015433999739699,44.448225999919494],[-88.015464999701834,44.448228999885607],[-88.015571999831948,44.448237000008255],[-88.015694999855597,44.448257999763918],[-88.015724000167921,44.448260999728433],[-88.015751999757001,44.448263999692756],[-88.015791000115073,44.448268000072495],[-88.015802999810631,44.448274000000254],[-88.015865999559821,44.44828299989075],[-88.015961999819282,44.448324000229512],[-88.016108000307483,44.448344000180953],[-88.016278000186801,44.448395000122339],[-88.01647400000536,44.448456000295572],[-88.016496999571572,44.448465999928899],[-88.016675999671733,44.448538000060061],[-88.016828999832597,44.448621000119005],[-88.016956999879127,44.44869999971008],[-88.017038999894893,44.448767999848876],[-88.017084999925643,44.448805000145811],[-88.017173999614116,44.448893999689375],[-88.017277000444594,44.449043999939072],[-88.017334000345983,44.449145000078261],[-88.017393999722131,44.449285000191949],[-88.017439999752881,44.449383999762865],[-88.017479000110939,44.449505999903671],[-88.017494000179553,44.44959899995024],[-88.01750099985226,44.449721000283247],[-88.017490999806498,44.449821000145405],[-88.01746999989011,44.449925000102567],[-88.017440999577786,44.45002199974158],[-88.017406000316015,44.450093000135503],[-88.017387999874359,44.450125000239645],[-88.017337999645619,44.450252999839698],[-88.017299000185886,44.450351999693709],[-88.017253000155137,44.45044399993877],[-88.017202999926425,44.450570000011311],[-88.017171000139356,44.450687000293357],[-88.017146000025022,44.450814000213633],[-88.017139000352302,44.450949000250212],[-88.017177999812077,44.451046000112349],[-88.017238999911427,44.451142999813399],[-88.017305999858579,44.451239000271222],[-88.017377000003691,44.45132099997619],[-88.017448000148804,44.45139200007349],[-88.017535000187436,44.451463999804034],[-88.01756299977653,44.451474999924294],[-88.01759200008884,44.451486999761649],[-88.017652000363299,44.451538000164966],[-88.017747999724463,44.451593999751822],[-88.017777000036773,44.451604999847596],[-88.017875999770979,44.451642000271036],[-88.017986000274163,44.451701000187228],[-88.018102999551701,44.451748999977227],[-88.018203999834043,44.451784999954171],[-88.018327999682612,44.451813999990762],[-88.018345000299348,44.451818000127304],[-88.0184619995769,44.451829999894194],[-88.018622000308767,44.451843000012893],[-88.01876100022595,44.451851000281799],[-88.018921000059535,44.451860999975146],[-88.019059000151785,44.451867999887732],[-88.019208000114702,44.451890999686199],[-88.019332999788176,44.451914000116872],[-88.019435999720329,44.451940000313989],[-88.019573999812607,44.451980000298704],[-88.019691999813361,44.452034000042183],[-88.019769999631166,44.452073999962515],[-88.019836999578317,44.452115000205083],[-88.019918999594083,44.4521740002847],[-88.019979999693462,44.452242000226427],[-88.020036999594879,44.452332000008695],[-88.020044000165882,44.45235500026569],[-88.020080000150898,44.452457000153075],[-88.020076999777842,44.45260799992969],[-88.020069000280245,44.452644999717691],[-88.020048000363829,44.452722000241273],[-88.019998000135132,44.452803000091201],[-88.01994200005862,44.452874000310544],[-88.01991299974631,44.452906000173485],[-88.0197510002629,44.453040999863106],[-88.019713999554682,44.45306799989185],[-88.019582000208516,44.453161000037696],[-88.019542999850444,44.453185999989643],[-88.019446999590983,44.453247000289032],[-88.01934399965883,44.453322999689966],[-88.019229999856009,44.453412000043826],[-88.019095000136787,44.453509000303939],[-88.018950000371831,44.453623000139224],[-88.018803999883659,44.453760999777053],[-88.018661999593434,44.453880000076488],[-88.018551000163654,44.453975999882658],[-88.018418999919191,44.454092999753719],[-88.01830599994129,44.454184999876787],[-88.018279000177117,44.454208999717814],[-88.018206000382179,44.454276000183548],[-88.018160000351415,44.454319999815944],[-88.018070999764646,44.45442400009771],[-88.018007000190551,44.454515000032046],[-88.017940000243385,44.454593999986898],[-88.017879000144035,44.45467800008133],[-88.017823000067523,44.454771999891143],[-88.017772999838812,44.454879000274943],[-88.01771900031045,44.454977999982027],[-88.017701999693699,44.455064000122455],[-88.017676999579351,44.455167999720445],[-88.017676999579351,44.455260000073629],[-88.017665999708683,44.455339000303034],[-88.017664000058872,44.455354999881955],[-88.01762700024895,44.455457999951747],[-88.017616000378297,44.455485999796132],[-88.017587999890878,44.455639000014031],[-88.017552999730782,44.455755999759255],[-88.017530999989475,44.455860000048503],[-88.017508000423263,44.455930999757264],[-88.017488000331781,44.455987000261459],[-88.017474000088086,44.456025000114956],[-88.017428000057322,44.456109000074626],[-88.017402999942959,44.456203000145777],[-88.01737500035388,44.456281999740661],[-88.01732699977498,44.456383999822464],[-88.017279999919324,44.456487000000834],[-88.017248999957175,44.456537999884965],[-88.017216000345215,44.456586999819706],[-88.017197999903544,44.456612999859956],[-88.017149000398078,44.45674099998805],[-88.017094000146471,44.456842999909291],[-88.017018999803398,44.456966999749561],[-88.016937999612551,44.457072999693835],[-88.016831000380748,44.457172000169692],[-88.01674500016702,44.457253999879796],[-88.016623999793211,44.457359999944281],[-88.016498000294817,44.457453000308135],[-88.016366999875245,44.457572000137112],[-88.016217999912314,44.457675999756773],[-88.01608300019312,44.457776000104175],[-88.015811000206554,44.457953999926893],[-88.015669999741235,44.458043999882868],[-88.015523000326453,44.458138000044968],[-88.015350000074093,44.458238999845925],[-88.015211999981858,44.458309999868007],[-88.0150899997831,44.458372999788224],[-88.014958000436934,44.458439999964675],[-88.014836000238205,44.458507000064245],[-88.014730999757901,44.45857200025003],[-88.014623999627787,44.458634000290765],[-88.014533000289504,44.458698999694022],[-88.014409000440935,44.458802999871075],[-88.014314999831299,44.458894000034313],[-88.0142860004173,44.458922000154644],[-88.014266000325819,44.458950999852938],[-88.014242999861281,44.458972000244565],[-88.014214000447268,44.459025999934489],[-88.014181999761902,44.459072999885166],[-88.0141459997769,44.45918900021551],[-88.014118000187793,44.459302000276956],[-88.014118000187793,44.459435999703274],[-88.014134999906247,44.459544000098475],[-88.01415800037077,44.459646999832081],[-88.014191999807665,44.459740999978244],[-88.014300999587604,44.459883000130311],[-88.014386999801317,44.459993999701595],[-88.014482000235873,44.460099999921248],[-88.01463000037387,44.460177999802738],[-88.014811000123842,44.46023700007126],[-88.014991000048894,44.460323000160351],[-88.015179000369869,44.460413000311696],[-88.015345999876146,44.460487999797614],[-88.015489999816182,44.46053000010874],[-88.015658999870595,44.460587999817122],[-88.015821000252288,44.46065000028176],[-88.015991000131606,44.460728000069601],[-88.016103000284602,44.460809999915071],[-88.016222999935195,44.460921999846263],[-88.016288000232535,44.461035999956344],[-88.016269999790865,44.461129000235587],[-88.016258999920211,44.461139999817597],[-88.016201000193888,44.461201000143227],[-88.016109999957294,44.461245999880127],[-88.016095999713585,44.461252999950048],[-88.015970000215205,44.461310000030316],[-88.015925999834266,44.461331999765257],[-88.015736999688386,44.461377000042305],[-88.01565700022077,44.46139700001185],[-88.015607999816964,44.46141100011468],[-88.015393999556721,44.46145399995153],[-88.015354000272055,44.461459999806969],[-88.015134000164039,44.461512000024271],[-88.014863000002379,44.461588999755449],[-88.014602999711386,44.46166499984016],[-88.014406000067893,44.461733000270783],[-88.014166999693302,44.46178999988242],[-88.013909999775336,44.461851999711755],[-88.013672000123975,44.461905999943845],[-88.013494999673654,44.46193399990198],[-88.013333000190258,44.461960000125927],[-88.013194000273089,44.46197100019252],[-88.013017999647658,44.461978000175513],[-88.012826999851953,44.461978000175513],[-88.012616999789685,44.461957999763854],[-88.012460000329156,44.46193399990198],[-88.012219000304725,44.461897999770137],[-88.012021999762922,44.46185500026025],[-88.011783000286641,44.461795999703327],[-88.011528999843421,44.461743000195405],[-88.011313999758272,44.461701000115724],[-88.011081000129778,44.461657999819643],[-88.010923999770924,44.461625000077881],[-88.010780999655807,44.461582999913261],[-88.010729999602162,44.461561999819651],[-88.01069100014243,44.461560000085079],[-88.010650999959466,44.4615680003051],[-88.010538999806457,44.461551999863964],[-88.010423000353825,44.461537000247887],[-88.010342999987884,44.46152700028793],[-88.010265000170079,44.461499999682289],[-88.010157000215045,44.461486999789948],[-88.010065000153546,44.46148099993728],[-88.010024999970568,44.461485000052861],[-88.009984999787591,44.461489000168115],[-88.00991700001552,44.461509000099298],[-88.009902999771839,44.461517999873749],[-88.009856999741075,44.461550000129108],[-88.009825999778926,44.461572999961227],[-88.009799000014766,44.461596999971491],[-88.009732000067615,44.461640999857849],[-88.00968799968669,44.461680000064511],[-88.009686999861771,44.461705999760419],[-88.009686000036851,44.46173200008586],[-88.009656999724527,44.461844999713655],[-88.009614000066819,44.461900000134236],[-88.00946199973086,44.462103999726189],[-88.009440999814458,44.462128999696311],[-88.009420999722977,44.462153000119159],[-88.009335000407575,44.462249999964527],[-88.009265000087368,44.462333999944967],[-88.00920900001087,44.46245700013332],[-88.009194999767175,44.462481999952274],[-88.009131000193065,44.462610000037223],[-88.00869099997702,44.463393000208001],[-88.008612000334296,44.463638000198884],[-88.008478000439993,44.463870999948092],[-88.008448000302778,44.46393700007949],[-88.008394999701011,44.464043999696827],[-88.008317999708126,44.464214999930455],[-88.008268000377711,44.464259999908684],[-88.008259999981789,44.464272999824701],[-88.008169999570114,44.464423999820681],[-88.008086999729443,44.464556000040673],[-88.008009999736544,44.464729999816356],[-88.008001000414026,44.464746000027617],[-88.007951000185301,44.464833000017713],[-88.007889000261031,44.464978999842273],[-88.00785499992584,44.465133000315468],[-88.007837000382494,44.465279000030854],[-88.007814999742862,44.465405000150362],[-88.007813000093051,44.465425000022243],[-88.007797000199517,44.46558500003249],[-88.007820999590635,44.465758999946566],[-88.007839999857225,44.465897999866371],[-88.007853000276015,44.466004999735979],[-88.00785499992584,44.466021999709177],[-88.007865999796493,44.466112000050572],[-88.007851999552798,44.466212000053439],[-88.0078380002074,44.466333000193245],[-88.00780899989509,44.466423000055087],[-88.007777000108035,44.46651499998417],[-88.00776399968926,44.466599999699213],[-88.007755000366728,44.466627999970385],[-88.007724000404593,44.466728999829677],[-88.007701999764961,44.466781999939819],[-88.007695999917189,44.466798999686773],[-88.007669999977907,44.466835000001844],[-88.007671999627732,44.466884999725927],[-88.007638000190866,44.466928000018555],[-88.007608999878528,44.466978000304074],[-88.007567999870659,44.467024000169928],[-88.007546999954272,44.467066000266627],[-88.00751000014435,44.467109999877628],[-88.007409999686914,44.467207999911892],[-88.007346000112818,44.467320999838705],[-88.007310999952708,44.467393999890746],[-88.007296999709013,44.467427000218024],[-88.00728400018852,44.467460999972289],[-88.007275999792611,44.467475999989595],[-88.007239999807595,44.467547000318334],[-88.007300000082068,44.467616999835542],[-88.007411000410144,44.467731999775921],[-88.007433000151437,44.467744000118991],[-88.007470999786278,44.467762999748984],[-88.007505999946389,44.467784000176309],[-88.007548999604083,44.467809000278351],[-88.007593999809941,44.46783399972859],[-88.007613999901409,44.467844999970552],[-88.007639000015772,44.467858999809209],[-88.007729000427446,44.467910000017383],[-88.007813999917957,44.467938999738813],[-88.007839999857225,44.467951000039328],[-88.007958999682913,44.467987999721664],[-88.008127999737312,44.4680139998136],[-88.008317999708126,44.468025000021633],[-88.008511999876873,44.468021999790253],[-88.008711000068502,44.468005999835889],[-88.008804999779812,44.467995000265354],[-88.008932999826342,44.467982999973884],[-88.009065000070834,44.467969000164963],[-88.009094000383158,44.46796700000877],[-88.009229999927271,44.467964999852569],[-88.009429999943819,44.467988999799402],[-88.009553999792359,44.468009000068037],[-88.009638000356262,44.468020999713119],[-88.009715000349175,44.468031999919795],[-88.00977999974819,44.468045000277975],[-88.009794999816805,44.468047999867082],[-88.009957000198497,44.468085000129015],[-88.01014299997135,44.468131999838825],[-88.010318999698441,44.468183999882861],[-88.010479000430323,44.468233999733542],[-88.010618000347492,44.468280999964449],[-88.01077099961006,44.468335000019344],[-88.010938999839539,44.468400000161651],[-88.011128999810339,44.468483000198638],[-88.011153999924701,44.468494999746234],[-88.011316000306408,44.468568999679945],[-88.011467999744056,44.468647999852166],[-88.011613000407323,44.46872200023293],[-88.011740999555528,44.468786999944264],[-88.011880000371022,44.468865999821432],[-88.012046000052379,44.468968999776536],[-88.012162000403308,44.469052999704992],[-88.012299999597289,44.469159000144273],[-88.012404000252658,44.469239000215289],[-88.012470000374904,44.469294000080339],[-88.01255200039067,44.469372999912309],[-88.012677999889036,44.469494999962144],[-88.012872000057797,44.469722999812994],[-88.012954000073563,44.469832999861147],[-88.013026000043595,44.469943999746235],[-88.013092000165827,44.470049999849493],[-88.013150999717055,44.470153000279467],[-88.013210000166609,44.470310000037436],[-88.013251999999412,44.470467000014189],[-88.013257000022264,44.470488000109697],[-88.01327700011376,44.470626000274713],[-88.013274999565624,44.470659000056784],[-88.013270000441054,44.470748000269595],[-88.013243999603489,44.470888999904012],[-88.013238999580608,44.470913999958249],[-88.013195000097994,44.471035999992168],[-88.013154000090125,44.4711420000353],[-88.013130999625588,44.4711760001898],[-88.013075000447387,44.471258000103802],[-88.013006999777019,44.471349000084544],[-88.012993000431621,44.471366999803323],[-88.012979000187926,44.471383000118458],[-88.012917000263656,44.471453000163564],[-88.012814000331488,44.471542999823484],[-88.012708999851199,44.471630999955046],[-88.012570999758921,44.471726000050154],[-88.012456000131195,44.471813999905777],[-88.012354000023947,44.471896000205469],[-88.012280000404104,44.471958000199194],[-88.01218900016751,44.472027000187211],[-88.012121000395439,44.472086000019281],[-88.012036000006617,44.472169999948981],[-88.01195399999088,44.472253999757775],[-88.011906000310276,44.47230099995673],[-88.01188799986862,44.472319000022878],[-88.011868999602058,44.472338000086708],[-88.011789999959333,44.472413000278237],[-88.011758000172279,44.472442999686812],[-88.011655000240125,44.472547999739049],[-88.01154399991205,44.472667000210855],[-88.011472999766937,44.472734000008835],[-88.011464000444406,44.472740999983287],[-88.01139900014708,44.472812000317752],[-88.0113229999791,44.472891999868878],[-88.011270000275658,44.472963000019632],[-88.011201999605277,44.473028000136068],[-88.01113499965814,44.473091000199595],[-88.011061000038268,44.473152000216608],[-88.010994000091117,44.473217000122581],[-88.010923999770924,44.473286999891052],[-88.010850999976,44.473347999703201],[-88.010775999632926,44.473419999924857],[-88.010665000203161,44.473503999857577],[-88.010646999761491,44.473518000261912],[-88.010536000331726,44.473602000053567],[-88.010409000110116,44.473672999981517],[-88.010271999842772,44.4737570001911],[-88.010128999727627,44.473832999818583],[-88.009949999627494,44.473908000011868],[-88.009747999961121,44.473982000133766],[-88.009717999823891,44.473992999857998],[-88.009604000021085,44.474035000068064],[-88.009579999731642,44.474043999834421],[-88.00946299955578,44.47408000016803],[-88.009436999616511,44.474087999954278],[-88.009284000353944,44.474128000150962],[-88.00911699994937,44.474166999707386],[-88.008971000359494,44.474199000080034],[-88.008953999742744,44.474202999965115],[-88.008588000044853,44.474241000141838],[-88.008537999816141,44.474247999935528],[-88.008379999632396,44.474253999758055],[-88.008321999906087,44.474260000220937],[-88.008268000377711,44.474267000012354],[-88.008244000088283,44.474271999862864],[-88.008117999691578,44.474303000208394],[-88.007948999637165,44.474352999945268],[-88.007813999917957,44.47438700015207],[-88.007782000130902,44.474399999735773],[-88.007762000039421,44.474408000119119],[-88.007669000153001,44.474445000195296],[-88.007542999756311,44.474466000141426],[-88.007377000074953,44.474500000282447],[-88.007346000112818,44.474507000045072],[-88.007188999753993,44.474552999746344],[-88.007022000247716,44.474610000301269],[-88.006827000254049,44.474655999921353],[-88.006693000359746,44.474698000295255],[-88.006510999886558,44.474773000017869],[-88.006368999596319,44.474833000239329],[-88.006238999899978,44.474886000041806],[-88.006226000379513,44.474890999839232],[-88.006093000310116,44.474955999731264],[-88.005962999715464,44.475018000320169],[-88.005951000019905,44.475023000106326],[-88.005936999776182,44.475029999806225],[-88.00575799967605,44.475114999941091],[-88.005654999743896,44.475172999901723],[-88.005530000070408,44.475240000027625],[-88.005417999917427,44.475295000006504],[-88.005270999604335,44.475342000320346],[-88.005217000075973,44.475359000138155],[-88.005140000083074,44.475377999853201],[-88.0050210002574,44.475386000102525],[-88.004903000256618,44.4754100002028],[-88.00449700037575,44.475493999835031],[-88.0043530004357,44.475524000223793],[-88.004349000237738,44.475627999913812],[-88.004344000214871,44.475732000059423],[-88.00434199966675,44.475791999935865],[-88.004334999994043,44.475943000259917],[-88.004302000382083,44.476054000062206],[-88.004231000236985,44.476236000308951],[-88.004208999597353,44.476300000049505],[-88.004117000434164,44.47653399982547],[-88.004093999969626,44.476592000298652],[-88.004035000418398,44.476793000044715],[-88.003878000059558,44.477138999991737],[-88.003811000112407,44.477244999846519],[-88.003663999799315,44.477439999771853],[-88.003467000155823,44.477796000107695],[-88.003416999927097,44.477875999877085],[-88.00303199996263,44.478484999821887],[-88.002915999611673,44.478716000127356],[-88.002869999580923,44.478823000214241],[-88.002810000204789,44.478961999788474],[-88.002783000440616,44.479025999743939],[-88.002733000211904,44.479171000074345],[-88.002719999793115,44.479206999808795],[-88.002713999945328,44.479229999734336],[-88.002704999724486,44.47940099970468],[-88.002725999640887,44.479668000320359],[-88.002733000211904,44.479743999940943],[-88.002780000067546,44.479793000267883],[-88.002781999717385,44.479805000053901],[-88.002804000357017,44.479954999734815],[-88.002841000166924,44.480112999913203],[-88.002886000372783,44.480272000171844],[-88.002909999763901,44.480386000308307],[-88.003006999848282,44.480728999881492],[-88.003105999582488,44.480903000155365],[-88.003153000336454,44.481005000163066],[-88.003207999689721,44.481106000139484],[-88.003252999895579,44.481186999708683],[-88.003348000330121,44.481299000280799],[-88.003361999675533,44.481313999946252],[-88.003406000056458,44.48138100007121],[-88.003508000163691,44.481458999718029],[-88.003529999905012,44.481478000010583],[-88.003671000370318,44.481557000013858],[-88.003714000028026,44.481573999943805],[-88.003801000066645,44.4816130002921],[-88.003928000288269,44.48166700018907],[-88.004063999832397,44.481725000046467],[-88.004170000137606,44.481761999969578],[-88.0043109997046,44.481806000038105],[-88.004434999553155,44.48186399975733],[-88.004603999607568,44.481918000062905],[-88.004690999646186,44.481942999878811],[-88.004771999837047,44.48196299985208],[-88.004897000408832,44.482000000265131],[-88.005242000190336,44.48208599969692],[-88.00542799996316,44.482138000126497],[-88.005585000322,44.482201999802783],[-88.005716999668152,44.482257000269605],[-88.005874000027006,44.482311000211432],[-88.006049999754097,44.482377000001229],[-88.006101999632648,44.48239800029738],[-88.006197999892109,44.482429000171429],[-88.006242000273033,44.482442999716319],[-88.00629400015157,44.482460999858709],[-88.006606000321113,44.482572000080062],[-88.006638999933074,44.482582000280175],[-88.006712999552903,44.48260999993412],[-88.007052000384945,44.482730000221416],[-88.007109000286349,44.482752000215321],[-88.00739799999134,44.482897000258603],[-88.007490000052854,44.482945000038825],[-88.007583999764179,44.483016000135386],[-88.007669000153001,44.483083000228511],[-88.007761000214501,44.483168000168952],[-88.007819999765744,44.483252999985503],[-88.007869999994455,44.483352000286843],[-88.007904000329646,44.483457999749938],[-88.007927999720764,44.483582000098799],[-88.00790199978151,44.483716999998052],[-88.007876999667161,44.483839000184211],[-88.007828999986572,44.483951999955657],[-88.007774999559885,44.484063999706009],[-88.007731000077285,44.484161000311708],[-88.007659000107267,44.484273000301705],[-88.007582000114354,44.484403000260805],[-88.007501999748428,44.48452300006447],[-88.007435999626196,44.484607999829464],[-88.007302999556785,44.484807999730492],[-88.007203999822579,44.484912999964827],[-88.007126000004789,44.485017000224239],[-88.007048000186984,44.485104000120117],[-88.007028000095488,44.485125999859619],[-88.007014999676713,44.485137999830499],[-88.006927999638066,44.485214000016363],[-88.006900999873892,44.485237999919555],[-88.006834999751646,44.485284999914981],[-88.006751000086055,44.485346000002544],[-88.006614999643617,44.485427999872748],[-88.006561000115255,44.485459000059357],[-88.006480999749314,44.48550500009916],[-88.006190000394497,44.485609999719827],[-88.006063000172887,44.48564899993363],[-88.005920000057756,44.485696000238811],[-88.005811000277816,44.485728999830464],[-88.005699999949726,44.485750000201776],[-88.005593999644518,44.485773999884451],[-88.005509999978926,44.48578700013568],[-88.005401000198987,44.485795000239555],[-88.005340000099622,44.485796999784682],[-88.005272000327551,44.485781000217266],[-88.005253999885895,44.485761000271161],[-88.005195000334666,44.485733999980575],[-88.005124000189554,44.485702999940095],[-88.005129000212435,44.485731999792392],[-88.005149000303902,44.485765999777684],[-88.005154000326783,44.485801999928967],[-88.005138000433249,44.485826000231143],[-88.005104000098058,44.485846000154964],[-88.005048999846494,44.485866999843253],[-88.004979000424598,44.485893000301417],[-88.004938000416715,44.485899999979068],[-88.004741999699831,44.485947000082014],[-88.00460600015569,44.485977999992826],[-88.004480999583905,44.486006999708401],[-88.004319999925428,44.486046000297662],[-88.004181999833165,44.486080999867603],[-88.004043999740915,44.486113999882356],[-88.00391400004456,44.486151000226265],[-88.003772999579255,44.486179999855842],[-88.00355300036955,44.486228000139221],[-88.003360999850599,44.486280000081244],[-88.003038999635336,44.486337000075295],[-88.0028600004335,44.486331000213461],[-88.00281299967952,44.486329999809193],[-88.00274999993033,44.486345000103746],[-88.002657000043911,44.486351999727212],[-88.002604000340455,44.486342999936511],[-88.002556999586474,44.4863189998471],[-88.002502000233207,44.486283000014843],[-88.002508999905899,44.486323999946642],[-88.002534000020262,44.486364999849627],[-88.002548000263971,44.486394999775982],[-88.002554000111758,44.486445999807692],[-88.002508999905899,44.486498000196228],[-88.002446000156709,44.48653699981633],[-88.002384000232439,44.486579999728775],[-88.002373000361786,44.486587999723895],[-88.00229100034602,44.486634999913335],[-88.002230000246641,44.486671000169203],[-88.002219000376002,44.486693999715811],[-88.002232999721386,44.486756000008704],[-88.002241999942214,44.486792999945393],[-88.002211999804985,44.48684099972435],[-88.002202999584156,44.486855000133112],[-88.002094999629136,44.486873000195949],[-88.002011999788436,44.486889999858533],[-88.001919999726937,44.48687199980094],[-88.001827999665423,44.486857000282782],[-88.00173700032714,44.486857000282782],[-88.001685000448617,44.486876000099052],[-88.001616999778236,44.486884999807501],[-88.001509999648107,44.486944999750797],[-88.00140800043917,44.487006000025161],[-88.001261000126078,44.487062999950673],[-88.001143000125296,44.487119999820472],[-88.001025000124542,44.487157000167151],[-88.000831999780701,44.487211000059396],[-88.000724999650572,44.487238000307194],[-88.000554999771254,44.487289000242697],[-88.00041800040222,44.48732700022849],[-88.000264000416422,44.487363000057321],[-88.00019300027131,44.487373999822545],[-88.000116000278425,44.487393000111275],[-88.000052999630924,44.487423000149811],[-87.999994000079695,44.487445000296461],[-87.999902999843073,44.487468000178723],[-87.999860000185393,44.487483000180632],[-87.999783000192508,44.487471000051215],[-87.99970799984942,44.48750899991844],[-87.999654000321058,44.48755300013854],[-87.999594999871519,44.487568999860798],[-87.999506000183061,44.487588000086021],[-87.999430999839973,44.487608000046592],[-87.999342999976434,44.487642000220127],[-87.999271000006431,44.487662999902724],[-87.999178000119997,44.487690999681391],[-87.99912100021858,44.487702000025628],[-87.999077999662575,44.487704999886134],[-87.99904599987552,44.487729999785607],[-87.999024000134199,44.48774399998095],[-87.998978000103463,44.487758000172974],[-87.998872999623146,44.487763000149165],[-87.998846999683892,44.487776999695754],[-87.998782000284876,44.487815000004503],[-87.998706999941788,44.487837999740869],[-87.998658000436322,44.487846999941723],[-87.998609000032516,44.487881999712791],[-87.998566000374808,44.487892000284347],[-87.998358999787257,44.487994000248918],[-87.998162000143765,44.488079999816549],[-87.997777000179298,44.488249000020772],[-87.997581000360711,44.488334000124219],[-87.997310000199064,44.488452999804601],[-87.997285999909622,44.488496000227158],[-87.997224999810257,44.488536000159591],[-87.997182000152534,44.488590999781557],[-87.997157000038186,44.488627000111954],[-87.997097999588632,44.488668000318725],[-87.997038000212498,44.488729999795147],[-87.996880999853673,44.488864000236958],[-87.996865999785058,44.488878000160163],[-87.996808000058721,44.488928999943461],[-87.996885000051634,44.488962000269524],[-87.997063000326861,44.489039000316907],[-87.997203000068936,44.489092000032471],[-87.997225999635162,44.48909999968307],[-87.997562000094149,44.48922000007795],[-87.997678000445106,44.489260999867895],[-87.998990999623928,44.489727999911906],[-87.999756000428306,44.490001000172228],[-88.002580999875931,44.491000000012711],[-88.004181999833165,44.491566000049225],[-88.005405000396948,44.491999000043819],[-88.008047000444776,44.492932999966307],[-88.009048000352408,44.49328700003322],[-88.009813000258461,44.493557000095123],[-88.010872999717307,44.493932000207685],[-88.013737000421301,44.49494499974471],[-88.015146999684518,44.495444000025991],[-88.01797200003044,44.496443000183895],[-88.018059000069087,44.496471000232965],[-88.019373999796045,44.496938000213198],[-88.020797000376376,44.49744199988676],[-88.021464000373143,44.497677999863683],[-88.021726000313976,44.497769999856565],[-88.022620000091464,44.498083000068704],[-88.022953000177395,44.498201999720784],[-88.023265000346925,44.498311999904679],[-88.023752000418639,44.498483999881188],[-88.024125999614142,44.49861599995117],[-88.024755999801002,44.496471999822525],[-88.025122000397204,44.495229999751572],[-88.02512900006991,44.495211000093491],[-88.025741999640005,44.494552999750908],[-88.025770999952314,44.494525999685422],[-88.027781999988406,44.492385000023624],[-88.027027999952978,44.492125000148725],[-88.026328000344236,44.491881000217418],[-88.029269000142804,44.489952999789473],[-88.029403000037107,44.489864999732774],[-88.029566000243733,44.489764000181324],[-88.029584999611998,44.489747000074694],[-88.029933999591449,44.489517000217845],[-88.030526999968373,44.489126999697291],[-88.031527000051099,44.488028999931778],[-88.031549999617312,44.488002999784833],[-88.032047999559666,44.487455000302084],[-88.032148999842008,44.487360999924995],[-88.032569999791491,44.486884000053571],[-88.03355700035371,44.485798000198088],[-88.033942000318191,44.485546999713762],[-88.034186999642259,44.485374000252548],[-88.034284999551545,44.48530899978892],[-88.034480000443537,44.485176999719009],[-88.034609000314958,44.485089999932008],[-88.035188000448187,44.484699999933213],[-88.03614400014996,44.48405500020327],[-88.037653000045694,44.483038000021388],[-88.038672000394968,44.482353000202806],[-88.039491999654302,44.48179899986922],[-88.039534000385416,44.481746999778373],[-88.039603999807298,44.481660999846916],[-88.040409999721248,44.480663000150201],[-88.040466999622666,44.480594999979893],[-88.04063300020232,44.480473999923966],[-88.040767000096636,44.480377000238157],[-88.041089000311899,44.480143999719481],[-88.041112999703046,44.480116000163939],[-88.041972000218735,44.479080000112425],[-88.042267999596447,44.478723000025234],[-88.042758000041218,44.478132000196744],[-88.042778000132685,44.478108999838341],[-88.04280999991974,44.478069999711629],[-88.043577000373929,44.477511000158067],[-88.044281000180646,44.476156000214083],[-88.044321000363624,44.476064000097566],[-88.044927000261012,44.47574000026016],[-88.045035000216046,44.475682000222079],[-88.045123000079599,44.475635000182088],[-88.045617999648911,44.475369000292574],[-88.047644999578509,44.474282000203559],[-88.048046000334807,44.474257000310061],[-88.048078000121862,44.474236000288677],[-88.048701999562624,44.473781000320301],[-88.0490510004404,44.473527000108],[-88.049253000106773,44.473419999924857],[-88.049274999848066,44.473407000122904],[-88.049301999612254,44.473371000015156],[-88.049360000236888,44.473328999968189],[-88.049424999635903,44.473282999943144],[-88.049465999643772,44.473226000015089],[-88.049504000176924,44.473197999703899],[-88.051141000119188,44.472006000004399],[-88.051495999946425,44.471395999730227],[-88.052281999768866,44.470045000278333],[-88.052614000029891,44.469474000150363],[-88.052973000055104,44.468856999897596],[-88.053142000109503,44.468562999914042],[-88.055831999837906,44.464872000015376]]]},"properties":{"BASENAME":"Allouez"}},{"type":"Feature","geometry":{"type":"Polygon","coordinates":[[[-88.357404000039949,44.287349999712625],[-88.357368000054933,44.287203000090919],[-88.357315000351477,44.286985999823841],[-88.357305000305743,44.286944000260405],[-88.357214000069149,44.286458999971792],[-88.357168000038385,44.28611199990133],[-88.357164999665358,44.286090999810931],[-88.356183000024302,44.284590999930828],[-88.355830999671795,44.283505000193834],[-88.355651999571663,44.281807999999181],[-88.355536999943922,44.279619999696301],[-88.355514000377696,44.278773000251881],[-88.355502999608746,44.277808999717983],[-88.355475999844558,44.276961999893977],[-88.355442000407692,44.276954000145736],[-88.355345000323297,44.276930000251298],[-88.355299000292547,44.276914000101833],[-88.354864000099369,44.276762000072594],[-88.350057999854599,44.275528999797118],[-88.347886000160045,44.277491999762354],[-88.347749999717607,44.277550999751746],[-88.347543000028381,44.277572999798053],[-88.344434000000305,44.277396999840278],[-88.343449999811128,44.277341000064744],[-88.342336999750529,44.277285999716433],[-88.338605000106625,44.278967999827728],[-88.335730000430289,44.278814999868935],[-88.332305999859642,44.278611000161611],[-88.323619000008051,44.279132999853886],[-88.3218540000193,44.278057000018649],[-88.32133299961238,44.277740000114669],[-88.320525000048619,44.277249999752904],[-88.320193999612513,44.277048000013068],[-88.318220000284683,44.275844999903583],[-88.31810099956067,44.275765000208239],[-88.314296000121843,44.273449999918704],[-88.308195000241582,44.273731000264149],[-88.303059000283938,44.27397800022959],[-88.301895000169708,44.274032000279021],[-88.301283000424505,44.27406100032087],[-88.300187999907237,44.274112999938602],[-88.296991000015637,44.271537000171726],[-88.295349000050521,44.272229999772968],[-88.294430999983561,44.273295000002371],[-88.293249000326,44.274665999792695],[-88.29302699966982,44.274924000205388],[-88.292968000118591,44.274939000089852],[-88.292573000108391,44.275039000293638],[-88.289084000138729,44.275469999707077],[-88.286980000216232,44.276691999749147],[-88.284792999554767,44.277962999835943],[-88.284148000197604,44.278519999887138],[-88.28246699987443,44.28005000016217],[-88.282796999587305,44.280371000108111],[-88.283087999840447,44.28065300022439],[-88.283662999775714,44.281213000027556],[-88.282921000334184,44.281614000252205],[-88.282773000196187,44.281693000296102],[-88.28254700024037,44.281814000279489],[-88.282549999715116,44.281911000224405],[-88.282820999876776,44.282172999858588],[-88.282734999663049,44.282217999737078],[-88.282727000165437,44.28471399972792],[-88.282716000294783,44.286460999906936],[-88.282811999655934,44.286463999809591],[-88.282816999678815,44.286557999895919],[-88.282816999678815,44.287557999738702],[-88.282821999701667,44.287906000212843],[-88.282568000156772,44.287859000302504],[-88.282570999631503,44.288376999755052],[-88.282801999610186,44.288420000157281],[-88.282823000424898,44.289098999792635],[-88.282826999724549,44.290139000171706],[-88.286940999858174,44.290188999899073],[-88.286957999576629,44.292260999989395],[-88.286966999797457,44.294913999715781],[-88.28719799977614,44.294916000006019],[-88.287458000067133,44.294951000252027],[-88.287457000242213,44.294918000296192],[-88.287457000242213,44.294641000286425],[-88.287457000242213,44.294621999687735],[-88.287564000372342,44.29452200002261],[-88.287719000183031,44.294377000012751],[-88.287870999620694,44.294377000012751],[-88.2880330000024,44.294377000012751],[-88.2880330000024,44.294635999858748],[-88.289624999738805,44.294635000030333],[-88.28970199973169,44.296692999825488],[-88.289014999643442,44.296567999803663],[-88.289027000237311,44.296773999748986],[-88.288906999688407,44.29673500013314],[-88.288306999638777,44.296644000285852],[-88.288326999730273,44.296806000156302],[-88.287929000245313,44.296750000235711],[-88.287936999742925,44.29733199997213],[-88.287940000115981,44.297539000230856],[-88.287935999918034,44.297767999958879],[-88.287923000397541,44.298267999804445],[-88.287920000024485,44.298474000215158],[-88.292968000118591,44.297969000051118],[-88.297862000226914,44.297997000079711],[-88.297862000226914,44.29800800013323],[-88.297875999572298,44.300281000063464],[-88.29828900002417,44.300279999688243],[-88.29828900002417,44.30035799997119],[-88.298277000328611,44.301086000186395],[-88.298545000117215,44.301084999824937],[-88.300311999755792,44.301081000307548],[-88.300315000128862,44.301164999758662],[-88.300320000151714,44.301869999966506],[-88.300893000437171,44.301867999913114],[-88.300889000239209,44.301079999946005],[-88.301244999891352,44.301079000227318],[-88.301955000444153,44.30107799986574],[-88.302593999953515,44.301068999825098],[-88.302838000351002,44.301072999986211],[-88.302962000199557,44.301077000147018],[-88.303419999958962,44.301075999785361],[-88.30342699963164,44.300528000278213],[-88.304266999880781,44.300533999932142],[-88.304261000033009,44.301075999785361],[-88.304208000329538,44.301075999785361],[-88.303702999816181,44.301075999785361],[-88.303419999958962,44.301075999785361],[-88.303439000225524,44.301159999886551],[-88.303446999723135,44.301544000012555],[-88.302838000351002,44.301544000012555],[-88.302836999627772,44.302065999722181],[-88.302835999802852,44.303118000047895],[-88.302835999802852,44.303544999838827],[-88.302834999977961,44.303963000141373],[-88.302271999738238,44.303953999900145],[-88.301408000097979,44.304691000012731],[-88.302835999802852,44.304689000055475],[-88.302835999802852,44.304758999804569],[-88.302834999977961,44.305347999962216],[-88.302961000374651,44.305347999962216],[-88.303751000395067,44.305349000251084],[-88.30451600030112,44.305349000251084],[-88.304514999577904,44.305866000085594],[-88.304514999577904,44.306719000033638],[-88.304514999577904,44.307651000287102],[-88.304514999577904,44.308231000125922],[-88.304513999752984,44.308323999847303],[-88.312864000219008,44.308358999814899],[-88.312864000219008,44.308399999897325],[-88.313028000250526,44.30840199972814],[-88.315990999790401,44.308450000147218],[-88.315945999584557,44.312052999932973],[-88.317789000289451,44.312103000284878],[-88.317835000320201,44.308436000055821],[-88.318341999585087,44.308444000016642],[-88.318389000339081,44.306630000123086],[-88.317883000000776,44.306628999856109],[-88.317889999673483,44.304922999734899],[-88.317889999673483,44.304879999844538],[-88.317891000396713,44.304836000267954],[-88.32289099991192,44.304931999827566],[-88.322899000307842,44.304602000241736],[-88.322937999767575,44.302979000096329],[-88.322981000323608,44.301610999882655],[-88.322982000148514,44.301342999943444],[-88.322202000173846,44.301324999942068],[-88.322196000326059,44.300752000014377],[-88.322996000392209,44.300791000176737],[-88.322998999866954,44.300663999783701],[-88.323003999889835,44.30020199994464],[-88.324964999697173,44.300216999804476],[-88.324963999872253,44.300259000163095],[-88.3249589998494,44.300457000255236],[-88.324959999674292,44.300491999770188],[-88.324828000328139,44.300491999770188],[-88.324244999996949,44.300479000081353],[-88.324244000172044,44.30056499984871],[-88.324248000370005,44.301369000221399],[-88.324943999780785,44.301383999783077],[-88.327086000236406,44.301428999731002],[-88.327102999954846,44.300634000288568],[-88.328037999740218,44.300653000227769],[-88.32804600013614,44.300189999925401],[-88.32877199968415,44.300204999788342],[-88.3287680003845,44.300367999851595],[-88.329294999740867,44.30037900010381],[-88.329278000022441,44.30138500013949],[-88.329277000197536,44.301432999867544],[-88.329277000197536,44.301477999777859],[-88.330258999838577,44.30150199993021],[-88.332255999630945,44.301550000205523],[-88.332294000164097,44.300969000209577],[-88.333076999613496,44.300985999956922],[-88.333090999857205,44.3004150000382],[-88.334070000023516,44.300429000113901],[-88.334061999627593,44.300953999898951],[-88.334061999627593,44.300992999927082],[-88.334569999615709,44.300997000093375],[-88.334671999722943,44.300997999813418],[-88.334663000400454,44.301568999848293],[-88.333654000096885,44.301561999946799],[-88.333064000093032,44.301564000010579],[-88.333054000047269,44.301731999982124],[-88.332972000031518,44.30534700031626],[-88.332956000137983,44.306062000000125],[-88.33467900029396,44.306083000021026],[-88.334833000279758,44.30651599978777],[-88.335034000121212,44.307077999747392],[-88.335190999581727,44.307249000137261],[-88.332930000198729,44.307219000150006],[-88.332896999688444,44.308678000155396],[-88.333661999594511,44.30868999972526],[-88.333694000279863,44.309575000294558],[-88.333505999958888,44.309572000286877],[-88.33302499973496,44.309565000053993],[-88.332878000320179,44.309557999820271],[-88.332873000297312,44.309769999824418],[-88.332864999901389,44.310120000223527],[-88.332868000274431,44.310991000318587],[-88.332868000274431,44.311064999746442],[-88.332890000015752,44.312030999944668],[-88.332907999559097,44.312341000013241],[-88.333071999590615,44.312339000316641],[-88.339364999989797,44.312403000216136],[-88.3419900003192,44.312430000263305],[-88.342761000073054,44.312011999831185],[-88.343195000441327,44.311901999730125],[-88.343167999778828,44.309023999733405],[-88.343185000395579,44.307769000051493],[-88.343192000068271,44.307357000092985],[-88.343197000091152,44.307038999904506],[-88.344874000216379,44.307060000218684],[-88.345024000004187,44.3070620000952],[-88.35348499989999,44.307164999748586],[-88.353488000273018,44.306722000187186],[-88.353493000295899,44.306273000144181],[-88.353489999922843,44.306005999907669],[-88.353496999595549,44.305566000169108],[-88.353505999816392,44.303811999697196],[-88.353506999641283,44.30353000018637],[-88.352239999594886,44.303518000204505],[-88.352232999922194,44.303496000231362],[-88.35223600029525,44.30314299985627],[-88.353345000157887,44.303144000182719],[-88.353509000189419,44.303154999914796],[-88.353510999839244,44.30279699968527],[-88.353361000051436,44.302791000262602],[-88.353269999814813,44.302791000262602],[-88.352237999945075,44.302783999863912],[-88.352241000318116,44.302425000247787],[-88.353356000028555,44.302434999776182],[-88.3535140002123,44.302434000080567],[-88.353519000235167,44.30177599995644],[-88.353520000060072,44.301705999864879],[-88.353520000060072,44.301570000201501],[-88.353504000166552,44.300866999693312],[-88.353500999793511,44.30071900010406],[-88.353491999572668,44.300114000175412],[-88.353467000356616,44.298131000123675],[-88.353463000158669,44.297903000298241],[-88.353447000265149,44.297638000124614],[-88.353359000401596,44.294871000210165],[-88.353347999632632,44.294135999949347],[-88.353344000332982,44.293524000129899],[-88.353342999609751,44.293026999964951],[-88.353340999959926,44.290868000303924],[-88.353340000135034,44.28924399997333],[-88.353337999586884,44.288286999753517],[-88.353335000112153,44.287205999955638],[-88.354844000007887,44.287260000066645],[-88.354955000335963,44.287264999836211],[-88.35527500000309,44.2872769999246],[-88.355307999615079,44.287277999878242],[-88.355659000142651,44.287289999963974],[-88.355881999725412,44.287297000280738],[-88.355974999611846,44.287300000140661],[-88.356143999666244,44.287305999860074],[-88.356198999917822,44.287307999766377],[-88.357240000008417,44.287343999997752],[-88.357337000092798,44.287346999855274],[-88.357404000039949,44.287349999712625]],[[-88.321161000083251,44.300803999796486],[-88.321146000014636,44.301302000075125],[-88.320909000188166,44.301297000214682],[-88.320752999654232,44.301293999783866],[-88.320243000016305,44.301282999703091],[-88.320243999841225,44.300786000272772],[-88.321161000083251,44.300803999796486]],[[-88.319307000406027,44.301264999683312],[-88.319295999637049,44.301863000100859],[-88.318682000242049,44.302187999869489],[-88.317924999833565,44.302623999799387],[-88.317928000206635,44.30245199974194],[-88.317946999574886,44.301327999728372],[-88.317943000275235,44.301234999852397],[-88.318113000154554,44.30123900000217],[-88.318390999988893,44.301245000226302],[-88.318625000340631,44.301245999942168],[-88.319307000406027,44.301264999683312]],[[-88.328149999893228,44.294182999980634],[-88.328087000144038,44.297764999990719],[-88.328083999770968,44.297996000308565],[-88.323030999654009,44.297968000279454],[-88.323035999676875,44.297738000269995],[-88.323071999661877,44.295373999738771],[-88.323091999753373,44.294096000029874],[-88.325737000174243,44.294146000246435],[-88.328149999893228,44.294182999980634]]]},"properties":{"BASENAME":"Little Chute"}},{"type":"Feature","geometry":{"type":"MultiPolygon","coordinates":[[[[-88.293054000332305,44.259742000200291],[-88.293071000050759,44.258238999922199],[-88.292912999867028,44.25834399988905],[-88.292746000360751,44.258307999903167],[-88.292664000344985,44.258268000035947],[-88.292573000108391,44.258176999786357],[-88.292445000061875,44.257998000220624],[-88.292292999725902,44.257853999940878],[-88.292218000281139,44.257643000185183],[-88.292105000303238,44.257440999965866],[-88.292065000120274,44.257151999719426],[-88.291973999883666,44.257156000297989],[-88.291369999636089,44.257183999836691],[-88.291071999710255,44.25719499981264],[-88.290906000028897,44.257201000032602],[-88.290310000177243,44.2572330001232],[-88.288776999992066,44.257299999713602],[-88.287550000128647,44.257358000209678],[-88.287533000410207,44.257223999797887],[-88.287504000097897,44.256977000197701],[-88.287412999861289,44.256840999904533],[-88.287202999799007,44.256579999752439],[-88.287103000239881,44.256450999959412],[-88.287438999800557,44.256430000205746],[-88.287412999861289,44.256415999936863],[-88.287365000180714,44.256360000114761],[-88.287343000439392,44.256324000200941],[-88.287335999868404,44.256310999744116],[-88.287408999663327,44.256185000166134],[-88.287646000388108,44.255275000273507],[-88.287140000049817,44.255196000102082],[-88.286339999983639,44.255202999738756],[-88.286206000089336,44.255205000094399],[-88.286144999989972,44.255205000094399],[-88.285092000203818,44.255210999874009],[-88.285093000028738,44.254969999986713],[-88.285093999853643,44.254886000098232],[-88.284874999570548,44.254993999840892],[-88.283706000331748,44.255565999793909],[-88.283716000377481,44.253534999884906],[-88.283719999677132,44.252257999702593],[-88.283726000423215,44.25036600004443],[-88.28374499979148,44.248602999926099],[-88.283764000058056,44.246741999814105],[-88.285699999751046,44.246766999808166],[-88.285801000033388,44.246767999807709],[-88.285908999988436,44.246769999806695],[-88.286360000075135,44.24677399980456],[-88.286375999968655,44.245694000158828],[-88.286379000341711,44.244962999987486],[-88.288828999870589,44.244979999855197],[-88.28883300006855,44.244733000310291],[-88.288836000441606,44.244602000198547],[-88.288857000358021,44.24357100001734],[-88.288855999634777,44.243176999993047],[-88.288838999916337,44.243176999993047],[-88.288339000324143,44.243170000212118],[-88.288259999783122,44.243169000151404],[-88.287838000008719,44.24316399984761],[-88.28776400038889,44.243162999786797],[-88.287718000358126,44.243161999725977],[-88.287615000425959,44.243161000308675],[-88.287123000331377,44.243154999943307],[-88.287105999714626,44.243154999943307],[-88.286339000158733,44.243147000098666],[-88.285744000131999,44.243146000037569],[-88.285524999848874,44.243142999854165],[-88.284400999917608,44.243129999701267],[-88.283282000009208,44.243117000188995],[-88.282626999708,44.243111999880831],[-88.282563999958811,44.243111999880831],[-88.28205799962052,44.243108999695693],[-88.282040999902065,44.243108999695693],[-88.28197800015289,44.243108999695693],[-88.281686999899762,44.24310700021573],[-88.281015999705019,44.243101999906663],[-88.28057700021219,44.24309500011681],[-88.280251999623857,44.243094000054825],[-88.279486999717804,44.243079999828872],[-88.278743999553058,44.243073000036397],[-88.278753999598791,44.243049999885081],[-88.278756000146927,44.242935000280454],[-88.278750000299141,44.240936999916137],[-88.277829999684073,44.241263000283439],[-88.277664999827621,44.241318999679088],[-88.277653999956968,44.242440999713011],[-88.277027999968084,44.242435999990896],[-88.277032000166045,44.242193999804378],[-88.276592999774891,44.241638999983941],[-88.276246000343576,44.241724000214809],[-88.275965000136182,44.242149000170542],[-88.275057000114984,44.242734999873043],[-88.275221999971436,44.243026999724712],[-88.274864999596062,44.243010999999548],[-88.274705999587383,44.242993000142697],[-88.27456800039343,44.242977999828753],[-88.274421999905272,44.242952000090661],[-88.274195999949455,44.242890999991737],[-88.274128000177384,44.242878999848763],[-88.274011999826428,44.242867999769217],[-88.273943000229465,44.242864000149304],[-88.273822999680547,44.242869999900854],[-88.273793000441643,44.242873000098179],[-88.273744999862757,44.242877999783104],[-88.273580999831211,44.242896999740537],[-88.273412999601732,44.242925000276216],[-88.273294999600949,44.242939999960164],[-88.273116000399114,44.242963000154489],[-88.272880000397578,44.242993000142697],[-88.272680000381015,44.243007999809315],[-88.272475000341629,44.243015000253024],[-88.272384000105006,44.243014000189682],[-88.272381999556885,44.243149000220818],[-88.272377000432328,44.243600000285667],[-88.273324999738179,44.243610000175124],[-88.273615000166416,44.243611000228334],[-88.273961999597716,44.24361200028153],[-88.273976999666345,44.24361200028153],[-88.273990999910041,44.24361200028153],[-88.273924999787809,44.243721000185701],[-88.273893000000754,44.24378799972547],[-88.273774999999972,44.244141999696126],[-88.273714999725513,44.244484999689952],[-88.27370700022793,44.244765000106625],[-88.273702000205049,44.24494800017586],[-88.274093000017288,44.24494800017586],[-88.27421100001807,44.244950000236777],[-88.274206999820109,44.244770000274293],[-88.274135999674996,44.244675000232967],[-88.273985000062254,44.244458999974391],[-88.274411000034604,44.2444630001294],[-88.27611699957383,44.2444800001416],[-88.276113000274194,44.24543100004032],[-88.276108000251313,44.246675999778851],[-88.273867999886392,44.246655999753521],[-88.273672999892725,44.24665299974918],[-88.273676000265766,44.24671799980986],[-88.273672000067805,44.247486000237174],[-88.273656999999204,44.248098000235757],[-88.273653999626163,44.248641999965223],[-88.273640000280778,44.24952199968174],[-88.273636000082817,44.249741999805806],[-88.273634000432978,44.250284999833596],[-88.273617999641147,44.251587000264742],[-88.272858999582866,44.251582000033082],[-88.272855000283215,44.252073000036042],[-88.27361099996844,44.252080000044479],[-88.273605000120654,44.252518999734534],[-88.273602999572518,44.25271899969254],[-88.273594000250014,44.254337000216111],[-88.273580999831211,44.254538000292996],[-88.27357800035648,44.254855999741324],[-88.273559999914823,44.255129999901953],[-88.273543000196383,44.255759999960944],[-88.273550999693995,44.256052000139974],[-88.273036999858093,44.256049999813158],[-88.273031999835212,44.25668800024431],[-88.271637999567218,44.256802000155098],[-88.270845000072057,44.257374999711892],[-88.27084099987411,44.257894999900088],[-88.267589999555824,44.258160999678417],[-88.266419999593808,44.258049000087752],[-88.266056000444038,44.258068000291829],[-88.265026000224111,44.258122999967568],[-88.265170999989067,44.258771000310119],[-88.265263999875486,44.259183999950551],[-88.265181000034801,44.259687000108897],[-88.265134000179145,44.259844999858828],[-88.26502299985107,44.26021700007734],[-88.264951999705943,44.260769000318426],[-88.264987999690959,44.261501000015564],[-88.265828999764992,44.261603999809296],[-88.265820000442488,44.262650999951781],[-88.265818999719258,44.262776000099812],[-88.265807999848619,44.263798999845818],[-88.265807000023699,44.264119999788797],[-88.265802999825738,44.264699999872491],[-88.265769000388858,44.264697999839868],[-88.263261000235346,44.264682000219914],[-88.26327399975581,44.264236999837202],[-88.259366000384816,44.263902999824886],[-88.259373000057508,44.263423999983267],[-88.259372000232602,44.263339999948592],[-88.259371000407697,44.263227000210442],[-88.259372000232602,44.26319500016546],[-88.259377000255469,44.262936000004437],[-88.259469000316983,44.262929000001627],[-88.260038000404464,44.262950000007507],[-88.260415999797914,44.262954000191627],[-88.261338000062821,44.262966000098906],[-88.261345999560419,44.262529000019349],[-88.259511000149772,44.262498999701883],[-88.259404000019657,44.26249799996981],[-88.259384999753081,44.262498999701883],[-88.259390999600853,44.26226099994328],[-88.26008899955977,44.262268000025585],[-88.260096000130787,44.261963999725637],[-88.260476999897293,44.261972999968748],[-88.260486000118121,44.261138999683794],[-88.260265000185171,44.261135999774787],[-88.259397000346951,44.261063999983186],[-88.259403000194737,44.260837999903771],[-88.260093999582637,44.260837999903771],[-88.260093999582637,44.260591000044634],[-88.260517999905176,44.260362000128552],[-88.260821999678782,44.260096000013768],[-88.261076999946908,44.260113999783805],[-88.261328000017087,44.26013099977596],[-88.261577000437427,44.259789999863777],[-88.262656000162849,44.259809000148628],[-88.262672999881289,44.259286000156514],[-88.261092000015523,44.25933199997705],[-88.260404999927275,44.259352000195491],[-88.259908999634717,44.259365999765329],[-88.259392000324084,44.259407999741576],[-88.259400999646587,44.25923899986914],[-88.259414000065391,44.258826999766178],[-88.259597000363499,44.253697000250867],[-88.259634999998326,44.2526200000203],[-88.258764999611969,44.252535000090788],[-88.258266999669601,44.252488000198127],[-88.256407999969497,44.252318999739792],[-88.253446000254542,44.252046999813679],[-88.253401000048683,44.252043000174403],[-88.253288000070782,44.252032999788156],[-88.253346999622025,44.250110999766179],[-88.253348000345227,44.250074999887644],[-88.247722999767731,44.249992999974829],[-88.242704999810854,44.249920000105327],[-88.237691000051939,44.249849000039625],[-88.237672999610268,44.249849000039625],[-88.2376030001884,44.252606000131223],[-88.236839999932144,44.252595999840715],[-88.236836999559102,44.252715000098959],[-88.236092999569436,44.252704999826975],[-88.23607599985101,44.253382999874511],[-88.235653000251688,44.253376000021198],[-88.234766000146905,44.255173000186993],[-88.234790000436348,44.255334000047228],[-88.234244999739985,44.256027000232088],[-88.234156999876433,44.256137000133329],[-88.234436000434002,44.256249999987268],[-88.234485999764402,44.256450000124495],[-88.23413400031022,44.256915999844921],[-88.232458000009899,44.256881000099099],[-88.232433999720456,44.258498999987545],[-88.232427999872684,44.258888999860055],[-88.233381999924646,44.258928000155365],[-88.233736999751869,44.25893599978383],[-88.233718000383604,44.260113999783805],[-88.232406000131377,44.260085999710277],[-88.232394000435789,44.260689999808044],[-88.232377999643958,44.261171000204527],[-88.232372999621077,44.26147000006732],[-88.232370000146361,44.261676000226231],[-88.232370000146361,44.261692999766801],[-88.232369000321441,44.261742999900662],[-88.233860999600424,44.261772000216141],[-88.23384600043012,44.261686000259331],[-88.233891999562559,44.260912000133636],[-88.23456100010749,44.260933000216625],[-88.234591000244706,44.260517999819868],[-88.234619999658705,44.260519999994649],[-88.237388000103238,44.26059799968246],[-88.237403000171838,44.261247999918702],[-88.237407000369799,44.261787999984747],[-88.234228999846465,44.261697000036392],[-88.234204999557008,44.261719000227679],[-88.234202000082277,44.261850999915993],[-88.234013999761302,44.261847000300222],[-88.232452000162127,44.261813000016602],[-88.232367999598225,44.261810999885803],[-88.232324000115611,44.264861999714192],[-88.232295999628192,44.266799000117722],[-88.237310000285433,44.266915999980341],[-88.237299000414779,44.267760000293286],[-88.242303999952853,44.267886000153958],[-88.242261000295159,44.270688000167929],[-88.242259999571928,44.271207000093113],[-88.242247000051449,44.271456999757568],[-88.244381000111161,44.271517000239228],[-88.245082000443134,44.271549000256648],[-88.245108000382402,44.271549999834797],[-88.245534000354752,44.271587000294879],[-88.245594999555792,44.271592000111887],[-88.246047000365735,44.271677000152103],[-88.246495999904297,44.271798999752761],[-88.246675000004458,44.271870999904401],[-88.246929000447665,44.271972999968256],[-88.247355000420015,44.272186000173974],[-88.247592000246485,44.272334999837852],[-88.247723999592651,44.272417000113315],[-88.248296000053159,44.272862999874967],[-88.248454000236919,44.272998000215743],[-88.248772000254235,44.273270999899957],[-88.249045999890626,44.273490999936065],[-88.24929199993791,44.273668999742668],[-88.249454000319616,44.273767999994369],[-88.24946600001519,44.274104999802454],[-88.249470000213151,44.27430800018567],[-88.249137000127206,44.274383999885735],[-88.24899200036225,44.274419000146189],[-88.248684000390682,44.274493000003353],[-88.248420999726648,44.27456200020346],[-88.248091000013773,44.274666999960978],[-88.247803999958592,44.274787000097376],[-88.247191000388497,44.275081000006885],[-88.246609999707118,44.275371999906184],[-88.246940000318332,44.278760000257179],[-88.245151999865016,44.278739000111166],[-88.245575000362621,44.278896000010235],[-88.245854999846799,44.279049999851892],[-88.245962999801819,44.279198000029311],[-88.245426000399704,44.279538999909946],[-88.24477000027359,44.279854000238402],[-88.243772999665623,44.279506000298412],[-88.243018999630195,44.279668999933698],[-88.242238999655527,44.27952600008468],[-88.241489999642994,44.279852000078321],[-88.24185500041429,44.280103999776919],[-88.242304999777772,44.280673999686265],[-88.242492000273842,44.281103000096991],[-88.242082000195012,44.281501000273387],[-88.242083000019917,44.281560000095944],[-88.242298999929972,44.281682999807977],[-88.241477999947435,44.282497999921596],[-88.242096000438707,44.282527000287033],[-88.242497000296694,44.282545000262729],[-88.242457000113731,44.282822000086497],[-88.242104999761224,44.285351999687478],[-88.242104999761224,44.285376000000291],[-88.242171999708376,44.285433999804688],[-88.242402999687059,44.28562999976225],[-88.244726999717571,44.287604999889901],[-88.24525999982005,44.288057999706474],[-88.245484999950946,44.288249000225896],[-88.244710999824051,44.288734999810657],[-88.244808999733337,44.288819000204583],[-88.244636000379288,44.288926999983332],[-88.244674000014129,44.288960000090448],[-88.24485099956614,44.289111000149347],[-88.24493099993208,44.289178000059628],[-88.245264999842917,44.289464999923801],[-88.24527599971357,44.289472999897669],[-88.246218000069959,44.288879000320506],[-88.248398999985326,44.290742000205469],[-88.248423000274798,44.290762999919139],[-88.247791000438113,44.291099999992426],[-88.24806599989941,44.291365999976534],[-88.249890000337714,44.292920999724551],[-88.250234000294313,44.292548000220549],[-88.250372000386562,44.29241500016235],[-88.251696000334377,44.293553000195963],[-88.252031999895024,44.293554000042747],[-88.252925999672527,44.293558999919604],[-88.253043999673295,44.293659999783607],[-88.253207999704841,44.293561000255998],[-88.253228999621228,44.293561000255998],[-88.253591000019469,44.293562999949323],[-88.253709999845171,44.293563999795985],[-88.253905999663743,44.293563999795985],[-88.253688999928784,44.293696999824022],[-88.253343000322374,44.293908999884188],[-88.253416000117298,44.293964999942119],[-88.25346999964566,44.294016000109181],[-88.253666000362557,44.2941789999931],[-88.252953000335026,44.294612000114654],[-88.25383299986882,44.29535999974371],[-88.253739999982386,44.295455000195808],[-88.253592999669294,44.29560700008507],[-88.254059999649542,44.295840000149781],[-88.254107000403522,44.295791999707092],[-88.254221000206329,44.295674000300458],[-88.254350000077764,44.295541000249173],[-88.254457000207893,44.295429999685645],[-88.254587999729139,44.29529500009037],[-88.254955000150261,44.295604999818373],[-88.254667000270175,44.295903000229266],[-88.254587999729139,44.295864000034932],[-88.254370000169246,44.296089000008323],[-88.254182999673191,44.296004999724772],[-88.254094999809638,44.295934999825342],[-88.2540220000147,44.295877999909834],[-88.253919000082533,44.295983999956604],[-88.253874999701608,44.296030999794787],[-88.253753000401176,44.296157000119294],[-88.253828999670858,44.296235000092814],[-88.254053999801755,44.29644600019445],[-88.255036000341121,44.297367000064035],[-88.255313000350554,44.297620000273255],[-88.255555000199877,44.297844000173825],[-88.256566999978148,44.296966000002421],[-88.25668499997893,44.297063000002261],[-88.25698399972967,44.297317999800917],[-88.257224999754087,44.297105000045264],[-88.257343999579788,44.296999999881393],[-88.257521000030096,44.297089000246736],[-88.255542999605993,44.298797999698458],[-88.255432000176242,44.298886999910259],[-88.254095999634558,44.299968999829566],[-88.253801999906685,44.300131999905147],[-88.25255699960158,44.300821000234521],[-88.251174999927471,44.301526000072798],[-88.251052999728714,44.301588000127765],[-88.250291000195702,44.301976000125535],[-88.250290000370811,44.301989000125808],[-88.250168999996973,44.3031309997953],[-88.25005199982111,44.303146999876084],[-88.249331000295982,44.303247000282056],[-88.249368000105903,44.302888999970662],[-88.248558999818911,44.302855000287259],[-88.248246999649353,44.302847999896208],[-88.246420999561238,44.303758999691894],[-88.246510000147993,44.30395500021271],[-88.246755000370399,44.305095999917405],[-88.245670999723771,44.30537599968617],[-88.245706999708787,44.304124000080634],[-88.244946999825586,44.304512000032709],[-88.24513199977352,44.304942999867514],[-88.245500000019561,44.305804000048575],[-88.245653000180425,44.30615600021892],[-88.245604999601539,44.306425000314192],[-88.245609999624406,44.306443000037625],[-88.245616000370518,44.30646599981899],[-88.245649999807384,44.306684999997081],[-88.24566999989888,44.306844000301332],[-88.245398999737219,44.306944999814007],[-88.245388999691471,44.30698399971935],[-88.242613999574246,44.307811999754144],[-88.242462999961518,44.30753099978228],[-88.242365000052231,44.307350000238777],[-88.242338000288044,44.307299999694706],[-88.241723999994733,44.306158000126189],[-88.239777000431076,44.307154000125017],[-88.239296000207133,44.307403999827159],[-88.239275000290746,44.3074189997754],[-88.239303999704745,44.307464999849991],[-88.23963599996577,44.308003999910696],[-88.239830999959437,44.308011999930343],[-88.239989999968103,44.30801899970561],[-88.240575999774023,44.308043999998162],[-88.241605000169031,44.308087999741502],[-88.241853999691074,44.308071000122148],[-88.242658999780105,44.308077999890379],[-88.242903000177577,44.308080999974472],[-88.242847999925985,44.309258999710515],[-88.242401000037248,44.309853999699179],[-88.242040000362223,44.309875999860772],[-88.242061000278611,44.310428999899038],[-88.241328999984518,44.310412999874636],[-88.241309999717942,44.311284000121049],[-88.241260000387541,44.313494999999527],[-88.241217999656442,44.315407999971832],[-88.248398999985326,44.315497000069868],[-88.248983999966342,44.31550499971101],[-88.248994999837009,44.314948000079333],[-88.249866000048272,44.314958000045465],[-88.249856000002538,44.315510000289571],[-88.249922000124769,44.315510000289571],[-88.252257000025921,44.315522999863624],[-88.252125999606378,44.315116999792359],[-88.251297999951106,44.312172000019189],[-88.251113000003201,44.311468000300145],[-88.250846999864407,44.310548000064095],[-88.250631999779259,44.309936000318018],[-88.250427999564749,44.30939299976319],[-88.249951000437079,44.308173999933523],[-88.25108899971373,44.308185000008784],[-88.252233999561398,44.308229999886208],[-88.252333000193914,44.308244000026747],[-88.252529999837407,44.308250000177765],[-88.252532000385543,44.307395999724591],[-88.253021999932002,44.307367000066947],[-88.253078999833392,44.307362000080182],[-88.253078999833392,44.307684999764163],[-88.254299000024147,44.307674000237995],[-88.254309000069881,44.30825300025306],[-88.254755999958618,44.308253999849541],[-88.257228000127142,44.308255000088884],[-88.258748999718435,44.308255000088884],[-88.260266999834997,44.308255000088884],[-88.260706000226151,44.308255999685329],[-88.260960999595966,44.308255999685329],[-88.262121000410559,44.308264000313521],[-88.262622999652578,44.308263000074334],[-88.262643999568979,44.307348999984058],[-88.262653999614713,44.307214000150637],[-88.262676000254316,44.307100000306647],[-88.261728999875075,44.306763999749244],[-88.261740999570648,44.305580000302157],[-88.262041000044618,44.305544999963246],[-88.26267399970618,44.305472000291253],[-88.26267399970618,44.305364999727324],[-88.262614000330046,44.305316999999754],[-88.264523000258862,44.30418900024646],[-88.265449999648325,44.304598999979831],[-88.266098000276827,44.305189000105827],[-88.266449999731037,44.305009999715743],[-88.267598999776652,44.304428000227453],[-88.267852000394939,44.304255000004929],[-88.267916999793968,44.304180999705764],[-88.267963999649638,44.304093000114683],[-88.267992000137042,44.303998000137746],[-88.268014999703254,44.303758999691894],[-88.268013000053443,44.303306000120251],[-88.265475999587593,44.30134799979998],[-88.266205000406956,44.301154000296592],[-88.26773000019621,44.300747999831437],[-88.267984999566039,44.300679999893916],[-88.267981000266388,44.300420999703668],[-88.267977000068427,44.300127999679958],[-88.26809400024429,44.300092999947971],[-88.268290000062876,44.300034999831887],[-88.269204999756752,44.299758000172041],[-88.268353999636972,44.29902500015249],[-88.268777999959497,44.298617999991912],[-88.268931000120375,44.298472000046118],[-88.269984999731449,44.299348999809908],[-88.269266999681037,44.299734999691253],[-88.269345000397152,44.299887999813073],[-88.269428000237838,44.300044000030994],[-88.269484000314321,44.300150000272289],[-88.269583999873447,44.30024999999695],[-88.269864000255922,44.300529000006293],[-88.272568000228034,44.302829000024495],[-88.273306000369928,44.303458000258303],[-88.278096999647758,44.307373000307614],[-88.278793999781755,44.307968999731408],[-88.28081300021374,44.306722999809779],[-88.283588000330965,44.305009999715743],[-88.286582999657895,44.303247000282056],[-88.286112000378012,44.302841999835898],[-88.287868999970883,44.302843999856066],[-88.28790599978079,44.301109000137942],[-88.288647000295725,44.301102999899904],[-88.29231799984025,44.301088999984927],[-88.292928999760534,44.301088999984927],[-88.292968000118591,44.297969000051118],[-88.287920000024485,44.298474000215158],[-88.28758899958838,44.298466999944672],[-88.282205999758531,44.297915000141906],[-88.280471999731887,44.298003999763331],[-88.280287999608873,44.297847000138006],[-88.280044000109712,44.297638000124614],[-88.279967000116827,44.297569000021468],[-88.279856999613642,44.297478000180753],[-88.277850999600446,44.29774100023954],[-88.275694999799441,44.298142999920742],[-88.273774999999972,44.296507000030715],[-88.273456999982656,44.296236999695083],[-88.272622999581301,44.295944000009946],[-88.272128999836895,44.295770999862711],[-88.272006999638151,44.296056999853249],[-88.27189399966025,44.296202000215565],[-88.27179599975095,44.296296000148317],[-88.271678999575087,44.296389999930547],[-88.271433000426129,44.296554999888997],[-88.269292999620305,44.294739000095696],[-88.270448000412031,44.294037999776727],[-88.27072500042145,44.293860999792017],[-88.271409000136671,44.294448000315079],[-88.271856000025423,44.294840999684148],[-88.272105000445748,44.295045000258391],[-88.272312000135003,44.295164999924765],[-88.272263999556102,44.295362999834794],[-88.27225400040868,44.295400000088179],[-88.272194999959126,44.295603000194525],[-88.273220999981106,44.295970000106976],[-88.273601999747612,44.296106999686074],[-88.273938000206599,44.296392999969001],[-88.275777999640127,44.297960999948636],[-88.276487000368007,44.297793999891233],[-88.279684000259607,44.297329999764131],[-88.278212000173795,44.296076999791495],[-88.278412000190343,44.295956000254009],[-88.279129000415821,44.295521999941691],[-88.27906300029359,44.295462000182404],[-88.278929000399287,44.295348999837103],[-88.278586000267609,44.295060000149746],[-88.278320999953763,44.294835999916486],[-88.278303000410389,44.294820999967911],[-88.278809999675289,44.294534999744357],[-88.278541999886684,44.294292999852146],[-88.278972999881915,44.294032000102028],[-88.279064999943415,44.293972000106336],[-88.280015999622321,44.293980000109343],[-88.280048000307673,44.294060000079021],[-88.280082999569473,44.294202000078364],[-88.280229000057645,44.294334999947466],[-88.280711999931412,44.294775000273241],[-88.280793999947178,44.294941000092024],[-88.281137999903763,44.295234000280985],[-88.28172999955747,44.294875999974849],[-88.281907000007777,44.29487900009066],[-88.281884000441565,44.294949999786049],[-88.281864000350083,44.295040999686634],[-88.281846999733332,44.295104999800763],[-88.281809000098491,44.295246999845112],[-88.281783000159209,44.295337999928442],[-88.281743999801165,44.295534000271935],[-88.281675000204189,44.295754999700698],[-88.281625999800383,44.295880999974457],[-88.281593000188423,44.295959000314639],[-88.281538999761764,44.29607399973689],[-88.281424999958929,44.296345999777593],[-88.281328999699468,44.296557999918981],[-88.281225999767301,44.296778999994601],[-88.281138999728668,44.296978999826095],[-88.281029999948728,44.297227999998405],[-88.280952000130924,44.297391999749479],[-88.281060999910864,44.29738499999295],[-88.281433000354852,44.297366000282125],[-88.281805999725435,44.297350999693947],[-88.282178999994358,44.297340999942612],[-88.282542000217518,44.297290999874654],[-88.287456000417308,44.297319000226558],[-88.287457000242213,44.296604000145813],[-88.287545999930686,44.295709999904801],[-88.287566999847073,44.294966999990159],[-88.287458000067133,44.294951000252027],[-88.28719799977614,44.294916000006019],[-88.286966999797457,44.294913999715781],[-88.286957999576629,44.292260999989395],[-88.286940999858174,44.290188999899073],[-88.282826999724549,44.290139000171706],[-88.282823000424898,44.289098999792635],[-88.282801999610186,44.288420000157281],[-88.282570999631503,44.288376999755052],[-88.282568000156772,44.287859000302504],[-88.282821999701667,44.287906000212843],[-88.282816999678815,44.287557999738702],[-88.282816999678815,44.286557999895919],[-88.282811999655934,44.286463999809591],[-88.282716000294783,44.286460999906936],[-88.282727000165437,44.28471399972792],[-88.282734999663049,44.282217999737078],[-88.282820999876776,44.282172999858588],[-88.282549999715116,44.281911000224405],[-88.28254700024037,44.281814000279489],[-88.282773000196187,44.281693000296102],[-88.282921000334184,44.281614000252205],[-88.283662999775714,44.281213000027556],[-88.283087999840447,44.28065300022439],[-88.282796999587305,44.280371000108111],[-88.28246699987443,44.28005000016217],[-88.284148000197604,44.278519999887138],[-88.284792999554767,44.277962999835943],[-88.286980000216232,44.276691999749147],[-88.289084000138729,44.275469999707077],[-88.292573000108391,44.275039000293638],[-88.292968000118591,44.274939000089852],[-88.292973000141458,44.27385899990972],[-88.292968000118591,44.273323999764699],[-88.292968000118591,44.273160999894657],[-88.29299400005786,44.270547999761419],[-88.292989999859913,44.269737999822553],[-88.293000999730566,44.267900000264746],[-88.291822000446032,44.267913999728968],[-88.29138700025284,44.267918000218543],[-88.291388000077745,44.268043000102757],[-88.290889000310472,44.268160000062316],[-88.290900000181125,44.267020000234531],[-88.292250000068194,44.266476999700281],[-88.292250999893099,44.265941000227897],[-88.292721000246388,44.265763000174161],[-88.293023000370169,44.265631999942123],[-88.293016999624086,44.265351999798099],[-88.293020999822048,44.264938999740529],[-88.293018000347317,44.264494999714813],[-88.293015999799181,44.264296999969602],[-88.293019000172208,44.263942000010879],[-88.293036999715554,44.261672999701325],[-88.293041999738435,44.261400000186292],[-88.293066999852797,44.26013899988412],[-88.293062999654836,44.260025999783572],[-88.293060000180105,44.259921000246976],[-88.293054000332305,44.259742000200291]],[[-88.27874500027626,44.2434800001922],[-88.27874500027626,44.243588000287303],[-88.278741999903232,44.244250999905333],[-88.277300999779555,44.2442319997417],[-88.277304999977517,44.244092000040361],[-88.277320000046132,44.243114000004105],[-88.27731800039632,44.243063000055656],[-88.277448000092662,44.243065000180664],[-88.277972999799189,44.243068999786914],[-88.278018000005048,44.243068999786914],[-88.278183999686391,44.243068999786914],[-88.278300000037348,44.243154999943307],[-88.278623000077545,44.243390000283206],[-88.27874500027626,44.2434800001922]],[[-88.273671000242913,44.26258600013],[-88.273656999999204,44.262736000055639],[-88.273645000303631,44.262868999759633],[-88.272906000336832,44.262849999820325],[-88.272908999811577,44.262717000073359],[-88.272913000009524,44.262588000234473],[-88.273671000242913,44.26258600013]],[[-88.254754000308807,44.262229000015779],[-88.254593999576912,44.262306000274215],[-88.253997999725257,44.262638000250512],[-88.254073999893237,44.262750000106379],[-88.254145999863255,44.262839000258992],[-88.25366100033969,44.26302999977748],[-88.253009000411524,44.263019999973039],[-88.253035000350792,44.262158000013912],[-88.253067999962767,44.261380000021155],[-88.252961999657543,44.261343000212413],[-88.25253999988314,44.261171000204527],[-88.252356999585047,44.261092999990289],[-88.252250000353243,44.261047000260795],[-88.251793000418743,44.260861999936338],[-88.25150100034071,44.260735000054787],[-88.251208000437728,44.260615000178028],[-88.251176999577282,44.260713999901022],[-88.250372000386562,44.262094000029357],[-88.246408000040745,44.262000999786906],[-88.246399999644836,44.25923899986914],[-88.24656700004941,44.259259999906369],[-88.247598000094257,44.259403000174906],[-88.249074000378016,44.259599999894256],[-88.249106999990005,44.256817000160765],[-88.249108999639816,44.256665000269372],[-88.253064999589697,44.256746999887085],[-88.253151999628344,44.256749000190204],[-88.253196999834174,44.256750000020034],[-88.253196000009268,44.256775000263943],[-88.253194000359457,44.256877000145238],[-88.253179000290842,44.25747999993483],[-88.253151999628344,44.258032999944973],[-88.253145999780571,44.258376999803112],[-88.253136999559729,44.258518999846004],[-88.253114999818408,44.259214000029459],[-88.2530780000085,44.259748999939248],[-88.253113999993516,44.259927000188775],[-88.253135999734809,44.260147999763198],[-88.25320299968196,44.260434999903651],[-88.253240000390207,44.260544000157076],[-88.253293999918569,44.260677000316463],[-88.253457999950086,44.260954000292173],[-88.253560999882254,44.261080999700702],[-88.253681000431172,44.261213000178095],[-88.253736999609345,44.261266999732385],[-88.253847999937435,44.261372000081856],[-88.254155000084097,44.261656999901376],[-88.254499999865587,44.261994000316122],[-88.254754000308807,44.262229000015779]],[[-88.236773999809913,44.257197000100504],[-88.236583000014207,44.257646000272423],[-88.236497999625385,44.257827999700879],[-88.235837000374701,44.257813999764856],[-88.235855999742967,44.256934999771715],[-88.236136999950361,44.256937999895065],[-88.236507999671133,44.257088999900112],[-88.236773999809913,44.257197000100504]]],[[[-88.205522000045903,44.314077000218397],[-88.20469400039066,44.314041999804012],[-88.203333999559518,44.313986000254516],[-88.203152999809546,44.314013999714554],[-88.202705000095889,44.314035000104276],[-88.201826000387015,44.314018999777446],[-88.192613000105652,44.313690000003483],[-88.192603000059904,44.315287999900391],[-88.198703999940165,44.315588000261648],[-88.200803999664686,44.31608800002649],[-88.205522000045903,44.314077000218397]]],[[[-88.252888999862606,44.299776999751799],[-88.253083999856273,44.299658999995231],[-88.252569000195479,44.299363999887703],[-88.252492000202579,44.299320000034456],[-88.251661999999186,44.298844999856016],[-88.251360999700296,44.298671000137844],[-88.251308999821759,44.298732999993071],[-88.251234000377011,44.29882800013165],[-88.252508999921005,44.299558999906864],[-88.252566999647314,44.299591999826298],[-88.252888999862606,44.299776999751799]]],[[[-88.253066000312927,44.296874000079882],[-88.253184000313709,44.296750000235711],[-88.253004000388657,44.296592999829315],[-88.252607999655211,44.296252999725809],[-88.252512000294061,44.296170000122068],[-88.252333000193914,44.296016000151461],[-88.252232999736492,44.295930999957143],[-88.251411999753927,44.295227000267154],[-88.251362000423526,44.295185999985868],[-88.251081000216146,44.295445999936206],[-88.250858999559981,44.295256999953004],[-88.250846999864407,44.295263999963254],[-88.250076000110553,44.295702999947764],[-88.249116000210819,44.294878000266387],[-88.249141000325167,44.294853999978258],[-88.249680000275447,44.294412999769222],[-88.250004999965441,44.294147000083171],[-88.249900000383462,44.294057999759623],[-88.249358999885089,44.293676999718173],[-88.249261999800694,44.293608999950386],[-88.249111000187966,44.293777000179276],[-88.249021999601183,44.293701999688707],[-88.248928999714749,44.293621999874276],[-88.246712999639286,44.29170500020448],[-88.246697999570671,44.293397999942705],[-88.248248000372598,44.294661000063954],[-88.24789099999721,44.29501199971245],[-88.247641999576885,44.295256000135211],[-88.24744900013134,44.295445000121582],[-88.247423000192072,44.29546999998238],[-88.247234000046177,44.295654000224999],[-88.247152999855331,44.29558499971936],[-88.246675000004458,44.2951710001267],[-88.246674000179539,44.295081000248388],[-88.246680000027311,44.29442600015814],[-88.246686999700003,44.293491000015123],[-88.244777999771202,44.293454999693445],[-88.244773999573241,44.294031000263381],[-88.245618000020343,44.296396000007306],[-88.245910999923296,44.296623000103203],[-88.246028000099159,44.296713999983069],[-88.246120999985578,44.296636999797144],[-88.246225999567571,44.296554000093259],[-88.246565000399585,44.296278999685974],[-88.246649000065176,44.296209999914737],[-88.246661999585669,44.297165000054605],[-88.246259999902747,44.297155000271594],[-88.245948999558138,44.297426000024785],[-88.245551000073192,44.297254000169865],[-88.245443999943078,44.297207999809267],[-88.245332999614973,44.297305000052297],[-88.245069999849264,44.297534999829011],[-88.244841000418702,44.297735000300257],[-88.244783999618988,44.297782999797626],[-88.243833999765002,44.297227000214171],[-88.242563000418954,44.29834499978039],[-88.243519000120727,44.298904000260428],[-88.243438999754787,44.298980000290832],[-88.242426999976502,44.29984599983193],[-88.242082000195012,44.300150000272289],[-88.241735999690292,44.300441999813792],[-88.241630000283394,44.300531000105259],[-88.241564000161162,44.300462999916419],[-88.241566999635879,44.299917999689335],[-88.24157099983384,44.299279000039306],[-88.241530999650877,44.299276000148296],[-88.24149200019113,44.299276999897685],[-88.241452999833072,44.299281000180848],[-88.241415000198245,44.299289999852647],[-88.241379000213229,44.299302000055789],[-88.241302000220344,44.299337000259307],[-88.241227999702176,44.299376999823401],[-88.241159000105199,44.29942100027678],[-88.241094999632779,44.299467999935622],[-88.241036000081536,44.299518999823874],[-88.240990999875706,44.299566999791622],[-88.240954000065798,44.299618999980311],[-88.240924999753474,44.299673000251154],[-88.240903999837073,44.299728999955725],[-88.2408920001415,44.299785999990455],[-88.240889999593378,44.29984399970963],[-88.240896000339461,44.299902000014384],[-88.24091100040809,44.299958999881206],[-88.240934999799222,44.300014000219107],[-88.240968000309493,44.300068000126657],[-88.240236000015386,44.300675999706023],[-88.239917000173165,44.300675999706023],[-88.240138999931006,44.300946999924086],[-88.240480000412873,44.301398999983839],[-88.240523999895458,44.301367000150975],[-88.240657999789789,44.301272000263126],[-88.24097199960913,44.301047999939236],[-88.241554000115428,44.301072000267411],[-88.241540999696625,44.301575000038696],[-88.241447999810205,44.305632999949147],[-88.241638999605897,44.305535999964569],[-88.244637000204193,44.304008000041058],[-88.24631500015434,44.303154999914796],[-88.246584999592756,44.303016999736542],[-88.2466299997986,44.300981999789911],[-88.246633000171656,44.300808999698923],[-88.2492629996256,44.300875999764884],[-88.249415999786464,44.30103199992935],[-88.249584000015972,44.301193999908669],[-88.24959400006172,44.301162999681296],[-88.249647999590081,44.30103600009295],[-88.249758999918157,44.300782000092092],[-88.249857999652363,44.300620000261802],[-88.249928999797461,44.300505999827536],[-88.249973000178386,44.300443999915736],[-88.24987400044418,44.30047600025167],[-88.249768999963891,44.300512999854917],[-88.24956099955142,44.300606000231646],[-88.249370999580634,44.30068699990057],[-88.247885999974358,44.300649000038078],[-88.24770199985133,44.30051700005388],[-88.247353999696784,44.300266000219985],[-88.246643000217404,44.300259999895751],[-88.246654000088057,44.298305999922114],[-88.250686000205917,44.298275999865098],[-88.251005000048153,44.297946999927397],[-88.252016999826424,44.297949000114322],[-88.252153000268862,44.297807000174544],[-88.252236999934453,44.297724999971408],[-88.252048999613464,44.297727000165899],[-88.251888999779908,44.297727999941614],[-88.251235000201916,44.297733999881657],[-88.251830000228665,44.297174999835875],[-88.252436999950973,44.296604000145813],[-88.252595999959652,44.296739999739117],[-88.252732000402091,44.296855000203706],[-88.252925999672527,44.297017000134993],[-88.253066000312927,44.296874000079882]]]]},"properties":{"BASENAME":"Kaukauna"}},{"type":"Feature","geometry":{"type":"Polygon","coordinates":[[[-88.131104999564073,44.314008000152789],[-88.131103999739167,44.313914999796232],[-88.131102000089356,44.313832000093079],[-88.131098999716301,44.313701999834208],[-88.131097999891395,44.313655000001013],[-88.13109500041665,44.313567999977984],[-88.131092999868514,44.313519999887902],[-88.131045000187939,44.313478000017923],[-88.125113000362077,44.313494999999527],[-88.123584000374876,44.313498999956671],[-88.122046000166819,44.313502999913538],[-88.11131700031703,44.313479000168194],[-88.110661000190902,44.313478000017923],[-88.11067100023665,44.312136000223845],[-88.110677999909342,44.311128999749613],[-88.110581999649867,44.311128000202103],[-88.109179999884262,44.310961999865874],[-88.109196999602688,44.311085999905828],[-88.10911399976203,44.311071999800376],[-88.109051999837732,44.311071999800376],[-88.109016999677635,44.311088000287931],[-88.109014000202905,44.311115000297278],[-88.1090340002944,44.311128000202103],[-88.10906199988348,44.31115500019299],[-88.10906799973128,44.31117500013066],[-88.109056000035693,44.311203999835328],[-88.109029000271519,44.311219000098077],[-88.108999000134304,44.311236000091256],[-88.108917999943429,44.311265999953811],[-88.108881999958427,44.311285999853652],[-88.10884299960037,44.311280000012935],[-88.108818000384332,44.311289999961346],[-88.108816999661101,44.31130100009544],[-88.108747000239219,44.311302000282815],[-88.1087039996832,44.311304000014744],[-88.108661000025492,44.311288000228934],[-88.10864199975893,44.311289999961346],[-88.108611999621687,44.311296999988492],[-88.108562000291286,44.311289999961346],[-88.108521000283403,44.311305000202125],[-88.108507999864628,44.311315000146216],[-88.108505000389883,44.311340000320492],[-88.108477999727384,44.311356000092182],[-88.108481000100426,44.31139400009485],[-88.108471000054692,44.311415999679191],[-88.108419000176156,44.311441999995431],[-88.108379999818112,44.311450000189339],[-88.108322000091775,44.311467000115606],[-88.10826099999241,44.311475000306054],[-88.108214000136755,44.311486999946943],[-88.108179999801564,44.311471999752683],[-88.108172000303952,44.311429000160153],[-88.108173999953777,44.311264999765775],[-88.108180999626455,44.310503000035432],[-88.10723599979535,44.310501000276204],[-88.10665199963924,44.310498999874099],[-88.10665400018739,44.311665999869469],[-88.105332999714321,44.311668000231812],[-88.105271999614942,44.311441999995431],[-88.103913000405356,44.310406999944732],[-88.100683999828391,44.310238000166798],[-88.100698000072086,44.309463999906932],[-88.10050700027638,44.309465999701487],[-88.099266000169251,44.309475999958977],[-88.098090000359448,44.309486000214712],[-88.096230999761033,44.309501000273727],[-88.095901999873064,44.309504000285088],[-88.095814000009511,44.309832999741751],[-88.095670999894381,44.309832999741751],[-88.095624999863617,44.309832999741751],[-88.090651000287693,44.309820999762742],[-88.088083999684613,44.30986399989051],[-88.085666999767668,44.30990399999606],[-88.085645000026375,44.311989999827496],[-88.085634000155721,44.312988999686588],[-88.085630999782666,44.313498999956671],[-88.085579999729049,44.317154999755061],[-88.085474000322151,44.317124000243815],[-88.085450000032708,44.317154999755061],[-88.08499700029617,44.31715200013479],[-88.080585000236695,44.317130000129758],[-88.080556999749305,44.32086199991511],[-88.080591999909402,44.320860999890677],[-88.080574000366056,44.322687000088735],[-88.080500999672793,44.322824000302425],[-88.079580000131131,44.32396500015718],[-88.078871000301561,44.324807999688318],[-88.078405000146233,44.325358999861628],[-88.077918000074519,44.325891999821138],[-88.077975999800842,44.3260530000152],[-88.077834000408942,44.326192999880675],[-88.077730999578463,44.326209000101059],[-88.07774599964705,44.32626999985704],[-88.077432999652629,44.326722000275723],[-88.076969999870343,44.327157999824735],[-88.076707999929539,44.327506000157754],[-88.076773000226851,44.327534000235126],[-88.076100000382311,44.328216000287583],[-88.074725000380866,44.329936000081254],[-88.073566000289517,44.331777999885077],[-88.07380800013884,44.331785000038373],[-88.07355500041885,44.332146000296071],[-88.073469000205122,44.332414000308667],[-88.073376000318703,44.332680999916157],[-88.073250999746932,44.332944000319351],[-88.073111000004843,44.333204999915004],[-88.072838000193371,44.333727999924648],[-88.072852000437067,44.334564000043962],[-88.072869999980412,44.335122999991796],[-88.072890000071894,44.335542999820341],[-88.070456000436536,44.335551999714873],[-88.06703199986589,44.338600999931359],[-88.06714599966871,44.338600999931359],[-88.066579000129366,44.339242999796994],[-88.066959000070966,44.339242000085918],[-88.066369000067084,44.339879999914501],[-88.065435000106604,44.340890000060504],[-88.064301999954509,44.34175399993908],[-88.063908999594119,44.342053999881294],[-88.063911000142269,44.342917000303736],[-88.060135999942347,44.34291499972187],[-88.059706999596941,44.34291499972187],[-88.058692000343925,44.342912000133879],[-88.056990000104364,44.342906000314997],[-88.049607000109077,44.342881000099304],[-88.044737000290212,44.342881000099304],[-88.029413000082855,44.342883000039869],[-88.019381000367062,44.342906000314997],[-88.017317999554152,44.3429109998429],[-88.009198000140216,44.342928999938643],[-88.009219000056618,44.351765000281588],[-88.009231999577096,44.357464999683451],[-88.018830999647832,44.35739299978011],[-88.019352999879658,44.357389000246769],[-88.029526000060756,44.357381999938731],[-88.037288000172708,44.35740400026171],[-88.049567999751034,44.357437999810351],[-88.05133600011284,44.357485999932997],[-88.065442999604215,44.357494000270748],[-88.077877000066636,44.357501999965116],[-88.079365000045982,44.357483999848363],[-88.080426000228044,44.357489000059793],[-88.081380000279992,44.357495000312881],[-88.082359000446317,44.357500999923111],[-88.082830999551092,44.35750600013305],[-88.083345000285306,44.357421999760753],[-88.083387000118094,44.357436999767245],[-88.083522999662222,44.357445000111703],[-88.090206000048767,44.357422999804115],[-88.091784000439787,44.357415000098953],[-88.098446999836511,44.357381999938731],[-88.099750999692816,44.357376000316371],[-88.105844000075479,44.357338999955132],[-88.110370999762679,44.357309999933406],[-88.120539999745816,44.357203000127825],[-88.120508999783681,44.34999699987258],[-88.13070200005626,44.349944999997845],[-88.130649000352818,44.34273999994241],[-88.130722999972662,44.336167999924321],[-88.130731000368584,44.335468999778165],[-88.130809000186389,44.330082000164495],[-88.130943000080691,44.320667999992111],[-88.130461000031829,44.320671000075329],[-88.129081000007531,44.320679999681303],[-88.129103999573758,44.31918599990631],[-88.129106000121894,44.319050000250598],[-88.12907900035772,44.318888000060227],[-88.12900099964159,44.31867700027631],[-88.128894000409787,44.318503000209553],[-88.128753999769387,44.318340999794415],[-88.128582000240257,44.318195000052675],[-88.128383000048629,44.318068000034764],[-88.128275000093595,44.318012999901192],[-88.127788000021866,44.317797999877747],[-88.127628000188309,44.317686000181205],[-88.127497999593643,44.317556000104723],[-88.127398999859452,44.31741199986174],[-88.127342999782954,44.317275999950496],[-88.127310000170979,44.317098999962568],[-88.127321000041647,44.316938000261516],[-88.127341000133114,44.316859000063012],[-88.127366000247477,44.316793999787386],[-88.127407000255374,44.316705999823576],[-88.12745400011103,44.316632999892235],[-88.127530000279009,44.316552999827941],[-88.12756899973877,44.316512000299049],[-88.12761499976952,44.316478000150639],[-88.127663000348406,44.316432000069796],[-88.127716999876768,44.316375000129156],[-88.127777000151212,44.316313000266156],[-88.12785099977107,44.316245999822186],[-88.127936000159892,44.316178999944512],[-88.128032000419338,44.316109999779485],[-88.128137999826237,44.316041000176028],[-88.128254000177193,44.315970999740891],[-88.128378999850668,44.315903000083004],[-88.12851299974497,44.315839000143953],[-88.128654000210275,44.315782000270048],[-88.128948999763068,44.315679999782347],[-88.129101999923932,44.31563499983222],[-88.129257999559556,44.315593000190411],[-88.129414999918396,44.315556999922563],[-88.129574999751938,44.315525000094496],[-88.129736000308753,44.315493999722129],[-88.129892999769268,44.315458000036308],[-88.130045000105227,44.315410999681255],[-88.130317000091793,44.315286000304212],[-88.130435999917481,44.315211000293068],[-88.130544999697435,44.315131000218358],[-88.130646999804696,44.315046000059681],[-88.130741000414332,44.314955999795266],[-88.130824000254989,44.314861000044914],[-88.130897000049927,44.314761000141544],[-88.130959999799117,44.314658000320001],[-88.131010999852748,44.314550999789738],[-88.131050000210791,44.314442000082202],[-88.131076000150074,44.314330999900704],[-88.131092000043594,44.314220000151991],[-88.131101000264437,44.314110999829651],[-88.131104999564073,44.314008000152789]]]},"properties":{"BASENAME":"Greenleaf"}},{"type":"Feature","geometry":{"type":"MultiPolygon","coordinates":[[[[-88.14077399995503,44.406935999908931],[-88.139865000108912,44.406420000127923],[-88.1348010001213,44.403543000023376],[-88.131513999817983,44.401676000143354],[-88.131409000236005,44.401615999843472],[-88.131876000216238,44.401150000147666],[-88.132596999741367,44.400431000085668],[-88.124139000218634,44.395793999803175],[-88.123464999650864,44.396415999835789],[-88.122877000195118,44.396958000194516],[-88.121737000370331,44.396308000197145],[-88.119173999965227,44.398613000157304],[-88.115342999688792,44.402058000245781],[-88.114068000144812,44.403203999707081],[-88.113885999671595,44.403102999740398],[-88.113448999828606,44.402863000174925],[-88.112738000349196,44.402473000225235],[-88.110553000235868,44.401269999716241],[-88.109358000159489,44.40061099995377],[-88.108994999936328,44.400959000011142],[-88.108388000214021,44.401539999931536],[-88.108275000236119,44.4016490001123],[-88.107803000233005,44.402083000242811],[-88.10753600026932,44.402298999823614],[-88.101959000270696,44.406830999960427],[-88.101047000051551,44.407511999720398],[-88.100518000147034,44.407906000023509],[-88.100142000403395,44.408185999883095],[-88.099824000386093,44.408429999969627],[-88.09957699961555,44.408635000018208],[-88.099301000329348,44.408880999769821],[-88.099106000335681,44.409067000053362],[-88.098568000210335,44.409622999692729],[-88.096753999817764,44.411506000097162],[-88.095280000082127,44.412939999979585],[-88.09478499961449,44.413463000015788],[-88.094571000252557,44.41371300017336],[-88.094474000168191,44.413845000148847],[-88.09431199978647,44.414065000087554],[-88.094166000196608,44.414280999700509],[-88.093642000314972,44.41512900011525],[-88.093462000389906,44.415436000142265],[-88.093265999673022,44.415806999802811],[-88.093127999580759,44.416100000067701],[-88.092956999876534,44.416492999948524],[-88.092570000262242,44.417383999927083],[-88.092487000421571,44.417562999944884],[-88.09239399963684,44.417712999788748],[-88.092346999781157,44.417790000157979],[-88.09220000036639,44.417999000007434],[-88.092037000159763,44.418178999714989],[-88.09179399958721,44.418415000103224],[-88.091694000028099,44.41849200018963],[-88.091662000241044,44.41846099972539],[-88.091590000271012,44.418303000146466],[-88.091535999844353,44.418339000201769],[-88.091433999737092,44.41840900031719],[-88.091389000429558,44.418438999882682],[-88.091231000245813,44.418424000101886],[-88.091157999552578,44.418406000103168],[-88.091083000107815,44.418418999960188],[-88.090965000107047,44.418413999818107],[-88.090898999984788,44.418388000098865],[-88.090575000119699,44.418368999803235],[-88.090497000301895,44.418384000239776],[-88.090425000331862,44.418409999960751],[-88.090360000034536,44.41842000024522],[-88.090288000064518,44.4184360003118],[-88.090237999835793,44.418447999877657],[-88.090201999850805,44.418458999798354],[-88.090185999957271,44.418438000239618],[-88.090169000238831,44.418415000103224],[-88.090016000077952,44.418163999867481],[-88.089412999655295,44.417254999871972],[-88.08919000007252,44.416778000046641],[-88.089143000216865,44.416709999890486],[-88.089158000285465,44.416697000295109],[-88.089385999891121,44.416498000254919],[-88.089974000245164,44.415804999785003],[-88.090098999918638,44.415657000202756],[-88.091107000397258,44.414467000136021],[-88.091253999812039,44.414288999979838],[-88.092424999598975,44.412128999686807],[-88.089973000420258,44.412112000068305],[-88.089946999582665,44.412112000068305],[-88.089924000016438,44.412112000068305],[-88.087138999853508,44.412099000092482],[-88.086414999955323,44.412086000113767],[-88.087379999877911,44.411209000207357],[-88.087503999726479,44.411080000005796],[-88.087640000168918,44.410909999907517],[-88.087753999971724,44.4107319998337],[-88.087830000139718,44.410585000024042],[-88.087904999584453,44.410396999873157],[-88.087948000140486,44.410243000097985],[-88.087980999752446,44.410047999700922],[-88.087989000148369,44.409892000070236],[-88.087979000102621,44.409695999993822],[-88.087953999988272,44.409540000066016],[-88.087901000284816,44.409347999929182],[-88.087589999940207,44.408457999893429],[-88.084603999935794,44.40843699995181],[-88.084742999852963,44.408203000001002],[-88.085132999840312,44.40750699992914],[-88.086061999777897,44.405783999955709],[-88.086337000137505,44.405769000137632],[-88.087943999942524,44.405778000157326],[-88.087936000444927,44.406624000316732],[-88.090192999629963,44.406635999739443],[-88.092181999924733,44.406638999915614],[-88.095533999627023,44.406668999743566],[-88.097172000292517,44.405116000220197],[-88.092850999571311,44.405076000239923],[-88.092729000270893,44.405073999855126],[-88.092663000148676,44.405072999983588],[-88.091883999998885,44.405062000112039],[-88.091961999816704,44.404824999867742],[-88.091827000097481,44.404814999825483],[-88.089209000339096,44.404796000253903],[-88.089219000384844,44.403706999702273],[-88.087187000432394,44.403699999795805],[-88.087169999815643,44.403730999741967],[-88.086621999644549,44.404744000246502],[-88.086603000276284,44.404778999787595],[-88.086456999788112,44.40478299993552],[-88.085097999680201,44.404777999911012],[-88.08014500002065,44.404761000081209],[-88.080001999905505,44.404761000081209],[-88.080015000324309,44.401118000178357],[-88.076003000297916,44.401103999745025],[-88.076009000145689,44.402480000278508],[-88.074937999917893,44.402476999889032],[-88.074935000443148,44.403253999994597],[-88.07491500035168,44.408361999732222],[-88.069334999980001,44.408346000117831],[-88.068341999569995,44.411951999868506],[-88.068238999637842,44.412334000246105],[-88.067342000385594,44.415668999697253],[-88.067304999677376,44.415773999821155],[-88.067123000102498,44.415773000132525],[-88.066886000276028,44.415769000094507],[-88.067037999713676,44.415244999809126],[-88.067190999874555,44.414698999995018],[-88.067344000035419,44.414153000216302],[-88.067497000196298,44.413627999841829],[-88.06775900013713,44.412733000138239],[-88.067953000305877,44.411951000114541],[-88.067968000374506,44.411898000295885],[-88.068135999705675,44.411276999701634],[-88.068409000415471,44.410267999805711],[-88.068549999982466,44.409748000091184],[-88.068933000297093,44.408335000220006],[-88.064912999874792,44.408346000117831],[-88.064862999646081,44.408346000117831],[-88.06482500001124,44.408346000117831],[-88.064787000376413,44.408346000117831],[-88.064785999653182,44.407498000175522],[-88.064783000178451,44.404721999735742],[-88.064169999710046,44.404719999980621],[-88.064147000143819,44.404721999735742],[-88.060489000119773,44.404716999706018],[-88.060494000142626,44.407010000193324],[-88.060500999815318,44.407105000169715],[-88.06011400020104,44.407121000123517],[-88.059977999758587,44.407121000123517],[-88.059834999643456,44.407102999854303],[-88.05970300029729,44.407066000103491],[-88.05972099984065,44.40862599979635],[-88.056920999609062,44.40866299984387],[-88.056195999885986,44.408656999698991],[-88.056303000016101,44.408809999992066],[-88.056434000435658,44.409024999958227],[-88.056549000063384,44.409245000060622],[-88.056599000292124,44.409360000076553],[-88.05664799979759,44.409470000242862],[-88.056729999813356,44.409696999786341],[-88.056763000323642,44.409809999974108],[-88.057093999861436,44.409809999974108],[-88.058120999708308,44.409882000252466],[-88.058098999967015,44.410267000022962],[-88.057950999828989,44.410290999938084],[-88.057014000393806,44.410294999709038],[-88.056862999882753,44.410294999709038],[-88.056876000301543,44.410393999889727],[-88.056891000370172,44.410628999835573],[-88.056891000370172,44.410705000132069],[-88.056893000019983,44.411862000125268],[-88.056893999844888,44.412841000258446],[-88.056682000132781,44.412837999758743],[-88.055482999858455,44.412837999758743],[-88.054291999980023,44.412839999878031],[-88.054271999888556,44.412871999852094],[-88.052922999826393,44.414855000278756],[-88.05278300008429,44.415058999923161],[-88.049576999971862,44.413923999918744],[-88.044926000436092,44.412276999855962],[-88.043575999650727,44.411809999982353],[-88.04221099969503,44.411343999994216],[-88.04049599993499,44.413985000147264],[-88.040386000330116,44.41424100021262],[-88.04041300009429,44.414398999859145],[-88.040551000186568,44.414575999971454],[-88.040798999883677,44.414951000049086],[-88.040818000150239,44.414992000036676],[-88.040992000227519,44.41536499998039],[-88.041019999816612,44.415661000248427],[-88.040992000227519,44.415818999908197],[-88.040387999979941,44.417001999812918],[-88.040140000282818,44.417338000099235],[-88.039618000050993,44.417890000136175],[-88.039211000345219,44.418490000263652],[-88.03912299958337,44.418619999800548],[-88.037529000197139,44.420946999850102],[-88.038315999844514,44.42122299984495],[-88.038627000189138,44.421339000281471],[-88.038956999901998,44.421478000069982],[-88.039276999569154,44.421628000135719],[-88.039585000439047,44.421791000207079],[-88.039857000425599,44.421950999791839],[-88.040018000084089,44.421867000112535],[-88.040315000185004,44.421930000204092],[-88.041595999576785,44.420938999840118],[-88.041923999639849,44.421526999902802],[-88.04200300018087,44.421454999846247],[-88.042085000196636,44.421380000281147],[-88.042342000114601,44.421289000055168],[-88.042583999963938,44.421281999686443],[-88.042816999592432,44.421347999830061],[-88.042854000300665,44.421421000252074],[-88.042888999562464,44.421487999829708],[-88.042948999836923,44.421600999690327],[-88.043466000045854,44.422612000159702],[-88.044113999776044,44.421685999980966],[-88.044861000138781,44.420616999973177],[-88.046221000071597,44.418671000023643],[-88.046549000134661,44.418203000232957],[-88.046611000058931,44.4181129998438],[-88.046698000097578,44.417993000178768],[-88.047191999841971,44.417285999692332],[-88.047531999600608,44.416799999872637],[-88.047734999990197,44.416869000235643],[-88.047919999938117,44.416933999917305],[-88.048141999695957,44.417009999719994],[-88.048345999910481,44.417080999809436],[-88.048556999797682,44.416739999686023],[-88.048627000117861,44.416627999729144],[-88.049269999825199,44.415589000026308],[-88.051803999917993,44.416494000266503],[-88.052384999701033,44.415647999778187],[-88.05617599979449,44.415674000074119],[-88.056898999867769,44.415678999808833],[-88.059581999923466,44.415672999742114],[-88.05984700023734,44.41567200005175],[-88.059872000351703,44.41567200005175],[-88.059836000366687,44.416972999819933],[-88.058761999765835,44.416984999686029],[-88.058721999582858,44.419351999871765],[-88.058708000237459,44.419353999768255],[-88.058540999832886,44.419355000037235],[-88.056878999776274,44.419368999952098],[-88.056874999578312,44.419618999883404],[-88.056821000049965,44.42119599985417],[-88.056821999874856,44.421350999893164],[-88.056831999920618,44.423025999742265],[-88.056539000017636,44.427364000000587],[-88.056522000299211,44.427746999899675],[-88.05652300012413,44.428069999748267],[-88.056534999819689,44.428387999805921],[-88.056571999629611,44.428751999923023],[-88.056622999683242,44.429115999697792],[-88.056692000178515,44.429479000317414],[-88.056779000217176,44.429838999696727],[-88.057086000363839,44.430890999851542],[-88.056517000276344,44.430874999986131],[-88.055417999561115,44.430879999703969],[-88.054312000071519,44.430886000134635],[-88.05207500007964,44.430897000281071],[-88.049614999606689,44.430907999783948],[-88.049370000282622,44.430876000057985],[-88.04909800029607,44.430817999708253],[-88.048208999643109,44.430506999947902],[-88.046087000177295,44.429740999810925],[-88.045799000297194,44.429662000241592],[-88.046540999738738,44.430946999987533],[-88.046462999920934,44.430970999754429],[-88.046426999935917,44.430981999884878],[-88.046324999828656,44.43113199994076],[-88.041943999731345,44.429561999870273],[-88.041404999781079,44.429370000037743],[-88.040228000146357,44.428947000175896],[-88.038217999935213,44.428225000165959],[-88.035739999918931,44.427336000147363],[-88.035164999983664,44.427573000268332],[-88.034908999890618,44.427679000311876],[-88.034429000389892,44.428012999942418],[-88.034239000419106,44.428146999949192],[-88.034553000238461,44.428257000060292],[-88.037937999552739,44.429445000257886],[-88.037237000119092,44.430492000055843],[-88.036846000306824,44.431083999887797],[-88.037410000371452,44.431283000318111],[-88.039547999730814,44.432036000097533],[-88.042204999847243,44.432988000195117],[-88.042500000298361,44.432581000262189],[-88.043216999625528,44.432835000297473],[-88.043533999817924,44.432197999965219],[-88.043705000420459,44.432257000276692],[-88.044252999693228,44.432450999695817],[-88.043696000199645,44.43349800016825],[-88.043758000123901,44.433520000117277],[-88.044188000294213,44.433671000097789],[-88.044503999763393,44.433782000098091],[-88.044916000390359,44.433926999925269],[-88.04530100035484,44.43406299987862],[-88.045651999984116,44.433549000241506],[-88.045979000222246,44.433670000073761],[-88.046017999682007,44.433682999743922],[-88.046273999775053,44.433772999897847],[-88.046226999919369,44.433841000093288],[-88.046210000200944,44.433865999975453],[-88.046139000055831,44.433971000133468],[-88.045928000168644,44.434284000089939],[-88.045375999799589,44.435099999699148],[-88.044594000175096,44.436249000146674],[-88.044162000354945,44.436884000001257],[-88.04388100014755,44.437296999884907],[-88.047504000011529,44.438546000029419],[-88.047179000321492,44.439019000184537],[-88.046826000144094,44.439531999888935],[-88.044287999853324,44.438646999719602],[-88.043210999777742,44.438272000257321],[-88.043167000295128,44.438337999818927],[-88.042640000040436,44.439102000299599],[-88.042593000184752,44.439165999705082],[-88.041774999676932,44.438878999839204],[-88.039552999753681,44.438141000216589],[-88.03842999964732,44.439807000085288],[-88.038125000048794,44.440261000058698],[-88.037760000175822,44.440135000196555],[-88.037466000447949,44.440032999956401],[-88.036139000127093,44.439573999879045],[-88.035633999613708,44.439399000255555],[-88.034744999859086,44.439091999704658],[-88.033348999941254,44.438611999922941],[-88.0307050002436,44.437696000044163],[-88.030245999760979,44.437536999897304],[-88.029269000142804,44.438915999986023],[-88.027904000187121,44.440851999802113],[-88.0276499997439,44.441213000211718],[-88.023296000309074,44.439693000221581],[-88.016919000244286,44.437494999725793],[-88.016819999611769,44.437528000275428],[-88.016811000289266,44.437634000223937],[-88.016801000243504,44.43775300002779],[-88.016802999893329,44.437920999791046],[-88.016877000411498,44.438253999955769],[-88.01691699969615,44.438389000158018],[-88.016973999597553,44.438526999871307],[-88.017022000176453,44.438619000140491],[-88.017073000230084,44.438660000206838],[-88.017120999910659,44.438737999862475],[-88.017211000322334,44.4387950001124],[-88.017324000300249,44.438896000013571],[-88.017413999813613,44.438954000043019],[-88.017503000400382,44.439164999775024],[-88.017498000377515,44.439252000038465],[-88.017480999760764,44.4393259998362],[-88.017442000301031,44.439306000004088],[-88.017412999988707,44.439395999835916],[-88.017288000315233,44.439516999747731],[-88.017124000283701,44.439567999699072],[-88.01696600009997,44.439572999955978],[-88.016816000312133,44.439527000269877],[-88.016677000394949,44.439488000019608],[-88.016504000142589,44.439416000278619],[-88.016375000271154,44.439343999807498],[-88.016269999790865,44.439252000038465],[-88.016157999637883,44.439143000027016],[-88.016059999728569,44.438993000008331],[-88.01597299968995,44.438829999799438],[-88.015969000390299,44.438753000203725],[-88.015894000047226,44.438612999862407],[-88.015673999939182,44.438574000284866],[-88.015533000372216,44.438574000284866],[-88.015232999898245,44.438794000175996],[-88.015123000293386,44.438929999706083],[-88.015063000018927,44.439117999836817],[-88.015031000231872,44.439226999894892],[-88.015007999767334,44.439266000319378],[-88.014849999583589,44.439376000027821],[-88.014703000168808,44.439433000296738],[-88.014658999787883,44.439445999967688],[-88.014549000183024,44.439498999829723],[-88.014355000014262,44.439595000183473],[-88.014257999929882,44.439710000159145],[-88.014242000036361,44.439854000110614],[-88.014274999648322,44.439922000285037],[-88.014303000135726,44.440010999893822],[-88.014354000189371,44.440054000095856],[-88.014375999930664,44.440129999987697],[-88.014364000235105,44.440239000082016],[-88.014355000014262,44.440333000041193],[-88.014266000325819,44.440418999939631],[-88.014171999716154,44.440490999727416],[-88.01398599994333,44.440606999768974],[-88.013929999866832,44.440698999969939],[-88.013886000384218,44.440812999794893],[-88.014001999836836,44.440938000219333],[-88.014089999700388,44.441010000008916],[-88.014258999754801,44.441072999992535],[-88.014417999763452,44.441104000010405],[-88.01469399994798,44.441252999846213],[-88.014904000010262,44.441414999817638],[-88.015018999638002,44.441542000015595],[-88.015144000209787,44.441679000091291],[-88.015162999578038,44.441841000164231],[-88.015175000171908,44.441864000062921],[-88.015108000224771,44.441985999876209],[-88.015037999904578,44.442056999776426],[-88.014955999888812,44.442108000076118],[-88.014841000261086,44.442171000158424],[-88.014724000085209,44.442209000022544],[-88.014662000160925,44.442240999956447],[-88.01450399997718,44.442288999824434],[-88.014278000021378,44.442339000045813],[-88.014028999601038,44.442392999723801],[-88.013934000064793,44.442415000172119],[-88.013790000124729,44.442467000032842],[-88.013682000169709,44.442549999739221],[-88.013621000070344,44.442622999978532],[-88.013619000420519,44.442706000104643],[-88.013688000017495,44.442775999902956],[-88.013773000406317,44.442846000258776],[-88.013888000034044,44.442881999950984],[-88.01392300019414,44.44289299976348],[-88.014181999761902,44.442932000306264],[-88.014540999787087,44.44293499990291],[-88.014642999894363,44.442933000171791],[-88.014717000412531,44.442916999755241],[-88.01485100030682,44.442901999841681],[-88.015033999706617,44.442847000125816],[-88.015062000194007,44.442856000211151],[-88.015108000224771,44.442851000235173],[-88.015181999844614,44.442851000235173],[-88.015254999639538,44.4428650002951],[-88.015315999738917,44.442881000084583],[-88.0153719998154,44.442910000052585],[-88.015432999914779,44.442943000109288],[-88.015449999633205,44.442966000215506],[-88.015471000447917,44.44299199990644],[-88.015485999618221,44.443025999780772],[-88.015495999663969,44.443048999854305],[-88.015503000234972,44.443105999746621],[-88.015511999557503,44.443151999821659],[-88.015511999557503,44.443210999976444],[-88.015490999641102,44.443267999710692],[-88.015464999701834,44.443325000030633],[-88.015421000219206,44.443384999868549],[-88.015362999594586,44.443438999862373],[-88.015329999982612,44.443459000203731],[-88.015194000438484,44.443546999700303],[-88.015151999707371,44.443594999777929],[-88.015068000041794,44.443689999962345],[-88.014958000436934,44.44376799995775],[-88.014941999645089,44.443741000119132],[-88.014939999995264,44.443832999874338],[-88.014871000398301,44.443917999902844],[-88.014862000177487,44.443929000161567],[-88.01482199999451,44.444035999888264],[-88.014818999621454,44.444114000063045],[-88.01485100030682,44.444206999715966],[-88.0149330003226,44.444239999681386],[-88.015020000361218,44.444290000156983],[-88.01510400002681,44.444306000197528],[-88.015216000179805,44.444323999917273],[-88.015350000074093,44.444339999948475],[-88.015463000051994,44.444334000257967],[-88.015586000075643,44.444303000029933],[-88.01568999983273,44.444266999930669],[-88.015807999833513,44.444198999682676],[-88.015914999963627,44.444144999750023],[-88.016015000421049,44.444032999706806],[-88.016119000178122,44.44390999982997],[-88.016159000361085,44.443840999957757],[-88.016118000353217,44.443512000273493],[-88.016167999683617,44.443351000203108],[-88.016224999585035,44.443224999950104],[-88.016243999851596,44.443183000019118],[-88.016453000088973,44.443132000016561],[-88.016631000364185,44.443150999959826],[-88.016852000297149,44.443207999752616],[-88.01696500027505,44.44331500015857],[-88.017058999986361,44.44340399972954],[-88.01718299983493,44.44358900001091],[-88.017231000413815,44.443701000264014],[-88.017253000155137,44.443874000129867],[-88.017249999782081,44.443986999684114],[-88.017243999934308,44.444036999734948],[-88.017237000261616,44.44412900030671],[-88.017186000207985,44.444391000179152],[-88.017110000040006,44.444560999771362],[-88.017019999628317,44.44473500013185],[-88.016908000373633,44.444878999883443],[-88.016773999581019,44.445051000279463],[-88.016805000441465,44.44506199968351],[-88.016867000365764,44.445082999939338],[-88.016944000358649,44.445109999799044],[-88.02039700034328,44.446314000001436],[-88.024133000185159,44.447639999948152],[-88.029952999858025,44.449663000041063],[-88.030477999564582,44.449846000244534],[-88.031510000332645,44.450207999967219],[-88.034560999736058,44.451277000008027],[-88.037566000007047,44.452329000253314],[-88.03779699998573,44.452410000007063],[-88.038072000345352,44.452506000305981],[-88.038880999734019,44.452790999882993],[-88.040203999856928,44.45325699974336],[-88.041510000261368,44.45371600004249],[-88.042852999577448,44.454184000203846],[-88.041981000439577,44.455428999801079],[-88.041152999886023,44.456623000020301],[-88.040483000414497,44.457589000001327],[-88.040299000291483,44.457853999884342],[-88.04024099966685,44.457937999777691],[-88.04986900004991,44.461355999874584],[-88.051623999992941,44.461949000057267],[-88.05152799973348,44.462068999878291],[-88.051864000192438,44.462187999916708],[-88.051748999666401,44.462299999768966],[-88.051466999634115,44.462574999851533],[-88.051327999716932,44.462710999796023],[-88.051305000150705,44.462733999811853],[-88.051181000302151,44.462853999942737],[-88.050983999760348,44.463046000023837],[-88.050905999942529,44.463123000296356],[-88.053229999973041,44.463921000287627],[-88.053403000225416,44.463991000306329],[-88.053460000126819,44.464012000167351],[-88.055603000407345,44.464791000237653],[-88.055831999837906,44.464872000015376],[-88.057358000350391,44.462710000268999],[-88.057770999903937,44.46212400008779],[-88.058435000425987,44.462351999879239],[-88.0592949998683,44.46264800006854],[-88.059557999634023,44.462739000009236],[-88.062560000430295,44.463770999781666],[-88.064416999582235,44.464409000301316],[-88.065026999677613,44.46462400030952],[-88.065384999877892,44.464749999919491],[-88.065481000137353,44.464618000138124],[-88.065590999742227,44.464524000150732],[-88.065732000207532,44.464441999751692],[-88.065841999812392,44.464355999959992],[-88.065990999775309,44.464290999802259],[-88.066137000263481,44.464223999928848],[-88.066267999784728,44.464181000208839],[-88.066429000341515,44.464151999902661],[-88.066553000190083,44.464168999774365],[-88.066647999726342,44.464207000073159],[-88.066712000198763,44.464231999783813],[-88.066995999880874,44.464364999936649],[-88.067104999660813,44.464414999853084],[-88.067317000271245,44.464514000061321],[-88.067446999967586,44.464585000146165],[-88.067626000067733,44.464700999782941],[-88.067845000350857,44.464864999738275],[-88.067996999788491,44.46501100012393],[-88.068323000201744,44.465286999741238],[-88.068494999730873,44.465406999753213],[-88.068744000151213,44.465537000075464],[-88.068806000075483,44.465571000289536],[-88.068862999976901,44.465602000128044],[-88.069156999704774,44.465716000075012],[-88.069236000245823,44.465767000232283],[-88.069493999988666,44.465856999684611],[-88.069584000400354,44.465889000126019],[-88.069754000279673,44.465964000270475],[-88.069987999733073,44.466027999736269],[-88.070224999559528,44.466085000283293],[-88.070406000207825,44.466126000304875],[-88.070583999584741,44.466132999789714],[-88.070634999638372,44.46613799969596],[-88.070744000316623,44.466126999773415],[-88.07095600002873,44.466095000103586],[-88.071209999573625,44.466009000182652],[-88.071443999925364,44.465935000208937],[-88.071689000147728,44.46584900005233],[-88.071986000248657,44.465723999725505],[-88.072180000417418,44.465630000236878],[-88.072403000000179,44.465519999961025],[-88.072567999856616,44.465422000298339],[-88.072750000329819,44.465315000001155],[-88.072852000437067,44.465230999822211],[-88.072967999889713,44.465121000076728],[-88.073069999996946,44.465073999865815],[-88.073254999944879,44.464848000069203],[-88.073357999877047,44.464695999753609],[-88.073444999915679,44.464501000198972],[-88.073470999854948,44.46437399991197],[-88.073478000425965,44.464234000067933],[-88.073491999771349,44.464194000142449],[-88.073491999771349,44.464149000113345],[-88.073500999992177,44.464097999824695],[-88.073501999817083,44.464052999721638],[-88.073491999771349,44.464007000079015],[-88.073507999664869,44.463973000236265],[-88.073506000015044,44.463964000199127],[-88.07348000007579,44.463851999692409],[-88.073475000052909,44.463787000255728],[-88.073459000159389,44.463733999990829],[-88.073412000303719,44.46364799979721],[-88.073382999991409,44.463454000102978],[-88.073346000181488,44.463304999837305],[-88.073357999877047,44.463231999800726],[-88.073382999991409,44.463198000147756],[-88.073382999991409,44.463166000154558],[-88.073418000151506,44.463091000262047],[-88.07347900025087,44.462957999771213],[-88.073538999627019,44.462821999760983],[-88.073582000183023,44.462705000069136],[-88.073630999688518,44.462629000055976],[-88.07363700043463,44.462607000168667],[-88.07363700043463,44.462596000221922],[-88.073644000107322,44.462580000062516],[-88.0737429998415,44.462458999837104],[-88.073845999773667,44.462409999701016],[-88.073879000283952,44.462379000090841],[-88.07439399994476,44.462153000119159],[-88.074420999708934,44.462140999908947],[-88.074613000227885,44.462072999953534],[-88.074717999809863,44.462040999984843],[-88.074921000199453,44.46198299979649],[-88.075075000185237,44.461944999973475],[-88.075202000406847,44.461910000030258],[-88.075291999920225,44.461872999701107],[-88.075405999723046,44.461827000264172],[-88.075532000119736,44.461754999846278],[-88.075623000356316,44.461688999812608],[-88.075737999984071,44.461649000066764],[-88.075854000334999,44.461557999709342],[-88.075880000274282,44.461513000212911],[-88.075907999863361,44.461449999833867],[-88.075897999817613,44.461361999740106],[-88.075865000205653,44.461275999899165],[-88.075826999672515,44.461205999830739],[-88.07577800016702,44.461118000010359],[-88.075746000379979,44.461046000000358],[-88.075727999938309,44.460992999811637],[-88.075700000349229,44.460934000307034],[-88.075688999580251,44.460843000117492],[-88.075686999930426,44.460761999878763],[-88.075707000021907,44.460697999768968],[-88.075737999984071,44.460646000109008],[-88.075824000197784,44.460512000253885],[-88.075896999992707,44.460387000040029],[-88.07596800013782,44.46030500024164],[-88.076045999955625,44.460205999948492],[-88.076113999727681,44.460120999899608],[-88.076183000222969,44.460059999727925],[-88.076235999926425,44.460002999709587],[-88.076296000200884,44.459925000235522],[-88.076306000246618,44.459901999754187],[-88.076327000163033,44.459883000130311],[-88.076352000277382,44.459810000302937],[-88.076396999584901,44.459737999962265],[-88.076459000407496,44.459710999811641],[-88.076503999715015,44.459666000173939],[-88.076537000225315,44.45962599968329],[-88.076599999974505,44.459556000201253],[-88.076652999677933,44.459484000188546],[-88.076703999731578,44.459427999832293],[-88.076749999762328,44.459378000132858],[-88.076806999663731,44.4593169998261],[-88.076849000394844,44.459260999950807],[-88.076895000425594,44.459200999750117],[-88.076949999778861,44.459150999856291],[-88.077011999703132,44.459060000093601],[-88.07708700004622,44.458972999835538],[-88.077158000191332,44.458900000152838],[-88.077219000290697,44.4588219998464],[-88.077251999902671,44.458769999797951],[-88.077313000002022,44.458671999704073],[-88.077396999667627,44.458599000286235],[-88.077477999858459,44.458548999876903],[-88.07757599976776,44.458515000061418],[-88.077631000019338,44.458497000226515],[-88.077769999936521,44.458463999980488],[-88.077902000180984,44.458447999971028],[-88.078050000318996,44.458417999781261],[-88.078181999665162,44.458383999889449],[-88.078271000251931,44.458348999735065],[-88.078353000267697,44.458314000200794],[-88.078416000016901,44.458277999760355],[-88.078472000093385,44.458240000090633],[-88.07852599962176,44.458191000260669],[-88.078543000238511,44.458170000229345],[-88.078586999721111,44.458113999895211],[-88.078625000254277,44.458061000250815],[-88.078674999584678,44.45801700023123],[-88.078787999562564,44.457726999884784],[-88.078831999943503,44.457612999725676],[-88.078852000034985,44.457562000139291],[-88.078930999677709,44.45735699980596],[-88.078945999746296,44.457322999937553],[-88.078956999616963,44.457290000310373],[-88.078999000348063,44.457180999971463],[-88.079057999899305,44.457201000095992],[-88.079278999832241,44.457275000240507],[-88.079473000001002,44.457369999976692],[-88.079667999994669,44.457465999816328],[-88.079887000277793,44.457534000007939],[-88.079966999745409,44.457559000011365],[-88.080007999753306,44.457572000137112],[-88.080073999875538,44.457577999750285],[-88.080170999959932,44.457595999868502],[-88.080239999556895,44.457607999730484],[-88.080315999724888,44.457613999981156],[-88.080396999915735,44.457603999990482],[-88.08049200035029,44.457582999748084],[-88.080567999619944,44.457542000138467],[-88.080622000046631,44.457475000213947],[-88.080628999719323,44.457455999800302],[-88.080644999612844,44.457413999842615],[-88.080659999681473,44.457324999817232],[-88.080659999681473,44.457221999834616],[-88.080632999917285,44.457138999816024],[-88.080638999765071,44.457056999944427],[-88.080641000313207,44.456993999886727],[-88.080642000138113,44.456944000026567],[-88.080673999925168,44.45688599990438],[-88.080704000062397,44.456844000177917],[-88.080743000420441,44.456808000113519],[-88.080801999971683,44.45677300029682],[-88.080856000398356,44.456751999755511],[-88.080888000185411,44.456756000195085],[-88.080920999797371,44.456759999993132],[-88.080974000399138,44.456780000261858],[-88.081017000056832,44.456818000240517],[-88.081063999912502,44.456861999881184],[-88.081142999555212,44.456918999759878],[-88.081187999761056,44.456952999863482],[-88.081256000431438,44.456990000104653],[-88.081350000142777,44.457024999791287],[-88.08140700004418,44.457048000123542],[-88.08143800000633,44.457060999721904],[-88.081574000448754,44.457147000000617],[-88.081709000167976,44.457201000095992],[-88.081740000130111,44.457128999743993],[-88.081762999696338,44.457133000157746],[-88.081812999925035,44.457130000007766],[-88.081945999994446,44.45693700008124],[-88.082322999562976,44.456395000298386],[-88.08247900009691,44.456392999745688],[-88.082763999603955,44.456392000110505],[-88.083148999568408,44.456390999834085],[-88.084512999699186,44.456406999765981],[-88.084506000026479,44.456544000245586],[-88.084499000353802,44.45668799973862],[-88.084494000330935,44.456792000291543],[-88.086378000145388,44.456816999971394],[-88.086753999889027,44.456868000208516],[-88.087123999784879,44.456914999972682],[-88.087251000006489,44.456933000295265],[-88.087753000146819,44.457003999981822],[-88.08781900026905,44.456913000078991],[-88.08786600012472,44.456846999701376],[-88.08794599959235,44.45680499994684],[-88.087959000011139,44.456796999715394],[-88.088015999912557,44.456768000229708],[-88.088017999562382,44.456640000160803],[-88.088206999708248,44.456497000182807],[-88.088273999655414,44.456464999722783],[-88.088385999808395,44.456388000287205],[-88.088911000413262,44.456098000186032],[-88.089304999700261,44.455910999839013],[-88.089488999823274,44.455822999732526],[-88.090884999741093,44.45515700029582],[-88.090934999969804,44.455133000203226],[-88.090984000373609,44.455109000100705],[-88.091068000039201,44.455341999903801],[-88.091083000107815,44.455384000069373],[-88.091124000115684,44.455498999742233],[-88.091309999888551,44.455465000074419],[-88.091283000124349,44.455391999853241],[-88.091261000383057,44.455330000217359],[-88.091235000443774,44.455256999827419],[-88.091148000405155,44.455017000150868],[-88.09122600022296,44.454968000181154],[-88.091302000390925,44.454917999868719],[-88.091375000185877,44.454866000190826],[-88.091446000330976,44.454811999859814],[-88.091514000103032,44.454756000152493],[-88.091579000400358,44.454699000086116],[-88.091642000149562,44.454639999992537],[-88.091700999700791,44.454580000173131],[-88.091757999602194,44.454518000316376],[-88.091811000203961,44.454455000084216],[-88.091864999732323,44.454385999843623],[-88.09191499996102,44.454315999850721],[-88.092099999908953,44.454098000049882],[-88.092337999560343,44.45401799974826],[-88.092728000445987,44.454137000165233],[-88.092859999792154,44.45417800024191],[-88.09308499992305,44.454245999773967],[-88.094065999739186,44.454474000191922],[-88.094936999950448,44.454788999929292],[-88.09506800037002,44.454836999746163],[-88.095125000271423,44.454855999729588],[-88.095183999822652,44.454769000261095],[-88.095253000317953,44.454666999923191],[-88.095309000394451,44.454638000020886],[-88.095398999907829,44.45459000004044],[-88.095417000349471,44.454565000048348],[-88.095427000395219,44.454534000120233],[-88.095434999892817,44.454476999837127],[-88.095429999869964,44.454430000034371],[-88.095446999588404,44.454362000075335],[-88.095454999984327,44.454290999741332],[-88.095486999771381,44.454219000289847],[-88.095516999908583,44.454151000085162],[-88.095555000441735,44.454088000098317],[-88.095566000312388,44.45403199969671],[-88.095567000137322,44.4539699998994],[-88.095562000114441,44.45391099971053],[-88.09554000037312,44.45385800009867],[-88.095521999931464,44.453840000110681],[-88.09549500016729,44.453838000111638],[-88.095413999976429,44.453826999795254],[-88.09536700012076,44.453824999795778],[-88.095224999830549,44.453866999769978],[-88.095152000035597,44.453914999703485],[-88.095053000301419,44.453977000200446],[-88.094998000049827,44.454011999769314],[-88.094889000269887,44.454068000190091],[-88.094813999926799,44.454102000030034],[-88.094747999804568,44.454109000315256],[-88.094731000086142,44.454109000315256],[-88.094628999978895,44.454084999791895],[-88.094561000206824,44.454060999899959],[-88.094500000107445,44.454033000013553],[-88.094460999749387,44.454017000072419],[-88.094403999847984,44.453991999835019],[-88.094324000380354,44.453953999941014],[-88.094270999778587,44.453929999995239],[-88.094218999900065,44.453906000039602],[-88.094189999587741,44.453874999761659],[-88.094172000044381,44.453854000101799],[-88.094132999686323,44.4538069997976],[-88.094116999792817,44.453786999793145],[-88.094117999617708,44.453766000101652],[-88.094119000340953,44.453744999761405],[-88.09412199981567,44.453734000068707],[-88.094129000386687,44.453714000039255],[-88.094146999930032,44.453685000304937],[-88.094166000196608,44.453651999904274],[-88.094177999892182,44.453635000176426],[-88.094198999808583,44.453623999821758],[-88.094228999945798,44.453609000092669],[-88.094291999694988,44.453580000306218],[-88.094341999923699,44.453558000215388],[-88.094382999931582,44.453538000125604],[-88.09442200028964,44.453518000029021],[-88.094481999665788,44.453487000186364],[-88.094529000419769,44.453463000048615],[-88.094565000404785,44.453444000253214],[-88.094608000062493,44.453422000111154],[-88.094634000001747,44.453412000043826],[-88.094654000093243,44.453403999988772],[-88.094681999682322,44.453391999904099],[-88.094710000169741,44.453389000203167],[-88.094757999850316,44.453383000159548],[-88.094777000116892,44.453383000159548],[-88.094860999782469,44.453373999772417],[-88.09487800039922,44.45336900005551],[-88.094946999996196,44.453348000213751],[-88.094993999851866,44.453334000101272],[-88.095002000247788,44.453324999706588],[-88.095035999684654,44.453280000277303],[-88.095053000301419,44.45323799988094],[-88.095060999799017,44.45321799968162],[-88.095060999799017,44.453202000158448],[-88.095061999623923,44.453127999982236],[-88.095061999623923,44.453103999696999],[-88.095050999753269,44.453084000092979],[-88.09502200033927,44.453036999810323],[-88.0950099997454,44.453030000037856],[-88.094967999912598,44.452998999936106],[-88.094875000026178,44.452988000102948],[-88.094794999660223,44.452979999989751],[-88.094738999583726,44.452969999846786],[-88.094630999628706,44.452923999808164],[-88.094556000183943,44.452914000296822],[-88.094444999855867,44.452904000142503],[-88.094408999870851,44.452896000017844],[-88.094382000106663,44.452830000229937],[-88.094365000388223,44.452779000313612],[-88.094355000342489,44.452737999895945],[-88.094306999763603,44.452699999827225],[-88.094274999976548,44.452667000152466],[-88.094228999945798,44.452624000256804],[-88.094182999915049,44.452601000105801],[-88.094151000127994,44.452584999772341],[-88.094120000165859,44.452545000201994],[-88.094057000416655,44.452513000141266],[-88.093965000355155,44.452496999783683],[-88.093869000095694,44.4525009998735],[-88.093809999646155,44.452507999709383],[-88.093783999706872,44.452519999975699],[-88.093757999767604,44.452515999887183],[-88.093725999980549,44.452509999753921],[-88.093695000018414,44.452504999963047],[-88.093667000429321,44.452500000171689],[-88.093638999941916,44.452485999855924],[-88.093618000025515,44.452463999994229],[-88.093592000086247,44.452450000311082],[-88.093568999621723,44.452436999686284],[-88.093481999583076,44.452383000315365],[-88.093469000062612,44.452373999774125],[-88.093453000169077,44.452351000165869],[-88.093439999750274,44.452342000260948],[-88.093433000077596,44.452327999907311],[-88.093427000229823,44.452303999934557],[-88.093428999879649,44.452275000141334],[-88.093438999925382,44.452216999870423],[-88.092775000301657,44.451987999907566],[-88.091853999861669,44.451419999943646],[-88.09176099997525,44.451237999906532],[-88.09176000015033,44.451228000106511],[-88.091315999736324,44.451072999780884],[-88.091179000367291,44.451025000076513],[-88.090833999687476,44.450904000272701],[-88.091006000114916,44.450649000172618],[-88.091782999716557,44.449503000003148],[-88.09183999961796,44.449417999764641],[-88.092053999878203,44.449104000315835],[-88.092308000321424,44.448728999995893],[-88.092616000292992,44.448290000232163],[-88.093431000427785,44.447131999862464],[-88.093575000367821,44.446918000011102],[-88.094007000187958,44.4462790003085],[-88.094809999728838,44.445104000187577],[-88.095234000051377,44.444483000193415],[-88.09563699955919,44.443904000095301],[-88.096783000130074,44.442207000266592],[-88.097279000422631,44.441512000119978],[-88.097825999870494,44.440733999799214],[-88.097952000267185,44.440535000124143],[-88.098183000245868,44.44017100027655],[-88.098517000156718,44.439715999683123],[-88.098769999876694,44.439342999880495],[-88.099318000047788,44.438788999852434],[-88.099629000392412,44.4385069997657],[-88.09998599986946,44.438158999911593],[-88.100160999771646,44.438022999869766],[-88.100400999971171,44.437836000016979],[-88.100897000263714,44.437497000284409],[-88.102027999867673,44.436783999800092],[-88.102174000355859,44.436692999821133],[-88.104386000233362,44.435317999849794],[-88.105054999879968,44.434888000037866],[-88.107730000438067,44.433204999853515],[-88.108439000267637,44.432757999857884],[-88.110057999768244,44.431758999778431],[-88.111782999574032,44.430695000236021],[-88.111339000058337,44.430721999688593],[-88.111256000217651,44.430728000135474],[-88.11105100017825,44.43075099991831],[-88.11071999974213,44.430788000079872],[-88.110527000296585,44.430824000145279],[-88.110583000373111,44.430713000300081],[-88.110482999915661,44.430721000255538],[-88.110422999641216,44.430713999733271],[-88.110318000059237,44.430702000119012],[-88.110286000272183,44.430701000044181],[-88.110107999996941,44.430662000317881],[-88.110089999555271,44.430650000051493],[-88.110062999791097,44.430630999891889],[-88.110046999897577,44.430622999924168],[-88.109964999881811,44.430600000090962],[-88.109918000026155,44.430593000195692],[-88.109875000368433,44.430594999707651],[-88.109834000360564,44.430601000167528],[-88.109795000002492,44.430610000214777],[-88.109754999819515,44.430626000152742],[-88.109719999659433,44.430645999748322],[-88.109239000333801,44.430684000051556],[-88.109105000439499,44.430701000044181],[-88.109047999639785,44.430704999702087],[-88.108578000184821,44.430713999733271],[-88.108573999986859,44.430662999751988],[-88.109237999610585,44.430454999706846],[-88.109654000435498,44.430116000134923],[-88.110519999725597,44.42973399981279],[-88.110841000115968,44.429695000082795],[-88.111867000137934,44.429573999718585],[-88.113011999985602,44.429009999694195],[-88.113622999905886,44.428722999984423],[-88.115132999626525,44.427974999827121],[-88.11580899984412,44.427640999979438],[-88.116407000243925,44.427264999680482],[-88.116630999651591,44.427123999907096],[-88.117065999844783,44.426849999825208],[-88.117582000228822,44.426526000145543],[-88.120363000193805,44.424779000042349],[-88.125704000190879,44.421423000077795],[-88.126361000141898,44.421009000050766],[-88.126517999602413,44.420909999874979],[-88.126849999863438,44.420696999822766],[-88.127173999728555,44.42047999992041],[-88.127491999745857,44.420257999869875],[-88.127803000090481,44.420029999998327],[-88.127910000220609,44.41994800000159],[-88.128107999689021,44.41979800011687],[-88.128400999591975,44.419564999691048],[-88.128687999647155,44.419325999928041],[-88.131229000310952,44.417176999775229],[-88.131439000373234,44.416982000040548],[-88.131810000093992,44.416640000307652],[-88.132436000082905,44.416059000215306],[-88.132533000167271,44.415970000061257],[-88.132799000306051,44.415723000279499],[-88.133092000209018,44.415451000047952],[-88.132824000420413,44.415329999715247],[-88.130410999803118,44.41401200025966],[-88.128942000090362,44.413208999859691],[-88.12860399998155,44.41302500002768],[-88.129038000349823,44.412646999923638],[-88.129896999967229,44.41190100020215],[-88.130288999604389,44.412119000251508],[-88.132060000339251,44.413090000132144],[-88.132451999976411,44.412728999892281],[-88.132725999612816,44.412476999888412],[-88.132927000352581,44.412294000068208],[-88.134131999576368,44.41295499988378],[-88.134505999670182,44.412606999959813],[-88.132997999599368,44.411773999757564],[-88.132015999958327,44.411231999969623],[-88.131589999985962,44.410745999887972],[-88.131365999679986,44.410489999924351],[-88.131952000384231,44.409946999999853],[-88.132857000032359,44.410452999749189],[-88.134500999647329,44.408936999813896],[-88.135908000334112,44.409724999745336],[-88.136151999833274,44.409861999970126],[-88.13634299962898,44.409968000041012],[-88.136791000240947,44.410216999954294],[-88.137078000296128,44.4103559998726],[-88.14077399995503,44.406935999908931]],[[-88.089041000109617,44.416799999872637],[-88.087902000109736,44.417790999812119],[-88.086938000012026,44.418454000301324],[-88.083008999826333,44.421247999991678],[-88.081930999925817,44.421777000230563],[-88.081824999620608,44.421833999701391],[-88.080739000222493,44.422336999882745],[-88.080263000021432,44.422625999936265],[-88.080138000347958,44.42269000006344],[-88.07926299993872,44.423172999716222],[-88.078955999792072,44.423343000093737],[-88.078780000064967,44.423455000019501],[-88.078662000064185,44.423530999686541],[-88.078445000329197,44.423668999842384],[-88.078137000357643,44.423863999730308],[-88.07763699986711,44.424408000210263],[-88.077584999988588,44.424493000269081],[-88.077502999972822,44.424686000260607],[-88.077352000360079,44.425072999786451],[-88.077047999688148,44.42585200028163],[-88.077020000099068,44.425959999908905],[-88.076697999883777,44.426732999916375],[-88.07614100039018,44.427774000072532],[-88.075332000103188,44.428822999866703],[-88.074320000324917,44.42983399988983],[-88.07300700024777,44.43083899995213],[-88.072330000205255,44.431169999928009],[-88.071802000125658,44.431591000260653],[-88.071518000443518,44.432066999778336],[-88.071218999794468,44.432492000241197],[-88.070996000211707,44.43282599995144],[-88.070463000109228,44.433771999875553],[-88.070241000351388,44.434497000028003],[-88.069406999950033,44.436649999711264],[-88.069328000307308,44.436800999942555],[-88.068996000046283,44.437360000023666],[-88.067940999711993,44.436984000031238],[-88.067748000266477,44.436912999738894],[-88.066411999724764,44.436423000247729],[-88.066681000236599,44.43576900010143],[-88.067138999996004,44.434746000046445],[-88.067503000044098,44.433900000028935],[-88.067749999916288,44.433329999876285],[-88.06783699995492,44.433131000001445],[-88.067999000336641,44.432805999818932],[-88.065327000151584,44.43174200009355],[-88.0645410003291,44.432117999817429],[-88.063140000388415,44.432790999875451],[-88.062601000438164,44.433050999847879],[-88.062658000339567,44.432838999809398],[-88.062697999624234,44.43269099972607],[-88.06279200023387,44.432350000200898],[-88.06282499984583,44.432228000152755],[-88.062849000135287,44.432140000285955],[-88.063336000207002,44.431902000026042],[-88.064876000064885,44.431158999832952],[-88.06514200020365,44.431028999952375],[-88.065568000176015,44.430819999853966],[-88.0657099995679,44.430746000189423],[-88.066280000378612,44.430415999816447],[-88.067006999751541,44.430423999812554],[-88.067670000448658,44.430423999812554],[-88.069023999635391,44.430431999807517],[-88.06925600033729,44.42989799982368],[-88.069575000179512,44.429103000294731],[-88.069448999782821,44.428775999949778],[-88.069868999907385,44.428481000113081],[-88.070062000251227,44.428032000311561],[-88.069792999739406,44.427921000296095],[-88.069577999654243,44.427832000235448],[-88.069913000288324,44.427415000294474],[-88.070213999688875,44.427033999778352],[-88.070377999720407,44.42682799993154],[-88.070401000184944,44.426798999679903],[-88.070113000304872,44.426793000112731],[-88.070504999942031,44.426297999698349],[-88.070617000095012,44.426154999853246],[-88.070977999770037,44.425698000147229],[-88.071017999953014,44.425647999799693],[-88.072019999685551,44.424383000131741],[-88.070689000065045,44.423841999995936],[-88.071033000021615,44.423169999746669],[-88.070726999699872,44.423157999866746],[-88.069685999609291,44.423144000217633],[-88.069099999803356,44.423132999895202],[-88.06750399986899,44.423110999885736],[-88.067504999693909,44.422929000189818],[-88.067507000242045,44.422718000217394],[-88.067524999785391,44.421633000002934],[-88.067544999876858,44.420497999922247],[-88.068755999846772,44.420505999992578],[-88.068813999573095,44.42050799984959],[-88.068816999946137,44.420780000296844],[-88.07386000001739,44.420806000235594],[-88.073879000283952,44.419567000221868],[-88.074748999772012,44.419572999889034],[-88.074761000365882,44.419093000187708],[-88.076483999623548,44.419093000187708],[-88.076139999666964,44.419545999777839],[-88.076442999615665,44.419523999701816],[-88.076230999903558,44.419789999949678],[-88.076637999609346,44.41976299993869],[-88.076998000357747,44.419847000074519],[-88.07733999976621,44.419927999953686],[-88.077681000248049,44.419902000266049],[-88.077897000158131,44.419885999959021],[-88.077764000088735,44.419401999829731],[-88.077742000347413,44.419312000002883],[-88.078267999878889,44.419199999839506],[-88.079966999745409,44.418508999878384],[-88.082023999812222,44.418490000263652],[-88.082373999616621,44.418487999695984],[-88.082798999764037,44.418399000030846],[-88.084121999886932,44.418119999950321],[-88.084745000401099,44.417686999757841],[-88.084849999983092,44.417579999903737],[-88.085392000306371,44.41705700011417],[-88.085464000276403,44.416752999913491],[-88.085491999865496,44.416615000115542],[-88.085559999637553,44.41637300016707],[-88.085680000186471,44.416140999891297],[-88.085708999600485,44.416057999889944],[-88.085723999669085,44.415933000144825],[-88.087410999840046,44.415957000301425],[-88.089041000109617,44.416799999872637]]],[[[-88.064784000003357,44.393933000143051],[-88.064784000003357,44.393823000287384],[-88.062110000168488,44.393821000159718],[-88.059728000411653,44.393819000031989],[-88.05972000001573,44.397446999949992],[-88.061750000318369,44.397446999949992],[-88.061666999579387,44.397368999751052],[-88.061649000036041,44.397251999899495],[-88.061658000256855,44.397241999846486],[-88.061674999975295,44.397227999769342],[-88.061695999891683,44.397209000301224],[-88.061725000204007,44.397192000197549],[-88.061766000211904,44.397167000036177],[-88.061792999976078,44.397146999899334],[-88.061844000029708,44.397118999696353],[-88.061865999771001,44.397105000231647],[-88.061878000364899,44.397095000153506],[-88.061912999626671,44.397078000016712],[-88.061935000266303,44.397067999933959],[-88.061967999878277,44.397037000308394],[-88.062012000259202,44.396988999861925],[-88.062034999825428,44.396963000245499],[-88.062050999718934,44.396922999825591],[-88.062100999947646,44.396907000291847],[-88.062126000062008,44.396882000008659],[-88.062141999955543,44.396864999810035],[-88.062155000374347,44.396851000284556],[-88.06219300000916,44.396825999977487],[-88.062223999971309,44.396801000301572],[-88.062237000390084,44.396790000158376],[-88.062275000024911,44.396771999919558],[-88.062300999964194,44.396754000317117],[-88.062337999774115,44.396738000095255],[-88.062388000002812,44.396716999797484],[-88.062419999789867,44.396708999682062],[-88.062470999843512,44.396678999881324],[-88.062511999851381,44.396660000234903],[-88.062543999638436,44.396639999924822],[-88.062567999927893,44.396626999719601],[-88.062625999654202,44.39658200027057],[-88.062649000118725,44.396536000127675],[-88.062676999707833,44.396478999746918],[-88.062755000423962,44.396392000004667],[-88.062798000081656,44.396343000292056],[-88.062834000066673,44.396300000025803],[-88.062895999990928,44.396251000236155],[-88.062938999648651,44.39622899974092],[-88.062993000075323,44.396213000017376],[-88.064782000353532,44.396213000017376],[-88.064784000003357,44.393933000143051]]]]},"properties":{"BASENAME":"De Pere"}},{"type":"Feature","geometry":{"type":"Polygon","coordinates":[[[-88.149879000281359,44.501328999990896],[-88.149868000410692,44.500790000265262],[-88.149863000387839,44.500550000069019],[-88.145991999928441,44.499164999832125],[-88.142432999638586,44.497999999844524],[-88.137623000094166,44.496330999853228],[-88.134808999618897,44.49535500031562],[-88.129696999950681,44.493592999923493],[-88.129702999798468,44.493189999864768],[-88.129803000255905,44.492890000251705],[-88.12978700036237,44.492689000211463],[-88.129712999844216,44.491018000078093],[-88.129713999669121,44.488789000041969],[-88.129713999669121,44.488629999924839],[-88.123097000303133,44.488643000180424],[-88.119590999716735,44.488648999804447],[-88.118002000353385,44.488652000257062],[-88.117743999712189,44.488652999980694],[-88.117535000373138,44.488652999980694],[-88.117458000380253,44.488652999980694],[-88.117382000212274,44.488652999980694],[-88.115490000001898,44.488659000244546],[-88.109639000366897,44.486599000276151],[-88.106814000020961,44.485617000072338],[-88.106767000165291,44.485592999684172],[-88.106690000172406,44.485566999733237],[-88.106598000110893,44.485534999826953],[-88.106660999860082,44.485442999758348],[-88.106803999975213,44.485235999714362],[-88.106844000158191,44.485176999719009],[-88.106969999656584,44.484994999802744],[-88.10728100000118,44.484542999794122],[-88.107418000268538,44.484343000266378],[-88.107571000429417,44.484118999699277],[-88.107593999995629,44.484075999895403],[-88.10759900001851,44.484019000255635],[-88.107571000429417,44.483941000186057],[-88.107549999614704,44.483886000024974],[-88.107496999911248,44.483743000132662],[-88.107486999865515,44.483714999740705],[-88.107465000124208,44.483656999938987],[-88.107460000101327,44.483637999715157],[-88.107466999774033,44.483629000146664],[-88.107485000215689,44.483626000076534],[-88.107495000261423,44.483619999935904],[-88.107521000200705,44.483612999984629],[-88.107547999964893,44.483606000032502],[-88.107583000124976,44.48359500019766],[-88.107602000391552,44.483586999792081],[-88.107623000307939,44.483572999880799],[-88.107630999805565,44.483558999966156],[-88.107646999699085,44.483544000236982],[-88.107662999592606,44.48352899986309],[-88.107701999950677,44.4835059997095],[-88.107721000217254,44.483496000308691],[-88.107767000248003,44.483487999889526],[-88.107826999624137,44.483480000110184],[-88.107912999837865,44.483473000142141],[-88.107978000135191,44.483462000282181],[-88.108015999770032,44.483449999966481],[-88.10807100002161,44.483440999728117],[-88.108107999831532,44.483433999755356],[-88.108157000235337,44.483412000018689],[-88.108178999976644,44.483380000212108],[-88.108178000151739,44.483361999712344],[-88.108173000128858,44.483353000101317],[-88.108148999839415,44.483340999763193],[-88.108126000273202,44.483336000048837],[-88.108098999610689,44.483332000148884],[-88.108080000242452,44.483330999693187],[-88.108065999998743,44.483330999693187],[-88.108030999838647,44.483339000133881],[-88.107985999632788,44.483349000202516],[-88.107969999739268,44.483321000262329],[-88.107969999739268,44.483309999732839],[-88.107973000112324,44.483291000036864],[-88.107973999937229,44.483280000142635],[-88.107977000310285,44.483269000246274],[-88.107984999807897,44.483242000084104],[-88.107999000051592,44.483224000182673],[-88.108044000257436,44.483200999908846],[-88.108084000440414,44.483197999816745],[-88.108108999656451,44.483214999909386],[-88.108101999983759,44.483262000252928],[-88.108123999725066,44.483286000318266],[-88.108151000387565,44.483288999764966],[-88.108170999580722,44.483287999949411],[-88.108194000045245,44.483286000318266],[-88.108215999786566,44.483284999861738],[-88.108238000426184,44.483287000133828],[-88.108265000190357,44.483259999979985],[-88.108272999687983,44.483231000180581],[-88.108276999885945,44.483194999724454],[-88.1082740004112,44.483183999812127],[-88.108266000015277,44.483162999798857],[-88.10826099999241,44.483133000133066],[-88.108259000342585,44.483120999749687],[-88.108256999794449,44.483109999823355],[-88.108255999969543,44.483098000076168],[-88.108255000144624,44.483084999866598],[-88.108254000319732,44.483069000196288],[-88.108247999573607,44.483046999681051],[-88.10824400027397,44.48303499992091],[-88.108238000426184,44.483027000079453],[-88.108216999611471,44.482995000061649],[-88.108213000311835,44.482963000026338],[-88.108234000228222,44.482941000112056],[-88.108266000015277,44.48293599972255],[-88.108293999604371,44.482933000257702],[-88.108326000289736,44.482930999973483],[-88.108357000251885,44.482952999891531],[-88.108351000404085,44.48296500030947],[-88.108343000008162,44.482977000084006],[-88.108328999764467,44.482995000061649],[-88.108344999658001,44.483031999820248],[-88.108393000236887,44.483040000301941],[-88.108414999978194,44.483042999761281],[-88.108428000396984,44.483042999761281],[-88.108455999986077,44.483044000221923],[-88.108515000435617,44.483055000160697],[-88.10852600030627,44.483059999899091],[-88.108548999872497,44.48306699991673],[-88.10856099956807,44.483070999834858],[-88.108574999811779,44.48307200029501],[-88.10860800032205,44.483070999834858],[-88.108625999865382,44.483073000114281],[-88.108669000421415,44.483076000212797],[-88.108736000368566,44.483076000212797],[-88.108775999653233,44.483074999752709],[-88.108792000445064,44.483073000114281],[-88.108804000140623,44.483069000196288],[-88.108820000034157,44.483062999998324],[-88.108847999623237,44.483051000241474],[-88.108865000239987,44.483019000236837],[-88.108871999912679,44.482985999753083],[-88.108872999737599,44.482955000175004],[-88.108876999935561,44.482930999973483],[-88.108887999806214,44.482894000150836],[-88.108891000179256,44.482883000181744],[-88.108887999806214,44.482851999908007],[-88.108882999783333,44.482837999820347],[-88.108880000308602,44.48281299974704],[-88.108878999585386,44.482800000114842],[-88.108881999958427,44.482783999725442],[-88.108892000004175,44.482756000155042],[-88.108897000027042,44.482745999984758],[-88.108900000400098,44.482735999812753],[-88.108906000247885,44.482710999695684],[-88.108906000247885,44.482679000145531],[-88.108898999676867,44.482654999830466],[-88.108891000179256,44.482639999868859],[-88.108878999585386,44.482623000249539],[-88.108872999737599,44.48260999993412],[-88.108866000064907,44.482582000280175],[-88.108902999874829,44.482515000252647],[-88.108926000339352,44.48247299973692],[-88.10892499961615,44.482434999793675],[-88.108912000095657,44.482411999849703],[-88.108905000422965,44.48239800029738],[-88.108893999654001,44.482379000304405],[-88.108881000133522,44.482342000131716],[-88.108882999783333,44.48233299972236],[-88.108888999631134,44.48231299987598],[-88.108917000118538,44.482290999716589],[-88.108933999836964,44.482265000216707],[-88.10892399979123,44.482243000039162],[-88.108917999943429,44.482231999947317],[-88.108912000095657,44.482203000277849],[-88.108913999745482,44.482189000034445],[-88.108911000270737,44.482157000197965],[-88.108897000027042,44.482103999949473],[-88.108898999676867,44.482063000256296],[-88.108901000225003,44.482044999991096],[-88.108898999676867,44.482009999922404],[-88.108896000202137,44.481981000142582],[-88.108892999829095,44.481942000040227],[-88.108892000004175,44.48191599974389],[-88.108892999829095,44.481879999758107],[-88.108895000377217,44.481850000073507],[-88.108897999851962,44.481822000054848],[-88.108906000247885,44.48179899986922],[-88.108917999943429,44.481740000243335],[-88.108922000141391,44.481717000025377],[-88.108933999836964,44.48166199969036],[-88.1089360003851,44.481632999737556],[-88.108934999661884,44.48160299992589],[-88.108934999661884,44.48159199971338],[-88.1089360003851,44.481573000098841],[-88.108948000080673,44.48154300025638],[-88.108952000278634,44.481498000143205],[-88.108995999761248,44.481465999927721],[-88.109040999967107,44.481453999842387],[-88.109101000241552,44.481444000089859],[-88.10912499963267,44.481437999724776],[-88.109150999571952,44.481432000000005],[-88.109206999648435,44.481419999907679],[-88.109230999937893,44.481419000060079],[-88.10927000029595,44.481419000060079],[-88.109471999962309,44.481419000060079],[-88.109471000137404,44.480678999839405],[-88.109471000137404,44.480576999902723],[-88.109476000160271,44.479660000017162],[-88.109477999810096,44.479214000288735],[-88.109477999810096,44.47913000024289],[-88.107933999754252,44.47913600020442],[-88.107877999677768,44.47913600020442],[-88.107886000073691,44.477837000235553],[-88.107997000401767,44.477835999685631],[-88.109487000030924,44.47782500004476],[-88.109517000168168,44.474193000251852],[-88.119630000074807,44.474193000251852],[-88.120764000051793,44.474191000309006],[-88.1206939997316,44.477789000098603],[-88.122323000176252,44.477789000098603],[-88.122195999954656,44.476870000130752],[-88.122134999855277,44.476435000133399],[-88.122774000262964,44.476416000121453],[-88.123472000221867,44.47639600016975],[-88.123497000336215,44.476099999825976],[-88.123528000298364,44.476115000187001],[-88.123539000169018,44.476120999817574],[-88.123560999910325,44.476128000026726],[-88.123590000222649,44.476134000296952],[-88.123597999720261,44.4764080000134],[-88.124688000214647,44.476512999982489],[-88.124684000016686,44.476282999864878],[-88.124677000343993,44.47596099984375],[-88.124659999727243,44.475182000133593],[-88.124669999772976,44.474820000111123],[-88.12464700020675,44.474679999680845],[-88.124637000161016,44.474191000309006],[-88.124684999841591,44.474191000309006],[-88.124812000063216,44.474191000309006],[-88.126582999899767,44.474191000309006],[-88.126609999663941,44.470696999976987],[-88.126608000014116,44.470580000042268],[-88.12659100029569,44.47057699994221],[-88.125971999979484,44.47057699994221],[-88.125633999870686,44.47057699994221],[-88.125669999855688,44.470271999865261],[-88.125677000426677,44.470218000320337],[-88.125716999711344,44.470159999922423],[-88.125664000007902,44.470141999831455],[-88.124550999947303,44.469816999762138],[-88.119755999573172,44.468113999763453],[-88.117737000039511,44.467398000242213],[-88.117595999574192,44.467348000316463],[-88.118363000028396,44.466171000092217],[-88.118552999999196,44.466237000187654],[-88.120553999989525,44.466937000239824],[-88.120872000006841,44.467048999956376],[-88.121139999795446,44.467142999724381],[-88.122197999604467,44.467515000144765],[-88.123389000381195,44.46793299990815],[-88.125424999633296,44.468646999785719],[-88.126188999714458,44.468915999728971],[-88.126276999577996,44.468946999714241],[-88.126489000188414,44.46902099971598],[-88.126703000448671,44.468908999936815],[-88.127700000158313,44.467412000188133],[-88.128121999932716,44.466606000307941],[-88.128270999895634,44.466389999801343],[-88.124797999819506,44.465173000238657],[-88.124500999718578,44.465076000121087],[-88.124386999915757,44.46502799974553],[-88.124552999597114,44.464780000061282],[-88.12458799975721,44.464687999962237],[-88.124600000351109,44.464592999951655],[-88.124605000373961,44.463800000277075],[-88.124605000373961,44.463699999989025],[-88.124739000268264,44.46370100014024],[-88.127130000245927,44.46371000021793],[-88.127524000431222,44.463711999878797],[-88.128716999959451,44.463716999992407],[-88.128812000394021,44.463716999992407],[-88.129349999621056,44.463719000294169],[-88.129808000278757,44.463719999803921],[-88.129815999776383,44.462596999750886],[-88.129819999974345,44.461985000157668],[-88.129829000195159,44.4607239999022],[-88.129840000065812,44.459716999846201],[-88.12920400003118,44.4597229998801],[-88.127138999568459,44.459742999775052],[-88.124222000059333,44.459736000165279],[-88.122124999809529,44.459730000132666],[-88.121934000013823,44.459716000267917],[-88.121537000353797,44.459675999811473],[-88.121647999783562,44.459551999953554],[-88.123528000298364,44.457463999941474],[-88.123894999821189,44.457043999704013],[-88.12476100000957,44.456057000174894],[-88.127868000387821,44.452483000108458],[-88.129460000124226,44.450664000020744],[-88.131400999840082,44.448448999974055],[-88.131865000345584,44.447929999725439],[-88.132323000104989,44.447341999769556],[-88.132468999694851,44.44707700028119],[-88.132701000396779,44.446653999683697],[-88.1327819996893,44.446303000191811],[-88.132882000146722,44.445399999951796],[-88.132569999977193,44.445392999905366],[-88.131686000245438,44.445374000049931],[-88.126885999848454,44.445269999685401],[-88.126126999790173,44.445253000083063],[-88.122985000150138,44.44518699999545],[-88.122924000050801,44.4467970000359],[-88.122041999968857,44.446778999795562],[-88.121928999990956,44.446777999995803],[-88.121986999717265,44.445164999949689],[-88.120244000368132,44.445127000084334],[-88.119649000341369,44.44512499978697],[-88.119657999663886,44.44685199988082],[-88.11965699983898,44.446908999910292],[-88.118286000035496,44.446918000011102],[-88.118275999989763,44.445117999707577],[-88.116630999651591,44.445109999799044],[-88.116516000023864,44.445109999799044],[-88.116453000274674,44.445111000268639],[-88.109475000335365,44.445182000218978],[-88.109482000008057,44.446668999916461],[-88.109483999657868,44.446934999770271],[-88.110412999595482,44.446931999737693],[-88.110414000318698,44.447233999893314],[-88.109486000206005,44.447236000118473],[-88.109348999938661,44.447236000118473],[-88.109349999763566,44.447334000165604],[-88.108859000392201,44.447338999757889],[-88.108859000392201,44.447322000116294],[-88.108780999676085,44.447320999684571],[-88.108779999851194,44.447002000244026],[-88.106454999995748,44.446990000126561],[-88.10439600027911,44.446968000118524],[-88.10439600027911,44.447273000103245],[-88.104403999776721,44.447417999800251],[-88.104393999730974,44.448726999821822],[-88.102242999952836,44.448718999766292],[-88.102118000279361,44.448717999999744],[-88.102118000279361,44.4487709997872],[-88.101801999911871,44.448769000255872],[-88.099317000222868,44.448756000094228],[-88.099302000154253,44.452075000312831],[-88.098625000111738,44.451836000097309],[-88.098502999913009,44.451791000161975],[-88.096132000026827,44.450933999834056],[-88.095721000123092,44.450774999802967],[-88.095535000350267,44.450728000227123],[-88.095106000004847,44.450550000180812],[-88.095039000057696,44.450526000118643],[-88.094948999646022,44.450654000122434],[-88.09481899994968,44.450840999989417],[-88.094850999736735,44.450867000022939],[-88.094957000041944,44.45097100004137],[-88.094777000116892,44.451640999913302],[-88.094695000101126,44.451611999790813],[-88.094324000380354,44.451486999761649],[-88.094093000401671,44.451822999977054],[-88.093977000050714,44.45198500013452],[-88.093961000157194,44.452009000238412],[-88.093745000247125,44.452321999754723],[-88.093563999598842,44.452260000065706],[-88.093438999925382,44.452216999870423],[-88.093428999879649,44.452275000141334],[-88.093427000229823,44.452303999934557],[-88.093433000077596,44.452327999907311],[-88.093439999750274,44.452342000260948],[-88.093453000169077,44.452351000165869],[-88.093469000062612,44.452373999774125],[-88.093481999583076,44.452383000315365],[-88.093568999621723,44.452436999686284],[-88.093592000086247,44.452450000311082],[-88.093618000025515,44.452463999994229],[-88.093638999941916,44.452485999855924],[-88.093667000429321,44.452500000171689],[-88.093695000018414,44.452504999963047],[-88.093725999980549,44.452509999753921],[-88.093757999767604,44.452515999887183],[-88.093783999706872,44.452519999975699],[-88.093809999646155,44.452507999709383],[-88.093869000095694,44.4525009998735],[-88.093965000355155,44.452496999783683],[-88.094057000416655,44.452513000141266],[-88.094120000165859,44.452545000201994],[-88.094151000127994,44.452584999772341],[-88.094182999915049,44.452601000105801],[-88.094228999945798,44.452624000256804],[-88.094274999976548,44.452667000152466],[-88.094306999763603,44.452699999827225],[-88.094355000342489,44.452737999895945],[-88.094365000388223,44.452779000313612],[-88.094382000106663,44.452830000229937],[-88.094408999870851,44.452896000017844],[-88.094444999855867,44.452904000142503],[-88.094556000183943,44.452914000296822],[-88.094630999628706,44.452923999808164],[-88.094738999583726,44.452969999846786],[-88.094794999660223,44.452979999989751],[-88.094875000026178,44.452988000102948],[-88.094967999912598,44.452998999936106],[-88.0950099997454,44.453030000037856],[-88.09502200033927,44.453036999810323],[-88.095050999753269,44.453084000092979],[-88.095061999623923,44.453103999696999],[-88.095061999623923,44.453127999982236],[-88.095060999799017,44.453202000158448],[-88.095060999799017,44.45321799968162],[-88.095053000301419,44.45323799988094],[-88.095035999684654,44.453280000277303],[-88.095002000247788,44.453324999706588],[-88.094993999851866,44.453334000101272],[-88.094946999996196,44.453348000213751],[-88.09487800039922,44.45336900005551],[-88.094860999782469,44.453373999772417],[-88.094777000116892,44.453383000159548],[-88.094757999850316,44.453383000159548],[-88.094710000169741,44.453389000203167],[-88.094681999682322,44.453391999904099],[-88.094654000093243,44.453403999988772],[-88.094634000001747,44.453412000043826],[-88.094608000062493,44.453422000111154],[-88.094565000404785,44.453444000253214],[-88.094529000419769,44.453463000048615],[-88.094481999665788,44.453487000186364],[-88.09442200028964,44.453518000029021],[-88.094382999931582,44.453538000125604],[-88.094341999923699,44.453558000215388],[-88.094291999694988,44.453580000306218],[-88.094228999945798,44.453609000092669],[-88.094198999808583,44.453623999821758],[-88.094177999892182,44.453635000176426],[-88.094166000196608,44.453651999904274],[-88.094146999930032,44.453685000304937],[-88.094129000386687,44.453714000039255],[-88.09412199981567,44.453734000068707],[-88.094119000340953,44.453744999761405],[-88.094117999617708,44.453766000101652],[-88.094116999792817,44.453786999793145],[-88.094132999686323,44.4538069997976],[-88.094172000044381,44.453854000101799],[-88.094189999587741,44.453874999761659],[-88.094218999900065,44.453906000039602],[-88.094270999778587,44.453929999995239],[-88.094324000380354,44.453953999941014],[-88.094403999847984,44.453991999835019],[-88.094460999749387,44.454017000072419],[-88.094500000107445,44.454033000013553],[-88.094561000206824,44.454060999899959],[-88.094628999978895,44.454084999791895],[-88.094731000086142,44.454109000315256],[-88.094747999804568,44.454109000315256],[-88.094813999926799,44.454102000030034],[-88.094889000269887,44.454068000190091],[-88.094998000049827,44.454011999769314],[-88.095053000301419,44.453977000200446],[-88.095152000035597,44.453914999703485],[-88.095224999830549,44.453866999769978],[-88.09536700012076,44.453824999795778],[-88.095413999976429,44.453826999795254],[-88.09549500016729,44.453838000111638],[-88.095521999931464,44.453840000110681],[-88.09554000037312,44.45385800009867],[-88.095562000114441,44.45391099971053],[-88.095567000137322,44.4539699998994],[-88.095566000312388,44.45403199969671],[-88.095555000441735,44.454088000098317],[-88.095516999908583,44.454151000085162],[-88.095486999771381,44.454219000289847],[-88.095454999984327,44.454290999741332],[-88.095446999588404,44.454362000075335],[-88.095429999869964,44.454430000034371],[-88.095434999892817,44.454476999837127],[-88.095427000395219,44.454534000120233],[-88.095417000349471,44.454565000048348],[-88.095398999907829,44.45459000004044],[-88.095309000394451,44.454638000020886],[-88.095253000317953,44.454666999923191],[-88.095183999822652,44.454769000261095],[-88.095125000271423,44.454855999729588],[-88.09506800037002,44.454836999746163],[-88.094936999950448,44.454788999929292],[-88.094065999739186,44.454474000191922],[-88.09308499992305,44.454245999773967],[-88.092859999792154,44.45417800024191],[-88.092728000445987,44.454137000165233],[-88.092337999560343,44.45401799974826],[-88.092099999908953,44.454098000049882],[-88.09191499996102,44.454315999850721],[-88.091864999732323,44.454385999843623],[-88.091811000203961,44.454455000084216],[-88.091757999602194,44.454518000316376],[-88.091700999700791,44.454580000173131],[-88.091642000149562,44.454639999992537],[-88.091579000400358,44.454699000086116],[-88.091514000103032,44.454756000152493],[-88.091446000330976,44.454811999859814],[-88.091375000185877,44.454866000190826],[-88.091302000390925,44.454917999868719],[-88.09122600022296,44.454968000181154],[-88.091148000405155,44.455017000150868],[-88.091235000443774,44.455256999827419],[-88.091261000383057,44.455330000217359],[-88.091283000124349,44.455391999853241],[-88.091309999888551,44.455465000074419],[-88.091124000115684,44.455498999742233],[-88.091083000107815,44.455384000069373],[-88.091068000039201,44.455341999903801],[-88.090984000373609,44.455109000100705],[-88.090934999969804,44.455133000203226],[-88.090884999741093,44.45515700029582],[-88.089488999823274,44.455822999732526],[-88.089304999700261,44.455910999839013],[-88.088911000413262,44.456098000186032],[-88.088385999808395,44.456388000287205],[-88.088273999655414,44.456464999722783],[-88.088206999708248,44.456497000182807],[-88.088017999562382,44.456640000160803],[-88.088015999912557,44.456768000229708],[-88.087959000011139,44.456796999715394],[-88.08794599959235,44.45680499994684],[-88.08786600012472,44.456846999701376],[-88.08781900026905,44.456913000078991],[-88.087753000146819,44.457003999981822],[-88.087251000006489,44.456933000295265],[-88.087123999784879,44.456914999972682],[-88.086753999889027,44.456868000208516],[-88.086378000145388,44.456816999971394],[-88.084494000330935,44.456792000291543],[-88.084499000353802,44.45668799973862],[-88.084506000026479,44.456544000245586],[-88.084512999699186,44.456406999765981],[-88.083148999568408,44.456390999834085],[-88.082763999603955,44.456392000110505],[-88.08247900009691,44.456392999745688],[-88.082322999562976,44.456395000298386],[-88.081945999994446,44.45693700008124],[-88.081812999925035,44.457130000007766],[-88.081762999696338,44.457133000157746],[-88.081740000130111,44.457128999743993],[-88.081709000167976,44.457201000095992],[-88.081574000448754,44.457147000000617],[-88.08143800000633,44.457060999721904],[-88.08140700004418,44.457048000123542],[-88.081350000142777,44.457024999791287],[-88.081256000431438,44.456990000104653],[-88.081187999761056,44.456952999863482],[-88.081142999555212,44.456918999759878],[-88.081063999912502,44.456861999881184],[-88.081017000056832,44.456818000240517],[-88.080974000399138,44.456780000261858],[-88.080920999797371,44.456759999993132],[-88.080888000185411,44.456756000195085],[-88.080856000398356,44.456751999755511],[-88.080801999971683,44.45677300029682],[-88.080743000420441,44.456808000113519],[-88.080704000062397,44.456844000177917],[-88.080673999925168,44.45688599990438],[-88.080642000138113,44.456944000026567],[-88.080641000313207,44.456993999886727],[-88.080638999765071,44.457056999944427],[-88.080632999917285,44.457138999816024],[-88.080659999681473,44.457221999834616],[-88.080659999681473,44.457324999817232],[-88.080644999612844,44.457413999842615],[-88.080628999719323,44.457455999800302],[-88.080622000046631,44.457475000213947],[-88.080567999619944,44.457542000138467],[-88.08049200035029,44.457582999748084],[-88.080396999915735,44.457603999990482],[-88.080315999724888,44.457613999981156],[-88.080239999556895,44.457607999730484],[-88.080170999959932,44.457595999868502],[-88.080073999875538,44.457577999750285],[-88.080007999753306,44.457572000137112],[-88.079966999745409,44.457559000011365],[-88.079887000277793,44.457534000007939],[-88.079667999994669,44.457465999816328],[-88.079473000001002,44.457369999976692],[-88.079278999832241,44.457275000240507],[-88.079057999899305,44.457201000095992],[-88.078999000348063,44.457180999971463],[-88.078956999616963,44.457290000310373],[-88.078945999746296,44.457322999937553],[-88.078930999677709,44.45735699980596],[-88.078852000034985,44.457562000139291],[-88.078831999943503,44.457612999725676],[-88.078787999562564,44.457726999884784],[-88.078674999584678,44.45801700023123],[-88.078625000254277,44.458061000250815],[-88.078586999721111,44.458113999895211],[-88.078543000238511,44.458170000229345],[-88.07852599962176,44.458191000260669],[-88.078472000093385,44.458240000090633],[-88.078416000016901,44.458277999760355],[-88.078353000267697,44.458314000200794],[-88.078271000251931,44.458348999735065],[-88.078181999665162,44.458383999889449],[-88.078050000318996,44.458417999781261],[-88.077902000180984,44.458447999971028],[-88.077769999936521,44.458463999980488],[-88.077631000019338,44.458497000226515],[-88.07757599976776,44.458515000061418],[-88.077477999858459,44.458548999876903],[-88.077396999667627,44.458599000286235],[-88.077313000002022,44.458671999704073],[-88.077251999902671,44.458769999797951],[-88.077219000290697,44.4588219998464],[-88.077158000191332,44.458900000152838],[-88.07708700004622,44.458972999835538],[-88.077011999703132,44.459060000093601],[-88.076949999778861,44.459150999856291],[-88.076895000425594,44.459200999750117],[-88.076849000394844,44.459260999950807],[-88.076806999663731,44.4593169998261],[-88.076749999762328,44.459378000132858],[-88.076703999731578,44.459427999832293],[-88.076652999677933,44.459484000188546],[-88.076599999974505,44.459556000201253],[-88.076537000225315,44.45962599968329],[-88.076503999715015,44.459666000173939],[-88.076459000407496,44.459710999811641],[-88.076396999584901,44.459737999962265],[-88.076352000277382,44.459810000302937],[-88.076327000163033,44.459883000130311],[-88.076306000246618,44.459901999754187],[-88.076296000200884,44.459925000235522],[-88.076235999926425,44.460002999709587],[-88.076183000222969,44.460059999727925],[-88.076113999727681,44.460120999899608],[-88.076045999955625,44.460205999948492],[-88.07596800013782,44.46030500024164],[-88.075896999992707,44.460387000040029],[-88.075824000197784,44.460512000253885],[-88.075737999984071,44.460646000109008],[-88.075707000021907,44.460697999768968],[-88.075686999930426,44.460761999878763],[-88.075688999580251,44.460843000117492],[-88.075700000349229,44.460934000307034],[-88.075727999938309,44.460992999811637],[-88.075746000379979,44.461046000000358],[-88.07577800016702,44.461118000010359],[-88.075826999672515,44.461205999830739],[-88.075865000205653,44.461275999899165],[-88.075897999817613,44.461361999740106],[-88.075907999863361,44.461449999833867],[-88.075880000274282,44.461513000212911],[-88.075854000334999,44.461557999709342],[-88.075737999984071,44.461649000066764],[-88.075623000356316,44.461688999812608],[-88.075532000119736,44.461754999846278],[-88.075405999723046,44.461827000264172],[-88.075291999920225,44.461872999701107],[-88.075202000406847,44.461910000030258],[-88.075075000185237,44.461944999973475],[-88.074921000199453,44.46198299979649],[-88.074717999809863,44.462040999984843],[-88.074613000227885,44.462072999953534],[-88.074420999708934,44.462140999908947],[-88.07439399994476,44.462153000119159],[-88.073879000283952,44.462379000090841],[-88.073845999773667,44.462409999701016],[-88.0737429998415,44.462458999837104],[-88.073644000107322,44.462580000062516],[-88.07363700043463,44.462596000221922],[-88.07363700043463,44.462607000168667],[-88.073630999688518,44.462629000055976],[-88.073582000183023,44.462705000069136],[-88.073538999627019,44.462821999760983],[-88.07347900025087,44.462957999771213],[-88.073418000151506,44.463091000262047],[-88.073382999991409,44.463166000154558],[-88.073382999991409,44.463198000147756],[-88.073357999877047,44.463231999800726],[-88.073346000181488,44.463304999837305],[-88.073382999991409,44.463454000102978],[-88.073412000303719,44.46364799979721],[-88.073459000159389,44.463733999990829],[-88.073475000052909,44.463787000255728],[-88.07348000007579,44.463851999692409],[-88.073506000015044,44.463964000199127],[-88.073507999664869,44.463973000236265],[-88.073491999771349,44.464007000079015],[-88.073501999817083,44.464052999721638],[-88.073500999992177,44.464097999824695],[-88.073491999771349,44.464149000113345],[-88.073491999771349,44.464194000142449],[-88.073478000425965,44.464234000067933],[-88.073470999854948,44.46437399991197],[-88.073444999915679,44.464501000198972],[-88.073357999877047,44.464695999753609],[-88.073254999944879,44.464848000069203],[-88.073069999996946,44.465073999865815],[-88.072967999889713,44.465121000076728],[-88.072852000437067,44.465230999822211],[-88.072750000329819,44.465315000001155],[-88.072567999856616,44.465422000298339],[-88.072403000000179,44.465519999961025],[-88.072180000417418,44.465630000236878],[-88.071986000248657,44.465723999725505],[-88.071689000147728,44.46584900005233],[-88.071443999925364,44.465935000208937],[-88.071209999573625,44.466009000182652],[-88.07095600002873,44.466095000103586],[-88.070744000316623,44.466126999773415],[-88.070634999638372,44.46613799969596],[-88.070583999584741,44.466132999789714],[-88.070406000207825,44.466126000304875],[-88.070224999559528,44.466085000283293],[-88.069987999733073,44.466027999736269],[-88.069754000279673,44.465964000270475],[-88.069584000400354,44.465889000126019],[-88.069493999988666,44.465856999684611],[-88.069236000245823,44.465767000232283],[-88.069156999704774,44.465716000075012],[-88.068862999976901,44.465602000128044],[-88.068806000075483,44.465571000289536],[-88.068744000151213,44.465537000075464],[-88.068494999730873,44.465406999753213],[-88.068323000201744,44.465286999741238],[-88.067996999788491,44.46501100012393],[-88.067845000350857,44.464864999738275],[-88.067626000067733,44.464700999782941],[-88.067446999967586,44.464585000146165],[-88.067317000271245,44.464514000061321],[-88.067104999660813,44.464414999853084],[-88.066995999880874,44.464364999936649],[-88.066712000198763,44.464231999783813],[-88.066647999726342,44.464207000073159],[-88.066553000190083,44.464168999774365],[-88.066429000341515,44.464151999902661],[-88.066267999784728,44.464181000208839],[-88.066137000263481,44.464223999928848],[-88.065990999775309,44.464290999802259],[-88.065841999812392,44.464355999959992],[-88.065732000207532,44.464441999751692],[-88.065590999742227,44.464524000150732],[-88.065481000137353,44.464618000138124],[-88.065384999877892,44.464749999919491],[-88.065026999677613,44.46462400030952],[-88.064416999582235,44.464409000301316],[-88.062560000430295,44.463770999781666],[-88.059557999634023,44.462739000009236],[-88.0592949998683,44.46264800006854],[-88.058435000425987,44.462351999879239],[-88.057770999903937,44.46212400008779],[-88.057358000350391,44.462710000268999],[-88.055831999837906,44.464872000015376],[-88.053142000109503,44.468562999914042],[-88.052973000055104,44.468856999897596],[-88.052614000029891,44.469474000150363],[-88.052281999768866,44.470045000278333],[-88.051495999946425,44.471395999730227],[-88.051141000119188,44.472006000004399],[-88.049504000176924,44.473197999703899],[-88.049465999643772,44.473226000015089],[-88.049424999635903,44.473282999943144],[-88.049360000236888,44.473328999968189],[-88.049301999612254,44.473371000015156],[-88.049274999848066,44.473407000122904],[-88.049253000106773,44.473419999924857],[-88.0490510004404,44.473527000108],[-88.048701999562624,44.473781000320301],[-88.048078000121862,44.474236000288677],[-88.048046000334807,44.474257000310061],[-88.047644999578509,44.474282000203559],[-88.045617999648911,44.475369000292574],[-88.045123000079599,44.475635000182088],[-88.045035000216046,44.475682000222079],[-88.044927000261012,44.47574000026016],[-88.044321000363624,44.476064000097566],[-88.044281000180646,44.476156000214083],[-88.043577000373929,44.477511000158067],[-88.04280999991974,44.478069999711629],[-88.042778000132685,44.478108999838341],[-88.042758000041218,44.478132000196744],[-88.042267999596447,44.478723000025234],[-88.041972000218735,44.479080000112425],[-88.041112999703046,44.480116000163939],[-88.041089000311899,44.480143999719481],[-88.040767000096636,44.480377000238157],[-88.04063300020232,44.480473999923966],[-88.040466999622666,44.480594999979893],[-88.040409999721248,44.480663000150201],[-88.039603999807298,44.481660999846916],[-88.039534000385416,44.481746999778373],[-88.039491999654302,44.48179899986922],[-88.038672000394968,44.482353000202806],[-88.037653000045694,44.483038000021388],[-88.03614400014996,44.48405500020327],[-88.035188000448187,44.484699999933213],[-88.034609000314958,44.485089999932008],[-88.034480000443537,44.485176999719009],[-88.034352000397007,44.485310000210745],[-88.035505999567192,44.485722999906095],[-88.037338000401419,44.48634000000601],[-88.037360000142726,44.486326999877974],[-88.037421000242091,44.486293999983722],[-88.038223999783,44.485857999977782],[-88.038296999577938,44.48592799996316],[-88.039240999584138,44.486834000159611],[-88.039341000041574,44.486930000251427],[-88.039521999791532,44.487096999801004],[-88.039556999951628,44.487109999757429],[-88.039792000128273,44.487188999824475],[-88.041275999909658,44.487689000201179],[-88.04183699960123,44.487897000249099],[-88.041569999637517,44.48806900018441],[-88.041338999658848,44.488217000304054],[-88.041200999566584,44.488308999842751],[-88.041001000448347,44.488442000242856],[-88.040110000145603,44.489033999809244],[-88.040201000382183,44.489065000002007],[-88.040659000141588,44.489229999779255],[-88.04030400031435,44.48946099983678],[-88.040527999722016,44.489542999689874],[-88.040760000423944,44.489662999814172],[-88.040326999880563,44.489993999705007],[-88.039407999988725,44.490691000267589],[-88.038865999665418,44.49110299999117],[-88.039034999719817,44.491161999760024],[-88.039105000040024,44.491185999779248],[-88.03939000044538,44.490969999891483],[-88.039647000363317,44.490774999688419],[-88.040958999717247,44.4912330001087],[-88.041020999641518,44.491195000104334],[-88.041520000307131,44.491382000207459],[-88.042046999663498,44.490977999925292],[-88.040940000348996,44.490588999892815],[-88.040802000256733,44.490790999808489],[-88.040690000103723,44.490953000136329],[-88.040398000025675,44.490851999905644],[-88.040172000069873,44.49077400000116],[-88.040093000427163,44.490747000108527],[-88.04004999987113,44.490695000303795],[-88.040013000061208,44.490650000201185],[-88.040001000365663,44.490636000062523],[-88.040572999927875,44.490207999968561],[-88.041705000255064,44.490605999754017],[-88.043860000231149,44.491358999946122],[-88.043958999965355,44.491394000173017],[-88.043821999697997,44.491585999927395],[-88.04348899961208,44.492052000273667],[-88.043728999811606,44.492133999688072],[-88.04467100016798,44.492456000165035],[-88.04481599993295,44.492505999725417],[-88.04498699963716,44.492563000043418],[-88.045323000096133,44.492674999921434],[-88.044762000404575,44.493245000224498],[-88.040061999566717,44.491611000085896],[-88.039484999981624,44.491414999786457],[-88.038951999879146,44.491227999789139],[-88.038864000015607,44.491313999715011],[-88.037684000007829,44.492471000165814],[-88.043321000280898,44.494445000054625],[-88.043493999634947,44.494511000213201],[-88.043414000167331,44.494594000277424],[-88.042585999613763,44.495422999940992],[-88.042387000320431,44.495621999679891],[-88.042162000189549,44.495846999886894],[-88.041651999653297,44.496355999899897],[-88.041666999721912,44.496362000012049],[-88.04183699960123,44.496421000227464],[-88.041994999784961,44.496476000102994],[-88.042111999960824,44.496357000132249],[-88.043105000370829,44.495377000033493],[-88.043682999780842,44.494807000063766],[-88.044903999796489,44.49361799986243],[-88.045127000277574,44.493380999831096],[-88.045312000225479,44.493462999940071],[-88.045581999663924,44.49354600021433],[-88.048114000106878,44.494428000030837],[-88.053043000375311,44.496144000240498],[-88.053404000050307,44.496269999719942],[-88.053616999587334,44.496338000200545],[-88.053671000014006,44.496363000244251],[-88.053007000390295,44.49734400000662],[-88.052627000448695,44.497923000094453],[-88.051389999641202,44.499736999839477],[-88.052073000429829,44.499974000308676],[-88.052244000134039,44.500034999770733],[-88.056840000316527,44.501632000183044],[-88.058231000211492,44.499553000149142],[-88.058955000109677,44.498470999896981],[-88.059099999874633,44.49825399988017],[-88.063173999825295,44.499674999890289],[-88.064148999793645,44.500015000227251],[-88.065637999597882,44.500532999902887],[-88.064548000001821,44.502146999829591],[-88.063819999905675,44.503226000074676],[-88.063372000192004,44.503887000241058],[-88.065119999564018,44.504498999926042],[-88.067039000436907,44.505166999681258],[-88.068601000036068,44.505691000143329],[-88.06990099969444,44.50616300027346],[-88.071284999916699,44.506651000038019],[-88.071633999896164,44.506773999714795],[-88.073702999658536,44.507478999933234],[-88.07526099995809,44.508009000307624],[-88.075533999769547,44.508102000045554],[-88.076549999745765,44.508457000298563],[-88.076830000128268,44.508555000077799],[-88.077845000279581,44.508913000185089],[-88.081781999962899,44.510286000187833],[-88.082501999663123,44.510534999923415],[-88.082819999680439,44.510645999887217],[-88.083325000193824,44.510821999927465],[-88.083392999965895,44.510845000199225],[-88.083444000019512,44.510871999754613],[-88.083658000279769,44.51093599993203],[-88.083916000022626,44.509902000192902],[-88.085178999871061,44.509832000154795],[-88.087282999793544,44.509729999948703],[-88.088332000280033,44.509727999942854],[-88.088752000404625,44.509726999939929],[-88.08922299968448,44.509458999815237],[-88.091241000291561,44.508306000211576],[-88.093780000407222,44.506866000089843],[-88.093916999776255,44.506802999980984],[-88.094387000129544,44.506501999873656],[-88.094463000297537,44.506457999855456],[-88.09481599957661,44.506247999893496],[-88.095449999961446,44.505859999926045],[-88.096385999571737,44.50472700010063],[-88.096707999787014,44.504722000297484],[-88.09710199997231,44.504728000189381],[-88.097189999835862,44.504728000189381],[-88.098865000311264,44.504730999814754],[-88.099737000347432,44.50313300024559],[-88.100472999941189,44.501811000307285],[-88.101314000015236,44.502134000021393],[-88.101756999706012,44.502309000005745],[-88.104118000444771,44.502296999723363],[-88.104223000026764,44.502296000233613],[-88.105310000148108,44.502286000209857],[-88.105679000219041,44.502281000197314],[-88.106520000293088,44.502272999791934],[-88.110112000194903,44.50223799968731],[-88.11349099966138,44.503373000059895],[-88.117923999637256,44.504861999749998],[-88.118603000227921,44.505089999786151],[-88.118689000441634,44.505119999690791],[-88.11942199966235,44.503995999849117],[-88.119498999655235,44.503879000056081],[-88.120650000248986,44.504268999947939],[-88.120594000172503,44.504361999886811],[-88.120472999798665,44.504560999870755],[-88.119882999794783,44.505527999680268],[-88.127471999654375,44.508085000159653],[-88.128377000200857,44.506750999758523],[-88.125489999930636,44.50584500016609],[-88.124063000050668,44.505341000092969],[-88.119806999626803,44.503827999892053],[-88.120794000189036,44.502306000255707],[-88.118595999656904,44.501461000027128],[-88.119419000187591,44.500211999980735],[-88.120070000290852,44.499223999774316],[-88.11996900000851,44.499188000218496],[-88.119594999914696,44.499063999727348],[-88.119595999739616,44.499011000103536],[-88.119594000089791,44.498741000305024],[-88.123022999784979,44.498731000312212],[-88.123204000433262,44.498758999903359],[-88.124654999704362,44.498760000094443],[-88.124654999704362,44.498670000126651],[-88.129737000133645,44.498674000256344],[-88.129712000019296,44.495838999880206],[-88.129744999631257,44.495840000121376],[-88.129963000089475,44.495848000127928],[-88.130210999786584,44.495843999804428],[-88.130595999751051,44.495843999804428],[-88.131051999860645,44.495843000204054],[-88.140301999951916,44.499032999723532],[-88.1456720002613,44.500885999810826],[-88.148442000355644,44.501839999838978],[-88.148442000355644,44.50181000016854],[-88.148442000355644,44.501800000061372],[-88.148442000355644,44.501760999755213],[-88.148445999655294,44.501655000236937],[-88.148445999655294,44.501338000032014],[-88.149879000281359,44.501328999990896]]]},"properties":{"BASENAME":"Ashwaubenon"}},{"type":"Feature","geometry":{"type":"Polygon","coordinates":[[[-88.020076999777842,44.45260799992969],[-88.020080000150898,44.452457000153075],[-88.020044000165882,44.45235500026569],[-88.020036999594879,44.452332000008695],[-88.019979999693462,44.452242000226427],[-88.019918999594083,44.4521740002847],[-88.019836999578317,44.452115000205083],[-88.019769999631166,44.452073999962515],[-88.019691999813361,44.452034000042183],[-88.019573999812607,44.451980000298704],[-88.019435999720329,44.451940000313989],[-88.019332999788176,44.451914000116872],[-88.019208000114702,44.451890999686199],[-88.019059000151785,44.451867999887732],[-88.018921000059535,44.451860999975146],[-88.01876100022595,44.451851000281799],[-88.018622000308767,44.451843000012893],[-88.0184619995769,44.451829999894194],[-88.018345000299348,44.451818000127304],[-88.018327999682612,44.451813999990762],[-88.018203999834043,44.451784999954171],[-88.018102999551701,44.451748999977227],[-88.017986000274163,44.451701000187228],[-88.017875999770979,44.451642000271036],[-88.017777000036773,44.451604999847596],[-88.017747999724463,44.451593999751822],[-88.017652000363299,44.451538000164966],[-88.01759200008884,44.451486999761649],[-88.01756299977653,44.451474999924294],[-88.017535000187436,44.451463999804034],[-88.017448000148804,44.45139200007349],[-88.017377000003691,44.45132099997619],[-88.017305999858579,44.451239000271222],[-88.017238999911427,44.451142999813399],[-88.017177999812077,44.451046000112349],[-88.017139000352302,44.450949000250212],[-88.017146000025022,44.450814000213633],[-88.017171000139356,44.450687000293357],[-88.017202999926425,44.450570000011311],[-88.017253000155137,44.45044399993877],[-88.017299000185886,44.450351999693709],[-88.017337999645619,44.450252999839698],[-88.017387999874359,44.450125000239645],[-88.017406000316015,44.450093000135503],[-88.017440999577786,44.45002199974158],[-88.01746999989011,44.449925000102567],[-88.017490999806498,44.449821000145405],[-88.01750099985226,44.449721000283247],[-88.017494000179553,44.44959899995024],[-88.017479000110939,44.449505999903671],[-88.017439999752881,44.449383999762865],[-88.017393999722131,44.449285000191949],[-88.017334000345983,44.449145000078261],[-88.017277000444594,44.449043999939072],[-88.017173999614116,44.448893999689375],[-88.017084999925643,44.448805000145811],[-88.017038999894893,44.448767999848876],[-88.016956999879127,44.44869999971008],[-88.016828999832597,44.448621000119005],[-88.016675999671733,44.448538000060061],[-88.016496999571572,44.448465999928899],[-88.01647400000536,44.448456000295572],[-88.016278000186801,44.448395000122339],[-88.016108000307483,44.448344000180953],[-88.015961999819282,44.448324000229512],[-88.015865999559821,44.44828299989075],[-88.015802999810631,44.448274000000254],[-88.015791000115073,44.448268000072495],[-88.015751999757001,44.448263999692756],[-88.015724000167921,44.448260999728433],[-88.015694999855597,44.448257999763918],[-88.015571999831948,44.448237000008255],[-88.015464999701834,44.448228999885607],[-88.015433999739699,44.448225999919494],[-88.015401999952644,44.448208999894746],[-88.015324000134839,44.448211000086559],[-88.015259999662419,44.448205999927602],[-88.015093000156142,44.448194000057498],[-88.015078000087556,44.448193000281954],[-88.014893999964514,44.448185000153238],[-88.014847000108858,44.448177999799242],[-88.014744000176705,44.448165000147362],[-88.014627000000829,44.448165000147362],[-88.014509999824952,44.448150000298753],[-88.014389000349468,44.448139999970017],[-88.014257999929882,44.448125000115006],[-88.014190000157825,44.448130000280884],[-88.014108000142059,44.448125000115006],[-88.014033999623891,44.448111999810024],[-88.013908999950445,44.448099000143451],[-88.013753000314821,44.448082000081747],[-88.013704999735921,44.448077999689311],[-88.01365700005536,44.448073999937868],[-88.013503999894482,44.448050999918827],[-88.013419000403971,44.448015999984051],[-88.013340999687841,44.447960000173047],[-88.013246999976531,44.447872000269946],[-88.013201999770686,44.447829999832194],[-88.013091000340921,44.447746999931866],[-88.012990999883499,44.44764599994047],[-88.01291300006568,44.447531000194765],[-88.012816999806219,44.447407000198517],[-88.012753000232124,44.447328000141283],[-88.01270999967609,44.447277999700752],[-88.012667999843302,44.447230999876098],[-88.01260199972107,44.44716400030628],[-88.012583000352805,44.447144999744289],[-88.012499999613809,44.44709799981262],[-88.012456000131195,44.447049000252939],[-88.012357000396989,44.447030000294809],[-88.012293999749474,44.447022999802385],[-88.012229000350487,44.446933999973183],[-88.012200000038163,44.446893999739146],[-88.012157000380455,44.446832999858607],[-88.012231000000298,44.446752000065956],[-88.01231700021404,44.446687000190707],[-88.012389000184044,44.446607999800975],[-88.012450000283408,44.446547000263088],[-88.012461000154076,44.446535999856017],[-88.012538000146961,44.446503999709492],[-88.012735999615373,44.446450999788937],[-88.013089999617691,44.446455000292836],[-88.013380000045927,44.446499999850261],[-88.013596999780887,44.446548999870437],[-88.01387499961524,44.446610999850186],[-88.014141999578939,44.446681999901337],[-88.014322000402316,44.44670700006138],[-88.014664999635656,44.446719000236982],[-88.015166999776,44.446603999948863],[-88.015343000401401,44.446514000318309],[-88.015473000097742,44.446436000141503],[-88.015525999801199,44.446360999922646],[-88.015596000121405,44.446327999872786],[-88.015637000129274,44.446270000109195],[-88.01570699955117,44.446143999738872],[-88.015921999636305,44.445895000192778],[-88.01608099964497,44.44568699985102],[-88.016243999851596,44.445478000229301],[-88.016511999640201,44.445189000290746],[-88.016580000310583,44.445143999723385],[-88.016773999581019,44.445051000279463],[-88.004847000180121,44.440922999797714],[-87.999967000315507,44.439233000109923],[-88.001334999745936,44.437205000099851],[-88.00136099968519,44.437166000223918],[-87.994001999979375,44.434635999960449],[-87.992590999992927,44.43667900020651],[-87.986336999951803,44.434491999978114],[-87.982919999952173,44.439532999812712],[-87.982826000240848,44.439666999703945],[-87.98115800033645,44.442146999860199],[-87.981101000435032,44.442230000021198],[-87.980971999665286,44.442421000059767],[-87.97926699995098,44.444940999711719],[-87.972626000295548,44.444793000136805],[-87.962755000238246,44.44465399999531],[-87.955804000063111,44.444599999841905],[-87.947919999752429,44.444416000037052],[-87.943552999898799,44.444384999852538],[-87.942536000097661,44.444315999900013],[-87.941607999984967,44.444290999999311],[-87.941578999672657,44.444289000314676],[-87.939905999745392,44.444274999954651],[-87.93983999962316,44.444295000009795],[-87.939639999606598,44.444316999741858],[-87.937308999903394,44.444265000245203],[-87.936287999904309,44.444254999892699],[-87.933025999715369,44.444236000308436],[-87.932165000448151,44.444193999821643],[-87.931897999586127,44.444192999977687],[-87.929297000444507,44.444184000098332],[-87.927765000084236,44.444176000061887],[-87.927753000388691,44.443278000232155],[-87.927745999817674,44.442745000130898],[-87.92667399976493,44.44274599999968],[-87.926257000013436,44.442747999737144],[-87.926246000142768,44.44187099989086],[-87.927734999947006,44.441859999885992],[-87.927725999726192,44.441092999861127],[-87.927719000053486,44.440563000067861],[-87.927689999741176,44.438201000247233],[-87.924432999575103,44.4370679997959],[-87.923963000120139,44.436924000033777],[-87.922271999751203,44.436915000317491],[-87.920080999790088,44.436904000020917],[-87.91887300019323,44.43689700023932],[-87.918239999633343,44.436893999691208],[-87.918104000089215,44.436892999722318],[-87.917997999784006,44.438025999718448],[-87.917546999697294,44.438041000242478],[-87.91754900024543,44.439284000309165],[-87.918217000067116,44.439753999861239],[-87.91928699957171,44.440508000074139],[-87.919644999772004,44.440759999842079],[-87.92012000014816,44.44111000003268],[-87.920227000278274,44.441190000056693],[-87.921186000353103,44.441865999830583],[-87.921979999673155,44.441285000303743],[-87.92488299983691,44.443330999824823],[-87.924322999970258,44.443738999774261],[-87.924914999623951,44.44415400027674],[-87.92442799955225,44.444150000256599],[-87.921348999661404,44.444102999839146],[-87.920430999594473,44.444107999707974],[-87.918623999772905,44.444110000040162],[-87.918623999772905,44.443181000296541],[-87.918405000388091,44.443079000243408],[-87.917540999849521,44.442677000035324],[-87.91753599982664,44.444029000319723],[-87.917620000390542,44.444110999885581],[-87.914615000119568,44.444109000194729],[-87.912411999564569,44.444107999707974],[-87.912420999785382,44.443452999781385],[-87.912441999701784,44.441677000317227],[-87.912503999626068,44.441662000085294],[-87.913435999936723,44.441440000307701],[-87.914395999836444,44.441208999990209],[-87.912845999932827,44.440487000097868],[-87.907379000437402,44.440473000109471],[-87.907289999850619,44.444103999684685],[-87.900757000150236,44.444047999971268],[-87.890185999585867,44.443890000284362],[-87.888052000424466,44.443857999970994],[-87.887117999565689,44.443853000080814],[-87.887127999611437,44.451126999721765],[-87.88715000025104,44.465658999808774],[-87.887146000053093,44.468047999867082],[-87.887163999596439,44.470065999884625],[-87.887177999840148,44.47124099973238],[-87.887171000167456,44.472167999936801],[-87.887172999817267,44.472737999994322],[-87.887182999863001,44.472937000209185],[-87.89277999995312,44.473218000110727],[-87.896730999880134,44.473405000153114],[-87.906873999924002,44.473312000200039],[-87.913306000240382,44.473415999986109],[-87.917184000372458,44.473491000074276],[-87.922146000252823,44.473521000210773],[-87.927717000403675,44.473568000030383],[-87.932111999846384,44.473467999809614],[-87.932727999789535,44.473454000034266],[-87.93512499961497,44.473400000228331],[-87.936205000063623,44.473374999956988],[-87.937134000001222,44.47335300027347],[-87.938489999736078,44.47333799984343],[-87.940980000346272,44.473341999787571],[-87.942166000201794,44.473341999787571],[-87.94336700012596,44.473341999787571],[-87.943408000133843,44.473341999787571],[-87.943663000401969,44.473344999745443],[-87.944717999837948,44.473356000230766],[-87.94530799984183,44.473363000130625],[-87.945820999852799,44.473382999839878],[-87.946615999896096,44.473380999869228],[-87.948774000245265,44.473377999913204],[-87.949339000134771,44.473376999927794],[-87.951411000270213,44.473396000288211],[-87.953086999672209,44.473411000062256],[-87.953961000256527,44.473418999940222],[-87.954695000200459,44.473422999878764],[-87.956803000320903,44.473432999723968],[-87.955322000014263,44.472579999717397],[-87.955193000142827,44.47250499974048],[-87.955064000271406,44.472409000270417],[-87.954968999836836,44.472317000015806],[-87.954568999803769,44.471827000062582],[-87.954814999851052,44.471746000320358],[-87.955311999968515,44.471864999863364],[-87.95556200021376,44.47187800000885],[-87.956464000387186,44.471228000086093],[-87.956595999733338,44.471227000063848],[-87.957349999768766,44.47122600004159],[-87.95778599978685,44.47122600004159],[-87.958097999956394,44.471225000019352],[-87.958236999873549,44.471227000063848],[-87.958554000065973,44.471233000196918],[-87.96306499985964,44.471308999906185],[-87.963098000369939,44.471340999922887],[-87.963588999741276,44.471793000287377],[-87.963924000375343,44.472116000237044],[-87.964798000061364,44.472959000049521],[-87.965721999976083,44.472969999966622],[-87.965717999778121,44.472042999680369],[-87.965753999763137,44.471860999818041],[-87.965957999977633,44.471998999941789],[-87.9661529999713,44.472138999752467],[-87.966433000353788,44.472361000155686],[-87.966696999944432,44.472592999703572],[-87.966943999816635,44.472835000199922],[-87.967172000320588,44.473086000247903],[-87.967239000267739,44.473169000031369],[-87.967382000382869,44.473343999759514],[-87.967541000391535,44.473567000048234],[-87.96826600011461,44.473575999886769],[-87.968270000312572,44.474152000127596],[-87.968316000343336,44.47424899990601],[-87.968327000213989,44.474273999802939],[-87.968381999567271,44.474405000215853],[-87.968399000184021,44.474445000195296],[-87.968506000314136,44.474742999883972],[-87.968564999865364,44.474944000230046],[-87.968688999713933,44.475400000055352],[-87.96897499994418,44.47550300001739],[-87.968922000240752,44.475815999869148],[-87.96873800011771,44.476934999741353],[-87.968673999645318,44.477320000141439],[-87.968574000086207,44.477923999942469],[-87.968547000322019,44.47807100025755],[-87.968754000011259,44.478066999996614],[-87.9689759997691,44.478896999871985],[-87.969299999634188,44.47901100013123],[-87.969528000138155,44.479090000270126],[-87.971818999658382,44.479916000201023],[-87.973485999737846,44.480520999911931],[-87.973932999626598,44.480679999699682],[-87.97400499959663,44.480544999822975],[-87.974074999916837,44.480416000104768],[-87.97414500023703,44.480289999702208],[-87.974407000177834,44.479912000066534],[-87.974496999691212,44.479788000249521],[-87.975227000335508,44.47872999992228],[-87.972919000198516,44.477905999682186],[-87.972900999756845,44.478007999801605],[-87.972870999619616,44.478114999904868],[-87.972857000274232,44.478162999773602],[-87.97279000032708,44.478315000272609],[-87.972545999929608,44.478721000237641],[-87.972441000347615,44.478680000089959],[-87.972376999875209,44.478660000273273],[-87.970657999917194,44.478037000274277],[-87.969672999903111,44.47768100012685],[-87.969612999628652,44.477659000143696],[-87.969605999955959,44.477607000208842],[-87.96955900010029,44.477535999939434],[-87.969548000229622,44.477525000242053],[-87.969554000077409,44.477469999801137],[-87.969568000321132,44.477327000206799],[-87.969570999795849,44.477287000279929],[-87.969590000062425,44.47709500024942],[-87.969868999721683,44.476790000264089],[-87.969886000338434,44.47677999971215],[-87.969959000133372,44.476738000195745],[-87.970114999768981,44.476651999931811],[-87.970314999785529,44.476532999894154],[-87.971319000066174,44.476868000279644],[-87.971279999708131,44.476931000043528],[-87.972935999916942,44.477475999933326],[-87.97379899973231,44.477756999771721],[-87.981314999796965,44.480224999983299],[-87.981385000117157,44.480034999748803],[-87.981828999632867,44.478817000220559],[-87.983961000042754,44.4795889996821],[-87.984304999999353,44.479099999785198],[-87.985422000257898,44.479510000218838],[-87.985680999825689,44.479144999825039],[-87.985725000206614,44.479159000157942],[-87.986730000312178,44.477753000130249],[-87.985580000441658,44.477322999894852],[-87.983540999918191,44.476666000221897],[-87.983058000044423,44.476510000187481],[-87.982288000115489,44.476438999865216],[-87.9822899997653,44.476426000094783],[-87.982315999704582,44.476277000251017],[-87.982391999872547,44.475843000263069],[-87.982407999766096,44.475752000238764],[-87.982421000184885,44.47566299996501],[-87.982426000207752,44.475625000073251],[-87.982478999911194,44.475209000179859],[-87.982504999850477,44.474936999878821],[-87.982524000117053,44.474614000158233],[-87.982536999637503,44.474389000088252],[-87.982543000383629,44.474114999865698],[-87.982534000162786,44.473492000057732],[-87.982749000247935,44.473516000295923],[-87.982849999631966,44.473524000159486],[-87.983068000090171,44.473594000200698],[-87.983191999938725,44.473678999863161],[-87.983278000152438,44.473803999820582],[-87.983340000076737,44.47385300000775],[-87.985035999570201,44.474488000046442],[-87.987166000330276,44.475196000135405],[-87.988025999772574,44.475502000068396],[-87.988331000269426,44.475610000227263],[-87.988382000323071,44.475627999913812],[-87.988454000293075,44.475653999807328],[-87.988527999912918,44.475679999689262],[-87.98848500025521,44.475758999851209],[-87.988218000291525,44.476140999863588],[-87.987502999715844,44.477163999932493],[-87.98903699972594,44.4777049999242],[-87.987307999722191,44.480166000047547],[-87.991706000436267,44.481749999945123],[-87.991773000383418,44.481773999991553],[-87.991501000396866,44.482154999887136],[-87.991284999588473,44.48244899997804],[-87.990831000027029,44.483115000197998],[-87.990651999926897,44.483343000033358],[-87.989861000081575,44.483059000079656],[-87.988773000135311,44.484581000287015],[-87.990524999705272,44.485211999810339],[-87.989950999594924,44.485995999685393],[-87.989975999709287,44.486005000170472],[-87.992438999656969,44.486896000303744],[-87.994821000312115,44.487758000172974],[-87.994680999671715,44.488059000284068],[-87.994633999816045,44.488136000241809],[-87.996767000050852,44.488930000303149],[-87.997063000326861,44.489039000316907],[-87.996885000051634,44.488962000269524],[-87.996808000058721,44.488928999943461],[-87.996865999785058,44.488878000160163],[-87.996880999853673,44.488864000236958],[-87.997038000212498,44.488729999795147],[-87.997097999588632,44.488668000318725],[-87.997157000038186,44.488627000111954],[-87.997182000152534,44.488590999781557],[-87.997224999810257,44.488536000159591],[-87.997285999909622,44.488496000227158],[-87.997310000199064,44.488452999804601],[-87.997581000360711,44.488334000124219],[-87.997777000179298,44.488249000020772],[-87.998162000143765,44.488079999816549],[-87.998358999787257,44.487994000248918],[-87.998566000374808,44.487892000284347],[-87.998609000032516,44.487881999712791],[-87.998658000436322,44.487846999941723],[-87.998706999941788,44.487837999740869],[-87.998782000284876,44.487815000004503],[-87.998846999683892,44.487776999695754],[-87.998872999623146,44.487763000149165],[-87.998978000103463,44.487758000172974],[-87.999024000134199,44.48774399998095],[-87.99904599987552,44.487729999785607],[-87.999077999662575,44.487704999886134],[-87.99912100021858,44.487702000025628],[-87.999178000119997,44.487690999681391],[-87.999271000006431,44.487662999902724],[-87.999342999976434,44.487642000220127],[-87.999430999839973,44.487608000046592],[-87.999506000183061,44.487588000086021],[-87.999594999871519,44.487568999860798],[-87.999654000321058,44.48755300013854],[-87.99970799984942,44.48750899991844],[-87.999783000192508,44.487471000051215],[-87.999860000185393,44.487483000180632],[-87.999902999843073,44.487468000178723],[-87.999994000079695,44.487445000296461],[-88.000052999630924,44.487423000149811],[-88.000116000278425,44.487393000111275],[-88.00019300027131,44.487373999822545],[-88.000264000416422,44.487363000057321],[-88.00041800040222,44.48732700022849],[-88.000554999771254,44.487289000242697],[-88.000724999650572,44.487238000307194],[-88.000831999780701,44.487211000059396],[-88.001025000124542,44.487157000167151],[-88.001143000125296,44.487119999820472],[-88.001261000126078,44.487062999950673],[-88.00140800043917,44.487006000025161],[-88.001509999648107,44.486944999750797],[-88.001616999778236,44.486884999807501],[-88.001685000448617,44.486876000099052],[-88.00173700032714,44.486857000282782],[-88.001827999665423,44.486857000282782],[-88.001919999726937,44.48687199980094],[-88.002011999788436,44.486889999858533],[-88.002094999629136,44.486873000195949],[-88.002202999584156,44.486855000133112],[-88.002211999804985,44.48684099972435],[-88.002241999942214,44.486792999945393],[-88.002232999721386,44.486756000008704],[-88.002219000376002,44.486693999715811],[-88.002230000246641,44.486671000169203],[-88.00229100034602,44.486634999913335],[-88.002373000361786,44.486587999723895],[-88.002384000232439,44.486579999728775],[-88.002446000156709,44.48653699981633],[-88.002508999905899,44.486498000196228],[-88.002554000111758,44.486445999807692],[-88.002548000263971,44.486394999775982],[-88.002534000020262,44.486364999849627],[-88.002508999905899,44.486323999946642],[-88.002502000233207,44.486283000014843],[-88.002556999586474,44.4863189998471],[-88.002604000340455,44.486342999936511],[-88.002657000043911,44.486351999727212],[-88.00274999993033,44.486345000103746],[-88.00281299967952,44.486329999809193],[-88.0028600004335,44.486331000213461],[-88.003038999635336,44.486337000075295],[-88.003360999850599,44.486280000081244],[-88.00355300036955,44.486228000139221],[-88.003772999579255,44.486179999855842],[-88.00391400004456,44.486151000226265],[-88.004043999740915,44.486113999882356],[-88.004181999833165,44.486080999867603],[-88.004319999925428,44.486046000297662],[-88.004480999583905,44.486006999708401],[-88.00460600015569,44.485977999992826],[-88.004741999699831,44.485947000082014],[-88.004938000416715,44.485899999979068],[-88.004979000424598,44.485893000301417],[-88.005048999846494,44.485866999843253],[-88.005104000098058,44.485846000154964],[-88.005138000433249,44.485826000231143],[-88.005154000326783,44.485801999928967],[-88.005149000303902,44.485765999777684],[-88.005129000212435,44.485731999792392],[-88.005124000189554,44.485702999940095],[-88.005195000334666,44.485733999980575],[-88.005253999885895,44.485761000271161],[-88.005272000327551,44.485781000217266],[-88.005340000099622,44.485796999784682],[-88.005401000198987,44.485795000239555],[-88.005509999978926,44.48578700013568],[-88.005593999644518,44.485773999884451],[-88.005699999949726,44.485750000201776],[-88.005811000277816,44.485728999830464],[-88.005920000057756,44.485696000238811],[-88.006063000172887,44.48564899993363],[-88.006190000394497,44.485609999719827],[-88.006480999749314,44.48550500009916],[-88.006561000115255,44.485459000059357],[-88.006614999643617,44.485427999872748],[-88.006751000086055,44.485346000002544],[-88.006834999751646,44.485284999914981],[-88.006900999873892,44.485237999919555],[-88.006927999638066,44.485214000016363],[-88.007014999676713,44.485137999830499],[-88.007028000095488,44.485125999859619],[-88.007048000186984,44.485104000120117],[-88.007126000004789,44.485017000224239],[-88.007203999822579,44.484912999964827],[-88.007302999556785,44.484807999730492],[-88.007435999626196,44.484607999829464],[-88.007501999748428,44.48452300006447],[-88.007582000114354,44.484403000260805],[-88.007659000107267,44.484273000301705],[-88.007731000077285,44.484161000311708],[-88.007774999559885,44.484063999706009],[-88.007828999986572,44.483951999955657],[-88.007876999667161,44.483839000184211],[-88.00790199978151,44.483716999998052],[-88.007927999720764,44.483582000098799],[-88.007904000329646,44.483457999749938],[-88.007869999994455,44.483352000286843],[-88.007819999765744,44.483252999985503],[-88.007761000214501,44.483168000168952],[-88.007669000153001,44.483083000228511],[-88.007583999764179,44.483016000135386],[-88.007490000052854,44.482945000038825],[-88.00739799999134,44.482897000258603],[-88.007109000286349,44.482752000215321],[-88.007052000384945,44.482730000221416],[-88.006712999552903,44.48260999993412],[-88.006638999933074,44.482582000280175],[-88.006606000321113,44.482572000080062],[-88.00629400015157,44.482460999858709],[-88.006242000273033,44.482442999716319],[-88.006197999892109,44.482429000171429],[-88.006101999632648,44.48239800029738],[-88.006049999754097,44.482377000001229],[-88.005874000027006,44.482311000211432],[-88.005716999668152,44.482257000269605],[-88.005585000322,44.482201999802783],[-88.00542799996316,44.482138000126497],[-88.005242000190336,44.48208599969692],[-88.004897000408832,44.482000000265131],[-88.004771999837047,44.48196299985208],[-88.004690999646186,44.481942999878811],[-88.004603999607568,44.481918000062905],[-88.004434999553155,44.48186399975733],[-88.0043109997046,44.481806000038105],[-88.004170000137606,44.481761999969578],[-88.004063999832397,44.481725000046467],[-88.003928000288269,44.48166700018907],[-88.003801000066645,44.4816130002921],[-88.003714000028026,44.481573999943805],[-88.003671000370318,44.481557000013858],[-88.003529999905012,44.481478000010583],[-88.003508000163691,44.481458999718029],[-88.003406000056458,44.48138100007121],[-88.003361999675533,44.481313999946252],[-88.003348000330121,44.481299000280799],[-88.003252999895579,44.481186999708683],[-88.003207999689721,44.481106000139484],[-88.003153000336454,44.481005000163066],[-88.003105999582488,44.480903000155365],[-88.003006999848282,44.480728999881492],[-88.002909999763901,44.480386000308307],[-88.002886000372783,44.480272000171844],[-88.002841000166924,44.480112999913203],[-88.002804000357017,44.479954999734815],[-88.002781999717385,44.479805000053901],[-88.002780000067546,44.479793000267883],[-88.002733000211904,44.479743999940943],[-88.002725999640887,44.479668000320359],[-88.002704999724486,44.47940099970468],[-88.002713999945328,44.479229999734336],[-88.002719999793115,44.479206999808795],[-88.002733000211904,44.479171000074345],[-88.002783000440616,44.479025999743939],[-88.002810000204789,44.478961999788474],[-88.002869999580923,44.478823000214241],[-88.002915999611673,44.478716000127356],[-88.00303199996263,44.478484999821887],[-88.003416999927097,44.477875999877085],[-88.003467000155823,44.477796000107695],[-88.003663999799315,44.477439999771853],[-88.003811000112407,44.477244999846519],[-88.003878000059558,44.477138999991737],[-88.004035000418398,44.476793000044715],[-88.004093999969626,44.476592000298652],[-88.004117000434164,44.47653399982547],[-88.004208999597353,44.476300000049505],[-88.004231000236985,44.476236000308951],[-88.004302000382083,44.476054000062206],[-88.004334999994043,44.475943000259917],[-88.00434199966675,44.475791999935865],[-88.004344000214871,44.475732000059423],[-88.004349000237738,44.475627999913812],[-88.0043530004357,44.475524000223793],[-88.00449700037575,44.475493999835031],[-88.004903000256618,44.4754100002028],[-88.0050210002574,44.475386000102525],[-88.005140000083074,44.475377999853201],[-88.005217000075973,44.475359000138155],[-88.005270999604335,44.475342000320346],[-88.005417999917427,44.475295000006504],[-88.005530000070408,44.475240000027625],[-88.005654999743896,44.475172999901723],[-88.00575799967605,44.475114999941091],[-88.005936999776182,44.475029999806225],[-88.005951000019905,44.475023000106326],[-88.005962999715464,44.475018000320169],[-88.006093000310116,44.474955999731264],[-88.006226000379513,44.474890999839232],[-88.006238999899978,44.474886000041806],[-88.006368999596319,44.474833000239329],[-88.006510999886558,44.474773000017869],[-88.006693000359746,44.474698000295255],[-88.006827000254049,44.474655999921353],[-88.007022000247716,44.474610000301269],[-88.007188999753993,44.474552999746344],[-88.007346000112818,44.474507000045072],[-88.007377000074953,44.474500000282447],[-88.007542999756311,44.474466000141426],[-88.007669000153001,44.474445000195296],[-88.007762000039421,44.474408000119119],[-88.007782000130902,44.474399999735773],[-88.007813999917957,44.47438700015207],[-88.007948999637165,44.474352999945268],[-88.008117999691578,44.474303000208394],[-88.008244000088283,44.474271999862864],[-88.008268000377711,44.474267000012354],[-88.008321999906087,44.474260000220937],[-88.008379999632396,44.474253999758055],[-88.008537999816141,44.474247999935528],[-88.008588000044853,44.474241000141838],[-88.008953999742744,44.474202999965115],[-88.008971000359494,44.474199000080034],[-88.00911699994937,44.474166999707386],[-88.009284000353944,44.474128000150962],[-88.009436999616511,44.474087999954278],[-88.00946299955578,44.47408000016803],[-88.009579999731642,44.474043999834421],[-88.009604000021085,44.474035000068064],[-88.009717999823891,44.473992999857998],[-88.009747999961121,44.473982000133766],[-88.009949999627494,44.473908000011868],[-88.010128999727627,44.473832999818583],[-88.010271999842772,44.4737570001911],[-88.010409000110116,44.473672999981517],[-88.010536000331726,44.473602000053567],[-88.010646999761491,44.473518000261912],[-88.010665000203161,44.473503999857577],[-88.010775999632926,44.473419999924857],[-88.010850999976,44.473347999703201],[-88.010923999770924,44.473286999891052],[-88.010994000091117,44.473217000122581],[-88.011061000038268,44.473152000216608],[-88.01113499965814,44.473091000199595],[-88.011201999605277,44.473028000136068],[-88.011270000275658,44.472963000019632],[-88.0113229999791,44.472891999868878],[-88.01139900014708,44.472812000317752],[-88.011464000444406,44.472740999983287],[-88.011472999766937,44.472734000008835],[-88.01154399991205,44.472667000210855],[-88.011655000240125,44.472547999739049],[-88.011758000172279,44.472442999686812],[-88.011789999959333,44.472413000278237],[-88.011868999602058,44.472338000086708],[-88.01188799986862,44.472319000022878],[-88.011906000310276,44.47230099995673],[-88.01195399999088,44.472253999757775],[-88.012036000006617,44.472169999948981],[-88.012121000395439,44.472086000019281],[-88.01218900016751,44.472027000187211],[-88.012280000404104,44.471958000199194],[-88.012354000023947,44.471896000205469],[-88.012456000131195,44.471813999905777],[-88.012570999758921,44.471726000050154],[-88.012708999851199,44.471630999955046],[-88.012814000331488,44.471542999823484],[-88.012917000263656,44.471453000163564],[-88.012979000187926,44.471383000118458],[-88.012993000431621,44.471366999803323],[-88.013006999777019,44.471349000084544],[-88.013075000447387,44.471258000103802],[-88.013130999625588,44.4711760001898],[-88.013154000090125,44.4711420000353],[-88.013195000097994,44.471035999992168],[-88.013238999580608,44.470913999958249],[-88.013243999603489,44.470888999904012],[-88.013270000441054,44.470748000269595],[-88.013274999565624,44.470659000056784],[-88.01327700011376,44.470626000274713],[-88.013257000022264,44.470488000109697],[-88.013251999999412,44.470467000014189],[-88.013210000166609,44.470310000037436],[-88.013150999717055,44.470153000279467],[-88.013092000165827,44.470049999849493],[-88.013026000043595,44.469943999746235],[-88.012954000073563,44.469832999861147],[-88.012872000057797,44.469722999812994],[-88.012677999889036,44.469494999962144],[-88.01255200039067,44.469372999912309],[-88.012470000374904,44.469294000080339],[-88.012404000252658,44.469239000215289],[-88.012299999597289,44.469159000144273],[-88.012162000403308,44.469052999704992],[-88.012046000052379,44.468968999776536],[-88.011880000371022,44.468865999821432],[-88.011740999555528,44.468786999944264],[-88.011613000407323,44.46872200023293],[-88.011467999744056,44.468647999852166],[-88.011316000306408,44.468568999679945],[-88.011153999924701,44.468494999746234],[-88.011128999810339,44.468483000198638],[-88.010938999839539,44.468400000161651],[-88.01077099961006,44.468335000019344],[-88.010618000347492,44.468280999964449],[-88.010479000430323,44.468233999733542],[-88.010318999698441,44.468183999882861],[-88.01014299997135,44.468131999838825],[-88.009957000198497,44.468085000129015],[-88.009794999816805,44.468047999867082],[-88.00977999974819,44.468045000277975],[-88.009715000349175,44.468031999919795],[-88.009638000356262,44.468020999713119],[-88.009553999792359,44.468009000068037],[-88.009429999943819,44.467988999799402],[-88.009229999927271,44.467964999852569],[-88.009094000383158,44.46796700000877],[-88.009065000070834,44.467969000164963],[-88.008932999826342,44.467982999973884],[-88.008804999779812,44.467995000265354],[-88.008711000068502,44.468005999835889],[-88.008511999876873,44.468021999790253],[-88.008317999708126,44.468025000021633],[-88.008127999737312,44.4680139998136],[-88.007958999682913,44.467987999721664],[-88.007839999857225,44.467951000039328],[-88.007813999917957,44.467938999738813],[-88.007729000427446,44.467910000017383],[-88.007639000015772,44.467858999809209],[-88.007613999901409,44.467844999970552],[-88.007593999809941,44.46783399972859],[-88.007548999604083,44.467809000278351],[-88.007505999946389,44.467784000176309],[-88.007470999786278,44.467762999748984],[-88.007433000151437,44.467744000118991],[-88.007411000410144,44.467731999775921],[-88.007300000082068,44.467616999835542],[-88.007239999807595,44.467547000318334],[-88.007275999792611,44.467475999989595],[-88.00728400018852,44.467460999972289],[-88.007296999709013,44.467427000218024],[-88.007310999952708,44.467393999890746],[-88.007346000112818,44.467320999838705],[-88.007409999686914,44.467207999911892],[-88.00751000014435,44.467109999877628],[-88.007546999954272,44.467066000266627],[-88.007567999870659,44.467024000169928],[-88.007608999878528,44.466978000304074],[-88.007638000190866,44.466928000018555],[-88.007671999627732,44.466884999725927],[-88.007669999977907,44.466835000001844],[-88.007695999917189,44.466798999686773],[-88.007701999764961,44.466781999939819],[-88.007724000404593,44.466728999829677],[-88.007755000366728,44.466627999970385],[-88.00776399968926,44.466599999699213],[-88.007777000108035,44.46651499998417],[-88.00780899989509,44.466423000055087],[-88.0078380002074,44.466333000193245],[-88.007851999552798,44.466212000053439],[-88.007865999796493,44.466112000050572],[-88.00785499992584,44.466021999709177],[-88.007853000276015,44.466004999735979],[-88.007839999857225,44.465897999866371],[-88.007820999590635,44.465758999946566],[-88.007797000199517,44.46558500003249],[-88.007813000093051,44.465425000022243],[-88.007814999742862,44.465405000150362],[-88.007837000382494,44.465279000030854],[-88.00785499992584,44.465133000315468],[-88.007889000261031,44.464978999842273],[-88.007951000185301,44.464833000017713],[-88.008001000414026,44.464746000027617],[-88.008009999736544,44.464729999816356],[-88.008086999729443,44.464556000040673],[-88.008169999570114,44.464423999820681],[-88.008259999981789,44.464272999824701],[-88.008268000377711,44.464259999908684],[-88.008317999708126,44.464214999930455],[-88.008394999701011,44.464043999696827],[-88.008448000302778,44.46393700007949],[-88.008478000439993,44.463870999948092],[-88.008612000334296,44.463638000198884],[-88.00869099997702,44.463393000208001],[-88.009131000193065,44.462610000037223],[-88.009194999767175,44.462481999952274],[-88.00920900001087,44.46245700013332],[-88.009265000087368,44.462333999944967],[-88.009335000407575,44.462249999964527],[-88.009420999722977,44.462153000119159],[-88.009440999814458,44.462128999696311],[-88.00946199973086,44.462103999726189],[-88.009614000066819,44.461900000134236],[-88.009656999724527,44.461844999713655],[-88.009686000036851,44.46173200008586],[-88.009686999861771,44.461705999760419],[-88.00968799968669,44.461680000064511],[-88.009732000067615,44.461640999857849],[-88.009799000014766,44.461596999971491],[-88.009825999778926,44.461572999961227],[-88.009856999741075,44.461550000129108],[-88.009902999771839,44.461517999873749],[-88.00991700001552,44.461509000099298],[-88.009984999787591,44.461489000168115],[-88.010024999970568,44.461485000052861],[-88.010065000153546,44.46148099993728],[-88.010157000215045,44.461486999789948],[-88.010265000170079,44.461499999682289],[-88.010342999987884,44.46152700028793],[-88.010423000353825,44.461537000247887],[-88.010538999806457,44.461551999863964],[-88.010650999959466,44.4615680003051],[-88.01069100014243,44.461560000085079],[-88.010729999602162,44.461561999819651],[-88.010780999655807,44.461582999913261],[-88.010923999770924,44.461625000077881],[-88.011081000129778,44.461657999819643],[-88.011313999758272,44.461701000115724],[-88.011528999843421,44.461743000195405],[-88.011783000286641,44.461795999703327],[-88.012021999762922,44.46185500026025],[-88.012219000304725,44.461897999770137],[-88.012460000329156,44.46193399990198],[-88.012616999789685,44.461957999763854],[-88.012826999851953,44.461978000175513],[-88.013017999647658,44.461978000175513],[-88.013194000273089,44.46197100019252],[-88.013333000190258,44.461960000125927],[-88.013494999673654,44.46193399990198],[-88.013672000123975,44.461905999943845],[-88.013909999775336,44.461851999711755],[-88.014166999693302,44.46178999988242],[-88.014406000067893,44.461733000270783],[-88.014602999711386,44.46166499984016],[-88.014863000002379,44.461588999755449],[-88.015134000164039,44.461512000024271],[-88.015354000272055,44.461459999806969],[-88.015393999556721,44.46145399995153],[-88.015607999816964,44.46141100011468],[-88.01565700022077,44.46139700001185],[-88.015736999688386,44.461377000042305],[-88.015925999834266,44.461331999765257],[-88.015970000215205,44.461310000030316],[-88.016095999713585,44.461252999950048],[-88.016109999957294,44.461245999880127],[-88.016201000193888,44.461201000143227],[-88.016258999920211,44.461139999817597],[-88.016269999790865,44.461129000235587],[-88.016288000232535,44.461035999956344],[-88.016222999935195,44.460921999846263],[-88.016103000284602,44.460809999915071],[-88.015991000131606,44.460728000069601],[-88.015821000252288,44.46065000028176],[-88.015658999870595,44.460587999817122],[-88.015489999816182,44.46053000010874],[-88.015345999876146,44.460487999797614],[-88.015179000369869,44.460413000311696],[-88.014991000048894,44.460323000160351],[-88.014811000123842,44.46023700007126],[-88.01463000037387,44.460177999802738],[-88.014482000235873,44.460099999921248],[-88.014386999801317,44.459993999701595],[-88.014300999587604,44.459883000130311],[-88.014191999807665,44.459740999978244],[-88.01415800037077,44.459646999832081],[-88.014134999906247,44.459544000098475],[-88.014118000187793,44.459435999703274],[-88.014118000187793,44.459302000276956],[-88.0141459997769,44.45918900021551],[-88.014181999761902,44.459072999885166],[-88.014214000447268,44.459025999934489],[-88.014242999861281,44.458972000244565],[-88.014266000325819,44.458950999852938],[-88.0142860004173,44.458922000154644],[-88.014314999831299,44.458894000034313],[-88.014409000440935,44.458802999871075],[-88.014533000289504,44.458698999694022],[-88.014623999627787,44.458634000290765],[-88.014730999757901,44.45857200025003],[-88.014836000238205,44.458507000064245],[-88.014958000436934,44.458439999964675],[-88.0150899997831,44.458372999788224],[-88.015211999981858,44.458309999868007],[-88.015350000074093,44.458238999845925],[-88.015523000326453,44.458138000044968],[-88.015669999741235,44.458043999882868],[-88.015811000206554,44.457953999926893],[-88.01608300019312,44.457776000104175],[-88.016217999912314,44.457675999756773],[-88.016366999875245,44.457572000137112],[-88.016498000294817,44.457453000308135],[-88.016623999793211,44.457359999944281],[-88.01674500016702,44.457253999879796],[-88.016831000380748,44.457172000169692],[-88.016937999612551,44.457072999693835],[-88.017018999803398,44.456966999749561],[-88.017094000146471,44.456842999909291],[-88.017149000398078,44.45674099998805],[-88.017197999903544,44.456612999859956],[-88.017216000345215,44.456586999819706],[-88.017248999957175,44.456537999884965],[-88.017279999919324,44.456487000000834],[-88.01732699977498,44.456383999822464],[-88.01737500035388,44.456281999740661],[-88.017402999942959,44.456203000145777],[-88.017428000057322,44.456109000074626],[-88.017474000088086,44.456025000114956],[-88.017488000331781,44.455987000261459],[-88.017508000423263,44.455930999757264],[-88.017530999989475,44.455860000048503],[-88.017552999730782,44.455755999759255],[-88.017587999890878,44.455639000014031],[-88.017616000378297,44.455485999796132],[-88.01762700024895,44.455457999951747],[-88.017664000058872,44.455354999881955],[-88.017665999708683,44.455339000303034],[-88.017676999579351,44.455260000073629],[-88.017676999579351,44.455167999720445],[-88.017701999693699,44.455064000122455],[-88.01771900031045,44.454977999982027],[-88.017772999838812,44.454879000274943],[-88.017823000067523,44.454771999891143],[-88.017879000144035,44.45467800008133],[-88.017940000243385,44.454593999986898],[-88.018007000190551,44.454515000032046],[-88.018070999764646,44.45442400009771],[-88.018160000351415,44.454319999815944],[-88.018206000382179,44.454276000183548],[-88.018279000177117,44.454208999717814],[-88.01830599994129,44.454184999876787],[-88.018418999919191,44.454092999753719],[-88.018551000163654,44.453975999882658],[-88.018661999593434,44.453880000076488],[-88.018803999883659,44.453760999777053],[-88.018950000371831,44.453623000139224],[-88.019095000136787,44.453509000303939],[-88.019229999856009,44.453412000043826],[-88.01934399965883,44.453322999689966],[-88.019446999590983,44.453247000289032],[-88.019542999850444,44.453185999989643],[-88.019582000208516,44.453161000037696],[-88.019713999554682,44.45306799989185],[-88.0197510002629,44.453040999863106],[-88.01991299974631,44.452906000173485],[-88.01994200005862,44.452874000310544],[-88.019998000135132,44.452803000091201],[-88.020048000363829,44.452722000241273],[-88.020069000280245,44.452644999717691],[-88.020076999777842,44.45260799992969]]]},"properties":{"BASENAME":"Bellevue"}},{"type":"Feature","geometry":{"type":"MultiPolygon","coordinates":[[[[-88.195577000368758,44.590222999854653],[-88.195569999797755,44.58895200003392],[-88.195568999972835,44.588471000277139],[-88.195511000246526,44.588137000146048],[-88.195303999658961,44.587668999959284],[-88.195184999833273,44.587514000072915],[-88.195079000426389,44.587376000193586],[-88.194815999762326,44.587148999739682],[-88.194421999577031,44.586934999759748],[-88.193937000053452,44.586763999840308],[-88.193183999842958,44.58666000008477],[-88.193967000190682,44.586638000284893],[-88.194416999554164,44.586625000137524],[-88.194450999889355,44.586624000175277],[-88.194335000436709,44.586562999886738],[-88.1910260003921,44.584831999890454],[-88.190283000227367,44.584546999884488],[-88.190120000020741,44.58448499997651],[-88.189438999780265,44.584226000285632],[-88.180031000403545,44.580453999699117],[-88.177119999843882,44.579286000227448],[-88.17505000025659,44.578456000208419],[-88.174444000359188,44.57821299968596],[-88.172162000161464,44.57729800021994],[-88.172019000046333,44.577240000114671],[-88.171634999906786,44.577086000061939],[-88.170725000235748,44.576721000161157],[-88.170143999554384,44.576488000153681],[-88.169022999996187,44.576038000289373],[-88.168737999590803,44.575923999719699],[-88.166031999968894,44.574838000263703],[-88.165833999602171,44.574757999808099],[-88.164839000440651,44.574358999892027],[-88.164651000119676,44.574284000290177],[-88.16433200027744,44.574159000098916],[-88.163322000149009,44.573765999733453],[-88.162896000176644,44.573599999764753],[-88.162830000054399,44.573574000035123],[-88.162087999714558,44.573284999747344],[-88.161984999782405,44.573244999744944],[-88.161210999655509,44.572942999734607],[-88.160788999881106,44.572778999737309],[-88.159752999813406,44.572374999924982],[-88.156705999709615,44.571188000227437],[-88.156448999791678,44.571087999763748],[-88.156246000300385,44.571009000139817],[-88.154512000273769,44.570333000152679],[-88.15440599996856,44.570291999796588],[-88.149316999866571,44.568309000235942],[-88.146220000432393,44.567126000023599],[-88.14460000020857,44.566507000024174],[-88.144370000054806,44.566420000020521],[-88.141303999684439,44.565248000220258],[-88.141199000102461,44.565205999789164],[-88.140116000179077,44.56479500005026],[-88.13992200001033,44.564720999974128],[-88.138900000186311,44.56432999988585],[-88.138697999621627,44.564253000097253],[-88.138582000169009,44.564209000172326],[-88.135171999842058,44.562906000284812],[-88.133646000227884,44.562322999800259],[-88.13293900004814,44.562053000204962],[-88.132737000381766,44.561975999962769],[-88.132436999907796,44.561861000242459],[-88.131355999634252,44.561447999762429],[-88.131199999998643,44.561389000094614],[-88.131087999845647,44.56134599968064],[-88.130435000092575,44.561094000217793],[-88.130238000449097,44.561011999893083],[-88.129804999905716,44.560823000273373],[-88.128337000017879,44.560183999755345],[-88.128291999812035,44.560163999733021],[-88.127110999979351,44.559649999937385],[-88.126294000194747,44.559294000109652],[-88.126142999683708,44.559227999704447],[-88.125930999971601,44.559136000081502],[-88.122453999697512,44.557620999806232],[-88.122065000433395,44.557450999910145],[-88.122011000006722,44.557428000115756],[-88.121709999707832,44.557296999944505],[-88.120559000012406,44.556794999728957],[-88.1202700003074,44.556668999879854],[-88.119796999581069,44.556462999742074],[-88.117564999612071,44.555490999725173],[-88.117347999877069,44.555395999736987],[-88.113856000432705,44.553875000072729],[-88.11334900026948,44.553660000005372],[-88.11298600004632,44.553495000159351],[-88.11180500021365,44.552979999803647],[-88.111621999915542,44.552900999912751],[-88.110421999816296,44.552376000311803],[-88.102591000107381,44.549148999985228],[-88.100867999951404,44.548439000217783],[-88.100667000109951,44.548356000004155],[-88.100636999972707,44.548343000260772],[-88.100472999941189,44.548276000257005],[-88.099169000084871,44.547738000029753],[-88.097086999903695,44.546878999704305],[-88.097252999585038,44.546825000021315],[-88.097392000400546,44.546758000190856],[-88.097537999990394,44.546660000003698],[-88.097582000371332,44.546617000228821],[-88.097604999937545,44.546595000004189],[-88.097661000014028,44.546540000046363],[-88.097687999778231,44.546511999721965],[-88.097756000448612,44.546380999945946],[-88.097763999946196,44.546310000183588],[-88.09774600040285,44.546221000034592],[-88.09773399980898,44.546163000310202],[-88.09764000009767,44.545969999751676],[-88.097569999777448,44.545855999791272],[-88.09746400037055,44.545662000109104],[-88.097397000423399,44.545459000152093],[-88.097410999768812,44.545433000008657],[-88.097470000218351,44.545315000147617],[-88.097483999563735,44.545289999972724],[-88.097670000234871,44.54512700015696],[-88.097800999756132,44.545114999728305],[-88.098009000168602,44.545094000252625],[-88.098172000375214,44.545099999829205],[-88.09831700014017,44.545105000009386],[-88.09864600002814,44.545220000194178],[-88.098783000295498,44.545468999810154],[-88.098742000287601,44.545604999855193],[-88.098702000104637,44.545737000122273],[-88.098613000416179,44.546040999928735],[-88.098825000128286,44.546227000135211],[-88.099169000084871,44.546527999908996],[-88.099237999681847,44.546587999930956],[-88.099616999798513,44.546617000228821],[-88.099892999983055,44.546501000231061],[-88.100294999665948,44.546436000053966],[-88.100539999888341,44.546425999921787],[-88.100863999753443,44.546404000265142],[-88.101447999909553,44.546172999847379],[-88.101637000055419,44.546014000024918],[-88.101821000178447,44.545858999860464],[-88.102675999597878,44.545139999978346],[-88.102864999743758,44.544980999895252],[-88.103082000377057,44.544798999713969],[-88.1031500001491,44.54473400019733],[-88.103406000242146,44.544523999883907],[-88.104593999747507,44.543337999856803],[-88.1047469999084,44.543184000319023],[-88.104791000289325,44.543140999897233],[-88.104955000320857,44.543117000139375],[-88.104996000328725,44.543067999882702],[-88.105029999765605,44.543018000153211],[-88.105038999986448,44.542975000249058],[-88.105040999636273,44.542963000017046],[-88.105018999894952,44.54290999997631],[-88.105078000344491,44.542850000004897],[-88.105096999712757,44.542788999895834],[-88.10513900044387,44.542742000156601],[-88.105170000406019,44.54269699989387],[-88.105278000361054,44.542547999700595],[-88.105305999950147,44.542510999932972],[-88.105331999889401,44.54245900020247],[-88.105346999958016,44.5424069997853],[-88.105361000201725,44.54236600023625],[-88.105348999607841,44.542356000045174],[-88.105243000200957,44.542313000292339],[-88.105141000093681,44.542270999952152],[-88.101315999665047,44.540644000146635],[-88.099937000363994,44.540054999978281],[-88.097477999715949,44.53900799970905],[-88.097051999743599,44.538824999919562],[-88.097040000048011,44.538854999746015],[-88.097019000131624,44.538899000274611],[-88.096947999986511,44.539057999680921],[-88.096932000092991,44.539057000181309],[-88.096744999596922,44.539053000261937],[-88.096594999809113,44.539049999841943],[-88.096655999908464,44.538793999933254],[-88.096684000395868,44.538668000170148],[-88.096689000418749,44.538577999715116],[-88.096694000441616,44.538486000102132],[-88.096695000266536,44.538452000124892],[-88.096558999824097,44.538449000314252],[-88.096388999944779,44.538427000204237],[-88.096275000141958,44.538401000121745],[-88.096208000194807,44.538385999773368],[-88.096055000033942,44.538337000016952],[-88.095614999817883,44.538158000020672],[-88.09541300015151,44.538086000317719],[-88.09522900002851,44.538048000118465],[-88.095086999738285,44.538033000319402],[-88.09489400029274,44.538025999856934],[-88.094389999604275,44.538019000033934],[-88.094394999627156,44.537693999732682],[-88.094283000372485,44.537646000198428],[-88.093202999923818,44.5376340001486],[-88.093043000090262,44.537631999819908],[-88.092879999883635,44.537630000131422],[-88.092745000164427,44.537627999802602],[-88.092759000408122,44.537015000147157],[-88.092757999684906,44.536990999784948],[-88.092756999859986,44.536932999829247],[-88.092761999882853,44.536834999750745],[-88.092771999928615,44.536384999847087],[-88.091548000438223,44.536370999805662],[-88.091346999698459,44.536369000073918],[-88.091287000322325,44.536367999887858],[-88.090428999631513,44.536001000235864],[-88.090052999887888,44.535851000000122],[-88.090030000321676,44.535830999939471],[-88.089754999962054,44.535714000023496],[-88.089709999756209,44.535695000113435],[-88.089652000029901,44.535670000289805],[-88.089411999830375,44.535567999847856],[-88.089390999913974,44.53555899996978],[-88.088124999692496,44.535019000257712],[-88.088062999768212,44.534991999724433],[-88.088091000255631,44.534288999813462],[-88.086397000411964,44.534305000158128],[-88.084969999633671,44.534319000055895],[-88.08482700041688,44.534320000277155],[-88.084845999785117,44.53380499995643],[-88.084853000356134,44.533621999823787],[-88.084769999617151,44.533585999740502],[-88.084707999692853,44.533558999823541],[-88.084273000397999,44.533371000291766],[-88.084137999780467,44.533312999932186],[-88.083608999875963,44.533082000079979],[-88.083527999685103,44.533054999929348],[-88.08184399988717,44.5323329999623],[-88.081790000358822,44.532311000103071],[-88.081530999892721,44.532202000299407],[-88.081232000141995,44.532071999961381],[-88.081044999645925,44.531996000013557],[-88.080861000421237,44.531914000312526],[-88.080068999852656,44.53157600023237],[-88.079543000321195,44.531308000051489],[-88.077846999929406,44.530568999828219],[-88.076752000310464,44.530091000276542],[-88.076670000294683,44.530189999829254],[-88.076620000065972,44.530239999688121],[-88.075765999573136,44.531002999881679],[-88.074726000205786,44.53194399985729],[-88.074036999569373,44.532566999697409],[-88.074013000178255,44.532587000238692],[-88.073465000007161,44.534236000201219],[-88.073203999891248,44.534618000133278],[-88.072998000026914,44.534825999894146],[-88.072828000147638,44.535426000115365],[-88.072776000269073,44.535753000021607],[-88.072586000298287,44.536207999990715],[-88.072065999716301,44.536979000240457],[-88.069004000442206,44.541527000062679],[-88.066794000214514,44.544757999928812],[-88.064984999844825,44.544067000126383],[-88.062194999658971,44.543184999747751],[-88.057724999873201,44.541598999992488],[-88.057697000284094,44.54158499992419],[-88.056735999661143,44.541298999804269],[-88.056388000404908,44.541178999680305],[-88.056255000335526,44.541133000026079],[-88.056086000281127,44.541074999714326],[-88.054960999626616,44.540685999739701],[-88.053096999903673,44.54004200030198],[-88.053074000337446,44.540035000081041],[-88.052964999659181,44.539996999873161],[-88.052928999674165,44.540048999881762],[-88.050717999621568,44.543228000137049],[-88.048391999941217,44.546606000117542],[-88.048000000304071,44.547357999738139],[-88.047912000440519,44.547595999887598],[-88.047869999709405,44.54767799991275],[-88.047827999876617,44.547748999927109],[-88.04774199966289,44.547851000156818],[-88.047673000065913,44.547920999972554],[-88.047494999790686,44.548052000124002],[-88.047231000200057,44.548249000109458],[-88.046483999837335,44.549335999826539],[-88.046425000286106,44.549419999884961],[-88.045769000159964,44.550606000192566],[-88.045704999687558,44.550698999798335],[-88.045625000219928,44.550813999814316],[-88.045514999716772,44.550972999968756],[-88.044728999894289,44.552110000310947],[-88.044513999809141,44.552421000133968],[-88.043998000323427,44.553164999703959],[-88.043887999820257,44.553324999731679],[-88.043798000306879,44.553454000097886],[-88.043708999720096,44.553583000178101],[-88.043447999604197,44.553959999865356],[-88.04323500006717,44.554266000011303],[-88.043230999869223,44.55428100010888],[-88.043214999975703,44.554330999766094],[-88.043096000150015,44.554468999979704],[-88.041689000361515,44.556501999923597],[-88.040637000400295,44.558047000067639],[-88.040567000080088,44.558122000124364],[-88.040510000178671,44.558203000230606],[-88.039988999771765,44.558957000029565],[-88.03994199991611,44.558915999975895],[-88.039792000128273,44.559000000288975],[-88.039300999858597,44.559702000312448],[-88.038896999627568,44.55992499999067],[-88.037836000343802,44.560497000136742],[-88.037151999730284,44.560761999797748],[-88.036120999685423,44.560919000126454],[-88.03220300026868,44.563191999847689],[-88.031434999989557,44.563245999705835],[-88.030803000152915,44.563291999806175],[-88.028903000444913,44.563491999847535],[-88.025703000180243,44.562591999687072],[-88.024602999640123,44.560892000083768],[-88.023102999965232,44.561092000055147],[-88.021702999849438,44.561892000105928],[-88.019603000124917,44.560592000117765],[-87.991202999572707,44.560391999707754],[-87.977603000244542,44.560391999707754],[-87.980801999785967,44.565453999975553],[-87.997897999654811,44.592500000208503],[-88.015382999686068,44.592114000060803],[-88.015395000279952,44.592139999816517],[-88.015412999823297,44.592178999748086],[-88.015543000417949,44.592218000293258],[-88.01557600002991,44.592162000092785],[-88.016383999593671,44.592138000081754],[-88.016659999778213,44.592130999730145],[-88.018747999807161,44.592079000199043],[-88.021861000033198,44.591998999796196],[-88.024554999959562,44.591929999784107],[-88.025723000271753,44.591900999680419],[-88.031721000219832,44.591754999710581],[-88.032420000003654,44.591737999931269],[-88.033698999745624,44.591702999843058],[-88.034552000413555,44.591679000282198],[-88.035744999941784,44.591645999910227],[-88.038648999930444,44.591566000190809],[-88.045611999801139,44.591392000180889],[-88.047025000335722,44.591357999765151],[-88.048498000246454,44.591323000087876],[-88.048833999807101,44.591317000159364],[-88.050258000212338,44.59130100013369],[-88.051753999689282,44.591285999985722],[-88.056748000255027,44.591231999932631],[-88.059141999707421,44.591200999713649],[-88.062379999606904,44.59115699970463],[-88.065984000102617,44.591108000236915],[-88.068976999779721,44.591067999700805],[-88.072255999687087,44.591021999817933],[-88.074692999695515,44.590991000126671],[-88.077938000166,44.590953999813152],[-88.078514999751093,44.590948999734408],[-88.079216000083065,44.590944000294925],[-88.081259999731088,44.590918999892544],[-88.084337999797015,44.590882000172925],[-88.083952999832533,44.592259999768451],[-88.083632000340486,44.593491999871461],[-88.083382000095227,44.594453000109269],[-88.083336000064477,44.594630000023571],[-88.084663000385333,44.594623999796823],[-88.088037999653864,44.5945719999376],[-88.088754000054436,44.594560999936824],[-88.088879999552816,44.594559000285372],[-88.088871000230299,44.593876999984928],[-88.088850000313911,44.592338000084183],[-88.088841999917989,44.592064000251867],[-88.088851000138831,44.590849999877712],[-88.094510999978112,44.590753000274603],[-88.09907100017557,44.590660999973814],[-88.107332000054825,44.590643999874452],[-88.10939499996941,44.590613999875202],[-88.113037000099965,44.590550000251469],[-88.115782999904852,44.590503000063094],[-88.119702000044811,44.590422000152927],[-88.124781999925972,44.590344999722902],[-88.129761000423116,44.590262999692889],[-88.13270200022167,44.590091999967974],[-88.132873999750814,44.590107999686744],[-88.132976999682981,44.590111000033325],[-88.133278999806762,44.590096000217926],[-88.139993000155442,44.589769999733903],[-88.143684999616369,44.589544000224762],[-88.149035999659176,44.589217999843335],[-88.150087999620411,44.589153999961908],[-88.150181000405141,44.592782999891142],[-88.152697999881198,44.59262400013283],[-88.155216999905377,44.592464999939516],[-88.155257999913246,44.59463600024975],[-88.155284999677434,44.596096999780094],[-88.16029799961143,44.595783999714939],[-88.16025499995375,44.592146000299785],[-88.160229000014468,44.589900999706622],[-88.160213000120947,44.588509000181958],[-88.161316999960718,44.588437000071892],[-88.161640999825821,44.58843299970772],[-88.162353999853337,44.588404999709986],[-88.162753999886434,44.588384999794762],[-88.170238000164048,44.587888000138484],[-88.176518999969346,44.587567999741793],[-88.176529000015094,44.587783999834926],[-88.176937000444099,44.587656000042486],[-88.177076000361254,44.587614999744453],[-88.177141999585203,44.587595000197169],[-88.17719500018697,44.587582000263829],[-88.177369000264221,44.587538000074069],[-88.177442999884065,44.587520999701077],[-88.178274999737297,44.587479000000059],[-88.180330000154271,44.587352000125492],[-88.190464999802231,44.586798999703909],[-88.19203999982021,44.586693000088879],[-88.193053000321697,44.58666399993119],[-88.193065999842176,44.587295999714812],[-88.192326999875377,44.587336000287848],[-88.192335000271299,44.589020999743049],[-88.190386000159535,44.589076999771279],[-88.190410000448964,44.589647000027938],[-88.190413999748614,44.589718000009618],[-88.190428999817215,44.590387999809458],[-88.192054000063905,44.590335999998345],[-88.193654000196247,44.590284000140656],[-88.193777000219882,44.590279999903643],[-88.195154999696044,44.590234999936989],[-88.195364999758326,44.590227999995903],[-88.195577000368758,44.590222999854653]],[[-88.160099000318127,44.588607000259522],[-88.160105999990819,44.589272999765093],[-88.158956000120298,44.589346999949953],[-88.158947999724376,44.58865799977103],[-88.158935000203897,44.58859000019919],[-88.159782999950636,44.588536000200229],[-88.160095999945071,44.588515999690316],[-88.160099000318127,44.588607000259522]]],[[[-88.176544999908614,44.59117400029362],[-88.176544000083709,44.589264999791332],[-88.175533000130343,44.589265999708147],[-88.175533000130343,44.589180999680572],[-88.175277000037312,44.589207000108658],[-88.174454000404921,44.589293000014521],[-88.174137000212525,44.589310999785333],[-88.172743999769423,44.589389000220379],[-88.172743999769423,44.589294999847176],[-88.172758999838038,44.589162999869536],[-88.171791000440692,44.589539999936818],[-88.171851999641746,44.589618999975279],[-88.172752999990266,44.589569999850681],[-88.17275100034044,44.591386000259504],[-88.175277999862217,44.591244999689366],[-88.176544999908614,44.59117400029362]]]]},"properties":{"BASENAME":"Howard"}},{"type":"Feature","geometry":{"type":"Polygon","coordinates":[[[-88.131181999556972,44.676927999921681],[-88.131165999663452,44.669661000018777],[-88.131163000188721,44.668885000077523],[-88.131157000340934,44.666115000175175],[-88.131157000340934,44.666055000179547],[-88.131155999617704,44.666026999904751],[-88.131114999609821,44.662829999762117],[-88.131116000333051,44.662809999914934],[-88.131175999709185,44.660783999840277],[-88.131103999739167,44.655776999876352],[-88.13109500041665,44.655106000190756],[-88.13109399969342,44.654833000010804],[-88.131085000370916,44.654263999802446],[-88.131070000302302,44.653512999830205],[-88.131060000256568,44.652632999845935],[-88.131059000431634,44.652577999842883],[-88.131051000035725,44.652011000105674],[-88.131044000363019,44.651598999880328],[-88.130989999936347,44.648025000190849],[-88.130840000148538,44.643452999898344],[-88.130814000209256,44.642708999920451],[-88.130795999767614,44.642415999697896],[-88.130695000383568,44.639925999903141],[-88.130680000314953,44.639539999761531],[-88.130687999812565,44.638871999890746],[-88.130666999896164,44.638252000301989],[-88.130538000024742,44.634273999871432],[-88.130522000131208,44.633772999808883],[-88.130456999833868,44.630160000138538],[-88.130410999803118,44.628150000054319],[-88.130352000251889,44.623899000206428],[-88.13033999965802,44.623152000214191],[-88.130312999893832,44.621517000167664],[-88.130297000000311,44.619249999853686],[-88.130255999992428,44.616697000180892],[-88.130215999809465,44.612057999682278],[-88.130172000326837,44.610351000129292],[-88.130167000303956,44.609343999897867],[-88.130148000037394,44.608436000237418],[-88.130117999900179,44.60672000001184],[-88.130102999831564,44.605940999990565],[-88.130049000303202,44.602102999849855],[-88.130045999930147,44.601527000081759],[-88.129998000249557,44.598179000023386],[-88.12999300022669,44.597559000092041],[-88.129989999853649,44.596422000162399],[-88.12994800002086,44.595687999837409],[-88.129921000256672,44.591055999790505],[-88.129761000423116,44.590262999692889],[-88.124781999925972,44.590344999722902],[-88.119702000044811,44.590422000152927],[-88.115782999904852,44.590503000063094],[-88.113037000099965,44.590550000251469],[-88.10939499996941,44.590613999875202],[-88.107332000054825,44.590643999874452],[-88.09907100017557,44.590660999973814],[-88.094510999978112,44.590753000274603],[-88.088851000138831,44.590849999877712],[-88.088841999917989,44.592064000251867],[-88.088850000313911,44.592338000084183],[-88.088871000230299,44.593876999984928],[-88.088879999552816,44.594559000285372],[-88.088754000054436,44.594560999936824],[-88.088037999653864,44.5945719999376],[-88.084663000385333,44.594623999796823],[-88.083336000064477,44.594630000023571],[-88.083382000095227,44.594453000109269],[-88.083632000340486,44.593491999871461],[-88.083952999832533,44.592259999768451],[-88.084337999797015,44.590882000172925],[-88.081259999731088,44.590918999892544],[-88.079216000083065,44.590944000294925],[-88.078514999751093,44.590948999734408],[-88.077938000166,44.590953999813152],[-88.074692999695515,44.590991000126671],[-88.072255999687087,44.591021999817933],[-88.068976999779721,44.591067999700805],[-88.065984000102617,44.591108000236915],[-88.062379999606904,44.59115699970463],[-88.059141999707421,44.591200999713649],[-88.056748000255027,44.591231999932631],[-88.051753999689282,44.591285999985722],[-88.050258000212338,44.59130100013369],[-88.048833999807101,44.591317000159364],[-88.048498000246454,44.591323000087876],[-88.047025000335722,44.591357999765151],[-88.045611999801139,44.591392000180889],[-88.038648999930444,44.591566000190809],[-88.035744999941784,44.591645999910227],[-88.034552000413555,44.591679000282198],[-88.033698999745624,44.591702999843058],[-88.032420000003654,44.591737999931269],[-88.031721000219832,44.591754999710581],[-88.025723000271753,44.591900999680419],[-88.024554999959562,44.591929999784107],[-88.021861000033198,44.591998999796196],[-88.018747999807161,44.592079000199043],[-88.016659999778213,44.592130999730145],[-88.016383999593671,44.592138000081754],[-88.01557600002991,44.592162000092785],[-88.015543000417949,44.592218000293258],[-88.015412999823297,44.592178999748086],[-88.015395000279952,44.592139999816517],[-88.015382999686068,44.592114000060803],[-87.997897999654811,44.592500000208503],[-87.980801999785967,44.565453999975553],[-87.977603000244542,44.560391999707754],[-87.962602000077368,44.561092000055147],[-87.943192000223775,44.562016000034781],[-87.943198000071547,44.624992000095148],[-87.943018999971414,44.624992000095148],[-87.943122999728473,44.62769499984249],[-87.943174999607024,44.627745000314157],[-87.943238000254524,44.630332000055091],[-87.943543999677956,44.642780000246852],[-87.943902999703155,44.662345999863113],[-87.944286000017811,44.678133000147959],[-87.944614000080861,44.678129999877413],[-87.976256999657124,44.677749999697944],[-87.980876000304136,44.677694999885738],[-87.983519000176869,44.677663000156819],[-87.986866999681226,44.677622999832067],[-87.98742999992092,44.677616000203535],[-87.987944999581728,44.677610000247519],[-87.988336000292293,44.677604999964345],[-87.988525000438187,44.677602999978681],[-87.990604000246307,44.67757900014557],[-87.993746999711234,44.67754200006393],[-87.994299999905209,44.677597999694903],[-87.995099999971373,44.677679999695656],[-87.995181000162219,44.677679000023488],[-87.995212999949274,44.677677999712579],[-87.99907400036291,44.677655000221861],[-88.009167000178081,44.67759300004942],[-88.01530900006621,44.677561000264177],[-88.01932699994039,44.677546999713812],[-88.019350000404913,44.677546000039356],[-88.021141000332975,44.677540000076092],[-88.024564000180376,44.67752099986896],[-88.024708000120427,44.677520000194107],[-88.024770000044711,44.677520000194107],[-88.024851000235572,44.677520000194107],[-88.025035000358585,44.677518999880448],[-88.025271000360121,44.677518000205509],[-88.027188999611454,44.677506999947717],[-88.029530000258717,44.677500000305216],[-88.0296630003281,44.677500000305216],[-88.034492999964002,44.6774850000646],[-88.034671000239243,44.677483999750336],[-88.036930999797349,44.677477000105007],[-88.037765000198675,44.677473999800547],[-88.039300999858597,44.677473000124827],[-88.042275999992356,44.677455999886526],[-88.043523999772177,44.67744799992294],[-88.044553999992118,44.677443000264567],[-88.044923000063051,44.677441000273305],[-88.046328000201711,44.677433000307651],[-88.047569000308854,44.67742499970214],[-88.048770000232992,44.677416000057619],[-88.048944000310271,44.677414999742169],[-88.049111999641454,44.677414000065433],[-88.050187999892145,44.677406999772913],[-88.050358999596355,44.677406999772913],[-88.050404999627119,44.677406999772913],[-88.050493000388983,44.677406999772913],[-88.050536000046677,44.677406999772913],[-88.05152799973348,44.677426999693942],[-88.05170000016092,44.677426000017427],[-88.051868000390414,44.67742499970214],[-88.053457999578697,44.677418999726356],[-88.054158000085735,44.677416000057619],[-88.056338000176197,44.677406999772913],[-88.061869999968962,44.677392000147002],[-88.061951000159823,44.677392000147002],[-88.062245999712616,44.677390999831132],[-88.062690000126622,44.677390000154041],[-88.062971000334016,44.677390000154041],[-88.067188000399824,44.677388000160953],[-88.067564000143449,44.677388000160953],[-88.068847999908272,44.677386999845019],[-88.070376000070581,44.677382999858615],[-88.070463999934134,44.677382999858615],[-88.076179000025007,44.677370000220222],[-88.080478000106567,44.677267000132588],[-88.080615000373939,44.6772639998172],[-88.08072900017676,44.67726100014044],[-88.080811000192512,44.677259999822304],[-88.082860999688307,44.67724300016026],[-88.082914000290074,44.67724300016026],[-88.085557000162837,44.677219999858089],[-88.090767999565244,44.677175999865575],[-88.094773999743822,44.677141999848466],[-88.095059999974097,44.67713900016539],[-88.105716999853868,44.677012000237873],[-88.108425000023942,44.676980000131771],[-88.11092399995664,44.676984000146042],[-88.111073999744477,44.676984000146042],[-88.114002000022552,44.676988999844006],[-88.116222000295991,44.67699299985761],[-88.122850000430944,44.676954999717182],[-88.125987000048099,44.676937000280738],[-88.127382999965917,44.676937000280738],[-88.131181999556972,44.676927999921681]]]},"properties":{"BASENAME":"Suamico"}},{"type":"Feature","geometry":{"type":"Polygon","coordinates":[[[-88.191431000448063,44.391642000192398],[-88.191432000272982,44.391586000281976],[-88.189490999658801,44.393244000270435],[-88.186299999614974,44.395971999761336],[-88.184640999931418,44.397390999817681],[-88.183352000143699,44.398492000289863],[-88.181488000420742,44.400085999967281],[-88.180686999631334,44.400769999783122],[-88.181365000397079,44.401146999689985],[-88.181475000001953,44.40121300009627],[-88.177047000048944,44.405499000186879],[-88.174179000045314,44.408389999688573],[-88.174112999923082,44.408342000213551],[-88.170899000313028,44.411449999945937],[-88.170535000264948,44.411802000005594],[-88.169776000206681,44.412534999827635],[-88.169340000188583,44.412956000262277],[-88.168177999724165,44.414078000268042],[-88.166976999800013,44.41523899969782],[-88.165514999759949,44.416658999881911],[-88.160528999590113,44.421509000217753],[-88.158664999867142,44.423311000075572],[-88.157443999851495,44.424511000318489],[-88.155725999718399,44.426163999943505],[-88.153538000130325,44.428303000278675],[-88.152760999630388,44.429060999834896],[-88.151758999897865,44.430042000220489],[-88.150723999655042,44.431033000229334],[-88.15022800026081,44.431073999845083],[-88.149781000372073,44.430972999894955],[-88.149515000233293,44.430861999691288],[-88.1475510000529,44.429819999914983],[-88.147457000341561,44.429775999789008],[-88.14731300040151,44.429728999996904],[-88.147159000415741,44.429700999993607],[-88.146973999569482,44.429692999898535],[-88.140132000072612,44.438067000200903],[-88.137644000010567,44.438074999791056],[-88.137643000185662,44.438093000147752],[-88.137613999873338,44.438567000061923],[-88.137608999850457,44.438656999749291],[-88.137608999850457,44.438675999865083],[-88.137033000090284,44.438674999926654],[-88.135970000258411,44.438673000049775],[-88.135812000074651,44.438673999988247],[-88.135689000050988,44.439040999979241],[-88.13560399966218,44.439236999825326],[-88.135529000217446,44.439409000156502],[-88.135253000032904,44.439968000301548],[-88.134244999554284,44.441708000014614],[-88.133956999674197,44.442218000206118],[-88.133590000151386,44.442818000126493],[-88.133214000407747,44.443487999884859],[-88.133099999706616,44.443771000152815],[-88.133010000193238,44.444063000231878],[-88.132944999895926,44.444362000304984],[-88.132904999712949,44.444696000151389],[-88.132882000146722,44.445399999951796],[-88.1327819996893,44.446303000191811],[-88.132701000396779,44.446653999683697],[-88.132468999694851,44.44707700028119],[-88.132323000104989,44.447341999769556],[-88.131865000345584,44.447929999725439],[-88.131400999840082,44.448448999974055],[-88.129460000124226,44.450664000020744],[-88.127868000387821,44.452483000108458],[-88.12476100000957,44.456057000174894],[-88.123894999821189,44.457043999704013],[-88.123528000298364,44.457463999941474],[-88.121647999783562,44.459551999953554],[-88.121537000353797,44.459675999811473],[-88.121934000013823,44.459716000267917],[-88.122124999809529,44.459730000132666],[-88.124222000059333,44.459736000165279],[-88.127138999568459,44.459742999775052],[-88.12920400003118,44.4597229998801],[-88.129840000065812,44.459716999846201],[-88.129829000195159,44.4607239999022],[-88.129819999974345,44.461985000157668],[-88.129815999776383,44.462596999750886],[-88.129808000278757,44.463719999803921],[-88.129349999621056,44.463719000294169],[-88.128812000394021,44.463716999992407],[-88.128716999959451,44.463716999992407],[-88.127524000431222,44.463711999878797],[-88.127130000245927,44.46371000021793],[-88.124739000268264,44.46370100014024],[-88.124605000373961,44.463699999989025],[-88.124605000373961,44.463800000277075],[-88.124600000351109,44.464592999951655],[-88.12458799975721,44.464687999962237],[-88.124552999597114,44.464780000061282],[-88.124386999915757,44.46502799974553],[-88.124500999718578,44.465076000121087],[-88.124797999819506,44.465173000238657],[-88.128270999895634,44.466389999801343],[-88.128121999932716,44.466606000307941],[-88.127700000158313,44.467412000188133],[-88.126703000448671,44.468908999936815],[-88.126489000188414,44.46902099971598],[-88.126355000294112,44.469203000100748],[-88.125716999711344,44.470159999922423],[-88.125677000426677,44.470218000320337],[-88.125669999855688,44.470271999865261],[-88.125633999870686,44.47057699994221],[-88.125971999979484,44.47057699994221],[-88.12659100029569,44.47057699994221],[-88.126608000014116,44.470580000042268],[-88.126609999663941,44.470696999976987],[-88.126582999899767,44.474191000309006],[-88.124812000063216,44.474191000309006],[-88.124684999841591,44.474191000309006],[-88.124637000161016,44.474191000309006],[-88.12464700020675,44.474679999680845],[-88.124669999772976,44.474820000111123],[-88.124659999727243,44.475182000133593],[-88.124677000343993,44.47596099984375],[-88.124684000016686,44.476282999864878],[-88.124688000214647,44.476512999982489],[-88.123597999720261,44.4764080000134],[-88.123590000222649,44.476134000296952],[-88.123560999910325,44.476128000026726],[-88.123539000169018,44.476120999817574],[-88.123528000298364,44.476115000187001],[-88.123497000336215,44.476099999825976],[-88.123472000221867,44.47639600016975],[-88.122774000262964,44.476416000121453],[-88.122134999855277,44.476435000133399],[-88.122195999954656,44.476870000130752],[-88.122323000176252,44.477789000098603],[-88.1206939997316,44.477789000098603],[-88.120764000051793,44.474191000309006],[-88.119630000074807,44.474193000251852],[-88.109517000168168,44.474193000251852],[-88.109487000030924,44.47782500004476],[-88.107997000401767,44.477835999685631],[-88.107886000073691,44.477837000235553],[-88.107877999677768,44.47913600020442],[-88.107933999754252,44.47913600020442],[-88.109477999810096,44.47913000024289],[-88.109477999810096,44.479214000288735],[-88.109476000160271,44.479660000017162],[-88.109471000137404,44.480576999902723],[-88.109471000137404,44.480678999839405],[-88.109471999962309,44.481419000060079],[-88.10927000029595,44.481419000060079],[-88.109230999937893,44.481419000060079],[-88.109206999648435,44.481419999907679],[-88.109150999571952,44.481432000000005],[-88.10912499963267,44.481437999724776],[-88.109101000241552,44.481444000089859],[-88.109040999967107,44.481453999842387],[-88.108995999761248,44.481465999927721],[-88.108952000278634,44.481498000143205],[-88.108948000080673,44.48154300025638],[-88.1089360003851,44.481573000098841],[-88.108934999661884,44.48159199971338],[-88.108934999661884,44.48160299992589],[-88.1089360003851,44.481632999737556],[-88.108933999836964,44.48166199969036],[-88.108922000141391,44.481717000025377],[-88.108917999943429,44.481740000243335],[-88.108906000247885,44.48179899986922],[-88.108897999851962,44.481822000054848],[-88.108895000377217,44.481850000073507],[-88.108892999829095,44.481879999758107],[-88.108892000004175,44.48191599974389],[-88.108892999829095,44.481942000040227],[-88.108896000202137,44.481981000142582],[-88.108898999676867,44.482009999922404],[-88.108901000225003,44.482044999991096],[-88.108898999676867,44.482063000256296],[-88.108897000027042,44.482103999949473],[-88.108911000270737,44.482157000197965],[-88.108913999745482,44.482189000034445],[-88.108912000095657,44.482203000277849],[-88.108917999943429,44.482231999947317],[-88.10892399979123,44.482243000039162],[-88.108933999836964,44.482265000216707],[-88.108917000118538,44.482290999716589],[-88.108888999631134,44.48231299987598],[-88.108882999783333,44.48233299972236],[-88.108881000133522,44.482342000131716],[-88.108893999654001,44.482379000304405],[-88.108905000422965,44.48239800029738],[-88.108912000095657,44.482411999849703],[-88.10892499961615,44.482434999793675],[-88.108926000339352,44.48247299973692],[-88.108902999874829,44.482515000252647],[-88.108866000064907,44.482582000280175],[-88.108872999737599,44.48260999993412],[-88.108878999585386,44.482623000249539],[-88.108891000179256,44.482639999868859],[-88.108898999676867,44.482654999830466],[-88.108906000247885,44.482679000145531],[-88.108906000247885,44.482710999695684],[-88.108900000400098,44.482735999812753],[-88.108897000027042,44.482745999984758],[-88.108892000004175,44.482756000155042],[-88.108881999958427,44.482783999725442],[-88.108878999585386,44.482800000114842],[-88.108880000308602,44.48281299974704],[-88.108882999783333,44.482837999820347],[-88.108887999806214,44.482851999908007],[-88.108891000179256,44.482883000181744],[-88.108887999806214,44.482894000150836],[-88.108876999935561,44.482930999973483],[-88.108872999737599,44.482955000175004],[-88.108871999912679,44.482985999753083],[-88.108865000239987,44.483019000236837],[-88.108847999623237,44.483051000241474],[-88.108820000034157,44.483062999998324],[-88.108804000140623,44.483069000196288],[-88.108792000445064,44.483073000114281],[-88.108775999653233,44.483074999752709],[-88.108736000368566,44.483076000212797],[-88.108669000421415,44.483076000212797],[-88.108625999865382,44.483073000114281],[-88.10860800032205,44.483070999834858],[-88.108574999811779,44.48307200029501],[-88.10856099956807,44.483070999834858],[-88.108548999872497,44.48306699991673],[-88.10852600030627,44.483059999899091],[-88.108515000435617,44.483055000160697],[-88.108455999986077,44.483044000221923],[-88.108428000396984,44.483042999761281],[-88.108414999978194,44.483042999761281],[-88.108393000236887,44.483040000301941],[-88.108344999658001,44.483031999820248],[-88.108328999764467,44.482995000061649],[-88.108343000008162,44.482977000084006],[-88.108351000404085,44.48296500030947],[-88.108357000251885,44.482952999891531],[-88.108326000289736,44.482930999973483],[-88.108293999604371,44.482933000257702],[-88.108266000015277,44.48293599972255],[-88.108234000228222,44.482941000112056],[-88.108213000311835,44.482963000026338],[-88.108216999611471,44.482995000061649],[-88.108238000426184,44.483027000079453],[-88.10824400027397,44.48303499992091],[-88.108247999573607,44.483046999681051],[-88.108254000319732,44.483069000196288],[-88.108255000144624,44.483084999866598],[-88.108255999969543,44.483098000076168],[-88.108256999794449,44.483109999823355],[-88.108259000342585,44.483120999749687],[-88.10826099999241,44.483133000133066],[-88.108266000015277,44.483162999798857],[-88.1082740004112,44.483183999812127],[-88.108276999885945,44.483194999724454],[-88.108272999687983,44.483231000180581],[-88.108265000190357,44.483259999979985],[-88.108238000426184,44.483287000133828],[-88.108215999786566,44.483284999861738],[-88.108194000045245,44.483286000318266],[-88.108170999580722,44.483287999949411],[-88.108151000387565,44.483288999764966],[-88.108123999725066,44.483286000318266],[-88.108101999983759,44.483262000252928],[-88.108108999656451,44.483214999909386],[-88.108084000440414,44.483197999816745],[-88.108044000257436,44.483200999908846],[-88.107999000051592,44.483224000182673],[-88.107984999807897,44.483242000084104],[-88.107977000310285,44.483269000246274],[-88.107973999937229,44.483280000142635],[-88.107973000112324,44.483291000036864],[-88.107969999739268,44.483309999732839],[-88.107969999739268,44.483321000262329],[-88.107985999632788,44.483349000202516],[-88.108030999838647,44.483339000133881],[-88.108065999998743,44.483330999693187],[-88.108080000242452,44.483330999693187],[-88.108098999610689,44.483332000148884],[-88.108126000273202,44.483336000048837],[-88.108148999839415,44.483340999763193],[-88.108173000128858,44.483353000101317],[-88.108178000151739,44.483361999712344],[-88.108178999976644,44.483380000212108],[-88.108157000235337,44.483412000018689],[-88.108107999831532,44.483433999755356],[-88.10807100002161,44.483440999728117],[-88.108015999770032,44.483449999966481],[-88.107978000135191,44.483462000282181],[-88.107912999837865,44.483473000142141],[-88.107826999624137,44.483480000110184],[-88.107767000248003,44.483487999889526],[-88.107721000217254,44.483496000308691],[-88.107701999950677,44.4835059997095],[-88.107662999592606,44.48352899986309],[-88.107646999699085,44.483544000236982],[-88.107630999805565,44.483558999966156],[-88.107623000307939,44.483572999880799],[-88.107602000391552,44.483586999792081],[-88.107583000124976,44.48359500019766],[-88.107547999964893,44.483606000032502],[-88.107521000200705,44.483612999984629],[-88.107495000261423,44.483619999935904],[-88.107485000215689,44.483626000076534],[-88.107466999774033,44.483629000146664],[-88.107460000101327,44.483637999715157],[-88.107465000124208,44.483656999938987],[-88.107486999865515,44.483714999740705],[-88.107496999911248,44.483743000132662],[-88.107549999614704,44.483886000024974],[-88.107571000429417,44.483941000186057],[-88.10759900001851,44.484019000255635],[-88.107593999995629,44.484075999895403],[-88.107571000429417,44.484118999699277],[-88.107418000268538,44.484343000266378],[-88.10728100000118,44.484542999794122],[-88.106969999656584,44.484994999802744],[-88.106844000158191,44.485176999719009],[-88.106803999975213,44.485235999714362],[-88.106660999860082,44.485442999758348],[-88.106598000110893,44.485534999826953],[-88.106690000172406,44.485566999733237],[-88.106767000165291,44.485592999684172],[-88.106814000020961,44.485617000072338],[-88.109639000366897,44.486599000276151],[-88.115490000001898,44.488659000244546],[-88.117382000212274,44.488652999980694],[-88.117458000380253,44.488652999980694],[-88.117535000373138,44.488652999980694],[-88.117743999712189,44.488652999980694],[-88.118002000353385,44.488652000257062],[-88.119590999716735,44.488648999804447],[-88.123097000303133,44.488643000180424],[-88.129713999669121,44.488629999924839],[-88.129713999669121,44.488789000041969],[-88.129712999844216,44.491018000078093],[-88.12978700036237,44.492689000211463],[-88.129803000255905,44.492890000251705],[-88.129702999798468,44.493189999864768],[-88.129696999950681,44.493592999923493],[-88.134808999618897,44.49535500031562],[-88.137623000094166,44.496330999853228],[-88.142432999638586,44.497999999844524],[-88.145991999928441,44.499164999832125],[-88.149863000387839,44.500550000069019],[-88.149868000410692,44.500790000265262],[-88.149879000281359,44.501328999990896],[-88.148445999655294,44.501338000032014],[-88.148445999655294,44.501655000236937],[-88.148442000355644,44.501760999755213],[-88.148442000355644,44.501800000061372],[-88.148442000355644,44.50181000016854],[-88.148442000355644,44.501839999838978],[-88.1456720002613,44.500885999810826],[-88.140301999951916,44.499032999723532],[-88.139825999750855,44.499039000200966],[-88.138401000419037,44.499114000029458],[-88.137857000445905,44.499129000239883],[-88.137830999608312,44.502219999881625],[-88.13588200039483,44.502227000162677],[-88.13587099962588,44.502497999962628],[-88.135827000143266,44.505807000073482],[-88.139784999742972,44.505865999700859],[-88.139829000123896,44.506945999713004],[-88.139871999781619,44.507681000281671],[-88.139953999797385,44.50942100015677],[-88.139774999697238,44.512972999830097],[-88.139772000222493,44.513042999939287],[-88.139856999713004,44.516399000266929],[-88.139861999735857,44.516599999921269],[-88.139862999560776,44.516669000273701],[-88.139845000017445,44.517516000133689],[-88.139790999590758,44.519682000247386],[-88.139803000184642,44.523490000043331],[-88.139804000009548,44.523859999681676],[-88.139763999826584,44.523859999681676],[-88.139132999814819,44.523855000238861],[-88.138045999693475,44.5238479999934],[-88.137129000349759,44.523842000148349],[-88.136940000203879,44.523840999747101],[-88.136638999904989,44.523839999986343],[-88.134761999763228,44.523831999978192],[-88.133125999645884,44.523821999806373],[-88.129924999556323,44.52379499984616],[-88.129828000370267,44.523965000051113],[-88.129766000445983,44.524134000004267],[-88.129742999981445,44.524293000016606],[-88.129739999608404,44.52447300011108],[-88.129731000285872,44.525063999819267],[-88.12972600026302,44.52540300027816],[-88.12972299988995,44.526386999804664],[-88.129718999692003,44.527979999948386],[-88.129718999692003,44.528084999936219],[-88.129718999692003,44.528099999736021],[-88.129718999692003,44.528113000157155],[-88.129718999692003,44.528134999680894],[-88.129712000019296,44.530867999947453],[-88.129738999783484,44.532316000100927],[-88.129748999829232,44.532841000047611],[-88.129758000050046,44.533333000217269],[-88.129671000011427,44.533376000198608],[-88.129522000048496,44.533495000160052],[-88.129264000305639,44.533566999776546],[-88.129205999681005,44.533583000319588],[-88.12867000010381,44.533842000133795],[-88.128419999858551,44.533915999777705],[-88.127904000372837,44.534239000228865],[-88.127504000339755,44.534357999707566],[-88.127449000088163,44.534358999928152],[-88.127122999674924,44.534371000012584],[-88.126813000053531,44.534282999763128],[-88.126827000297226,44.534196999827444],[-88.126848000213627,44.534067000100592],[-88.1268540000614,44.534033999690287],[-88.126849000038547,44.53399499982158],[-88.126840999642624,44.533926000137733],[-88.126833999969918,44.533865000284159],[-88.126926000031432,44.533775000089562],[-88.127020999567677,44.533684000164079],[-88.127042000382389,44.533432000022415],[-88.126920000183645,44.533292000041705],[-88.126717999618975,44.533056000172323],[-88.126647000372174,44.532873999853258],[-88.126557999785391,44.532834999848092],[-88.126147999706575,44.532880000048756],[-88.125976000177445,44.532902999938685],[-88.125935999994468,44.532938000199152],[-88.125870999697142,44.532993999803807],[-88.125812000145899,44.53304500006012],[-88.12579899972711,44.533064999796871],[-88.125750000221629,44.533136999944936],[-88.125715000061533,44.533189999917049],[-88.125629999672725,44.53323400024388],[-88.125549000380175,44.533277000298263],[-88.125540000159347,44.53330300010726],[-88.125462000341543,44.533322000157391],[-88.125269999822606,44.533406000271015],[-88.125103000316344,44.533585999740502],[-88.124893000254062,44.533687999811953],[-88.12487200033766,44.533698999802702],[-88.124470999581348,44.533836000037418],[-88.124051000355095,44.533968999681171],[-88.123432999863809,44.53411000018027],[-88.123013999564165,44.534205999916026],[-88.122635000345781,44.534222000283492],[-88.122117000311917,44.534244000061186],[-88.121805000142402,44.534239000228865],[-88.121627999692066,44.534222000283492],[-88.121555999722048,44.534215000003215],[-88.121518000087221,44.534190000184516],[-88.121425000200787,44.534127000158378],[-88.121426000025721,44.534165999938622],[-88.121446999942094,44.534660000231071],[-88.121455000338031,44.534887000021804],[-88.121462999835643,44.535113000000713],[-88.12162400039243,44.535111999793081],[-88.121729999799328,44.535111999793081],[-88.121766999609235,44.535111999793081],[-88.123042000051555,44.53510400005235],[-88.123160000052337,44.538284999759988],[-88.122187999558719,44.538287000066241],[-88.122211000023242,44.539135000155511],[-88.122283999818194,44.541627000118986],[-88.12151399988926,44.541986000090411],[-88.121108999833311,44.542147000203997],[-88.120641999853063,44.542321999766735],[-88.120225999926461,44.54245900020247],[-88.119737000204935,44.542604000307833],[-88.119240999912378,44.542729999876514],[-88.118614999923466,44.542862999694499],[-88.118028000292654,44.54296099987139],[-88.11741499982422,44.543037000234762],[-88.116762999896068,44.543090000159843],[-88.115961000180079,44.543114999999055],[-88.115064999854454,44.543092999731364],[-88.114263000138465,44.543029999733669],[-88.111841000198666,44.542768000221358],[-88.11001199973748,44.542571000253773],[-88.110015000110522,44.542710999694762],[-88.110017999585267,44.542848999930165],[-88.109343000090888,44.542797999936965],[-88.10893999968475,44.542780999929278],[-88.108782000399316,44.542775000113693],[-88.107947999997961,44.542782000005182],[-88.107681999859182,44.542799000012579],[-88.107215999703868,44.542828000277325],[-88.106726000157408,44.542876000021415],[-88.105464999958798,44.543047000308874],[-88.104955000320857,44.543117000139375],[-88.104791000289325,44.543140999897233],[-88.1047469999084,44.543184000319023],[-88.104593999747507,44.543337999856803],[-88.103406000242146,44.544523999883907],[-88.1031500001491,44.54473400019733],[-88.103082000377057,44.544798999713969],[-88.102864999743758,44.544980999895252],[-88.102675999597878,44.545139999978346],[-88.101821000178447,44.545858999860464],[-88.101637000055419,44.546014000024918],[-88.101447999909553,44.546172999847379],[-88.100863999753443,44.546404000265142],[-88.100539999888341,44.546425999921787],[-88.100294999665948,44.546436000053966],[-88.099892999983055,44.546501000231061],[-88.099616999798513,44.546617000228821],[-88.099237999681847,44.546587999930956],[-88.099169000084871,44.546527999908996],[-88.098825000128286,44.546227000135211],[-88.098613000416179,44.546040999928735],[-88.098702000104637,44.545737000122273],[-88.098742000287601,44.545604999855193],[-88.098783000295498,44.545468999810154],[-88.09864600002814,44.545220000194178],[-88.09831700014017,44.545105000009386],[-88.098172000375214,44.545099999829205],[-88.098009000168602,44.545094000252625],[-88.097800999756132,44.545114999728305],[-88.097670000234871,44.54512700015696],[-88.097483999563735,44.545289999972724],[-88.097470000218351,44.545315000147617],[-88.097410999768812,44.545433000008657],[-88.097397000423399,44.545459000152093],[-88.09746400037055,44.545662000109104],[-88.097569999777448,44.545855999791272],[-88.09764000009767,44.545969999751676],[-88.09773399980898,44.546163000310202],[-88.09774600040285,44.546221000034592],[-88.097763999946196,44.546310000183588],[-88.097756000448612,44.546380999945946],[-88.097687999778231,44.546511999721965],[-88.097661000014028,44.546540000046363],[-88.097604999937545,44.546595000004189],[-88.097582000371332,44.546617000228821],[-88.097537999990394,44.546660000003698],[-88.097392000400546,44.546758000190856],[-88.097252999585038,44.546825000021315],[-88.097086999903695,44.546878999704305],[-88.099169000084871,44.547738000029753],[-88.100472999941189,44.548276000257005],[-88.100636999972707,44.548343000260772],[-88.100667000109951,44.548356000004155],[-88.100867999951404,44.548439000217783],[-88.102591000107381,44.549148999985228],[-88.110421999816296,44.552376000311803],[-88.111621999915542,44.552900999912751],[-88.11180500021365,44.552979999803647],[-88.11298600004632,44.553495000159351],[-88.11334900026948,44.553660000005372],[-88.113856000432705,44.553875000072729],[-88.117347999877069,44.555395999736987],[-88.117564999612071,44.555490999725173],[-88.119796999581069,44.556462999742074],[-88.1202700003074,44.556668999879854],[-88.120559000012406,44.556794999728957],[-88.121709999707832,44.557296999944505],[-88.122011000006722,44.557428000115756],[-88.122065000433395,44.557450999910145],[-88.122453999697512,44.557620999806232],[-88.125930999971601,44.559136000081502],[-88.126142999683708,44.559227999704447],[-88.126294000194747,44.559294000109652],[-88.127110999979351,44.559649999937385],[-88.128291999812035,44.560163999733021],[-88.128337000017879,44.560183999755345],[-88.129804999905716,44.560823000273373],[-88.130238000449097,44.561011999893083],[-88.130435000092575,44.561094000217793],[-88.131087999845647,44.56134599968064],[-88.131199999998643,44.561389000094614],[-88.131355999634252,44.561447999762429],[-88.132436999907796,44.561861000242459],[-88.132737000381766,44.561975999962769],[-88.13293900004814,44.562053000204962],[-88.133646000227884,44.562322999800259],[-88.135171999842058,44.562906000284812],[-88.138582000169009,44.564209000172326],[-88.138697999621627,44.564253000097253],[-88.138900000186311,44.56432999988585],[-88.13992200001033,44.564720999974128],[-88.140116000179077,44.56479500005026],[-88.141199000102461,44.565205999789164],[-88.141303999684439,44.565248000220258],[-88.144370000054806,44.566420000020521],[-88.14460000020857,44.566507000024174],[-88.146220000432393,44.567126000023599],[-88.149316999866571,44.568309000235942],[-88.15440599996856,44.570291999796588],[-88.154512000273769,44.570333000152679],[-88.156246000300385,44.571009000139817],[-88.156448999791678,44.571087999763748],[-88.156705999709615,44.571188000227437],[-88.159752999813406,44.572374999924982],[-88.160788999881106,44.572778999737309],[-88.161210999655509,44.572942999734607],[-88.161984999782405,44.573244999744944],[-88.162087999714558,44.573284999747344],[-88.162830000054399,44.573574000035123],[-88.162896000176644,44.573599999764753],[-88.163322000149009,44.573765999733453],[-88.16433200027744,44.574159000098916],[-88.164651000119676,44.574284000290177],[-88.164839000440651,44.574358999892027],[-88.165833999602171,44.574757999808099],[-88.166031999968894,44.574838000263703],[-88.168737999590803,44.575923999719699],[-88.169022999996187,44.576038000289373],[-88.170143999554384,44.576488000153681],[-88.170725000235748,44.576721000161157],[-88.171634999906786,44.577086000061939],[-88.172019000046333,44.577240000114671],[-88.172162000161464,44.57729800021994],[-88.174444000359188,44.57821299968596],[-88.17505000025659,44.578456000208419],[-88.177119999843882,44.579286000227448],[-88.180031000403545,44.580453999699117],[-88.189438999780265,44.584226000285632],[-88.190120000020741,44.58448499997651],[-88.190120999845661,44.584393999991796],[-88.190183999594851,44.584029999908168],[-88.190255999564855,44.583324999743091],[-88.190264999785697,44.583114999851801],[-88.190263000135872,44.58283899999271],[-88.190254999739963,44.582649000241595],[-88.190254999739963,44.58263899993441],[-88.190236000371698,44.582179999979118],[-88.190206000234454,44.581667000257113],[-88.190202999861413,44.581601999691074],[-88.19019600018872,44.581470000158681],[-88.19005300007359,44.577420999821456],[-88.190052000248684,44.577382000225697],[-88.190043999852747,44.577178000092609],[-88.190017999913493,44.576250999929741],[-88.190017999913493,44.576238000019117],[-88.189971999882744,44.574955000251848],[-88.189971999882744,44.574811999807729],[-88.189940999920609,44.574454999804388],[-88.189951999791234,44.57432800027312],[-88.189954000339384,44.574306999820017],[-88.189955000164304,44.574291000231526],[-88.189957999639034,44.57425700005151],[-88.189966000034957,44.574167000231803],[-88.189974000430865,44.574073000200343],[-88.189982999753397,44.573786000198844],[-88.190136999739167,44.569061999993231],[-88.19019700001364,44.567217000155679],[-88.190197999838546,44.567195999694754],[-88.190200000386682,44.567127999978801],[-88.190200000386682,44.56711199969525],[-88.190201000211601,44.567086000265093],[-88.190207999884279,44.566875999961717],[-88.190238000021509,44.565953999727789],[-88.190328000433198,44.56319600002854],[-88.190433000015176,44.559968000174727],[-88.190472000373248,44.55673199983854],[-88.190472000373248,44.556716999732636],[-88.190490999741499,44.555132999688404],[-88.190491999566419,44.555087000178432],[-88.190504000160288,44.554044000291569],[-88.190515999855876,44.552037000021095],[-88.190535999947343,44.548693000020464],[-88.190537999597169,44.548441000175188],[-88.190531999749382,44.547893000312449],[-88.190551000015972,44.545950999987198],[-88.1905119996579,44.543092000301023],[-88.1905119996579,44.543070000024642],[-88.190489999916593,44.541453999945126],[-88.190474999847979,44.54037200024954],[-88.190474000023073,44.540271999958456],[-88.19044899990871,44.538403999934864],[-88.190437000213137,44.537291999929948],[-88.190443000060924,44.537182999844426],[-88.19037100009092,44.531581000293322],[-88.190375000288867,44.529647000018905],[-88.19035400037248,44.529438000026978],[-88.190367999717864,44.516637000138992],[-88.190367999717864,44.516588999903917],[-88.190362999694983,44.514698999814918],[-88.190362999694983,44.514674999865015],[-88.19035099999941,44.510020000066923],[-88.190336999755715,44.509297000289664],[-88.19033400028097,44.509118000088577],[-88.190330999907943,44.508361999793102],[-88.190329000258117,44.508010999731802],[-88.190329000258117,44.507961000012891],[-88.190328000433198,44.507845999919944],[-88.1903219996871,44.507201999947448],[-88.190318000387464,44.506704999818709],[-88.190316999664219,44.506583000053261],[-88.190313000364583,44.506221000118067],[-88.190313000364583,44.506177999951582],[-88.190313000364583,44.506032000058561],[-88.190313000364583,44.505047000066732],[-88.190336999755715,44.503758000247608],[-88.190335999930809,44.503553000073062],[-88.190335999930809,44.503194999721003],[-88.190303000318849,44.502989000010913],[-88.190289999900045,44.502814000145669],[-88.190202000036507,44.501596999693653],[-88.190218999754947,44.501406999873701],[-88.190227999975775,44.501309000250565],[-88.190228999800681,44.501296999762396],[-88.1902299996256,44.501280999961914],[-88.190232999998642,44.501249999855382],[-88.190303000318849,44.500490000025813],[-88.190314000189503,44.500445999954849],[-88.190393999657132,44.499990999997109],[-88.190503000335383,44.491989000176375],[-88.190503000335383,44.491689000152604],[-88.190463999977311,44.489596000229113],[-88.190405000426082,44.485986999839781],[-88.190490999741499,44.481380000222984],[-88.190488000266782,44.481176000058639],[-88.19047800022102,44.48106399989129],[-88.190463999977311,44.480908000078173],[-88.19045999977935,44.480696999885119],[-88.190443000060924,44.479907999931818],[-88.190413999748614,44.479119000205067],[-88.190400000403216,44.478885999790243],[-88.190405000426082,44.478593000228379],[-88.190386000159535,44.477990000208223],[-88.190378999588518,44.477505999944093],[-88.190362999694983,44.47715500000632],[-88.190346999801463,44.476439999798153],[-88.19033400028097,44.47611400024855],[-88.190320000037275,44.475337999872323],[-88.190303000318849,44.474809999862572],[-88.190309999991541,44.474396999832095],[-88.190313000364583,44.473348999689101],[-88.190313000364583,44.473252999684291],[-88.190323000410331,44.473059999851216],[-88.190323000410331,44.473045999978041],[-88.190320000037275,44.472344000105558],[-88.190336999755715,44.471194999984696],[-88.19035400037248,44.47067800001998],[-88.19035199982433,44.470250999692027],[-88.190362999694983,44.469939000166001],[-88.190386999984426,44.46695000020074],[-88.190385000334615,44.466573000157609],[-88.190407000075908,44.465168000249761],[-88.190406000251002,44.464431000150675],[-88.19041499957352,44.463622999836474],[-88.190427000167404,44.463063999738594],[-88.190437000213137,44.461729999716006],[-88.190460999604269,44.460409000122716],[-88.1904620003275,44.460332000117575],[-88.190474000023073,44.459751000244061],[-88.190474000023073,44.459727000116132],[-88.190482000418982,44.45858099983603],[-88.190483000243901,44.456381999910548],[-88.190474999847979,44.455675000157903],[-88.190491999566419,44.454204000072338],[-88.190484000068821,44.452455000106717],[-88.190490999741499,44.452301000177748],[-88.190494000114555,44.452249000093353],[-88.190493000289649,44.446187999726028],[-88.190474999847979,44.445603000292408],[-88.190483000243901,44.444123999798386],[-88.19045999977935,44.443763999911177],[-88.190449999733616,44.441274000188535],[-88.19046300015242,44.439006999709946],[-88.190460999604269,44.438367000117829],[-88.190438000038057,44.429649000318456],[-88.190433000015176,44.429472000287895],[-88.190494000114555,44.42324100005488],[-88.1905119996579,44.421432999846928],[-88.190506999635033,44.421407999779319],[-88.190540999970224,44.417658000104581],[-88.190550000191038,44.416674000115485],[-88.190590000374016,44.415358000185726],[-88.19060600026755,44.415155000000269],[-88.190645999552203,44.413882999824047],[-88.190678000237568,44.413158999739444],[-88.190686999560086,44.413073999886073],[-88.190700999803781,44.412453999974005],[-88.190730000116105,44.411783999893515],[-88.190739000336933,44.411427000269349],[-88.190790000390564,44.410100999912672],[-88.190818999804563,44.409082000309205],[-88.190864999835313,44.407903999735481],[-88.190879000079022,44.407700999986893],[-88.190950000224134,44.40572999982242],[-88.190963999569519,44.405503000285563],[-88.190971999965427,44.405071000240461],[-88.190999999554535,44.404260999820011],[-88.191090999791129,44.401678000002534],[-88.191131999799012,44.400499999865247],[-88.191132999623917,44.400480000225834],[-88.191167999784028,44.399486999682679],[-88.19139399973983,44.393211999828587],[-88.191417000204353,44.392198999926535],[-88.191431000448063,44.391642000192398]]]},"properties":{"BASENAME":"Hobart"}},{"type":"Feature","geometry":{"type":"MultiPolygon","coordinates":[[[[-88.139825999750855,44.499039000200966],[-88.140301999951916,44.499032999723532],[-88.131051999860645,44.495843000204054],[-88.130595999751051,44.495843999804428],[-88.130210999786584,44.495843999804428],[-88.129963000089475,44.495848000127928],[-88.129744999631257,44.495840000121376],[-88.129712000019296,44.495838999880206],[-88.129737000133645,44.498674000256344],[-88.124654999704362,44.498670000126651],[-88.124654999704362,44.498760000094443],[-88.123204000433262,44.498758999903359],[-88.123022999784979,44.498731000312212],[-88.119594000089791,44.498741000305024],[-88.119595999739616,44.499011000103536],[-88.119594999914696,44.499063999727348],[-88.11996900000851,44.499188000218496],[-88.120070000290852,44.499223999774316],[-88.119419000187591,44.500211999980735],[-88.118595999656904,44.501461000027128],[-88.120794000189036,44.502306000255707],[-88.119806999626803,44.503827999892053],[-88.124063000050668,44.505341000092969],[-88.125489999930636,44.50584500016609],[-88.128377000200857,44.506750999758523],[-88.127471999654375,44.508085000159653],[-88.119882999794783,44.505527999680268],[-88.120472999798665,44.504560999870755],[-88.120594000172503,44.504361999886811],[-88.120650000248986,44.504268999947939],[-88.119498999655235,44.503879000056081],[-88.11942199966235,44.503995999849117],[-88.118689000441634,44.505119999690791],[-88.118603000227921,44.505089999786151],[-88.117923999637256,44.504861999749998],[-88.11349099966138,44.503373000059895],[-88.110112000194903,44.50223799968731],[-88.106520000293088,44.502272999791934],[-88.105679000219041,44.502281000197314],[-88.105310000148108,44.502286000209857],[-88.104223000026764,44.502296000233613],[-88.104118000444771,44.502296999723363],[-88.101756999706012,44.502309000005745],[-88.101314000015236,44.502134000021393],[-88.100472999941189,44.501811000307285],[-88.099737000347432,44.50313300024559],[-88.098865000311264,44.504730999814754],[-88.097189999835862,44.504728000189381],[-88.09710199997231,44.504728000189381],[-88.096707999787014,44.504722000297484],[-88.096385999571737,44.50472700010063],[-88.095449999961446,44.505859999926045],[-88.09481599957661,44.506247999893496],[-88.094463000297537,44.506457999855456],[-88.094387000129544,44.506501999873656],[-88.093916999776255,44.506802999980984],[-88.093780000407222,44.506866000089843],[-88.091241000291561,44.508306000211576],[-88.08922299968448,44.509458999815237],[-88.088752000404625,44.509726999939929],[-88.088332000280033,44.509727999942854],[-88.087282999793544,44.509729999948703],[-88.085178999871061,44.509832000154795],[-88.083916000022626,44.509902000192902],[-88.083658000279769,44.51093599993203],[-88.083444000019512,44.510871999754613],[-88.083392999965895,44.510845000199225],[-88.083325000193824,44.510821999927465],[-88.082819999680439,44.510645999887217],[-88.082501999663123,44.510534999923415],[-88.081781999962899,44.510286000187833],[-88.077845000279581,44.508913000185089],[-88.076830000128268,44.508555000077799],[-88.076549999745765,44.508457000298563],[-88.075533999769547,44.508102000045554],[-88.07526099995809,44.508009000307624],[-88.073702999658536,44.507478999933234],[-88.071633999896164,44.506773999714795],[-88.071284999916699,44.506651000038019],[-88.06990099969444,44.50616300027346],[-88.068601000036068,44.505691000143329],[-88.067039000436907,44.505166999681258],[-88.065119999564018,44.504498999926042],[-88.063372000192004,44.503887000241058],[-88.063819999905675,44.503226000074676],[-88.064548000001821,44.502146999829591],[-88.065637999597882,44.500532999902887],[-88.064148999793645,44.500015000227251],[-88.063173999825295,44.499674999890289],[-88.059099999874633,44.49825399988017],[-88.058955000109677,44.498470999896981],[-88.058231000211492,44.499553000149142],[-88.056840000316527,44.501632000183044],[-88.052244000134039,44.500034999770733],[-88.052073000429829,44.499974000308676],[-88.051389999641202,44.499736999839477],[-88.052627000448695,44.497923000094453],[-88.053007000390295,44.49734400000662],[-88.053671000014006,44.496363000244251],[-88.053616999587334,44.496338000200545],[-88.053404000050307,44.496269999719942],[-88.053043000375311,44.496144000240498],[-88.048114000106878,44.494428000030837],[-88.045581999663924,44.49354600021433],[-88.045312000225479,44.493462999940071],[-88.045127000277574,44.493380999831096],[-88.044903999796489,44.49361799986243],[-88.043682999780842,44.494807000063766],[-88.043105000370829,44.495377000033493],[-88.042111999960824,44.496357000132249],[-88.041994999784961,44.496476000102994],[-88.04183699960123,44.496421000227464],[-88.041666999721912,44.496362000012049],[-88.041651999653297,44.496355999899897],[-88.042162000189549,44.495846999886894],[-88.042387000320431,44.495621999679891],[-88.042585999613763,44.495422999940992],[-88.043414000167331,44.494594000277424],[-88.043493999634947,44.494511000213201],[-88.043321000280898,44.494445000054625],[-88.037684000007829,44.492471000165814],[-88.038864000015607,44.491313999715011],[-88.038951999879146,44.491227999789139],[-88.039484999981624,44.491414999786457],[-88.040061999566717,44.491611000085896],[-88.044762000404575,44.493245000224498],[-88.045323000096133,44.492674999921434],[-88.04498699963716,44.492563000043418],[-88.04481599993295,44.492505999725417],[-88.04467100016798,44.492456000165035],[-88.043728999811606,44.492133999688072],[-88.04348899961208,44.492052000273667],[-88.043821999697997,44.491585999927395],[-88.043958999965355,44.491394000173017],[-88.043860000231149,44.491358999946122],[-88.041705000255064,44.490605999754017],[-88.040572999927875,44.490207999968561],[-88.040001000365663,44.490636000062523],[-88.040013000061208,44.490650000201185],[-88.04004999987113,44.490695000303795],[-88.040093000427163,44.490747000108527],[-88.040172000069873,44.49077400000116],[-88.040398000025675,44.490851999905644],[-88.040690000103723,44.490953000136329],[-88.040802000256733,44.490790999808489],[-88.040940000348996,44.490588999892815],[-88.042046999663498,44.490977999925292],[-88.041520000307131,44.491382000207459],[-88.041020999641518,44.491195000104334],[-88.040958999717247,44.4912330001087],[-88.039647000363317,44.490774999688419],[-88.03939000044538,44.490969999891483],[-88.039105000040024,44.491185999779248],[-88.039034999719817,44.491161999760024],[-88.038865999665418,44.49110299999117],[-88.039407999988725,44.490691000267589],[-88.040326999880563,44.489993999705007],[-88.040760000423944,44.489662999814172],[-88.040527999722016,44.489542999689874],[-88.04030400031435,44.48946099983678],[-88.040659000141588,44.489229999779255],[-88.040201000382183,44.489065000002007],[-88.040110000145603,44.489033999809244],[-88.041001000448347,44.488442000242856],[-88.041200999566584,44.488308999842751],[-88.041338999658848,44.488217000304054],[-88.041569999637517,44.48806900018441],[-88.04183699960123,44.487897000249099],[-88.041275999909658,44.487689000201179],[-88.039792000128273,44.487188999824475],[-88.039556999951628,44.487109999757429],[-88.039521999791532,44.487096999801004],[-88.039341000041574,44.486930000251427],[-88.039240999584138,44.486834000159611],[-88.038296999577938,44.48592799996316],[-88.038223999783,44.485857999977782],[-88.037421000242091,44.486293999983722],[-88.037360000142726,44.486326999877974],[-88.037338000401419,44.48634000000601],[-88.035505999567192,44.485722999906095],[-88.034352000397007,44.485310000210745],[-88.034480000443537,44.485176999719009],[-88.034284999551545,44.48530899978892],[-88.034186999642259,44.485374000252548],[-88.033942000318191,44.485546999713762],[-88.03355700035371,44.485798000198088],[-88.032569999791491,44.486884000053571],[-88.032148999842008,44.487360999924995],[-88.032047999559666,44.487455000302084],[-88.031549999617312,44.488002999784833],[-88.031527000051099,44.488028999931778],[-88.030526999968373,44.489126999697291],[-88.029933999591449,44.489517000217845],[-88.029584999611998,44.489747000074694],[-88.029566000243733,44.489764000181324],[-88.029403000037107,44.489864999732774],[-88.029269000142804,44.489952999789473],[-88.026328000344236,44.491881000217418],[-88.027027999952978,44.492125000148725],[-88.027781999988406,44.492385000023624],[-88.025770999952314,44.494525999685422],[-88.025741999640005,44.494552999750908],[-88.02512900006991,44.495211000093491],[-88.025122000397204,44.495229999751572],[-88.024755999801002,44.496471999822525],[-88.024125999614142,44.49861599995117],[-88.023752000418639,44.498483999881188],[-88.023265000346925,44.498311999904679],[-88.022953000177395,44.498201999720784],[-88.022620000091464,44.498083000068704],[-88.021726000313976,44.497769999856565],[-88.021464000373143,44.497677999863683],[-88.020797000376376,44.49744199988676],[-88.019373999796045,44.496938000213198],[-88.018059000069087,44.496471000232965],[-88.01797200003044,44.496443000183895],[-88.015146999684518,44.495444000025991],[-88.013737000421301,44.49494499974471],[-88.010872999717307,44.493932000207685],[-88.009813000258461,44.493557000095123],[-88.009048000352408,44.49328700003322],[-88.008047000444776,44.492932999966307],[-88.005405000396948,44.491999000043819],[-88.004181999833165,44.491566000049225],[-88.002580999875931,44.491000000012711],[-87.999756000428306,44.490001000172228],[-87.998990999623928,44.489727999911906],[-87.997678000445106,44.489260999867895],[-87.997562000094149,44.48922000007795],[-87.997225999635162,44.48909999968307],[-87.997203000068936,44.489092000032471],[-87.997063000326861,44.489039000316907],[-87.996767000050852,44.488930000303149],[-87.994633999816045,44.488136000241809],[-87.994680999671715,44.488059000284068],[-87.994821000312115,44.487758000172974],[-87.992438999656969,44.486896000303744],[-87.989975999709287,44.486005000170472],[-87.989950999594924,44.485995999685393],[-87.990524999705272,44.485211999810339],[-87.988773000135311,44.484581000287015],[-87.989861000081575,44.483059000079656],[-87.990651999926897,44.483343000033358],[-87.990831000027029,44.483115000197998],[-87.991284999588473,44.48244899997804],[-87.991501000396866,44.482154999887136],[-87.991773000383418,44.481773999991553],[-87.991706000436267,44.481749999945123],[-87.987307999722191,44.480166000047547],[-87.98903699972594,44.4777049999242],[-87.987502999715844,44.477163999932493],[-87.988218000291525,44.476140999863588],[-87.98848500025521,44.475758999851209],[-87.988527999912918,44.475679999689262],[-87.988454000293075,44.475653999807328],[-87.988382000323071,44.475627999913812],[-87.988331000269426,44.475610000227263],[-87.988025999772574,44.475502000068396],[-87.987166000330276,44.475196000135405],[-87.985035999570201,44.474488000046442],[-87.983340000076737,44.47385300000775],[-87.983278000152438,44.473803999820582],[-87.983191999938725,44.473678999863161],[-87.983068000090171,44.473594000200698],[-87.982849999631966,44.473524000159486],[-87.982749000247935,44.473516000295923],[-87.982534000162786,44.473492000057732],[-87.982543000383629,44.474114999865698],[-87.982536999637503,44.474389000088252],[-87.982524000117053,44.474614000158233],[-87.982504999850477,44.474936999878821],[-87.982478999911194,44.475209000179859],[-87.982426000207752,44.475625000073251],[-87.982421000184885,44.47566299996501],[-87.982407999766096,44.475752000238764],[-87.982391999872547,44.475843000263069],[-87.982315999704582,44.476277000251017],[-87.9822899997653,44.476426000094783],[-87.982288000115489,44.476438999865216],[-87.983058000044423,44.476510000187481],[-87.983540999918191,44.476666000221897],[-87.985580000441658,44.477322999894852],[-87.986730000312178,44.477753000130249],[-87.985725000206614,44.479159000157942],[-87.985680999825689,44.479144999825039],[-87.985422000257898,44.479510000218838],[-87.984304999999353,44.479099999785198],[-87.983961000042754,44.4795889996821],[-87.981828999632867,44.478817000220559],[-87.981385000117157,44.480034999748803],[-87.981314999796965,44.480224999983299],[-87.97379899973231,44.477756999771721],[-87.972935999916942,44.477475999933326],[-87.971279999708131,44.476931000043528],[-87.971319000066174,44.476868000279644],[-87.970314999785529,44.476532999894154],[-87.970114999768981,44.476651999931811],[-87.969959000133372,44.476738000195745],[-87.969886000338434,44.47677999971215],[-87.969868999721683,44.476790000264089],[-87.969590000062425,44.47709500024942],[-87.969570999795849,44.477287000279929],[-87.969568000321132,44.477327000206799],[-87.969554000077409,44.477469999801137],[-87.969548000229622,44.477525000242053],[-87.96955900010029,44.477535999939434],[-87.969605999955959,44.477607000208842],[-87.969612999628652,44.477659000143696],[-87.969672999903111,44.47768100012685],[-87.970657999917194,44.478037000274277],[-87.972376999875209,44.478660000273273],[-87.972441000347615,44.478680000089959],[-87.972545999929608,44.478721000237641],[-87.97279000032708,44.478315000272609],[-87.972857000274232,44.478162999773602],[-87.972870999619616,44.478114999904868],[-87.972900999756845,44.478007999801605],[-87.972919000198516,44.477905999682186],[-87.975227000335508,44.47872999992228],[-87.974496999691212,44.479788000249521],[-87.974407000177834,44.479912000066534],[-87.97414500023703,44.480289999702208],[-87.974074999916837,44.480416000104768],[-87.97400499959663,44.480544999822975],[-87.973932999626598,44.480679999699682],[-87.973485999737846,44.480520999911931],[-87.971818999658382,44.479916000201023],[-87.969528000138155,44.479090000270126],[-87.969299999634188,44.47901100013123],[-87.9689759997691,44.478896999871985],[-87.968754000011259,44.478066999996614],[-87.968547000322019,44.47807100025755],[-87.968574000086207,44.477923999942469],[-87.968673999645318,44.477320000141439],[-87.96873800011771,44.476934999741353],[-87.968922000240752,44.475815999869148],[-87.96897499994418,44.47550300001739],[-87.968688999713933,44.475400000055352],[-87.968564999865364,44.474944000230046],[-87.968506000314136,44.474742999883972],[-87.968399000184021,44.474445000195296],[-87.968381999567271,44.474405000215853],[-87.968327000213989,44.474273999802939],[-87.968316000343336,44.47424899990601],[-87.968270000312572,44.474152000127596],[-87.96826600011461,44.473575999886769],[-87.967541000391535,44.473567000048234],[-87.967382000382869,44.473343999759514],[-87.967239000267739,44.473169000031369],[-87.967172000320588,44.473086000247903],[-87.966943999816635,44.472835000199922],[-87.966696999944432,44.472592999703572],[-87.966433000353788,44.472361000155686],[-87.9661529999713,44.472138999752467],[-87.965957999977633,44.471998999941789],[-87.965753999763137,44.471860999818041],[-87.965717999778121,44.472042999680369],[-87.965721999976083,44.472969999966622],[-87.964798000061364,44.472959000049521],[-87.963924000375343,44.472116000237044],[-87.963588999741276,44.471793000287377],[-87.963098000369939,44.471340999922887],[-87.96306499985964,44.471308999906185],[-87.958554000065973,44.471233000196918],[-87.958236999873549,44.471227000063848],[-87.958097999956394,44.471225000019352],[-87.95778599978685,44.47122600004159],[-87.957349999768766,44.47122600004159],[-87.956595999733338,44.471227000063848],[-87.956464000387186,44.471228000086093],[-87.95556200021376,44.47187800000885],[-87.955311999968515,44.471864999863364],[-87.954814999851052,44.471746000320358],[-87.954568999803769,44.471827000062582],[-87.954968999836836,44.472317000015806],[-87.955064000271406,44.472409000270417],[-87.955193000142827,44.47250499974048],[-87.955322000014263,44.472579999717397],[-87.956803000320903,44.473432999723968],[-87.954695000200459,44.473422999878764],[-87.953961000256527,44.473418999940222],[-87.953086999672209,44.473411000062256],[-87.951411000270213,44.473396000288211],[-87.949339000134771,44.473376999927794],[-87.948774000245265,44.473377999913204],[-87.946615999896096,44.473380999869228],[-87.945820999852799,44.473382999839878],[-87.94530799984183,44.473363000130625],[-87.944717999837948,44.473356000230766],[-87.943663000401969,44.473344999745443],[-87.943408000133843,44.473341999787571],[-87.94336700012596,44.473341999787571],[-87.942166000201794,44.473341999787571],[-87.940980000346272,44.473341999787571],[-87.938489999736078,44.47333799984343],[-87.937134000001222,44.47335300027347],[-87.936205000063623,44.473374999956988],[-87.93512499961497,44.473400000228331],[-87.932727999789535,44.473454000034266],[-87.932111999846384,44.473467999809614],[-87.927717000403675,44.473568000030383],[-87.922146000252823,44.473521000210773],[-87.917184000372458,44.473491000074276],[-87.913306000240382,44.473415999986109],[-87.906873999924002,44.473312000200039],[-87.896730999880134,44.473405000153114],[-87.89277999995312,44.473218000110727],[-87.887182999863001,44.472937000209185],[-87.887175000365403,44.473197999703899],[-87.887185000411165,44.477252999839827],[-87.887201000304671,44.487615000159316],[-87.887233999916631,44.494907000236587],[-87.887233999916631,44.49529300019239],[-87.887243000137474,44.502199000314867],[-87.887234999741565,44.50293799970904],[-87.887168999619306,44.508693999913518],[-87.887160000296788,44.509438000293649],[-87.886995000440351,44.516671999925123],[-87.886817000165124,44.522634999748462],[-87.885026000237076,44.522631999763583],[-87.884986999879018,44.52391200001027],[-87.879198000168287,44.523898999932484],[-87.879234000153303,44.52749600017389],[-87.884204000429605,44.527519999966387],[-87.884186999812854,44.528797000093412],[-87.884184000338124,44.529021000026823],[-87.884919000106962,44.527868000008887],[-87.885318000315124,44.527500000246725],[-87.886088000244058,44.526791000016892],[-87.886499999972713,44.526431000147653],[-87.886699999989261,44.526256999936308],[-87.886690999768433,44.52653900014991],[-87.886685999745552,44.526695999938369],[-87.886677000423049,44.526949999821881],[-87.88653500013281,44.531140000054755],[-87.901770999578304,44.531462000263126],[-87.902488999628716,44.531447000048345],[-87.904701000404543,44.531521000173939],[-87.906856000380657,44.531562000315574],[-87.906852000182695,44.531870999892092],[-87.906868999901135,44.535161999908773],[-87.906926999627458,44.537606000022706],[-87.906924999977633,44.538713999851026],[-87.906843999786773,44.53871299970524],[-87.900659000240921,44.538648999943376],[-87.900644999997226,44.539090000306295],[-87.900624000080825,44.540427999748452],[-87.899730000303336,44.540427000272359],[-87.899715000234721,44.54045800002951],[-87.899089000245837,44.541684999880836],[-87.899059000108608,44.541682000236804],[-87.898539000424918,44.542556999778988],[-87.897340999975512,44.544130000282323],[-87.896885999690838,44.544754999802876],[-87.896693000245307,44.545014999901191],[-87.896704999940866,44.545025000275757],[-87.897120999867482,44.545120999942917],[-87.897365000264926,44.5452049996819],[-87.89694099994243,44.545813000062658],[-87.896367999656974,44.545804999871436],[-87.896336999694824,44.546955000074355],[-87.895875999562392,44.546909999867189],[-87.895562999567929,44.547541000235412],[-87.895500999643659,44.547666000009983],[-87.894984000333025,44.548793999903722],[-87.894836000195028,44.549116999767328],[-87.89463899965321,44.54954500010561],[-87.894577999553846,44.549677999717886],[-87.894211000031035,44.550198000228114],[-87.893747000423858,44.550852000003481],[-87.893668999707742,44.550954999852266],[-87.893267999849741,44.551272000306646],[-87.892806999717294,44.55157600001305],[-87.892752000364013,44.551652000011657],[-87.892663999602163,44.551774000155596],[-87.892560999669996,44.55191599970729],[-87.892299999554098,44.552973999759004],[-87.892158999987103,44.552971999957364],[-87.892111000306514,44.552971000056516],[-87.891388000233249,44.552960999766775],[-87.891075000238786,44.553643999858451],[-87.891020999812127,44.553625000038345],[-87.890138999730198,44.553316000037846],[-87.889988999942361,44.553442000105655],[-87.889740000420346,44.553653000141701],[-87.889617000396697,44.553770999743371],[-87.889506000068607,44.553893999811244],[-87.889362000128571,44.55408900010427],[-87.88924800032575,44.554293999806227],[-87.889202000294986,44.554398999717442],[-87.889164999586768,44.554499000066329],[-87.889075999898296,44.554737999692037],[-87.896131999655424,44.554859999768027],[-87.896006000157044,44.562547000049612],[-87.89599399956316,44.567472999862105],[-87.895981000042681,44.570827000079326],[-87.895985000240643,44.574672000155481],[-87.899063000306569,44.574658999891867],[-87.899997000267035,44.574676000186763],[-87.899906999855347,44.574639999895119],[-87.900404999797701,44.574634999692854],[-87.900253000360067,44.57442999998915],[-87.900636999601318,44.574440999960366],[-87.900803000180986,44.574469999816401],[-87.900785999564235,44.574406999868039],[-87.900603000164423,44.574366999997451],[-87.90021800019997,44.574387000256145],[-87.89988500011404,44.573947000015117],[-87.899843000281223,44.573863000166575],[-87.899747999846696,44.573544000185009],[-87.899726000105375,44.573270000069591],[-87.899661999632968,44.573155000278852],[-87.899704000364068,44.572994999746463],[-87.899875000068292,44.572747999916047],[-87.900008999962594,44.572447000090719],[-87.900071999711784,44.572172999926281],[-87.900033000252051,44.571994000310468],[-87.900019000008328,44.571934000244511],[-87.900126000138471,44.571739000242459],[-87.900140000382166,44.571582999898077],[-87.900203999956261,44.571460000106804],[-87.900240999766197,44.571412000258135],[-87.900290999994908,44.571378999899302],[-87.900403999972809,44.571337000055401],[-87.900441999607636,44.571313999990913],[-87.900438000308,44.571245999969619],[-87.900451999653384,44.571081000076809],[-87.90047199974488,44.571001999803428],[-87.900558999783499,44.570916999948373],[-87.90065800041603,44.570752999997396],[-87.900759999624952,44.570562000189554],[-87.900855000059508,44.570423999747099],[-87.900944999572872,44.570259000082132],[-87.900937999900179,44.570118000102184],[-87.900993000151772,44.569992000307522],[-87.901077999642283,44.569792999826902],[-87.901113999627299,44.569691999910987],[-87.901192000343386,44.569628000291665],[-87.901296999925393,44.56957399995818],[-87.901358999849663,44.569487000062004],[-87.901388000161987,44.569280000249265],[-87.901482999698231,44.569145000113636],[-87.901599000049174,44.569007999774179],[-87.901984999838561,44.568286000253948],[-87.902435000100354,44.567724999852743],[-87.902450999993874,44.567730000009135],[-87.902492000001757,44.567744000188689],[-87.902519999590851,44.567742000254654],[-87.90256300014687,44.567726000140055],[-87.902610999827445,44.567644000203401],[-87.902768000186285,44.567611999915769],[-87.902929999669681,44.567646000140797],[-87.902885000362161,44.567807000315199],[-87.902936000415764,44.567815000041939],[-87.902994999967007,44.567629999999731],[-87.902974999875539,44.567611999915769],[-87.902811999668899,44.567571999851481],[-87.902636999766727,44.567564000091316],[-87.90262500007114,44.56754499969658],[-87.902621999698098,44.567476000096981],[-87.902673999576649,44.567404000177163],[-87.902900000430748,44.567250999971542],[-87.902928000019855,44.567094999749159],[-87.902980999723312,44.566996000227888],[-87.903460000297414,44.566512000285257],[-87.903563000229582,44.566392000300617],[-87.903742000329729,44.566182999725584],[-87.904127000294196,44.56573900013062],[-87.90420599993692,44.565739999812067],[-87.904272999884071,44.565681999699315],[-87.904216999807574,44.565666000298044],[-87.90435999992269,44.565464000038318],[-87.904494999641912,44.565326999988962],[-87.905113000133198,44.564860999900411],[-87.905158000339043,44.564778999765011],[-87.905200999996751,44.564534000287637],[-87.905371999700961,44.564318000216424],[-87.905436999998301,44.564187999905492],[-87.905513999991186,44.564042000096123],[-87.905596999831872,44.563908000316815],[-87.905699999764025,44.563792999935359],[-87.935301000240386,44.562393000130868],[-87.943192000223775,44.562016000034781],[-87.962602000077368,44.561092000055147],[-87.977603000244542,44.560391999707754],[-87.991202999572707,44.560391999707754],[-88.019603000124917,44.560592000117765],[-88.021702999849438,44.561892000105928],[-88.023102999965232,44.561092000055147],[-88.024602999640123,44.560892000083768],[-88.025703000180243,44.562591999687072],[-88.028903000444913,44.563491999847535],[-88.030803000152915,44.563291999806175],[-88.031434999989557,44.563245999705835],[-88.03220300026868,44.563191999847689],[-88.036120999685423,44.560919000126454],[-88.037151999730284,44.560761999797748],[-88.037836000343802,44.560497000136742],[-88.038896999627568,44.55992499999067],[-88.039300999858597,44.559702000312448],[-88.039792000128273,44.559000000288975],[-88.03994199991611,44.558915999975895],[-88.039988999771765,44.558957000029565],[-88.040510000178671,44.558203000230606],[-88.040567000080088,44.558122000124364],[-88.040637000400295,44.558047000067639],[-88.041689000361515,44.556501999923597],[-88.043096000150015,44.554468999979704],[-88.043214999975703,44.554330999766094],[-88.043230999869223,44.55428100010888],[-88.04323500006717,44.554266000011303],[-88.043447999604197,44.553959999865356],[-88.043708999720096,44.553583000178101],[-88.043798000306879,44.553454000097886],[-88.043887999820257,44.553324999731679],[-88.043998000323427,44.553164999703959],[-88.044513999809141,44.552421000133968],[-88.044728999894289,44.552110000310947],[-88.045514999716772,44.550972999968756],[-88.045625000219928,44.550813999814316],[-88.045704999687558,44.550698999798335],[-88.045769000159964,44.550606000192566],[-88.046425000286106,44.549419999884961],[-88.046483999837335,44.549335999826539],[-88.047231000200057,44.548249000109458],[-88.047494999790686,44.548052000124002],[-88.047673000065913,44.547920999972554],[-88.04774199966289,44.547851000156818],[-88.047827999876617,44.547748999927109],[-88.047869999709405,44.54767799991275],[-88.047912000440519,44.547595999887598],[-88.048000000304071,44.547357999738139],[-88.048391999941217,44.546606000117542],[-88.050717999621568,44.543228000137049],[-88.052928999674165,44.540048999881762],[-88.052964999659181,44.539996999873161],[-88.053074000337446,44.540035000081041],[-88.053096999903673,44.54004200030198],[-88.054960999626616,44.540685999739701],[-88.056086000281127,44.541074999714326],[-88.056255000335526,44.541133000026079],[-88.056388000404908,44.541178999680305],[-88.056735999661143,44.541298999804269],[-88.057697000284094,44.54158499992419],[-88.057724999873201,44.541598999992488],[-88.062194999658971,44.543184999747751],[-88.064984999844825,44.544067000126383],[-88.066794000214514,44.544757999928812],[-88.069004000442206,44.541527000062679],[-88.072065999716301,44.536979000240457],[-88.072586000298287,44.536207999990715],[-88.072776000269073,44.535753000021607],[-88.072828000147638,44.535426000115365],[-88.072998000026914,44.534825999894146],[-88.073203999891248,44.534618000133278],[-88.073465000007161,44.534236000201219],[-88.074013000178255,44.532587000238692],[-88.074036999569373,44.532566999697409],[-88.074726000205786,44.53194399985729],[-88.075765999573136,44.531002999881679],[-88.076620000065972,44.530239999688121],[-88.076670000294683,44.530189999829254],[-88.076752000310464,44.530091000276542],[-88.077846999929406,44.530568999828219],[-88.079543000321195,44.531308000051489],[-88.080068999852656,44.53157600023237],[-88.080861000421237,44.531914000312526],[-88.081044999645925,44.531996000013557],[-88.081232000141995,44.532071999961381],[-88.081530999892721,44.532202000299407],[-88.081790000358822,44.532311000103071],[-88.08184399988717,44.5323329999623],[-88.083527999685103,44.533054999929348],[-88.083608999875963,44.533082000079979],[-88.084137999780467,44.533312999932186],[-88.084273000397999,44.533371000291766],[-88.084707999692853,44.533558999823541],[-88.084769999617151,44.533585999740502],[-88.084853000356134,44.533621999823787],[-88.084845999785117,44.53380499995643],[-88.08482700041688,44.534320000277155],[-88.084969999633671,44.534319000055895],[-88.086397000411964,44.534305000158128],[-88.088091000255631,44.534288999813462],[-88.088062999768212,44.534991999724433],[-88.088124999692496,44.535019000257712],[-88.089390999913974,44.53555899996978],[-88.089411999830375,44.535567999847856],[-88.089652000029901,44.535670000289805],[-88.089709999756209,44.535695000113435],[-88.089754999962054,44.535714000023496],[-88.090030000321676,44.535830999939471],[-88.090052999887888,44.535851000000122],[-88.090428999631513,44.536001000235864],[-88.091287000322325,44.536367999887858],[-88.091346999698459,44.536369000073918],[-88.091548000438223,44.536370999805662],[-88.092771999928615,44.536384999847087],[-88.092761999882853,44.536834999750745],[-88.092756999859986,44.536932999829247],[-88.092757999684906,44.536990999784948],[-88.092759000408122,44.537015000147157],[-88.092745000164427,44.537627999802602],[-88.092879999883635,44.537630000131422],[-88.093043000090262,44.537631999819908],[-88.093202999923818,44.5376340001486],[-88.094283000372485,44.537646000198428],[-88.094394999627156,44.537693999732682],[-88.094389999604275,44.538019000033934],[-88.09489400029274,44.538025999856934],[-88.095086999738285,44.538033000319402],[-88.09522900002851,44.538048000118465],[-88.09541300015151,44.538086000317719],[-88.095614999817883,44.538158000020672],[-88.096055000033942,44.538337000016952],[-88.096208000194807,44.538385999773368],[-88.096275000141958,44.538401000121745],[-88.096388999944779,44.538427000204237],[-88.096558999824097,44.538449000314252],[-88.096695000266536,44.538452000124892],[-88.096694000441616,44.538486000102132],[-88.096689000418749,44.538577999715116],[-88.096684000395868,44.538668000170148],[-88.096655999908464,44.538793999933254],[-88.096594999809113,44.539049999841943],[-88.096744999596922,44.539053000261937],[-88.096932000092991,44.539057000181309],[-88.096947999986511,44.539057999680921],[-88.097019000131624,44.538899000274611],[-88.097040000048011,44.538854999746015],[-88.097051999743599,44.538824999919562],[-88.097477999715949,44.53900799970905],[-88.099937000363994,44.540054999978281],[-88.101315999665047,44.540644000146635],[-88.105141000093681,44.542270999952152],[-88.105243000200957,44.542313000292339],[-88.105348999607841,44.542356000045174],[-88.105361000201725,44.54236600023625],[-88.105346999958016,44.5424069997853],[-88.105331999889401,44.54245900020247],[-88.105305999950147,44.542510999932972],[-88.105278000361054,44.542547999700595],[-88.105170000406019,44.54269699989387],[-88.10513900044387,44.542742000156601],[-88.105096999712757,44.542788999895834],[-88.105078000344491,44.542850000004897],[-88.105018999894952,44.54290999997631],[-88.105040999636273,44.542963000017046],[-88.105038999986448,44.542975000249058],[-88.105029999765605,44.543018000153211],[-88.104996000328725,44.543067999882702],[-88.104955000320857,44.543117000139375],[-88.105464999958798,44.543047000308874],[-88.106726000157408,44.542876000021415],[-88.107215999703868,44.542828000277325],[-88.107681999859182,44.542799000012579],[-88.107947999997961,44.542782000005182],[-88.108782000399316,44.542775000113693],[-88.10893999968475,44.542780999929278],[-88.109343000090888,44.542797999936965],[-88.110017999585267,44.542848999930165],[-88.110015000110522,44.542710999694762],[-88.11001199973748,44.542571000253773],[-88.111841000198666,44.542768000221358],[-88.114263000138465,44.543029999733669],[-88.115064999854454,44.543092999731364],[-88.115961000180079,44.543114999999055],[-88.116762999896068,44.543090000159843],[-88.11741499982422,44.543037000234762],[-88.118028000292654,44.54296099987139],[-88.118614999923466,44.542862999694499],[-88.119240999912378,44.542729999876514],[-88.119737000204935,44.542604000307833],[-88.120225999926461,44.54245900020247],[-88.120641999853063,44.542321999766735],[-88.121108999833311,44.542147000203997],[-88.12151399988926,44.541986000090411],[-88.122283999818194,44.541627000118986],[-88.122211000023242,44.539135000155511],[-88.122187999558719,44.538287000066241],[-88.123160000052337,44.538284999759988],[-88.123042000051555,44.53510400005235],[-88.121766999609235,44.535111999793081],[-88.121729999799328,44.535111999793081],[-88.12162400039243,44.535111999793081],[-88.121462999835643,44.535113000000713],[-88.121455000338031,44.534887000021804],[-88.121446999942094,44.534660000231071],[-88.121426000025721,44.534165999938622],[-88.121425000200787,44.534127000158378],[-88.121518000087221,44.534190000184516],[-88.121555999722048,44.534215000003215],[-88.121627999692066,44.534222000283492],[-88.121805000142402,44.534239000228865],[-88.122117000311917,44.534244000061186],[-88.122635000345781,44.534222000283492],[-88.123013999564165,44.534205999916026],[-88.123432999863809,44.53411000018027],[-88.124051000355095,44.533968999681171],[-88.124470999581348,44.533836000037418],[-88.12487200033766,44.533698999802702],[-88.124893000254062,44.533687999811953],[-88.125103000316344,44.533585999740502],[-88.125269999822606,44.533406000271015],[-88.125462000341543,44.533322000157391],[-88.125540000159347,44.53330300010726],[-88.125549000380175,44.533277000298263],[-88.125629999672725,44.53323400024388],[-88.125715000061533,44.533189999917049],[-88.125750000221629,44.533136999944936],[-88.12579899972711,44.533064999796871],[-88.125812000145899,44.53304500006012],[-88.125870999697142,44.532993999803807],[-88.125935999994468,44.532938000199152],[-88.125976000177445,44.532902999938685],[-88.126147999706575,44.532880000048756],[-88.126557999785391,44.532834999848092],[-88.126647000372174,44.532873999853258],[-88.126717999618975,44.533056000172323],[-88.126920000183645,44.533292000041705],[-88.127042000382389,44.533432000022415],[-88.127020999567677,44.533684000164079],[-88.126926000031432,44.533775000089562],[-88.126833999969918,44.533865000284159],[-88.126840999642624,44.533926000137733],[-88.126849000038547,44.53399499982158],[-88.1268540000614,44.534033999690287],[-88.126848000213627,44.534067000100592],[-88.126827000297226,44.534196999827444],[-88.126813000053531,44.534282999763128],[-88.127122999674924,44.534371000012584],[-88.127449000088163,44.534358999928152],[-88.127504000339755,44.534357999707566],[-88.127904000372837,44.534239000228865],[-88.128419999858551,44.533915999777705],[-88.12867000010381,44.533842000133795],[-88.129205999681005,44.533583000319588],[-88.129264000305639,44.533566999776546],[-88.129522000048496,44.533495000160052],[-88.129671000011427,44.533376000198608],[-88.129758000050046,44.533333000217269],[-88.129748999829232,44.532841000047611],[-88.129738999783484,44.532316000100927],[-88.129712000019296,44.530867999947453],[-88.129718999692003,44.528134999680894],[-88.129718999692003,44.528113000157155],[-88.129718999692003,44.528099999736021],[-88.129718999692003,44.528084999936219],[-88.129718999692003,44.527979999948386],[-88.12972299988995,44.526386999804664],[-88.12972600026302,44.52540300027816],[-88.129731000285872,44.525063999819267],[-88.129739999608404,44.52447300011108],[-88.129742999981445,44.524293000016606],[-88.129766000445983,44.524134000004267],[-88.129828000370267,44.523965000051113],[-88.129924999556323,44.52379499984616],[-88.133125999645884,44.523821999806373],[-88.134761999763228,44.523831999978192],[-88.136638999904989,44.523839999986343],[-88.136940000203879,44.523840999747101],[-88.137129000349759,44.523842000148349],[-88.138045999693475,44.5238479999934],[-88.139132999814819,44.523855000238861],[-88.139763999826584,44.523859999681676],[-88.139804000009548,44.523859999681676],[-88.139803000184642,44.523490000043331],[-88.139790999590758,44.519682000247386],[-88.139845000017445,44.517516000133689],[-88.139862999560776,44.516669000273701],[-88.139861999735857,44.516599999921269],[-88.139856999713004,44.516399000266929],[-88.139772000222493,44.513042999939287],[-88.139774999697238,44.512972999830097],[-88.139953999797385,44.50942100015677],[-88.139871999781619,44.507681000281671],[-88.139829000123896,44.506945999713004],[-88.139784999742972,44.505865999700859],[-88.135827000143266,44.505807000073482],[-88.13587099962588,44.502497999962628],[-88.13588200039483,44.502227000162677],[-88.137830999608312,44.502219999881625],[-88.137857000445905,44.499129000239883],[-88.138401000419037,44.499114000029458],[-88.139825999750855,44.499039000200966]]],[[[-87.881918999858826,44.534741999907737],[-87.881245000189381,44.534740999693724],[-87.876674999946161,44.534731000114],[-87.876212000163889,44.53469800007997],[-87.875321999686051,44.534792999913954],[-87.875361999869014,44.531234999929453],[-87.87536299969392,44.53113399967998],[-87.87536299969392,44.531099999892646],[-87.870421999729942,44.531078999844539],[-87.866264000113688,44.53108300031171],[-87.861442999800303,44.531119000021114],[-87.850852000042778,44.531192000288492],[-87.846417000417077,44.531187000194144],[-87.842065999558656,44.531161000080878],[-87.841349000231489,44.53115900017017],[-87.841283000109257,44.531157000259455],[-87.841160999910514,44.536644000005801],[-87.846345000447059,44.536691000185535],[-87.846589999771126,44.536688999824442],[-87.847722000098315,44.536678999938886],[-87.85643700043731,44.536635000294019],[-87.856382000185718,44.538440999751337],[-87.856347000025622,44.541417000122514],[-87.857535000429294,44.541406999768377],[-87.857527000033386,44.542000000062281],[-87.857527000033386,44.542059000181183],[-87.860051000080432,44.542036000066005],[-87.861406999815287,44.5420249997293],[-87.861371999655205,44.545659000029708],[-87.866469999978008,44.545617000182837],[-87.86644400003874,44.549136999745528],[-87.866443000213835,44.549258000075362],[-87.86669699975873,44.549260999969228],[-87.874027000050546,44.549261999933812],[-87.874042999944066,44.552898000206497],[-87.876423000051091,44.552894999859944],[-87.881091000203583,44.552888999806484],[-87.88113100038656,44.548412000145852],[-87.881106000272197,44.547399000252874],[-87.880989000096335,44.546658999994413],[-87.880702999866074,44.545281999709616],[-87.880102999816444,44.543318999873478],[-87.879923999716297,44.541646000014239],[-87.879923999716297,44.540789000290481],[-87.880066999831428,44.539646000201003],[-87.880360999559301,44.538380000145168],[-87.881157000325828,44.536541999989339],[-87.881918999858826,44.534741999907737]]]]},"properties":{"BASENAME":"Green Bay"}}]}