{"type":"FeatureCollection","features":[{"type":"Feature","geometry":{"type":"Polygon","coordinates":[[[-85.45301399972621,43.577035999805275],[-85.45301399972621,43.576844999929939],[-85.451406999921204,43.576861999732145],[-85.449908000071204,43.576882000297253],[-85.448692999903329,43.576897000228598],[-85.448657999743247,43.576897000228598],[-85.448319999634435,43.576900999949316],[-85.446605999699301,43.576828999728896],[-85.445003000092242,43.576826000260148],[-85.443339000385805,43.57681100031111],[-85.443339000385805,43.576915000271462],[-85.443337999662589,43.577002999897367],[-85.443217000187062,43.582516000309099],[-85.443263000217826,43.58261399986359],[-85.443259999844784,43.584076000277719],[-85.44504099972707,43.584092999990503],[-85.452941999756192,43.58403499987898],[-85.452949000327209,43.583491999804366],[-85.452956999824806,43.582950000192803],[-85.452986000137116,43.58022999982262],[-85.452986999962036,43.58016899994098],[-85.45301399972621,43.577357000213986],[-85.45301399972621,43.577169000157916],[-85.45301399972621,43.577035999805275]]]},"properties":{"BASENAME":"Stanwood"}},{"type":"Feature","geometry":{"type":"Polygon","coordinates":[[[-86.151239999918232,44.419063999948513],[-86.151299000367786,44.417347000263668],[-86.149946999932567,44.417306000002363],[-86.148700999802557,44.417271000257337],[-86.147396999946253,44.417248000303537],[-86.146062999952719,44.417214999851801],[-86.144877999922073,44.417172999833255],[-86.144924999777729,44.415990999864732],[-86.144944999869224,44.41536499998039],[-86.146180999953472,44.415377000176484],[-86.146222999786261,44.4135879999073],[-86.14106799956204,44.413472000134959],[-86.141028000277402,44.417084000091485],[-86.141007000361,44.417328000271354],[-86.141030999752118,44.421684999751811],[-86.141023000254521,44.42258399995503],[-86.140992000292385,44.424310999743135],[-86.140971000375984,44.425716999985781],[-86.140967000178023,44.425959999908905],[-86.140979999698502,44.425958999752872],[-86.141014999858612,44.425954999770191],[-86.141315000332582,44.425918999913513],[-86.142065000170007,44.425884000191985],[-86.142231999676284,44.425856000271359],[-86.143395999790513,44.425544999770203],[-86.144263999628734,44.42521299984756],[-86.144733999982023,44.424949000240538],[-86.145395000131018,44.424754000122483],[-86.145929999883307,44.424725000125029],[-86.146312000373044,44.424667000086956],[-86.146463999810706,44.424861000320419],[-86.146257000121466,44.425032999982371],[-86.146233999656928,44.425142000009686],[-86.146314000022869,44.425124999683341],[-86.146504999818575,44.425038999730177],[-86.146607999750742,44.42490100024223],[-86.146551999674244,44.424792999941488],[-86.146560000070167,44.424694999935532],[-86.146710999682909,44.424557999815519],[-86.147149000249129,44.424419999833603],[-86.147396000121333,44.424380000224225],[-86.147858000078699,44.424213000212269],[-86.148232000172513,44.423950000128919],[-86.148288000249011,44.423847000315398],[-86.148216000279007,44.423754999886285],[-86.148207000058164,44.423687000145513],[-86.148429999640925,44.423583000313499],[-86.148709000198494,44.423531999884105],[-86.14891599988772,44.423331000249384],[-86.14910699968344,44.423245000223275],[-86.14956100014318,44.4229299997561],[-86.150398000019294,44.422779999823085],[-86.150557000027945,44.422769000073743],[-86.150700999967981,44.422843000213923],[-86.150844999908017,44.422997000170703],[-86.15099700024399,44.42303700008479],[-86.151069000214008,44.423063000302939],[-86.15109299960514,44.422496999897952],[-86.151138999635904,44.420597000154117],[-86.15118899986463,44.420379999880609],[-86.151228000222673,44.419752999883926],[-86.151239999918232,44.419063999948513]]]},"properties":{"BASENAME":"Bear Lake"}},{"type":"Feature","geometry":{"type":"Polygon","coordinates":[[[-86.109370999559133,44.631052000283425],[-86.109363999886412,44.630782000205691],[-86.109348999817811,44.630688000314763],[-86.10934499961985,44.630395999968272],[-86.109310000358079,44.627741000099014],[-86.109342000145134,44.627112000075613],[-86.109317999855662,44.625166999796953],[-86.107711999875576,44.625163999981872],[-86.106947999794414,44.625162000105078],[-86.106541999913546,44.625161000166642],[-86.102723000231009,44.625144999870741],[-86.097988000131338,44.624858000127624],[-86.096962000109372,44.624855000296584],[-86.096444999900442,44.624846000163139],[-86.096311000006125,44.624614999884066],[-86.096218000119705,44.624293999755324],[-86.096352999838928,44.624200000226168],[-86.09660800010704,44.624022000292598],[-86.096038000194653,44.624011000113569],[-86.095917999645735,44.624009000197049],[-86.095849000048759,44.623934000080759],[-86.095934000437566,44.623811999769785],[-86.095911999797963,44.623811999769785],[-86.092416000155609,44.623839999968638],[-86.092227000009714,44.623835000162472],[-86.090527000318275,44.623792999855524],[-86.090475000439739,44.624258000144081],[-86.089748000168512,44.624296000301385],[-86.089312000150414,44.624279999767076],[-86.08925000022613,44.624275999952516],[-86.08925100005105,44.624287000081338],[-86.08925100005105,44.624752000249075],[-86.089255000249011,44.624962999870768],[-86.089257999723728,44.625124999814332],[-86.089230999959554,44.626528000292332],[-86.089150999593613,44.628399000139801],[-86.091359999996399,44.628340000000414],[-86.091636000180927,44.628347999708588],[-86.092266000367772,44.62836700004997],[-86.091558000363122,44.629969999757087],[-86.090728000159729,44.631981999744767],[-86.089558000197698,44.631980999923805],[-86.087907000011754,44.631980000102878],[-86.087908999661579,44.632164000111928],[-86.087871999851657,44.632738999896283],[-86.089291000234027,44.632792999725709],[-86.088923999812906,44.633682000301789],[-86.08832200011345,44.634920000201603],[-86.087920000430543,44.635586000027125],[-86.087328999703445,44.636564000124196],[-86.085941000181521,44.63912900013792],[-86.085920000265133,44.639744999916402],[-86.085890999952809,44.640092000273889],[-86.085889000302998,44.640142000292535],[-86.085869000211517,44.640799000049554],[-86.085861999640514,44.640931999981177],[-86.086219000015888,44.640939999871208],[-86.086182000205952,44.641071000150966],[-86.086159999566334,44.641194999943231],[-86.087270000152216,44.641189999714442],[-86.087892999768044,44.64119600024457],[-86.08792600027833,44.64105000016508],[-86.087908999661579,44.640799000049554],[-86.08821099978536,44.639953999998973],[-86.088308999694675,44.639650000152969],[-86.088579000031402,44.639116000229862],[-86.088739999689878,44.638839000119788],[-86.089068999577847,44.638270000245285],[-86.089526000410672,44.637482000198439],[-86.089835000207145,44.636861000083037],[-86.090421000013066,44.636322000051862],[-86.090747000426305,44.635880999731029],[-86.091636000180927,44.634556000201393],[-86.092068000001049,44.634034000048132],[-86.093186999909463,44.632611999862654],[-86.093549000307704,44.632203999842154],[-86.093762999669622,44.632076000097001],[-86.093957999663289,44.631793999862133],[-86.094254999764217,44.631453999833539],[-86.095717999629187,44.630152000040816],[-86.096276999670934,44.629554000162116],[-86.097024000033656,44.628899999924897],[-86.09744699963295,44.628454999934839],[-86.098112999804826,44.628150999941234],[-86.0988500001218,44.627755999785613],[-86.099524999616179,44.627526000115736],[-86.100616999760376,44.627343999908966],[-86.100953000219363,44.627357999797617],[-86.101154000060802,44.627437000201866],[-86.101775000026819,44.627751000316728],[-86.102328000220794,44.627843999957527],[-86.102785999980199,44.627977000174837],[-86.102909999828753,44.628216000227248],[-86.103023999631574,44.628329000000299],[-86.103249999587376,44.62846400014805],[-86.103554000259322,44.628483999693316],[-86.103740000032147,44.628551000005849],[-86.103822999872818,44.628728000239846],[-86.103919999957199,44.628761000007096],[-86.10408200033892,44.628793999755544],[-86.104333000409085,44.628792000003813],[-86.104591999976847,44.628898000176818],[-86.104971000093528,44.629187000141606],[-86.105253000125842,44.629337999995535],[-86.105525999937328,44.629450000276954],[-86.105756999916011,44.629494000054393],[-86.105987999894666,44.629497000285014],[-86.106356999965627,44.629637000219489],[-86.106736999907213,44.629901999947258],[-86.106955000365431,44.629991999772564],[-86.107589999676833,44.630186000128859],[-86.108855000073405,44.630780999724763],[-86.109347000167986,44.631044000308641],[-86.109370999559133,44.631052000283425]],[[-86.092302000352788,44.624274000045091],[-86.092208999568058,44.6244430002888],[-86.092072000199011,44.624626999896314],[-86.09202699999318,44.624686999920186],[-86.091602999670656,44.624682000186979],[-86.091606999868617,44.624636000063695],[-86.091630000333154,44.624375999710047],[-86.091641000203808,44.624258000144081],[-86.092021000145394,44.624266999729308],[-86.092302000352788,44.624274000045091]]]},"properties":{"BASENAME":"Beulah"}},{"type":"Feature","geometry":{"type":"Polygon","coordinates":[[[-85.46401299991274,44.098780999889186],[-85.464033999829141,44.095516999682246],[-85.458959999795781,44.095374000114063],[-85.454869000126678,44.09527299983165],[-85.453970000326294,44.095252000019585],[-85.453807999944587,44.099005000260135],[-85.453836000432005,44.102670999816951],[-85.453834999708775,44.102765999889542],[-85.453802999921734,44.106354000286771],[-85.455671999667572,44.106404999917281],[-85.457816999597952,44.106473000001273],[-85.457997000421315,44.106476999851999],[-85.458052999599488,44.106479000099746],[-85.459016999697198,44.106499999794693],[-85.463930999896974,44.10664799982915],[-85.463986999973486,44.102774000092381],[-85.46401299991274,44.098780999889186]]]},"properties":{"BASENAME":"Tustin"}},{"type":"Feature","geometry":{"type":"Polygon","coordinates":[[[-85.857260999773757,44.726249000031672],[-85.857213000093182,44.725550999884177],[-85.857213999918088,44.725425999770458],[-85.857213000093182,44.72538200001847],[-85.857202000222514,44.725058000001908],[-85.857059000107384,44.725011999706673],[-85.856778999724895,44.724968000278004],[-85.855782999840144,44.725049000099617],[-85.855454999777095,44.725011000213179],[-85.855357999692728,44.724982999709859],[-85.855260999608333,44.724915000254562],[-85.855093000277165,44.724869999979767],[-85.854874999818961,44.724745000309298],[-85.854841000382081,44.724647999771229],[-85.854644999665197,44.724397999838992],[-85.854125999806428,44.724383999759802],[-85.853570999962642,44.724175999733909],[-85.852779000292387,44.72411800016409],[-85.852200999984092,44.724105000164514],[-85.852000000142624,44.724078000008724],[-85.851797999577954,44.723988000036698],[-85.851436999902944,44.723984000077252],[-85.851236000061462,44.723917000236568],[-85.850846999899048,44.723645000114949],[-85.850701000309172,44.723496999915142],[-85.85055599964592,44.723423999832434],[-85.850234000328939,44.723346000131855],[-85.849681999959898,44.722822999995792],[-85.849374999813236,44.722705000295058],[-85.848675000204494,44.722532999889026],[-85.847268000416037,44.722342000063527],[-85.847034000064284,44.722240999884221],[-85.846784999643958,44.722186000192728],[-85.846584999627396,44.722204000248361],[-85.845304000235629,44.72249400008949],[-85.845127999610213,44.722512000049328],[-85.844926999768759,44.722524999768638],[-85.844405000435259,44.722434999933682],[-85.844219999589001,44.722404000206353],[-85.843648999851709,44.72215999996061],[-85.843392999758677,44.72168999978885],[-85.843354000298916,44.72137699974563],[-85.842923000303713,44.721063999923921],[-85.84229599959157,44.720672000004114],[-85.841472999959194,44.720006000196257],[-85.841159999964759,44.719456999696668],[-85.840611999793666,44.718948000271048],[-85.840180999798463,44.718478000177321],[-85.840050000277188,44.718084999720062],[-85.839430999960996,44.718080999990818],[-85.839396999625805,44.718079999739295],[-85.838102999815234,44.718090999951798],[-85.838034000218258,44.718089999700453],[-85.836776000392689,44.718072999893167],[-85.83677899986742,44.718872000118068],[-85.836788000088262,44.721422999739843],[-85.836788000088262,44.721436999897357],[-85.836803000156877,44.725276000043387],[-85.836875000126895,44.725636000011463],[-85.836819000050397,44.726724000055214],[-85.836727999813803,44.727970000236375],[-85.836700000224724,44.728888999947216],[-85.840836000099657,44.728926999838961],[-85.841149999919011,44.728915999772092],[-85.843585000277599,44.728972000148723],[-85.844029999618215,44.728967999895687],[-85.844079999846926,44.728966999832387],[-85.845289999991905,44.728963000217227],[-85.845331999824708,44.728963000217227],[-85.845567000001338,44.728963000217227],[-85.857088000419694,44.728898999954737],[-85.857091999719344,44.728855999718654],[-85.857110000161015,44.728644000180211],[-85.857126999879455,44.728479000064873],[-85.857151000168898,44.727792000303815],[-85.857158999666495,44.727584999854656],[-85.857189999628645,44.727177999947045],[-85.857260999773757,44.726249000031672]]]},"properties":{"BASENAME":"Lake Ann"}},{"type":"Feature","geometry":{"type":"Polygon","coordinates":[[[-86.034872999784767,44.667854000024946],[-86.034726000369986,44.667680999692301],[-86.03469399968462,44.667521000055125],[-86.034462999705937,44.667377999981667],[-86.034095000358207,44.667250999745747],[-86.033839000265175,44.667205000144996],[-86.033438000407187,44.66730199984373],[-86.033054000267626,44.66726100018186],[-86.032766000387539,44.667117000251565],[-86.032317999775557,44.666829999815853],[-86.031935000359226,44.666704000157438],[-86.031695000159715,44.666519999799171],[-86.031558999717291,44.666360000151727],[-86.031280000058032,44.666125000168421],[-86.03114399961558,44.66606199992664],[-86.030904000314379,44.665997999742814],[-86.03057600025133,44.665962999682236],[-86.030399999625914,44.665916999698275],[-86.03013600003527,44.665761999691988],[-86.029855999652796,44.665666999730583],[-86.029695999819225,44.66561299983109],[-86.029048999913925,44.665181999989727],[-86.028841000399794,44.665095999998087],[-86.028561000017305,44.665049999965056],[-86.028289000030739,44.664963999777591],[-86.027610000338385,44.664579000026563],[-86.027345999849445,44.664400999997582],[-86.026707000340082,44.664084999690836],[-86.026371999706001,44.663673000270627],[-86.026021000076739,44.663346000077944],[-86.025758000310987,44.663042000145552],[-86.025518999936395,44.662687000256057],[-86.025406999783399,44.662578000033768],[-86.025222999660386,44.662480000163079],[-86.024862999810281,44.662440000220364],[-86.024222999577688,44.662317999713657],[-86.02388100016924,44.662241000031514],[-86.023758999970511,44.662151999690678],[-86.023599000136926,44.662053999738774],[-86.023288999617222,44.661503999817],[-86.022929999592009,44.661256999852846],[-86.022881999911448,44.661011000073927],[-86.022810999766335,44.66083899972795],[-86.022626999643307,44.660724000077579],[-86.022394999839719,44.660677999770186],[-86.022147000142596,44.660666000184008],[-86.021954999623674,44.660614999998359],[-86.021763000003048,44.660517000004269],[-86.021459000229427,44.66044199978603],[-86.021178999846938,44.660407000204749],[-86.020875000073318,44.660434999999268],[-86.020393999849404,44.660406000234687],[-86.020155000373123,44.660343000167344],[-86.019628000118431,44.659888999970093],[-86.019491999675992,44.659815000197767],[-86.018962999771475,44.659859999932422],[-86.018823999854305,44.659910000164594],[-86.018650999601931,44.659974000041096],[-86.018593999700542,44.660151000270012],[-86.018546999844858,44.660563999767845],[-86.018535999974205,44.660659999751076],[-86.018391000209249,44.660854999766819],[-86.01809499993324,44.660957000309999],[-86.017590000318179,44.660996999997963],[-86.017350000118654,44.661042000093154],[-86.01674099984821,44.661007000235116],[-86.016605000304082,44.661051999683579],[-86.016468999861644,44.661132000178711],[-86.016364000279651,44.661235000190402],[-86.015955000025741,44.661313999839642],[-86.015659999574652,44.661215999749203],[-86.014963000338952,44.661101000207601],[-86.014730999637052,44.661094999819674],[-86.014692000177305,44.661088000111739],[-86.008899000268613,44.660910000226103],[-86.008900999918453,44.661561000199974],[-86.008904000291494,44.662737999896947],[-86.008624999733925,44.662726000098232],[-86.00832500015828,44.662711999797509],[-86.00831299956441,44.662966000073155],[-86.008281999602247,44.664017000248819],[-86.008787999940552,44.664017000248819],[-86.008803999834072,44.664095999940706],[-86.013783000331216,44.664148000164438],[-86.013785999805933,44.665106000167114],[-86.014098999800382,44.665106000167114],[-86.014337000350082,44.665106000167114],[-86.015194000317649,44.665105000278047],[-86.01519699979238,44.66463300025034],[-86.015200000165422,44.664208000217165],[-86.015200000165422,44.664163000023706],[-86.018746000036501,44.664196999988498],[-86.018765000303063,44.667776000186336],[-86.018770000325944,44.667890000062521],[-86.013743000148239,44.667915999756303],[-86.013723999881663,44.673051000062287],[-86.013716000384065,44.673467000161494],[-86.013611999728653,44.673747000217702],[-86.013436999826482,44.674010999962391],[-86.013395999818599,44.67404499990019],[-86.013396999643518,44.674760000096093],[-86.013721000406917,44.674760999818609],[-86.019193999750158,44.674753000121754],[-86.019144000419743,44.670445000084896],[-86.021008000142729,44.670442999852114],[-86.023900000435816,44.670410000154071],[-86.029124000257013,44.670520000139263],[-86.028851000445528,44.667849000177682],[-86.02947400006137,44.667866000039972],[-86.02985400000297,44.667870000044395],[-86.034872999784767,44.667854000024946]]]},"properties":{"BASENAME":"Honor"}},{"type":"Feature","geometry":{"type":"Polygon","coordinates":[[[-86.216568999792173,44.369710000068075],[-86.216562000119467,44.369702000114081],[-86.216497999647061,44.369633999819051],[-86.216202000269362,44.369320000076954],[-86.215917999688926,44.369081999715362],[-86.215666999618762,44.368956999772138],[-86.215443000211081,44.368744999823733],[-86.215299000271031,44.368522000073725],[-86.214946999918538,44.368367999891845],[-86.214722999612547,44.368219999744198],[-86.214315999906788,44.368043000018098],[-86.214045999570018,44.367806000113283],[-86.213578999589799,44.367398000006077],[-86.21338699996916,44.367197999998439],[-86.212842999996056,44.36679199991849],[-86.212786000094638,44.366574999762577],[-86.2126980002311,44.366425999690172],[-86.212321999589136,44.366145999722654],[-86.21228800015227,44.365837000046696],[-86.2120799997398,44.365716999751818],[-86.211816999974076,44.365701000036417],[-86.211283999871611,44.365862000103924],[-86.210949000135841,44.365829000205935],[-86.210356999583837,44.365314999959118],[-86.210029000419084,44.364982999801242],[-86.209732000318169,44.364549000053458],[-86.209570999761368,44.364416999960049],[-86.209404000255105,44.364355000144414],[-86.209299999599708,44.364256999701134],[-86.208989000153423,44.364263999829959],[-86.20883699981745,44.364178000299191],[-86.20872499966444,44.364018000029688],[-86.208683999656571,44.363824000288801],[-86.208514999602173,44.363446000212882],[-86.20839499995158,44.363354999770905],[-86.208235000117995,44.363342999822038],[-86.20809899967557,44.363205999857016],[-86.207912999902703,44.362628000091817],[-86.207768000137776,44.362422000106037],[-86.207630999870418,44.362108000236887],[-86.20751100021981,44.361948000093996],[-86.207383000173309,44.361901999707115],[-86.207084000422554,44.361910000084158],[-86.206785999598424,44.361971999918516],[-86.206563000015649,44.361954999856522],[-86.20640999985477,44.361868000179818],[-86.20629900042502,44.361755999859525],[-86.206147000089047,44.361687000002924],[-86.205988000080382,44.361659000177532],[-86.205835999744409,44.36166500000364],[-86.205956000293327,44.361778999793692],[-86.205836999569328,44.361825000277157],[-86.20554100019163,44.361624999866962],[-86.205434000061516,44.361612000234139],[-86.205366000289445,44.361602999844401],[-86.205278000425906,44.361563000307648],[-86.205229000022101,44.36143699975802],[-86.204870999821807,44.361449000097295],[-86.204864000149115,44.361707000053514],[-86.20476899971456,44.361805000266855],[-86.204625999599429,44.361788000156395],[-86.204483000382609,44.361868000179818],[-86.204306999757193,44.361833999990544],[-86.204196000327428,44.361856999894087],[-86.204147999748542,44.361959999686356],[-86.204019999702012,44.361897999839307],[-86.203893000378727,44.361874999951894],[-86.203717999578231,44.361950000026255],[-86.203479999926842,44.362104999704336],[-86.203273000237616,44.36218599989926],[-86.203033999863024,44.362219999884253],[-86.202540000118589,44.362220999845725],[-86.20243600036153,44.362083999825828],[-86.202188999591016,44.36206199997563],[-86.201949000289815,44.361912999984433],[-86.201715999762996,44.361644999938719],[-86.201278000095087,44.36157100008873],[-86.200950999856943,44.361674999712392],[-86.200840000427164,44.361767000164257],[-86.200617999770998,44.361847000216358],[-86.200163000384649,44.361791000062922],[-86.199405000151287,44.361609000318452],[-86.199093999806664,44.361483999841795],[-86.198727000283853,44.361399000058988],[-86.198391999649772,44.361376999951517],[-86.198224000318604,44.36128500017174],[-86.198008000408521,44.361119999806867],[-86.19750600026822,44.361075000035406],[-86.196947000226459,44.360836000227557],[-86.196595999698857,44.360761999998005],[-86.196238000396903,44.360745000227176],[-86.195711000142197,44.360608999956078],[-86.195559999631158,44.360592000140805],[-86.195343999721089,44.360524000188292],[-86.195183999887504,44.360420999798151],[-86.1950140000082,44.360132000056439],[-86.192745000229294,44.360136000044811],[-86.190140999816279,44.360075000192374],[-86.187565999715602,44.360046000240274],[-86.187559000042924,44.360954000278738],[-86.187529999730586,44.36099600019606],[-86.187522000232988,44.3610539997877],[-86.187530999555506,44.361222000274118],[-86.187543000149375,44.361301999785887],[-86.187548000172271,44.361368000167936],[-86.187508999814213,44.363605000180151],[-86.190787999721579,44.363650999872057],[-86.192391000226962,44.363689000037105],[-86.192386000204081,44.36710700024738],[-86.192380000356295,44.367215999699589],[-86.192380000356295,44.367250999851834],[-86.194490999951483,44.367272999679983],[-86.202426000315796,44.367357000056963],[-86.202410000422262,44.36799600005903],[-86.202411000247182,44.368176000148864],[-86.202418999744779,44.368223999822547],[-86.202451000430159,44.368271000240838],[-86.202504999958506,44.368281000106364],[-86.202586999974272,44.368286999896412],[-86.202612999913541,44.37093199979131],[-86.20355400044501,44.370934000059009],[-86.203761999959156,44.370952999708756],[-86.207619000174859,44.370971000182401],[-86.210607999654002,44.370995999974895],[-86.210609000377232,44.372088999708183],[-86.214236000439143,44.37209799977115],[-86.21420999960155,44.370341000219639],[-86.214217999997473,44.369745000014355],[-86.21443100043281,44.369779000107322],[-86.215055999698478,44.370236000102096],[-86.215725000243381,44.370723999835505],[-86.215919000412143,44.370747000101566],[-86.215931000107716,44.370156999773371],[-86.216261999645496,44.369930000300492],[-86.216568999792173,44.369710000068075]]]},"properties":{"BASENAME":"Onekama"}},{"type":"Feature","geometry":{"type":"Polygon","coordinates":[[[-86.248818000164135,44.627719999764039],[-86.248930000317131,44.627337999864324],[-86.244697000357803,44.627355000095754],[-86.244288999928813,44.627337999864324],[-86.244176999775817,44.627304000025902],[-86.244062000148077,44.62711299998044],[-86.243780999940697,44.626874999770635],[-86.243661000290089,44.626588000269351],[-86.243283999823234,44.626285999925827],[-86.243185000089028,44.626181999939234],[-86.242932000369052,44.625720000143794],[-86.242374000152225,44.625207999811551],[-86.242194000227144,44.62499899968418],[-86.241784000148343,44.624448999993312],[-86.241200999817153,44.623816000255694],[-86.240738999859786,44.62324500019016],[-86.240451999804606,44.622787999934431],[-86.240077999710792,44.6223050002449],[-86.239761000416706,44.62183099969679],[-86.23950399960043,44.621586000209803],[-86.239241999659612,44.621285000064049],[-86.239099000442806,44.621035000143792],[-86.239010999680929,44.620772000244848],[-86.238773999854459,44.620470999715359],[-86.238512999738575,44.620066000109311],[-86.237856999612433,44.619308000241048],[-86.237453000279714,44.618775999940453],[-86.236946000116504,44.618094000002273],[-86.236726000008488,44.617715999689629],[-86.236445999626,44.617325999873358],[-86.236321999777445,44.617079999842197],[-86.236268000249083,44.616822999785626],[-86.236233999913892,44.616753999838025],[-86.236104000217551,44.616674000157545],[-86.236012999980957,44.61658600031776],[-86.235837000253852,44.616180999829979],[-86.234674999789448,44.61391099988397],[-86.23412900016649,44.613083000261128],[-86.233687000300634,44.612334999717213],[-86.233487000284072,44.612072000059726],[-86.233462999994643,44.612034000215019],[-86.226797000224863,44.612038999758418],[-86.224954000418279,44.612041000087302],[-86.224463000148603,44.610988999857547],[-86.224145999956178,44.610378999785297],[-86.220698999819319,44.610447000081273],[-86.220699999644253,44.6105350002709],[-86.220631999872182,44.612022999683134],[-86.220631000047263,44.61207300022361],[-86.220630000222357,44.612141999977879],[-86.220728999956563,44.612970000227371],[-86.220826999865849,44.614624000242046],[-86.220354000037844,44.6189099998793],[-86.220415000137208,44.619145000008245],[-86.220496000328055,44.619492000138401],[-86.220797999553525,44.619735000085754],[-86.221241000142641,44.619747999859563],[-86.221392999580303,44.619977000267191],[-86.221653999696201,44.620333000095869],[-86.221686000381553,44.620380999833912],[-86.221694999704084,44.620394000102458],[-86.221809000405202,44.620570000255057],[-86.224853999960857,44.624986999748842],[-86.226480000032439,44.627296000173857],[-86.227587000245279,44.628868999985869],[-86.239428000330776,44.62947599994606],[-86.239722000058649,44.629505999697344],[-86.242635000268123,44.629729000175274],[-86.243324999831103,44.629684000076139],[-86.243344999922613,44.629683000215586],[-86.243353000318521,44.629860000194107],[-86.243355999793238,44.629915999858184],[-86.243478999816915,44.629920999779948],[-86.243486000387918,44.6298579998398],[-86.243508000129211,44.629666000026731],[-86.244100999607824,44.629665000165907],[-86.244285999555757,44.629678000273373],[-86.245136999675552,44.629739999910029],[-86.245248000003627,44.629748000064545],[-86.245483000180272,44.62974999978335],[-86.245663000105324,44.629752000141423],[-86.245756999816649,44.62975300000074],[-86.245853999901044,44.629753999860078],[-86.245885999688099,44.629753999860078],[-86.245991000168388,44.629697000179391],[-86.246802000105205,44.62947599994606],[-86.248588000010372,44.628508000033634],[-86.248818000164135,44.627719999764039]]]},"properties":{"BASENAME":"Elberta"}},{"type":"Feature","geometry":{"type":"Polygon","coordinates":[[[-85.363340999707404,44.569231000259961],[-85.363406000004716,44.566379000106082],[-85.356755000303551,44.566344999780483],[-85.356601000317781,44.566342999798351],[-85.356501999685264,44.566342999798351],[-85.355891999589886,44.56634000014504],[-85.355693000296569,44.566338999833896],[-85.355551000006358,44.566338000162744],[-85.355499999952727,44.566338000162744],[-85.354935000063207,44.566336000180378],[-85.337845000042165,44.566264000129429],[-85.337769999699091,44.571970999865862],[-85.337789999790559,44.572883000007778],[-85.337785999592597,44.57317299992723],[-85.337790999615478,44.574320000162331],[-85.337824999950669,44.57522799994873],[-85.337845000042165,44.575963999799121],[-85.337831999623361,44.576296999983953],[-85.337840000019284,44.576558000075515],[-85.337846999691976,44.576854999857929],[-85.340167000422838,44.576942999739138],[-85.340723999916449,44.576947000254137],[-85.342566999723019,44.576921000101287],[-85.342683999898895,44.580390999835416],[-85.346664999963139,44.580419999923308],[-85.34677799994104,44.580419999923308],[-85.346835999667363,44.580419999923308],[-85.346977000132682,44.580416000287151],[-85.347037000407127,44.580415000218103],[-85.349860000204927,44.580433000178665],[-85.350492999866518,44.580436999813692],[-85.350547000293176,44.580436999813692],[-85.350670000316825,44.580437999882378],[-85.352691000398636,44.580445999791273],[-85.361334999694208,44.580503999897779],[-85.363237999775237,44.580519000268943],[-85.363284999630906,44.577763999848578],[-85.363315999593041,44.577340000237989],[-85.363315999593041,44.577326999930946],[-85.363292000201895,44.577222999929425],[-85.36328100033127,44.577062999711558],[-85.363340999707404,44.569231000259961]]]},"properties":{"BASENAME":"Fife Lake"}},{"type":"Feature","geometry":{"type":"Polygon","coordinates":[[[-86.04960000031555,43.561610999855297],[-86.04960000031555,43.561499999831248],[-86.04953500001821,43.561499999831248],[-86.049507000429131,43.561492000296624],[-86.049433999735882,43.561492000296624],[-86.048094999719467,43.56148599983127],[-86.04775499996083,43.561484000109992],[-86.047729999846496,43.561470999967213],[-86.047688999838599,43.561461999916766],[-86.047617999693486,43.561457999821592],[-86.04747399975345,43.561458999682671],[-86.046552000386853,43.561466999872628],[-86.04569200004623,43.561461999916766],[-86.039705999793711,43.561428999937341],[-86.034835000149926,43.561465000150726],[-86.034845000195673,43.562438000229136],[-86.034680000339236,43.568276000043362],[-86.034681000164127,43.568648000153047],[-86.031923999590262,43.568613000069199],[-86.031120000224448,43.568610999933604],[-86.029556999902042,43.568611999675966],[-86.029560000275097,43.571116000216776],[-86.029560000275097,43.571227999794502],[-86.029563999574748,43.571480000198072],[-86.029575000343712,43.571540999770505],[-86.029591000237232,43.571576000105473],[-86.029626000397329,43.571608000040577],[-86.029633999894941,43.575193000007765],[-86.029633999894941,43.575590000127519],[-86.030573999703194,43.57560099992309],[-86.030901999766243,43.575604999729947],[-86.03247000011153,43.57562300015897],[-86.03283199961146,43.575626999964364],[-86.033731000310141,43.575637999753177],[-86.034056999825054,43.575642000208333],[-86.034237999575026,43.575644000110429],[-86.034745999563143,43.575649000190793],[-86.035230000160126,43.575652999994404],[-86.035534999758653,43.575656999797808],[-86.035713999858814,43.575659999975542],[-86.036682999979362,43.575670000133137],[-86.03930900013367,43.575701999845329],[-86.039432999982225,43.575703999745443],[-86.039638999846559,43.575706000296243],[-86.041172999856641,43.575727999842996],[-86.049458000025325,43.575843999745885],[-86.049437999933858,43.575654000270688],[-86.049478999941726,43.572373999880561],[-86.049479999766632,43.572257000119905],[-86.049518000299784,43.568746000149524],[-86.049519999949595,43.568582000238266],[-86.049520999774515,43.568484999719374],[-86.049524000147571,43.568167999833108],[-86.049528000345532,43.567843999993165],[-86.049530999820249,43.567570000082249],[-86.049534000193304,43.567274999967765],[-86.04953599984313,43.567091000051747],[-86.049556999759531,43.565101999871445],[-86.049585000246935,43.562498000001902],[-86.049589000444897,43.562097000103627],[-86.049592999744547,43.56166000006472],[-86.04960000031555,43.561610999855297]]]},"properties":{"BASENAME":"Hesperia"}},{"type":"Feature","geometry":{"type":"Polygon","coordinates":[[[-86.357879000295256,43.566082000234381],[-86.357858000378855,43.56514699999488],[-86.35760700030869,43.557765999881454],[-86.357577999996366,43.556836999749777],[-86.352617999765826,43.556760999873944],[-86.352467000153084,43.551577999870347],[-86.352457999932255,43.551274999985019],[-86.352450000434644,43.550984999682242],[-86.351426999887394,43.550943000155833],[-86.350579999965575,43.550863999897686],[-86.346956000276691,43.550803000220903],[-86.345259999884902,43.550801000145064],[-86.345083000332892,43.550799000069176],[-86.343632999988401,43.550785000187055],[-86.343474999804641,43.550782000072388],[-86.342622999859941,43.550768000186373],[-86.342765999975072,43.555918999752699],[-86.341148000299398,43.555904999757892],[-86.337855000148323,43.555882000177967],[-86.337901000179087,43.557486000138752],[-86.337954999707435,43.559718000285848],[-86.337963999928277,43.560112999793226],[-86.337973999974011,43.560506000212094],[-86.337984999844664,43.560975999753659],[-86.337998000263454,43.56148800020344],[-86.337999999913293,43.561588999708412],[-86.338016999631719,43.562167999861266],[-86.338031999700348,43.564753000101348],[-86.338028000400698,43.565728000031115],[-86.348122000040746,43.565897000141277],[-86.348395999677152,43.565901999729057],[-86.348701999998895,43.565906000180043],[-86.357879000295256,43.566082000234381]]]},"properties":{"BASENAME":"New Era"}},{"type":"Feature","geometry":{"type":"Polygon","coordinates":[[[-84.772819000086713,43.694945999724517],[-84.77284199965294,43.691023000032956],[-84.767826000244199,43.690951000007196],[-84.763760999616068,43.690890000044057],[-84.757581999917988,43.690790999929192],[-84.757105999716913,43.690832999958495],[-84.757314000129384,43.691932999873089],[-84.757652000238181,43.693236999875793],[-84.758105999799639,43.694814999828843],[-84.758628999856356,43.696716999737994],[-84.758822000200212,43.697658999988057],[-84.758869000055867,43.697939000252568],[-84.758954000444689,43.698439999743151],[-84.759014999645743,43.699091000239981],[-84.75902100039184,43.699153999996703],[-84.759091999638628,43.700328000105564],[-84.759012999995932,43.702078999783488],[-84.759002000125264,43.70225500022805],[-84.758975000361076,43.702492000069391],[-84.758760000275927,43.703586999946673],[-84.757961000034683,43.706682999895939],[-84.757730000055986,43.707646000034565],[-84.758100999776758,43.707654000267617],[-84.759049999805839,43.707669000052356],[-84.762803000264455,43.707690000004391],[-84.762783999997879,43.709344000237252],[-84.767816000198465,43.709329000222311],[-84.772711000131693,43.709377000256865],[-84.772756000337523,43.698515999947112],[-84.772819000086713,43.694945999724517]]]},"properties":{"BASENAME":"Rosebush"}},{"type":"Feature","geometry":{"type":"Polygon","coordinates":[[[-85.692741000001106,44.043837999836661],[-85.692740000176215,44.043776000062451],[-85.692726999757411,44.042641999785928],[-85.69270800038916,44.041016000015183],[-85.69269099977241,44.039513999799063],[-85.692677000427011,44.038334000037324],[-85.692677000427011,44.0382769999201],[-85.692683000274798,44.034742000149521],[-85.692638000068939,44.031351999890994],[-85.688908000074861,44.03139299987749],[-85.682372999826342,44.03146500005289],[-85.682259999848441,44.031453999915151],[-85.67285199957341,44.03155299978976],[-85.672731999922803,44.031551000237521],[-85.672740000318726,44.031724000005539],[-85.672746000166498,44.031859000235329],[-85.672755000387326,44.032050999860203],[-85.672755000387326,44.032097999902348],[-85.672757999862057,44.032778000243809],[-85.672771000280861,44.033064999752249],[-85.672865999817105,44.035432999907307],[-85.672840999702743,44.036623999791495],[-85.67280100041809,44.038474000296461],[-85.672799999694845,44.038522000069264],[-85.672726000075031,44.04254399994678],[-85.672732999747694,44.042655000253134],[-85.672730000272978,44.042911999914203],[-85.672725000250111,44.043370000249809],[-85.672731000097883,44.045127999747876],[-85.672731999922803,44.045303000292371],[-85.672727999724842,44.045867000056802],[-85.672727999724842,44.045932000117297],[-85.672799999694845,44.045935000009123],[-85.674527999873703,44.046005999771559],[-85.67494600034847,44.045998999816938],[-85.679765000113704,44.045922999795302],[-85.679818999642052,44.045922999795302],[-85.682305000054271,44.045882999710763],[-85.682401000313732,44.045880999996406],[-85.683373999733959,44.045864999696207],[-85.683928999577745,44.045856000009685],[-85.685921000245543,44.045822999856156],[-85.686173000140627,44.045818999777616],[-85.686277999722591,44.045817000061049],[-85.689200999977814,44.045701999781549],[-85.692455999595751,44.04557400010065],[-85.692633000046087,44.045565999909627],[-85.692633000046087,44.045543999701593],[-85.692633000046087,44.045288000026126],[-85.692735000153334,44.045299999722879],[-85.69273599997824,44.045197000094397],[-85.692740000176215,44.04396900003141],[-85.692741000001106,44.043837999836661]]]},"properties":{"BASENAME":"Luther"}},{"type":"Feature","geometry":{"type":"Polygon","coordinates":[[[-85.463767999690361,44.031242000149426],[-85.463766000040536,44.031135999982176],[-85.463761999842575,44.030959999785431],[-85.463757999644628,44.030937000179762],[-85.463597999811057,44.030934000174412],[-85.456520000312622,44.030907999906134],[-85.453858999998218,44.030928999949829],[-85.45238699991242,44.03094199975785],[-85.449383000364648,44.03096899979716],[-85.44806600008954,44.03096200000342],[-85.447970999654984,44.03096200000342],[-85.446500000292417,44.030977000021693],[-85.446240000001396,44.030979000239164],[-85.445964999641788,44.030977999807519],[-85.444362999859635,44.030974000018375],[-85.443828999932251,44.030973000232471],[-85.443828999932251,44.032412000148213],[-85.44383099958209,44.036731999853032],[-85.443832000305292,44.038171999730586],[-85.443833000130212,44.03835700000112],[-85.443834999780051,44.038911999930171],[-85.443837000328173,44.039096999827514],[-85.443838000153093,44.039878000026384],[-85.44384200035104,44.042221000199085],[-85.443844000000865,44.043003000127385],[-85.443838000153093,44.043463999776435],[-85.443819999711422,44.044846999799219],[-85.443817000236692,44.045123000075236],[-85.443818999886503,44.04530900013954],[-85.446048000380785,44.045319000098658],[-85.447168000114075,44.045323000211013],[-85.453737999624394,44.045290999950559],[-85.453939000364159,44.045296999798893],[-85.454202999954802,44.045337999822692],[-85.45588299955476,44.045333999711353],[-85.458067999668103,44.045330999789137],[-85.461724000042338,44.04530799994982],[-85.463672000329211,44.045296000254687],[-85.463695999720343,44.043949000301367],[-85.463695999720343,44.043866000025815],[-85.463735000078401,44.039578000086223],[-85.46374900032211,44.038148999694982],[-85.46373099988044,44.037109000127479],[-85.463677000352092,44.03398899975528],[-85.463658999910407,44.032949999906826],[-85.463756999819708,44.032019999949455],[-85.463767999690361,44.031242000149426]]]},"properties":{"BASENAME":"Le Roy"}},{"type":"Feature","geometry":{"type":"Polygon","coordinates":[[[-84.702516999563443,43.523347000081621],[-84.702514999913603,43.523230000217197],[-84.702509999890736,43.523064999688735],[-84.702360999927819,43.518223000051051],[-84.699908999850805,43.519681000288287],[-84.699148999967605,43.520111999824906],[-84.699482999878441,43.52039399969032],[-84.698774999873777,43.52041699978291],[-84.697501000154702,43.520391999908405],[-84.697465999994591,43.520242999686083],[-84.697470000192553,43.51842900027652],[-84.697487999735912,43.517018999825673],[-84.6959660003197,43.516980999878754],[-84.695814999808647,43.51698600026743],[-84.69570100000584,43.51698399972112],[-84.695633000233769,43.516982999773681],[-84.695584999654884,43.516981999826228],[-84.694838000190472,43.516261000167304],[-84.692087000362704,43.51358899992762],[-84.689422999675259,43.510998999918414],[-84.68868500043169,43.510269999971314],[-84.688631999829923,43.510284000139919],[-84.68848100021718,43.510421000175761],[-84.687765999641513,43.510804999684161],[-84.687404000141569,43.51091199970913],[-84.687409999989356,43.512437000306477],[-84.687411999639181,43.512795000236451],[-84.687413000362412,43.513063000249915],[-84.688993000403258,43.513065000274736],[-84.68898699965716,43.514852999834751],[-84.688568000255799,43.514848999903599],[-84.688559999859891,43.515239999736934],[-84.68742300040816,43.515243000317355],[-84.687425000057971,43.515552999988707],[-84.68742599988289,43.515814999679641],[-84.687429000255932,43.516381999696065],[-84.687429000255932,43.516451999931789],[-84.687430999905757,43.516916999948279],[-84.68742300040816,43.51881300029298],[-84.687434000278813,43.519723000097407],[-84.687441999776411,43.519925000166808],[-84.687449000347428,43.520357999697723],[-84.685989999782095,43.52035099980526],[-84.685923999659863,43.520411999678572],[-84.685850999864911,43.520496000204034],[-84.685726000191451,43.520538000097233],[-84.684414999764115,43.52054800028462],[-84.684038000195571,43.520532000114294],[-84.683222000235872,43.520537000208698],[-84.682949000424415,43.520533999891519],[-84.679462000104579,43.520488999676175],[-84.679595999998881,43.520545999856459],[-84.679984000336404,43.520706999914758],[-84.68041399960839,43.521376999763213],[-84.680821000212475,43.521503999993293],[-84.681278999971866,43.521630000085608],[-84.681966000060143,43.522175999833109],[-84.681991999999411,43.522783999783101],[-84.682453999956763,43.523050000032818],[-84.682436000413418,43.523197999992085],[-84.682455999606574,43.524223999734488],[-84.682444999735935,43.525633000053098],[-84.682403999728052,43.527869999734513],[-84.683562999819429,43.527924999922085],[-84.683597000154606,43.528306000140489],[-84.687475000286682,43.528371999882495],[-84.687450000172319,43.529219999675277],[-84.687444000324547,43.52964499972316],[-84.687432999555568,43.5305119998092],[-84.687418000385293,43.531616000027661],[-84.692509999962013,43.531622999915605],[-84.69817200034943,43.531631000158704],[-84.698695000406175,43.531631999863365],[-84.69881699970658,43.531631999863365],[-84.700299999663045,43.531631000158704],[-84.702223999660475,43.531673999818999],[-84.702268000041414,43.53096300030176],[-84.70244100029376,43.524324999809409],[-84.702452000164413,43.523445999990081],[-84.702516999563443,43.523347000081621]]]},"properties":{"BASENAME":"Shepherd"}},{"type":"Feature","geometry":{"type":"Polygon","coordinates":[[[-85.157872000190721,43.7595349998277],[-85.157766999710418,43.755939999707699],[-85.157626999968329,43.75593799996372],[-85.155327000227274,43.755946000236861],[-85.155257999731987,43.753350000150434],[-85.155220999922051,43.752225999858162],[-85.153030999785855,43.752211000196979],[-85.152689000377407,43.752207999745217],[-85.152667999562695,43.751540000305987],[-85.152454000200763,43.74508300012937],[-85.152451999652627,43.744947999911808],[-85.152450999827707,43.74483399995249],[-85.152383999880556,43.741506000262994],[-85.151106999788425,43.741493000089072],[-85.147236000227338,43.741453000085329],[-85.147325999740715,43.744932999724654],[-85.145316000427869,43.744925999982101],[-85.142887999741973,43.744912999901835],[-85.142399000020433,43.744909999733181],[-85.14034199995362,43.744894000128916],[-85.140152999807725,43.744893000072381],[-85.140028000134279,43.744892000015831],[-85.127614999588232,43.744831999837409],[-85.127649999748328,43.74770900024032],[-85.127658999969171,43.74848699997299],[-85.127725999916322,43.751017999881178],[-85.127755000228632,43.752111000197083],[-85.137704999928673,43.752188999692265],[-85.137847000218883,43.755805999843879],[-85.139721999812508,43.755824000172296],[-85.147709999880263,43.755900000273662],[-85.147785000223337,43.758308000050086],[-85.14781299981243,43.759482999854391],[-85.150546000096853,43.75948900002831],[-85.157872000190721,43.7595349998277]]]},"properties":{"BASENAME":"Barryton"}},{"type":"Feature","geometry":{"type":"Polygon","coordinates":[[[-85.934086999776596,44.474463000241194],[-85.934100000195372,44.472767999876872],[-85.93313500027277,44.472767999876872],[-85.918751999698571,44.472781999816789],[-85.918702000368171,44.47398300010876],[-85.918663000010099,44.474619999943087],[-85.918654999614191,44.474968999829237],[-85.918642000093712,44.475565999973021],[-85.916559000087616,44.474989000270021],[-85.916580999828923,44.475781999853886],[-85.916580999828923,44.475868000118069],[-85.916581999653843,44.476065999976228],[-85.916583000377088,44.476257000251614],[-85.916492000140479,44.476312999848005],[-85.913722000046121,44.475346000127125],[-85.913686000061105,44.475565000025107],[-85.91348299967153,44.483575999953601],[-85.913415999724378,44.487348999770482],[-85.918991000073163,44.487405000256736],[-85.931634999699554,44.48755300013854],[-85.932391000283104,44.487561999742546],[-85.933009999701,44.487570000243814],[-85.933927999767931,44.487576999720282],[-85.933988999867282,44.483812000285795],[-85.934086999776596,44.474463000241194]]]},"properties":{"BASENAME":"Copemish"}},{"type":"Feature","geometry":{"type":"Polygon","coordinates":[[[-86.072222000129372,44.804517000163621],[-86.072480999697149,44.804094000195093],[-86.06004600030812,44.804185999816298],[-86.059652000122824,44.804193000072459],[-86.054347000110781,44.804234000280957],[-86.053536000173935,44.80423999985819],[-86.049745000080506,44.804269000249299],[-86.049760000149107,44.804818999786406],[-86.04978899956312,44.805868999985769],[-86.049812999852563,44.806101999982864],[-86.04991599978473,44.807103999824747],[-86.049934000226386,44.807693000083958],[-86.04994599992196,44.808093999843592],[-86.049977999709014,44.809174000126369],[-86.049990000302884,44.809584999855744],[-86.049991999952695,44.80962300022864],[-86.050037000158554,44.8111399999651],[-86.050037999983473,44.811167000242591],[-86.050036000333648,44.811224999781047],[-86.05000799984623,44.811266000089837],[-86.049991000127804,44.811333999931499],[-86.049981999906962,44.812924999745043],[-86.050155999984227,44.818055000009082],[-86.050191999969243,44.81959599990752],[-86.050267000312317,44.822094999882928],[-86.052052000392578,44.822094999882928],[-86.055007000434856,44.822068999988225],[-86.055700000370905,44.822054999991046],[-86.056232999575059,44.822043000081791],[-86.057425000176693,44.822019999983219],[-86.058053999640322,44.822006999701813],[-86.058609000382404,44.821996000147649],[-86.05875499997228,44.821984000226067],[-86.059847999941397,44.821982999860822],[-86.059933000330204,44.821973000030333],[-86.059966999767099,44.821961000104011],[-86.059985000208769,44.821949000175145],[-86.060008999599887,44.821945999714679],[-86.060078999920094,44.821951000269671],[-86.06078799974965,44.822001000061114],[-86.060880999636069,44.821999999696118],[-86.064341000191718,44.821980000039311],[-86.065243000365143,44.821972000302033],[-86.066548999871287,44.821954000092738],[-86.066600999749809,44.821610999773405],[-86.066534999627578,44.821099000242953],[-86.066543999848406,44.820600999705249],[-86.066496000167831,44.820434999844522],[-86.066513999711191,44.819869000050566],[-86.06670100020726,44.818508000218557],[-86.067065000255326,44.817244000279388],[-86.067153999943784,44.8168440002298],[-86.067283999640125,44.816523000026372],[-86.067430000128297,44.815666000256385],[-86.067665000304942,44.814636000265203],[-86.067671000152714,44.81461699982161],[-86.067810000069898,44.814156000085326],[-86.067988000345125,44.813767000133893],[-86.068027999629791,44.81357800007369],[-86.06819699968419,44.813291999762349],[-86.068302999989399,44.8128179998264],[-86.0684159999673,44.81249800004651],[-86.06846199999805,44.812248000237659],[-86.068619000356875,44.811411000170899],[-86.068917000282724,44.810650000120532],[-86.069127000345006,44.81021599998644],[-86.069231000102079,44.810066999711601],[-86.069450000385189,44.809445999955585],[-86.070054999559375,44.808277000236295],[-86.070313000200557,44.807710000308333],[-86.07051499986693,44.807391000211091],[-86.070770999959962,44.806779000250266],[-86.07096699977852,44.806370000281888],[-86.07111300026672,44.806173000183307],[-86.0711409998558,44.806135000086897],[-86.071319999955946,44.805786999951657],[-86.071417000040341,44.80565199986696],[-86.071454999675169,44.805607999992951],[-86.071751999776083,44.805139000105498],[-86.072222000129372,44.804517000163621]]]},"properties":{"BASENAME":"Empire"}},{"type":"Feature","geometry":{"type":"Polygon","coordinates":[[[-86.191175000234168,44.055660999723081],[-86.191176000059087,44.055623999805633],[-86.191174000409276,44.055214999788262],[-86.191162999640298,44.051940999807414],[-86.191140999898991,44.048641000020204],[-86.191140000074085,44.048537000254882],[-86.191116999609548,44.04440199998924],[-86.191078000149801,44.041250999817905],[-86.191078000149801,44.041153000260785],[-86.191041000339879,44.041153000260785],[-86.190848999820957,44.041150000126798],[-86.189204000381096,44.041125999695403],[-86.188656000210003,44.041118000195162],[-86.187116000352134,44.041111999923572],[-86.183281999702658,44.041098999763427],[-86.182499000253245,44.041091000259577],[-86.180961000045187,44.04107699983372],[-86.180960000220281,44.041198000314751],[-86.175451999818648,44.041091000259577],[-86.175164999763467,44.041084999985216],[-86.17499900008211,44.041081999847826],[-86.1732659998804,44.041058000034603],[-86.171550000295426,44.041032999949763],[-86.171479000150313,44.041031999687853],[-86.170901999666924,44.041027999931515],[-86.170879999925603,44.041029000193497],[-86.170879999925603,44.04106999994243],[-86.170859999834121,44.042009000207145],[-86.17076399957466,44.046690000017456],[-86.170732999612511,44.048251000281525],[-86.170724000289994,44.049601000257248],[-86.170719000267113,44.05047600017496],[-86.170718000442221,44.05101399991382],[-86.17066599966536,44.053016000003602],[-86.170644999748959,44.053651000209733],[-86.170632000228494,44.05406500026335],[-86.170621000357826,44.054832000285678],[-86.170614999611743,44.055001999790775],[-86.170612000136998,44.055069000205982],[-86.170604999565995,44.055268999684117],[-86.170602999916156,44.055336999817619],[-86.170597999893303,44.055501999722004],[-86.170634999703211,44.055501999722004],[-86.180995000380378,44.05572700002449],[-86.181024999619297,44.05572700002449],[-86.181814999639712,44.055748999678244],[-86.182124000334511,44.055756999785032],[-86.184403000159193,44.055806999782575],[-86.190632999910889,44.055944000037215],[-86.190697000383295,44.055945000047338],[-86.191174000409276,44.055952000117664],[-86.191175000234168,44.055660999723081]]]},"properties":{"BASENAME":"Fountain"}},{"type":"Feature","geometry":{"type":"Polygon","coordinates":[[[-86.221969000238772,44.107359999783888],[-86.221968000413881,44.10733299973824],[-86.221968000413881,44.107300000310666],[-86.221938000276637,44.105988999939207],[-86.221939000101543,44.105549999955322],[-86.221282000150524,44.105552000234503],[-86.221282000150524,44.10553699975182],[-86.221282999975429,44.105249999889587],[-86.221286000348485,44.10420700009503],[-86.221296000394219,44.101331999903671],[-86.221293999846097,44.101078999856185],[-86.221288999823216,44.100036999924377],[-86.219290000381022,44.100004000294525],[-86.213295999732594,44.099905000004291],[-86.211298000115292,44.099873000213876],[-86.211016000083006,44.099869999829458],[-86.209138000116326,44.099847999801092],[-86.202658000119385,44.099776000178906],[-86.200498000120405,44.099752000285328],[-86.200527000432729,44.100575000186303],[-86.200531999557271,44.101177000224887],[-86.200572999565168,44.105453000203852],[-86.200586999808863,44.106878999918166],[-86.200600000227652,44.108350000037007],[-86.200638999687385,44.112763000035059],[-86.200652000106174,44.114234999790753],[-86.200653999756014,44.114251999985662],[-86.214909000283697,44.114506999742019],[-86.217814999922169,44.114548999869491],[-86.217834000188745,44.114548999869491],[-86.218044000251027,44.114556000102823],[-86.220952000437634,44.114621000202867],[-86.221107000248338,44.114623999838621],[-86.221165999799567,44.114623999838621],[-86.221165999799567,44.114613000313469],[-86.221169000172608,44.114425999688279],[-86.221183000416318,44.113350999687377],[-86.221205000157624,44.111768000321888],[-86.221226999898946,44.110935000317099],[-86.221243999617386,44.110125999743396],[-86.221251000188374,44.109857000145809],[-86.221257000036161,44.109051999973104],[-86.221258999685972,44.108848999763389],[-86.221268999731734,44.10824000011106],[-86.221272999929695,44.108038000112586],[-86.221272999929695,44.108020000290011],[-86.221272999929695,44.107966999920421],[-86.221272999929695,44.107949999852721],[-86.221272000104776,44.107810999798296],[-86.221272000104776,44.107539999773209],[-86.221924000032942,44.107530000003173],[-86.221969000238772,44.107359999783888]]]},"properties":{"BASENAME":"Free Soil"}},{"type":"Feature","geometry":{"type":"Polygon","coordinates":[[[-85.071558000445222,44.900878000147671],[-85.071556999721977,44.900114999960522],[-85.07154900022438,44.899457999771506],[-85.071534000155765,44.898973999883616],[-85.071544000201513,44.896719000177917],[-85.071540000003552,44.895713999988899],[-85.071540000003552,44.895075000065219],[-85.069400999920973,44.895203000054991],[-85.069400999920973,44.894760000080254],[-85.068846000077201,44.89471400002089],[-85.068255000248399,44.895273000227185],[-85.067996999607217,44.895191000107815],[-85.067942000253964,44.895179999888875],[-85.067795999765764,44.89515199978495],[-85.067606999619869,44.895136999996389],[-85.065413000184037,44.895167000205944],[-85.065054000158838,44.895165000107653],[-85.064894000325253,44.895165000107653],[-85.064639000057127,44.895165999838646],[-85.064546000170722,44.895165999838646],[-85.063519000323836,44.895195000302614],[-85.063072000435085,44.895200000227526],[-85.062145000147311,44.89523499968972],[-85.061613999694657,44.895285999886099],[-85.061324000164745,44.895287000251358],[-85.051074999815668,44.895143000294112],[-85.051003999670556,44.896557000178078],[-85.051012000066478,44.897348000175832],[-85.050935000073579,44.898373999988515],[-85.051018999739171,44.898436000180766],[-85.051043999853519,44.898489999739539],[-85.051058999922134,44.898611000157508],[-85.051039999655558,44.898891000285062],[-85.051048999876386,44.899284999782488],[-85.051044999678439,44.900706999882729],[-85.051044999678439,44.901593000233703],[-85.051058000097228,44.902415999765225],[-85.051058000097228,44.902940999933421],[-85.051058000097228,44.903488999794426],[-85.051051000424536,44.904556000206362],[-85.051038000005732,44.905618999796317],[-85.051033999807785,44.906048000149561],[-85.051029999609824,44.906137000019122],[-85.051024999586943,44.908256999762621],[-85.05101999956409,44.909685000040064],[-85.052111999708288,44.909688999862723],[-85.052475999756368,44.90968799974803],[-85.061237999951032,44.909638999833007],[-85.062886999588841,44.909643000295041],[-85.064562999889148,44.909636000122489],[-85.066389999802198,44.909628999949085],[-85.067616999665631,44.909617999947507],[-85.068889999559815,44.909617999947507],[-85.070200999987136,44.909610000292076],[-85.071453999789838,44.909604000231674],[-85.071478000079281,44.907783999864513],[-85.071478000079281,44.907047000078393],[-85.071483000102148,44.905977000190582],[-85.071524999934951,44.904206000278855],[-85.071533000330859,44.903298999825807],[-85.071546999676244,44.902363000318104],[-85.071551999699125,44.901324000220391],[-85.071558000445222,44.900878000147671]]]},"properties":{"BASENAME":"Mancelona"}},{"type":"Feature","geometry":{"type":"Polygon","coordinates":[[[-85.949072000050236,44.513304999949341],[-85.949062000004488,44.513239999868432],[-85.948481000221449,44.513236000097628],[-85.947465000245202,44.513215000015123],[-85.947062999663999,44.513215000015123],[-85.946465999987439,44.513212000185739],[-85.946171000434632,44.51320499994268],[-85.945886999854196,44.513203999999419],[-85.938933000204329,44.513186999679824],[-85.937399000194233,44.513184999792664],[-85.937219000269181,44.513190000151084],[-85.935737999962541,44.513176000299389],[-85.933254999923363,44.513160999859771],[-85.931078000205957,44.513147000001105],[-85.928813999551593,44.513171999883596],[-85.92886499960521,44.5163590002307],[-85.92886499960521,44.516653000208521],[-85.928878999848919,44.517492999932571],[-85.928831999993236,44.518467000027115],[-85.928816999924635,44.519153000179571],[-85.928801999856034,44.519381000038543],[-85.928775999916752,44.520411000131567],[-85.928559000181778,44.527623000110928],[-85.931905999861215,44.527673999947204],[-85.932464000078028,44.527680000038011],[-85.938619000384975,44.527751999798781],[-85.942366000097493,44.527801000136542],[-85.943435999602087,44.527815000316949],[-85.943768999688018,44.527820000060345],[-85.94443400003496,44.527828999853618],[-85.944665000013643,44.527832000211298],[-85.944986000404015,44.527832999903588],[-85.946215999742179,44.527832999903588],[-85.946284000412547,44.527818999727451],[-85.946323999697199,44.527780000179796],[-85.948678999689861,44.527859000221653],[-85.948718999872838,44.523285999867788],[-85.94880300043674,44.522360000275171],[-85.948780999797108,44.521494000317112],[-85.948769000101535,44.520481000273044],[-85.948793000390978,44.519437999703797],[-85.948836000048686,44.518358999792007],[-85.948899999622782,44.517339999811874],[-85.948917000239533,44.516850999985202],[-85.948919999714278,44.516289000261374],[-85.948922000262414,44.515953000262883],[-85.948949999851507,44.515471000298291],[-85.948983000361793,44.515207999868352],[-85.948966999569933,44.515011000186277],[-85.948959000072321,44.514028999901164],[-85.948963000270282,44.513938999803948],[-85.948975999790775,44.513615000224704],[-85.949005999928005,44.513493000189129],[-85.949062000004488,44.513388000164028],[-85.949072000050236,44.513304999949341]]]},"properties":{"BASENAME":"Thompsonville"}},{"type":"Feature","geometry":{"type":"Polygon","coordinates":[[[-85.710785999899016,44.309052999858068],[-85.710816000036246,44.308764000125798],[-85.710643999608791,44.307382000024646],[-85.710517000285506,44.303400999931227],[-85.710508000064678,44.301891000201216],[-85.708611999656327,44.301902999872745],[-85.700910999643753,44.30189899976822],[-85.696978000158396,44.301904999924957],[-85.696568000079566,44.301907999681596],[-85.69108099959432,44.301904999924957],[-85.690451000305799,44.301906999977042],[-85.690476000420148,44.302793999974014],[-85.690478000069959,44.302822999962203],[-85.690488000115721,44.302962000283173],[-85.690497000336549,44.303364999899138],[-85.690514000054975,44.30404199969955],[-85.690543000367299,44.304994000142756],[-85.690560999910645,44.305537000250233],[-85.690636000253704,44.30585900005358],[-85.690621000185089,44.30733200015068],[-85.690618999636953,44.30752399994882],[-85.690618999636953,44.307584999846945],[-85.690637000078624,44.308272000297741],[-85.690639999553341,44.308513999787813],[-85.690642000101491,44.308651000310576],[-85.690613999614101,44.316376000230058],[-85.690777999645633,44.316374000028205],[-85.691254999671585,44.316366999963918],[-85.691687000390047,44.316360999999915],[-85.692685999749514,44.316359999898758],[-85.693163999600401,44.316359999898758],[-85.693941999925272,44.316352999832766],[-85.696277999651329,44.316334999934753],[-85.69705699980112,44.316328999967517],[-85.697286999954869,44.316326999764058],[-85.697461999857069,44.31632400010146],[-85.698518000016279,44.316311000062143],[-85.69867600020001,44.316312000164139],[-85.699051999943649,44.316315999929259],[-85.699082000080878,44.316315999929259],[-85.699374999983831,44.316313000266156],[-85.699836000116278,44.316308999858066],[-85.70025399969272,44.316294999713122],[-85.700447999861481,44.316288999741801],[-85.700546999595673,44.316356000136622],[-85.700640000380403,44.31641900005436],[-85.706203999960238,44.316295999815381],[-85.710748000264175,44.316288999741801],[-85.710748000264175,44.316275000234789],[-85.71075199956384,44.316078999716176],[-85.710770999830387,44.315002999872029],[-85.710771999655307,44.314803999863749],[-85.710786999723936,44.312795000086396],[-85.710795000119845,44.310978999933532],[-85.710800999967631,44.309703999838526],[-85.710800999967631,44.309661000236318],[-85.710802999617442,44.309534999964796],[-85.710804000340687,44.309492999814196],[-85.710804000340687,44.30946699992019],[-85.710800999967631,44.309404000252826],[-85.710789000272072,44.309140000146058],[-85.710785999899016,44.309052999858068]]]},"properties":{"BASENAME":"Harrietta"}},{"type":"Feature","geometry":{"type":"Polygon","coordinates":[[[-85.453093000267245,43.844015000234904],[-85.453090999719109,43.843763000135802],[-85.451349000194867,43.843739999924644],[-85.446126000198589,43.843670999885788],[-85.444384999600956,43.843648999988091],[-85.44409699972087,43.843646000237008],[-85.443234999730421,43.843638000036222],[-85.442947999675226,43.843635999985835],[-85.441326999626511,43.843653999788863],[-85.43646699985338,43.843711000209112],[-85.434880999964747,43.843729999689231],[-85.434848000352801,43.843724000195067],[-85.434487999604372,43.843720999799849],[-85.43340800005403,43.843711999909125],[-85.433048000203925,43.843709000161212],[-85.433517999658889,43.84417699982901],[-85.43367699966754,43.844291000263539],[-85.433690999911263,43.844412999930242],[-85.433714000375801,43.844594000240022],[-85.433878000407304,43.845028000037892],[-85.433946000179375,43.845337000138635],[-85.434027000370222,43.845463000236116],[-85.434347000037377,43.845758000174072],[-85.434366000303953,43.845930000086149],[-85.434240999732168,43.846010999929447],[-85.433897999600489,43.846335000146404],[-85.433599999674655,43.84650900029245],[-85.433392999985429,43.846666000044507],[-85.433131000044597,43.84686799971594],[-85.432987000104561,43.846962000157298],[-85.432698000399569,43.847344000219863],[-85.432679000132978,43.847353000210504],[-85.432823999897934,43.847459000069982],[-85.432910999936567,43.847523000138388],[-85.433080999815886,43.847751000309984],[-85.432982000081694,43.847939999834196],[-85.432889000195274,43.848120000181687],[-85.43287300030174,43.848163999910462],[-85.432823999897934,43.848298999715055],[-85.432808999829319,43.848344000229844],[-85.432531999819886,43.849118999881455],[-85.432473000268658,43.849208000031922],[-85.432238000092013,43.849568999906452],[-85.431864999823119,43.850007999702513],[-85.43141000043677,43.850299000182979],[-85.430906999573196,43.850452000033094],[-85.430189000421123,43.850470999957416],[-85.429642000074935,43.850486000234405],[-85.429401000050518,43.850530999747008],[-85.429041000200414,43.850599000040162],[-85.429038999652263,43.852044000249577],[-85.42902899960653,43.85293899973815],[-85.429001999842342,43.855042999744462],[-85.428973000428343,43.858143999865824],[-85.428977999552913,43.8582150002131],[-85.429898000167981,43.858199999936922],[-85.430678000142663,43.858197000269868],[-85.430705999731742,43.858189000077452],[-85.430776000051949,43.858159000156043],[-85.430853999869754,43.858138999984114],[-85.430949000304324,43.85813099978396],[-85.431227000138648,43.858106999824678],[-85.431778999609392,43.858101999939905],[-85.433266999588739,43.858127000007336],[-85.433885000080011,43.858127000007336],[-85.437138999873028,43.858087000283057],[-85.438555999707248,43.858106999824678],[-85.439739000088068,43.858073000081703],[-85.440510999666813,43.858075000295756],[-85.442432000189513,43.858081999748862],[-85.442925999933934,43.858080000182788],[-85.442951999873202,43.858080000182788],[-85.443045999584527,43.858080000182788],[-85.443406000332956,43.858081999748862],[-85.443526999808455,43.858082999855725],[-85.443679999969348,43.858081999748862],[-85.444141000101794,43.858081999748862],[-85.444295000087564,43.858081999748862],[-85.445639000126874,43.858115000028093],[-85.449673999719479,43.858214000108397],[-85.450688000045872,43.858239000128869],[-85.450707000312462,43.858240000233145],[-85.45076199966573,43.858209999689642],[-85.451073000010354,43.858214000108397],[-85.45139000020275,43.858222000297467],[-85.452115999750774,43.858218999983826],[-85.452919000189965,43.858222999754283],[-85.452985000312211,43.852838000227209],[-85.452990000335078,43.852462000281086],[-85.452988999611861,43.85239400016863],[-85.452990000335078,43.852188999808192],[-85.452990000335078,43.852119999825412],[-85.452992999809823,43.852015000036424],[-85.453002999855556,43.851703000201987],[-85.453006000228626,43.851598999894442],[-85.453093000267245,43.844015000234904]]]},"properties":{"BASENAME":"Hersey"}},{"type":"Feature","geometry":{"type":"Polygon","coordinates":[[[-85.245387999685292,43.619424000192645],[-85.245374000339908,43.619048000194333],[-85.245262000186898,43.615954000183208],[-85.245139999988183,43.615952000319609],[-85.235836000368522,43.61581500007609],[-85.23567200033699,43.615813000207858],[-85.235544000290474,43.615810999689238],[-85.235310999763655,43.615806999952497],[-85.235103000249495,43.615803999824585],[-85.234603999583911,43.615796999959166],[-85.225364000436684,43.615661000274656],[-85.21562700027367,43.615390999865276],[-85.215432000280003,43.615385999834182],[-85.21543899995271,43.617690999986777],[-85.215459000044177,43.61968699998905],[-85.215464999891964,43.620250999939046],[-85.215464000067058,43.621221999858712],[-85.215505000074941,43.626143000225568],[-85.217881999808881,43.626193000025616],[-85.220073999594945,43.626286000206299],[-85.226401000329304,43.626387999693684],[-85.230359999753929,43.626442000270231],[-85.23400199988447,43.626521000231541],[-85.234257000152596,43.62655699989142],[-85.234920999776307,43.626592000099947],[-85.235109999922201,43.626635000272579],[-85.235310999763655,43.626635999701598],[-85.243004000278646,43.626678999842703],[-85.243556999574281,43.6266750001787],[-85.243932000391311,43.62667300002142],[-85.243992999592365,43.626650000159202],[-85.244186999761126,43.626653999824867],[-85.244308000134964,43.626657000061662],[-85.245330999783889,43.626660000298301],[-85.245326999585913,43.623710999748702],[-85.245387999685292,43.619424000192645]]]},"properties":{"BASENAME":"Mecosta"}},{"type":"Feature","geometry":{"type":"Polygon","coordinates":[[[-86.029965000331046,44.377386000076847],[-86.029966000155952,44.377243000054314],[-86.024185999767752,44.377236999897555],[-86.022606999551826,44.377234000140014],[-86.022624000168577,44.37452600005161],[-86.022630999841269,44.373633000117501],[-86.019927999694076,44.373580000259921],[-86.019926999869156,44.372211000015639],[-86.019926999869156,44.372137000027912],[-86.020069999984301,44.370167999784883],[-86.020130000258746,44.366557999751898],[-86.020240999688525,44.366205999782458],[-86.0202540001073,44.364709000157077],[-86.02027199965066,44.362818000134958],[-86.015641000206386,44.362699999984621],[-86.01515099976163,44.362669000139761],[-86.011486999889783,44.36271699983044],[-86.010249999980601,44.362734000313559],[-86.010171000337891,44.362709000205832],[-86.007735000154383,44.362615999994084],[-86.007530999939888,44.362610000265363],[-86.006942999585846,44.362590999836002],[-86.005376999788695,44.362543000042038],[-86.00539100003239,44.362681000226686],[-86.005421999994539,44.36275799981609],[-86.005463000002422,44.362842000245273],[-86.005473000048156,44.362951999875925],[-86.005452000131768,44.36310299968644],[-86.005421999994539,44.363194999822511],[-86.005401000078137,44.363290000286064],[-86.005386000009537,44.363538999749323],[-86.005421999994539,44.363839999874635],[-86.005468000025289,44.364053000166123],[-86.005493000139651,44.364122999734036],[-86.005504000010305,44.364240000302203],[-86.005493000139651,44.364434999873531],[-86.005375999963789,44.365425000083903],[-86.005329999933011,44.365733000105017],[-86.005221999977991,44.366217999787075],[-86.005221000153071,44.366337999697791],[-86.005215000305299,44.367073999766369],[-86.005211999932257,44.367382999981032],[-86.005210000282432,44.367700000078543],[-86.005201999886509,44.368621000297892],[-86.005226000175952,44.369753999795357],[-86.004678999829778,44.369734999756609],[-86.00407200010747,44.369725999972729],[-86.003590000058608,44.369715999711744],[-86.002576999557135,44.369684999726651],[-86.002044000352967,44.369667999976457],[-86.00066599997848,44.369625000019603],[-86.000489000426484,44.376692999824641],[-86.003920999596417,44.376799000277799],[-86.004729000058504,44.376824000150776],[-86.005232000023739,44.376840000038165],[-86.005503000185385,44.376826999929328],[-86.005687000308399,44.37680200005763],[-86.006159000311499,44.376755000064513],[-86.006454999689197,44.376770000257707],[-86.007103000317713,44.376802999770227],[-86.00733299957318,44.3768139998176],[-86.010342999867021,44.376962000079274],[-86.010345000415171,44.377247999863442],[-86.010347999889902,44.377704000307411],[-86.010342999867021,44.378192999781774],[-86.010340000392304,44.378458000186953],[-86.010327999798406,44.379373999824047],[-86.010326999973515,44.379531000240277],[-86.010320000300808,44.380446000133603],[-86.029942999691414,44.380884999722959],[-86.029953999562082,44.379184000192659],[-86.029958999584963,44.378307999838384],[-86.029965000331046,44.377386000076847]]]},"properties":{"BASENAME":"Kaleva"}},{"type":"Feature","geometry":{"type":"Polygon","coordinates":[[[-85.223042999880903,44.339022000263384],[-85.223046000253944,44.338766000096662],[-85.222695999551277,44.33878200009967],[-85.222272999951983,44.338709999730483],[-85.221610000153163,44.338456000220539],[-85.220817999584597,44.338064999975344],[-85.220683999690294,44.337978999900237],[-85.220570999712393,44.33790699982999],[-85.220317000167498,44.337743000196653],[-85.220144999740043,44.337633000146404],[-85.218845999906591,44.33667799982809],[-85.218557000201599,44.336473000255026],[-85.217697999685882,44.3357450001199],[-85.217608000172504,44.335661000041682],[-85.217007000297968,44.33510200008206],[-85.216928999581867,44.335016000159015],[-85.216419999768831,44.334458000268931],[-85.216305999966025,44.33430000004256],[-85.216218999927378,44.334179000260491],[-85.216089000231037,44.333933000098391],[-85.215849999856431,44.333430000052253],[-85.215666999558323,44.333044000075198],[-85.215561000151439,44.332820000205317],[-85.215228999890414,44.332197999895577],[-85.214591000205957,44.331238999705739],[-85.214444999717784,44.330941999889966],[-85.214108000332189,44.329771000130727],[-85.21396900041502,44.329427999776314],[-85.213771000048311,44.328599000233055],[-85.213611000214726,44.327633000309781],[-85.21323200009806,44.326317999799471],[-85.212909999882768,44.325027000186815],[-85.212873999897752,44.324551999806403],[-85.212765999942732,44.324002999706856],[-85.21276000009496,44.323425000175739],[-85.212810000323657,44.32276100019228],[-85.212893000164343,44.322245000079754],[-85.213146999709238,44.321288999804871],[-85.21346700027469,44.320560000108188],[-85.214195000370836,44.319257999823293],[-85.214565000266688,44.318695000098622],[-85.214914000246139,44.318245000313276],[-85.214966000124676,44.318178000147199],[-85.214975000345518,44.318162999734973],[-85.215033999896747,44.3180590000281],[-85.215059000011095,44.31803500021789],[-85.215166999966129,44.317847999833916],[-85.215363999609636,44.317657999902309],[-85.21539100027212,44.317639999761873],[-85.215580000418015,44.317513999909643],[-85.216147999782279,44.317193999946191],[-85.216388999806682,44.317053999815144],[-85.216427000339849,44.317030999683645],[-85.21595600016164,44.317029000146803],[-85.215212000171974,44.317023000250536],[-85.215011000330534,44.317023000250536],[-85.214645999559224,44.31701500017364],[-85.214211000264356,44.31701500017364],[-85.213819999553792,44.31701500017364],[-85.213478999970263,44.317018999890855],[-85.21321500037962,44.317022000160662],[-85.211614000422372,44.317016000263671],[-85.211320999621108,44.317016000263671],[-85.210749999883802,44.317016999710908],[-85.205788000003423,44.317017999800917],[-85.205757999866179,44.320638999822613],[-85.200724999840702,44.320684999818837],[-85.200702000274475,44.324317999981318],[-85.200667999939284,44.331564000026518],[-85.200626999931416,44.339170000281605],[-85.205582000139088,44.339170000281605],[-85.207215999708296,44.339173000061038],[-85.208897999856376,44.339168000214372],[-85.209394999973853,44.339166000147074],[-85.209970999734026,44.339157999877258],[-85.210044000427274,44.340835000122006],[-85.211251000199212,44.340833999795585],[-85.21124500035144,44.340311999892656],[-85.211240000328559,44.34025200030019],[-85.211225000259944,44.340069000136005],[-85.212575999971918,44.340058999952568],[-85.21258600001768,44.339173999773301],[-85.212608999583892,44.339173999773301],[-85.212736999630422,44.339173999773301],[-85.21352900019896,44.339177000195036],[-85.213674999788836,44.339177000195036],[-85.213915999813267,44.339177999907278],[-85.213914000163456,44.339808999952588],[-85.215114000262702,44.339778000204717],[-85.214999999561556,44.339559000171612],[-85.214840999552905,44.339179000261957],[-85.215808000023642,44.339166000147074],[-85.216601000417114,44.339175000128094],[-85.217938999710299,44.339177000195036],[-85.218065000106989,44.339177999907278],[-85.219485000314265,44.339182999753092],[-85.219563000132069,44.339184000107686],[-85.220671000169816,44.339179000261957],[-85.220877999859042,44.339188999952988],[-85.22194599971381,44.339180999686313],[-85.222153000301375,44.339180999686313],[-85.223040000406172,44.339179000261957],[-85.223042999880903,44.339022000263384]]]},"properties":{"BASENAME":"Lake City"}},{"type":"Feature","geometry":{"type":"Polygon","coordinates":[[[-86.233992999724052,43.953936000235338],[-86.233989000424415,43.950835999750836],[-86.23046000027179,43.950684000096373],[-86.228732999917852,43.950609999817509],[-86.228531000251479,43.950600999899677],[-86.228541000297241,43.947476999905334],[-86.228553999817706,43.94391000006447],[-86.228554999642625,43.943837999682465],[-86.228554999642625,43.943789000279885],[-86.2244060002472,43.943744000040596],[-86.222442000066792,43.943722000213057],[-86.218813000355041,43.943682999704983],[-86.218589999873984,43.943679999814066],[-86.216238000254378,43.943654000106619],[-86.21368900009297,43.94362799974099],[-86.212156999732699,43.943609999729986],[-86.20880300038057,43.943570999795206],[-86.208749999778817,43.943571999760692],[-86.20872800003751,43.947157000069055],[-86.208717000166843,43.949324000184994],[-86.208717000166843,43.949358000238682],[-86.208716000341937,43.949455000303949],[-86.208700000448403,43.952463999752503],[-86.208697000075361,43.95285900008713],[-86.208692000052494,43.953709000008118],[-86.208687999854533,43.954363999832125],[-86.208683999656571,43.955201999744155],[-86.208673999610838,43.956813000275019],[-86.208666999938131,43.958104000066712],[-86.20884900041132,43.958106000155318],[-86.218529999599525,43.958198000278884],[-86.228045000004684,43.958309000069647],[-86.22847299962686,43.958313999950512],[-86.228564999688359,43.954697000021369],[-86.228656999749873,43.95469900022465],[-86.229820000039183,43.95471199992771],[-86.230242999638477,43.954717999889183],[-86.230855000282006,43.954725000274571],[-86.232693999890614,43.954746999909986],[-86.23324799990948,43.954754000292013],[-86.233307000359019,43.954755000069326],[-86.233325999727285,43.954755000069326],[-86.233328000275421,43.95402999992745],[-86.233323000252554,43.953930000194916],[-86.233632000049028,43.953934000006385],[-86.233992999724052,43.953936000235338]]]},"properties":{"BASENAME":"Custer"}},{"type":"Feature","geometry":{"type":"Polygon","coordinates":[[[-84.505241000153944,43.879951999970231],[-84.50524299980377,43.879710000242653],[-84.504065000344141,43.879698000075408],[-84.503837999665095,43.879700999955553],[-84.503934999749475,43.879589000010235],[-84.504317000239212,43.879206000201968],[-84.501423000296299,43.879162000068028],[-84.500998999973774,43.879683999769277],[-84.500877999599965,43.879683000024798],[-84.5007820002388,43.879682000280297],[-84.500266999679681,43.879678999751683],[-84.500245999763266,43.876134000148681],[-84.490306999933892,43.876065999836378],[-84.490296999888159,43.873342000075269],[-84.490292999690197,43.872449000263281],[-84.490173999864524,43.872449000263281],[-84.487633000099038,43.872452999726647],[-84.48762300005329,43.872960000119726],[-84.486203999670934,43.872956999900197],[-84.48620500039415,43.873047999801052],[-84.486224999587321,43.874263000036841],[-84.486616000297886,43.874263000036841],[-84.486613999749764,43.87433099981638],[-84.486590000358618,43.875191000045341],[-84.485297000372938,43.875191000045341],[-84.485295999649736,43.875119000020312],[-84.485333000357954,43.874318999860911],[-84.484307000335988,43.874310999889275],[-84.484119999839919,43.874310000054642],[-84.483847999853367,43.874309000219995],[-84.483645000362102,43.874301000246966],[-84.483435000299806,43.874298000094946],[-84.482569000111411,43.874295999777665],[-84.482529999753325,43.873713999784137],[-84.482574000134264,43.872543999749496],[-84.482573000309358,43.872410000300846],[-84.482414000300693,43.872408999786728],[-84.481160999599695,43.872397999958558],[-84.480003000231548,43.872396000225088],[-84.476170000305302,43.87239200011031],[-84.475920000060057,43.872391000243482],[-84.475914000212271,43.874228999794191],[-84.471359999862585,43.874197999689386],[-84.471163000219093,43.874196000016269],[-84.471185999785305,43.874263000036841],[-84.47139099982472,43.874607000067648],[-84.471365999710358,43.875076999749673],[-84.471307000159129,43.875280000135959],[-84.471185999785305,43.875637000276527],[-84.471032999624441,43.875776999747885],[-84.470876999988818,43.875922999678686],[-84.47072899985082,43.876061000162679],[-84.47028500033511,43.876485000269604],[-84.47019400009853,43.876730999968792],[-84.470201999596128,43.877268000261445],[-84.470362000328024,43.877469999877405],[-84.470578000238092,43.877622000162681],[-84.470841999828721,43.877690999772312],[-84.471509999650394,43.877794000120133],[-84.47224399959434,43.877802000271721],[-84.47326600031667,43.877812999749899],[-84.473648999733001,43.878012000143322],[-84.474167999591771,43.878771000084576],[-84.474196000079161,43.878958000199717],[-84.47435400026292,43.879402999682192],[-84.47440100011859,43.879622999784637],[-84.474535999837784,43.879827999708169],[-84.474651000363821,43.880013000265542],[-84.474412999814149,43.880405999980731],[-84.474254999630404,43.880497999892185],[-84.474079999728232,43.880710999803618],[-84.474090999598857,43.880715999734605],[-84.474350000064959,43.88083300007257],[-84.474552999556224,43.880931000256261],[-84.474425000408019,43.881030000000642],[-84.474256000353634,43.881162000051461],[-84.474251000330753,43.881194000137498],[-84.474258999828365,43.881235000263018],[-84.474278999919846,43.881259999694031],[-84.474319999927715,43.881306000303105],[-84.474651000363821,43.880980000287657],[-84.475150000131123,43.881104999815221],[-84.475169000397699,43.881065999690335],[-84.47523600034485,43.880929999885204],[-84.475443999858982,43.880734000000793],[-84.475694000104241,43.880615999739597],[-84.475936999778483,43.880533000173116],[-84.475937999603403,43.880646999743071],[-84.475939000326633,43.880774999795371],[-84.475976000136555,43.886877000312282],[-84.476216000336066,43.88686999970831],[-84.476560000292665,43.886870999979621],[-84.476982999891959,43.886874999769837],[-84.477757000018855,43.886881000102143],[-84.480487999755127,43.886905999753573],[-84.480762000289829,43.886919000034347],[-84.481086000154917,43.886917000140755],[-84.481672999785772,43.886912999705928],[-84.482051999902453,43.886917999763845],[-84.48247200002703,43.886891000222924],[-84.483119999757221,43.886893000117396],[-84.483185000054547,43.886917000140755],[-84.483183000404722,43.88757200022777],[-84.483270000443355,43.88757200022777],[-84.483780000081296,43.88757200022777],[-84.483780000081296,43.887874000150823],[-84.484057000090729,43.887857999961788],[-84.484912000408485,43.888035999718689],[-84.485605000344535,43.888295999862464],[-84.485949000301119,43.888321000214916],[-84.486231000333419,43.888245999773552],[-84.486341999763169,43.888211000139549],[-84.48659700003131,43.888040000078099],[-84.486585000335737,43.887821999844462],[-84.486452000266354,43.88760900010773],[-84.486217000089724,43.887394999994214],[-84.485977999715118,43.887344000180484],[-84.485893000224621,43.887232999977861],[-84.485776999873679,43.887183999910128],[-84.485601999971479,43.887197000130236],[-84.485319999939165,43.887398999749294],[-84.484954000241288,43.887462999677986],[-84.48461299975942,43.887374000304717],[-84.484334000100162,43.88718000014066],[-84.484303000138027,43.886982000209393],[-84.483831000134927,43.886987999883431],[-84.48377400023351,43.886948999725249],[-84.483810000218526,43.886936999721229],[-84.48429599956701,43.886932000312292],[-84.486530000084159,43.886934999828227],[-84.486828999834913,43.886934999828227],[-84.486992000041511,43.886936999721229],[-84.487360000287552,43.886936000098409],[-84.487659000038306,43.887192999714209],[-84.487981000253569,43.887408000168264],[-84.488517999655684,43.887413999799449],[-84.488731000091036,43.887475999837193],[-84.488919000411997,43.887577000230422],[-84.489203000094136,43.887969999899994],[-84.489244999926925,43.888173999986158],[-84.489123999553087,43.888357000030652],[-84.489112999682433,43.888361999967401],[-84.488982000161201,43.888419999979561],[-84.489761000310963,43.888693999876274],[-84.490151000298297,43.888858000279448],[-84.490121999985988,43.890372000091169],[-84.49012700000884,43.890443000247274],[-84.492015000021254,43.890437000273799],[-84.492011999648213,43.890360999694714],[-84.492055000204232,43.888511999816089],[-84.492085000341461,43.887256000246829],[-84.492757000361109,43.887584000103864],[-84.492733000071667,43.888537000077832],[-84.492724999675744,43.888666000251803],[-84.492890000430492,43.888668000086675],[-84.492865000316144,43.889624000224636],[-84.495232999829284,43.88966799975325],[-84.495233999654175,43.889550999934464],[-84.49524799989787,43.888817000220968],[-84.493596999711926,43.887994999741807],[-84.493203000424955,43.887803000169413],[-84.494135999662177,43.886948000102628],[-84.49477599989477,43.886951999887728],[-84.495257000118713,43.886955000050044],[-84.495259999593458,43.887202999782616],[-84.495253999745685,43.887974999869193],[-84.495252999920751,43.888133000104261],[-84.495903000199093,43.888134999957032],[-84.496931999695803,43.888139000309792],[-84.496940000091726,43.887994999741807],[-84.49693300041902,43.886965999780742],[-84.497243000040427,43.88697000021201],[-84.497915999884995,43.886979000048427],[-84.498895000051292,43.886982999831389],[-84.500087999579534,43.886987999883431],[-84.501224000104671,43.886992000313221],[-84.502721000304845,43.886999000255472],[-84.503981999605145,43.887009999978034],[-84.504653999624793,43.887016000296697],[-84.504978000388206,43.887018999808355],[-84.505181999704391,43.887020999698578],[-84.505210000191781,43.885141000135015],[-84.505215000214662,43.884433000170418],[-84.505230000283291,43.882400999854866],[-84.505232999758007,43.881240000150029],[-84.505241000153944,43.879951999970231]]]},"properties":{"BASENAME":"Beaverton"}},{"type":"Feature","geometry":{"type":"MultiPolygon","coordinates":[[[[-86.109311000182998,44.624920999740546],[-86.109387000350964,44.621211000271437],[-86.109026999602534,44.617853999774333],[-86.109111999991342,44.617727999849009],[-86.109152999999239,44.617621999740692],[-86.109127000059971,44.616843000144357],[-86.10913799993061,44.614109000143884],[-86.109177000288696,44.611804000287506],[-86.109178000113587,44.611770999833965],[-86.109215999748415,44.611424000246849],[-86.109223000319432,44.611080999949877],[-86.109200999679814,44.610745000213775],[-86.109132000082838,44.610646000189142],[-86.108980999571784,44.610585000173884],[-86.108727000026889,44.610555000237284],[-86.106346999919865,44.610535999821735],[-86.104273999959517,44.610515999848808],[-86.101082000090798,44.610487000067714],[-86.099203000299198,44.610468999821421],[-86.099204999949023,44.609774000079383],[-86.099189000055503,44.608652999736229],[-86.101809000362024,44.608649999707431],[-86.101780999874634,44.606838000045634],[-86.101525999606494,44.606838000045634],[-86.100769999921255,44.606836999791661],[-86.100769999921255,44.607286999798617],[-86.100769999921255,44.607832999952457],[-86.09917800018485,44.607829999881304],[-86.099175999636714,44.607721000175346],[-86.099170999613847,44.607284999945605],[-86.09916499976606,44.606836000177168],[-86.099159999743193,44.605189999994217],[-86.099158999918274,44.604973999996083],[-86.099158000093368,44.60458600025634],[-86.099154999720312,44.603267999788173],[-86.099035000069719,44.603267000112261],[-86.098567000264566,44.603267000112261],[-86.098460000134438,44.60326599979674],[-86.094085999709819,44.603208999692967],[-86.094089000082874,44.605502999916546],[-86.09408999990778,44.606161000014062],[-86.094115999847048,44.606763999748956],[-86.091662000120209,44.606741999884534],[-86.091672999990834,44.607894999896089],[-86.091674999640674,44.608159999744821],[-86.091678000013715,44.60845899968632],[-86.091695999557061,44.610362999892146],[-86.089174000058151,44.610328000150524],[-86.089225999936701,44.612313000044381],[-86.089272999792342,44.614077999979813],[-86.089272999792342,44.614276000309772],[-86.089252999700875,44.614608000239457],[-86.089215000066048,44.615465999833845],[-86.089210000043153,44.615782000314965],[-86.089410999884606,44.616339000258407],[-86.089498999748159,44.616973999829789],[-86.089528000060483,44.617184000148875],[-86.089573000266313,44.617513999938012],[-86.089557000372807,44.617593999740052],[-86.089488999702411,44.617717999822929],[-86.08945899956521,44.617772000199096],[-86.089384999945352,44.618123999881121],[-86.089213000416208,44.618864000297776],[-86.089128999852306,44.619257000135036],[-86.089097000065252,44.619592999858483],[-86.089102999913038,44.619718000180377],[-86.089078999623595,44.619989999986828],[-86.089224000286876,44.621336000306904],[-86.089225000111782,44.622146000075581],[-86.089225000111782,44.623698000190821],[-86.089225999936701,44.623731000260207],[-86.08925000022613,44.624275999952516],[-86.089312000150414,44.624279999767076],[-86.089748000168512,44.624296000301385],[-86.090475000439739,44.624258000144081],[-86.090527000318275,44.623792999855524],[-86.092227000009714,44.623835000162472],[-86.092416000155609,44.623839999968638],[-86.095911999797963,44.623811999769785],[-86.095934000437566,44.623811999769785],[-86.095849000048759,44.623934000080759],[-86.095917999645735,44.624009000197049],[-86.096038000194653,44.624011000113569],[-86.09660800010704,44.624022000292598],[-86.096352999838928,44.624200000226168],[-86.096218000119705,44.624293999755324],[-86.096311000006125,44.624614999884066],[-86.096444999900442,44.624846000163139],[-86.096962000109372,44.624855000296584],[-86.097988000131338,44.624858000127624],[-86.102723000231009,44.625144999870741],[-86.106541999913546,44.625161000166642],[-86.106947999794414,44.625162000105078],[-86.107711999875576,44.625163999981872],[-86.109317999855662,44.625166999796953],[-86.109311000182998,44.624920999740546]]],[[[-86.092208999568058,44.6244430002888],[-86.092302000352788,44.624274000045091],[-86.092021000145394,44.624266999729308],[-86.091641000203808,44.624258000144081],[-86.091630000333154,44.624375999710047],[-86.091606999868617,44.624636000063695],[-86.091602999670656,44.624682000186979],[-86.09202699999318,44.624686999920186],[-86.092072000199011,44.624626999896314],[-86.092208999568058,44.6244430002888]]]]},"properties":{"BASENAME":"Benzonia"}},{"type":"Feature","geometry":{"type":"Polygon","coordinates":[[[-85.22867699978093,44.208332000176867],[-85.228675000131105,44.20459099974687],[-85.225268000177209,44.204615000189754],[-85.224268999919417,44.204622000048765],[-85.224237000132362,44.203929000311398],[-85.224161999789288,44.202719000116453],[-85.224130999827153,44.201367999829536],[-85.224119000131594,44.201112000240173],[-85.224118000306689,44.201010999764158],[-85.224025000420269,44.19763600001793],[-85.223938000381636,44.193838999770058],[-85.22377500017501,44.186627999779049],[-85.220979999966303,44.186620999714698],[-85.218768000088787,44.186603999739049],[-85.213629999582992,44.186595999938284],[-85.210698999830171,44.186595000204633],[-85.210636999905901,44.186595000204633],[-85.209671999983286,44.186593999826854],[-85.20491000011944,44.186591999715354],[-85.203525000072275,44.186590999981689],[-85.203592999844346,44.1883289997863],[-85.203739000332519,44.192024000083187],[-85.203798999708667,44.193767000056219],[-85.203432000185856,44.193765000188129],[-85.203137999559672,44.193763999932038],[-85.203139000282889,44.194266000120656],[-85.203797000058842,44.194269999822716],[-85.203814999602187,44.195204000110799],[-85.203911999686568,44.197377999924484],[-85.203965000288335,44.199383000161049],[-85.204017000166857,44.199949000185661],[-85.204048999953912,44.200990000185385],[-85.206701999872394,44.20096100017215],[-85.213937999554574,44.201049999789959],[-85.213978999562457,44.201831000155757],[-85.213988999608191,44.201965999989966],[-85.213996000179208,44.202462999957675],[-85.214015000445784,44.202939000068454],[-85.214070999623956,44.204310000005123],[-85.214115000004895,44.205480000019875],[-85.219132000136852,44.205511999910613],[-85.219138999809545,44.207641999715328],[-85.219160999550866,44.208316000033705],[-85.224242000155243,44.208338000229375],[-85.224405000361855,44.208338000229375],[-85.22867699978093,44.208332000176867]]]},"properties":{"BASENAME":"McBain"}},{"type":"Feature","geometry":{"type":"Polygon","coordinates":[[[-86.138387000054465,43.712580000105433],[-86.138588999720838,43.70716899979373],[-86.134989000321411,43.707151999809035],[-86.123508000086034,43.707095000245289],[-86.119985999606101,43.707078000239612],[-86.118643000290035,43.707070999968515],[-86.118352999861813,43.707052999916904],[-86.114277000261325,43.707017999837234],[-86.113656000295308,43.707013000288008],[-86.113406000050048,43.714182999999323],[-86.113405000225129,43.714699999979928],[-86.113281000376574,43.718128999681127],[-86.11317300042154,43.721457999957693],[-86.113917000411192,43.721463000249585],[-86.113954000221128,43.72145499991219],[-86.118263000348435,43.721486000158691],[-86.119173000019458,43.721493999842714],[-86.121410000011338,43.721513999697379],[-86.122160999673696,43.721519999782359],[-86.123135999642045,43.721529999706149],[-86.124294999733408,43.721541000074872],[-86.128213999873367,43.721576000113323],[-86.137997999892065,43.721655000236176],[-86.138079000082897,43.721655000236176],[-86.13820100028164,43.716203999943268],[-86.138262000381019,43.715770000273061],[-86.138275999726389,43.715223000111472],[-86.138320000107313,43.714433000288167],[-86.138387000054465,43.712580000105433]]]},"properties":{"BASENAME":"Walkerville"}},{"type":"Feature","geometry":{"type":"Polygon","coordinates":[[[-86.307409000298264,44.252337999865041],[-86.307324999734362,44.252117999799822],[-86.302183999753851,44.238652999909483],[-86.300726999736654,44.235364999847683],[-86.300268000152343,44.234329000222566],[-86.297945999771656,44.234210000098045],[-86.297221000048552,44.234172999929172],[-86.297169000170015,44.234169999931858],[-86.294060999966874,44.234003000054528],[-86.293872999645899,44.233997000042415],[-86.293739999576502,44.233992000246403],[-86.293655000086019,44.233989000239852],[-86.290530999989343,44.233880999902397],[-86.28969900013611,44.233882999695886],[-86.289460999586439,44.233847999759753],[-86.284303999712378,44.233643999754449],[-86.283605999753448,44.233615999950956],[-86.283482999729813,44.240639000009736],[-86.283477999706946,44.240906000067483],[-86.283348000010591,44.248180000216571],[-86.283317000048456,44.249854999722196],[-86.283287999736146,44.251731999720548],[-86.281405999571518,44.251644999961293],[-86.278263000106577,44.251534000103781],[-86.278224999573425,44.253659000228943],[-86.278197999809251,44.255184999752203],[-86.280705999962777,44.255266000291911],[-86.284646999844057,44.255394000258015],[-86.28626100022008,44.255443000105956],[-86.287450000448672,44.255486000162115],[-86.288099000003797,44.255504000056582],[-86.289838999878214,44.255560000050465],[-86.291387000131991,44.255612999800249],[-86.291921000059375,44.255628999958113],[-86.292624000041158,44.255651999694855],[-86.293495000252435,44.255675999914104],[-86.293679000375448,44.252959999796815],[-86.293711999987423,44.252477999887546],[-86.293741000299732,44.252052999915492],[-86.294307999839091,44.252064000207852],[-86.295372000394195,44.25208700005205],[-86.295600999824742,44.252090999688335],[-86.2956400001828,44.252092000240765],[-86.29661799962588,44.25211300025672],[-86.298303999971949,44.252148000266651],[-86.299682000346408,44.252177000167158],[-86.307409000298264,44.252337999865041]]]},"properties":{"BASENAME":"Eastlake"}},{"type":"Feature","geometry":{"type":"Polygon","coordinates":[[[-85.551490999772483,44.579086000103743],[-85.551522999559538,44.576977000268386],[-85.546302000111368,44.577097000170639],[-85.546338999921304,44.573395999801917],[-85.543614000032804,44.573385000272914],[-85.539388999571074,44.573387000012907],[-85.53922399971465,44.573658999846451],[-85.539037999941812,44.574056999907562],[-85.538874999735185,44.574510000256019],[-85.538801000115356,44.574722000207096],[-85.538772999627938,44.574858999885123],[-85.538726999597188,44.575089000178842],[-85.538642999931596,44.575579000052507],[-85.538531999603521,44.576423000196492],[-85.53844700011301,44.577113999752839],[-85.538351999678468,44.577563000130347],[-85.538231000202941,44.577999000083317],[-85.538078000042063,44.578412000149598],[-85.539206000171305,44.578420999800763],[-85.53920399962314,44.578631000010887],[-85.537831000169859,44.578634999769882],[-85.537702000298424,44.578635999869554],[-85.536143999998899,44.578628999811357],[-85.536140999625843,44.578160999860948],[-85.53613599960299,44.577304000315763],[-85.53613599960299,44.577165999874303],[-85.533554999654527,44.577164000264254],[-85.531105000125635,44.577158000153993],[-85.531104000300715,44.577289999877905],[-85.531095000079887,44.57868699981087],[-85.531069000140619,44.582569000295301],[-85.531044999851176,44.584610999720091],[-85.528401000153522,44.584602999744497],[-85.527211000100024,44.584599999753394],[-85.524226999745437,44.584591999776279],[-85.523066999829155,44.584586999790005],[-85.518863000182151,44.584567999838292],[-85.51876600009777,44.584567999838292],[-85.51591099961459,44.584555999865628],[-85.515891000421433,44.586093999851251],[-85.515872999979777,44.58750899969818],[-85.516791000046709,44.587516999913632],[-85.516797999719401,44.588381000066761],[-85.516764000282535,44.591959999743786],[-85.516582999634252,44.591961000253967],[-85.515805000207706,44.591967999986338],[-85.515804000382801,44.59205199990749],[-85.51580299965957,44.592143000058201],[-85.515785000116225,44.593272999697341],[-85.515730999689538,44.595314999880756],[-85.515725999666685,44.595516000273186],[-85.52133500035066,44.595516000273186],[-85.526462999912383,44.595516000273186],[-85.526411999858752,44.591974999717849],[-85.532654000204332,44.59200500029403],[-85.535035000136261,44.592021999995296],[-85.535408000405155,44.592025000243083],[-85.535540999576227,44.592026000112405],[-85.53558099975919,44.592026000112405],[-85.535932000286792,44.592027999851034],[-85.537758000374936,44.592038999691546],[-85.543603999987056,44.592074000217082],[-85.543660999888473,44.589773000097978],[-85.543733999683397,44.586192000161816],[-85.54375799997284,44.58500399972533],[-85.543762999995721,44.584602999744497],[-85.545746000442691,44.584602999744497],[-85.546196999631078,44.58459599976495],[-85.546245000209993,44.580986999795101],[-85.546499999579794,44.580991000031858],[-85.546639000395274,44.580993000150087],[-85.546680000403157,44.580994000209202],[-85.54699199967439,44.580997999805639],[-85.548600000202626,44.580976999841873],[-85.55039600015354,44.580954999810764],[-85.551464000008309,44.580951000211364],[-85.551470999681001,44.580519000268943],[-85.551477000427099,44.580016000087475],[-85.551490999772483,44.579086000103743]],[[-85.546388000325109,44.579842000053496],[-85.546380999754106,44.580532999929311],[-85.546270000324341,44.580529000300935],[-85.546261000103499,44.580506000032813],[-85.54385300040741,44.580492999793769],[-85.543858000430276,44.579821000312052],[-85.546388000325109,44.579842000053496]],[[-85.532984999742126,44.582026000213745],[-85.532982000267396,44.58242399995212],[-85.532315000270614,44.582421999883074],[-85.532317999745359,44.582023000089656],[-85.532984999742126,44.582026000213745]],[[-85.532957999977953,44.583650999905601],[-85.532959999627778,44.584002999716255],[-85.532732999847056,44.584001999708896],[-85.532731000197231,44.583649999892188],[-85.532957999977953,44.583650999905601]]]},"properties":{"BASENAME":"Kingsley"}},{"type":"Feature","geometry":{"type":"Polygon","coordinates":[[[-85.729414999953022,44.406481999688019],[-85.729414000128116,44.406366999789377],[-85.729385999640712,44.404096999768818],[-85.729387000363928,44.403925000129078],[-85.729388000188848,44.403236999721962],[-85.729388000188848,44.403044000168485],[-85.729383999990887,44.402102000053716],[-85.729375999594978,44.400518000240851],[-85.729378999968006,44.400323000155751],[-85.729384999815807,44.39994899995127],[-85.729397000409691,44.397230999786146],[-85.729398000234582,44.397049999780705],[-85.729397000409691,44.396707000294903],[-85.729403000257463,44.39567199985089],[-85.729245000073718,44.395673999915296],[-85.729021999592646,44.395674999947467],[-85.728754999628947,44.395675999979623],[-85.727956000286014,44.395678000043887],[-85.727690000147234,44.395680000108086],[-85.727632000420897,44.395680000108086],[-85.727460999818376,44.395680000108086],[-85.727403999916959,44.395681000140158],[-85.727264000174884,44.395682000172215],[-85.726391000313782,44.395686000300259],[-85.723355000080659,44.395700000104455],[-85.722807999734471,44.395703000199589],[-85.722344000127308,44.395706999684322],[-85.722021000087096,44.395708999747534],[-85.721051000141628,44.39571800003111],[-85.720728999926337,44.395721000125327],[-85.720542000328592,44.39571800003111],[-85.719984000111765,44.395711999842213],[-85.719798000338926,44.395709999779108],[-85.719664000444638,44.39571599996821],[-85.719264000411556,44.395738000014497],[-85.719131000342159,44.395745000231699],[-85.718503999630045,44.395723000188106],[-85.71785599989984,44.395710999810667],[-85.717000999582083,44.395697000009157],[-85.716866999687781,44.395705000262929],[-85.716398000057737,44.395745000231699],[-85.716028000161884,44.395751999806237],[-85.714848000154106,44.395756999960277],[-85.71423100038605,44.395751999806237],[-85.714033000019342,44.395751999806237],[-85.713032000111724,44.395751999806237],[-85.712757999577008,44.395747999682705],[-85.712664999690602,44.395746000262662],[-85.712560000108624,44.395740000076636],[-85.712134999961179,44.395742000138711],[-85.710266000215327,44.395753999867907],[-85.709644000424419,44.395757999991034],[-85.709636000028482,44.396112000177382],[-85.709612999563944,44.397176000095499],[-85.709605999891252,44.397531000047998],[-85.70960000004348,44.397732999790009],[-85.70958300032504,44.398338999966654],[-85.709578000302159,44.398542000111597],[-85.709567000431505,44.398903999959778],[-85.70953599957106,44.399990000186449],[-85.709527000248542,44.400353000013652],[-85.708789000106663,44.400339000039089],[-85.70691899963758,44.400337000134144],[-85.702041000321103,44.400312999985758],[-85.702020000404701,44.401455999812669],[-85.702828999793397,44.401463999920871],[-85.702834999641183,44.402928000020779],[-85.706415999672345,44.402907999927784],[-85.706424999893187,44.404617000305521],[-85.706567000183384,44.404640999971882],[-85.706572000206265,44.405265000034419],[-85.706327999808792,44.405408000274448],[-85.706034000080919,44.405379000307889],[-85.705372000107019,44.405293000189708],[-85.705232000364944,44.405268000280898],[-85.704830999608632,44.405197999837554],[-85.704227000259365,44.405082000110362],[-85.70370599985246,44.404972999908139],[-85.703186999993676,44.404856999734733],[-85.702494000057641,44.40468700016055],[-85.702116999590771,44.404576000104008],[-85.700867999986059,44.404176999757325],[-85.699764000146274,44.403824000123585],[-85.699441999930983,44.403710999923504],[-85.69905600014161,44.403550999846203],[-85.698668999629007,44.403391999873328],[-85.698241000006831,44.40319699974043],[-85.697916000316823,44.403038999995353],[-85.69754100039809,44.402857999986367],[-85.69735499972694,44.402767999727345],[-85.697373999993516,44.404292999995512],[-85.69754100039809,44.404294999765284],[-85.698057999708723,44.404314000141312],[-85.698056999883804,44.404534999873761],[-85.699396999725153,44.40456699989938],[-85.699393000425516,44.404641999850803],[-85.699353000242539,44.405400999929746],[-85.699340999648641,44.405654999982417],[-85.699335999625788,44.405741000210128],[-85.699332000326137,44.405819000158104],[-85.699308999861614,44.406311999702154],[-85.699302000188908,44.406476999808731],[-85.699287999945213,44.406764000273775],[-85.703007999893543,44.406791999711558],[-85.704245999627616,44.406802000057567],[-85.70398799988476,44.406927000067398],[-85.703904000219168,44.406967999904651],[-85.703874000081939,44.406983000057032],[-85.703373999591435,44.407235999823264],[-85.703140999962926,44.407363999686403],[-85.702730000059191,44.407600999911793],[-85.70261600025637,44.407670000219326],[-85.702552999608855,44.407708999882843],[-85.702436000331318,44.407789999890667],[-85.702706999594653,44.407792000182582],[-85.704290999833461,44.40778400029798],[-85.704307999551901,44.407898000154496],[-85.705660999812025,44.407920000112483],[-85.705632000398012,44.410085999918167],[-85.706043000301761,44.410082999918792],[-85.706475000121884,44.410077999705592],[-85.707773999955336,44.410067000133488],[-85.708206999600392,44.410062999705175],[-85.708424000233663,44.410062999705175],[-85.709076999986749,44.410062999705175],[-85.709295000444939,44.410062999705175],[-85.709836000045016,44.410061999918916],[-85.711459999568476,44.410058000131983],[-85.712001999891797,44.410058000131983],[-85.712090999580241,44.410058000131983],[-85.712276000426485,44.410053999703059],[-85.712830000445365,44.410046000127871],[-85.713099999883767,44.410044999699601],[-85.713375000243389,44.410044999699601],[-85.713597000001258,44.410043999913029],[-85.71426599964785,44.41004300012645],[-85.714347999663616,44.41004300012645],[-85.714351000036658,44.410156000287472],[-85.713945000155789,44.417298999798405],[-85.71604400005539,44.417283999725107],[-85.716366000270682,44.417281000095009],[-85.716433000217833,44.416333000185212],[-85.716475000050622,44.415728999699482],[-85.717259000223265,44.415727000320658],[-85.718896000165529,44.415723000279499],[-85.719045000128432,44.415725000300114],[-85.719080000288528,44.415390000065301],[-85.719083999588165,44.415329999715247],[-85.719118999748289,44.414903999887123],[-85.71916399995412,44.414207000273507],[-85.719209000159964,44.413650000211291],[-85.719230999901271,44.413289999950948],[-85.719235000099218,44.41321700028567],[-85.719271000084234,44.412614000083771],[-85.71927799975694,44.412512999680416],[-85.719285000327943,44.412413000132112],[-85.719302000046369,44.412186999971162],[-85.719313999741956,44.412117000107614],[-85.719331000358707,44.412019999782316],[-85.71933999968121,44.411972000077853],[-85.719324999612596,44.411806000314961],[-85.719311000267211,44.411770999844776],[-85.719291000175744,44.411738000152326],[-85.719302000046369,44.411674999987731],[-85.719357000297961,44.411357000137862],[-85.719480000321624,44.411370000278623],[-85.71954399989572,44.411389000281723],[-85.720292999908253,44.411610999995482],[-85.720944999836405,44.411546000172315],[-85.728597000343512,44.410785000067335],[-85.729090000263,44.410736000216261],[-85.729373999945139,44.410706999682589],[-85.729400999709313,44.410703999715111],[-85.729389999838673,44.410056999703919],[-85.729404000082383,44.409587000046891],[-85.729405999732194,44.409502999931597],[-85.729403000257463,44.407532999994068],[-85.729404999907274,44.407399000226881],[-85.729414999953022,44.406481999688019]]]},"properties":{"BASENAME":"Mesick"}},{"type":"Feature","geometry":{"type":"Polygon","coordinates":[[[-86.446234000214048,43.769433000001882],[-86.446307000008971,43.769256000037309],[-86.444124000443793,43.769256999686704],[-86.438513000109978,43.769259999932345],[-86.437376999584828,43.769261999879738],[-86.431667000415146,43.769226999817249],[-86.430972999755866,43.769226000167315],[-86.427252999807536,43.769209999927767],[-86.422020999590401,43.769183000284158],[-86.419457000258703,43.769170999934097],[-86.418699999850233,43.76916899998362],[-86.4186610003905,43.773197999699384],[-86.418592999720119,43.773523999916954],[-86.418590000245388,43.773921999977937],[-86.418587999697252,43.774110999765483],[-86.418571999803717,43.775517000259875],[-86.418590000245388,43.776175000025873],[-86.418586999872332,43.780145000248666],[-86.418586999872332,43.78023400013052],[-86.418576000001678,43.780778000288983],[-86.418555000085277,43.783405000312136],[-86.418672000261154,43.785833999781396],[-86.418569000328986,43.785914000098721],[-86.418505999681486,43.78602100014502],[-86.418464999673603,43.787172999730487],[-86.418550000062424,43.790505000259763],[-86.418562999582903,43.790687999869903],[-86.426718000055246,43.790631999981365],[-86.428279999654407,43.790651000146276],[-86.428344999951747,43.790652000086546],[-86.429263000018693,43.790651000146276],[-86.436800999824655,43.79056799985927],[-86.436918000000517,43.790283000246355],[-86.437119999666876,43.789721999788753],[-86.437450000278076,43.789129999676007],[-86.437697999975185,43.788615000202626],[-86.438401999781902,43.787391000291692],[-86.438920999640658,43.786436000221762],[-86.438935999709273,43.786414999991734],[-86.439736999600342,43.785338999733654],[-86.439991999868468,43.784964999991161],[-86.440504999879465,43.784061000078538],[-86.4407259998124,43.78373999986534],[-86.440923000354204,43.783527999965457],[-86.441057000248506,43.783304999917107],[-86.441371999892766,43.783018999978353],[-86.441688000260285,43.782777999981327],[-86.441960000246837,43.782458000090472],[-86.442132999600886,43.782254000182171],[-86.442157999715249,43.782220000021638],[-86.442192999875346,43.782171999991036],[-86.442255999624535,43.781966000232863],[-86.442547999702583,43.782068999876422],[-86.443896999764746,43.782458000090472],[-86.443991000374382,43.782297999827037],[-86.444038000230066,43.782176999752842],[-86.44411000020007,43.78199500011268],[-86.444157000055739,43.781897000126804],[-86.444116999872776,43.781794000186935],[-86.443936000122804,43.781730999771042],[-86.443588999793178,43.7817080003027],[-86.441695999757883,43.781118000144481],[-86.441790000367533,43.780958000186274],[-86.441853000116723,43.780741000268158],[-86.4418449997208,43.780293999837653],[-86.441877000406166,43.780099000082899],[-86.442065999653735,43.779579000005761],[-86.442200000446363,43.778702999762309],[-86.442286999586671,43.778353999778169],[-86.442854999849231,43.776738999714759],[-86.442941000062973,43.776395999717799],[-86.443131000033773,43.775915000029357],[-86.443327999677251,43.775583000016987],[-86.443461999571554,43.775164999892546],[-86.443714000364963,43.774638999764719],[-86.443982000153554,43.773946000066452],[-86.444306000018656,43.773355999855646],[-86.445067999551668,43.771713999930363],[-86.445763999860759,43.770560000300037],[-86.445898999579981,43.77025300030413],[-86.446234000214048,43.769433000001882]]]},"properties":{"BASENAME":"Pentwater"}},{"type":"Feature","geometry":{"type":"MultiPolygon","coordinates":[[[[-85.866823000034572,43.889962999814351],[-85.866828999882358,43.886123999807758],[-85.866638000086638,43.886123999807758],[-85.866531999781429,43.886123999807758],[-85.865617999912459,43.88612700001179],[-85.862877999955344,43.886141000098711],[-85.862161999554758,43.88614499993799],[-85.861954999865517,43.886146999857495],[-85.861851999933364,43.886141999734868],[-85.861887999918366,43.888400999847846],[-85.861892999941247,43.888535999834495],[-85.861853999583204,43.888738000091948],[-85.861847999735403,43.88879000024604],[-85.861820000146309,43.889129000050787],[-85.861815000123428,43.889252999728491],[-85.86179000000908,43.8899850001049],[-85.861646999893949,43.8899850001049],[-85.860563999970566,43.889992999914291],[-85.860442999596742,43.889982000095188],[-85.860440999946931,43.888159999729631],[-85.860344999687456,43.888159000127388],[-85.859655999949368,43.888152000321462],[-85.859652999576326,43.887748999935368],[-85.860440000122011,43.887745999813035],[-85.86043699974897,43.886173999735647],[-85.857136000100283,43.886199999966429],[-85.857135000275363,43.886647000291767],[-85.854928000420713,43.886635999854732],[-85.854798999650967,43.886635999854732],[-85.854780000282716,43.88663500022691],[-85.854751999795326,43.88663500022691],[-85.854751999795326,43.886696999780611],[-85.854737999551602,43.888105999819224],[-85.854734000251952,43.888575999843738],[-85.854736999726711,43.888839000287454],[-85.85474500012262,43.889384000104769],[-85.854749000320581,43.88963099985753],[-85.854752999620217,43.889894999747682],[-85.854530999862376,43.889894000174557],[-85.854530999862376,43.889827000250833],[-85.854530999862376,43.889393000223848],[-85.854340999891591,43.889393000223848],[-85.854334000218884,43.889892999954007],[-85.853693999986291,43.889891000160262],[-85.853702000382214,43.889463000024428],[-85.853268999838832,43.889455999724341],[-85.853266000364115,43.88962299999956],[-85.853262000166154,43.889889999939662],[-85.852956999669317,43.889885999704504],[-85.852045000348468,43.889877000307322],[-85.851740999676551,43.889874999865633],[-85.848264000300759,43.889876000086481],[-85.845541000062084,43.889888000145817],[-85.844699999988038,43.889894000174557],[-85.844140000121399,43.889891000160262],[-85.841700999564836,43.889894999747682],[-85.841708000135853,43.890107000156164],[-85.841705999587703,43.890237999948923],[-85.841705999587703,43.890324000229505],[-85.841657999907127,43.893369000295081],[-85.841590000135056,43.895583999830663],[-85.84156800039375,43.896262999903868],[-85.841599000355913,43.896310000044778],[-85.841591999784896,43.89639800019502],[-85.841585999937109,43.896504000247461],[-85.841580999914228,43.896603000003935],[-85.841534000058573,43.897376000040119],[-85.841507000294399,43.89793499996464],[-85.841503999921343,43.898001999829233],[-85.841499999723382,43.898086999819412],[-85.841484999654767,43.898391999737306],[-85.841487000202903,43.89845299992178],[-85.841486000377998,43.898560999702539],[-85.841489999677648,43.898966000210216],[-85.841529000035692,43.900848999773416],[-85.841539999906345,43.90168899995156],[-85.8415569996248,43.903431999954172],[-85.841564000195788,43.903926999688807],[-85.841569000218669,43.90451600014687],[-85.842131999560067,43.904524999920774],[-85.843319999963725,43.904546000035111],[-85.843487000368313,43.90453500031515],[-85.843632999958174,43.904524999920774],[-85.843812000058335,43.904524999920774],[-85.844279000038554,43.904526999870342],[-85.844800000445474,43.904547000009551],[-85.845130000158349,43.90456100029715],[-85.845398999771859,43.904562000271341],[-85.846206000409026,43.904568000116122],[-85.846475999847456,43.904570000064247],[-85.846782000169199,43.904611000280461],[-85.847374999647826,43.904615000173756],[-85.85041000005603,43.904629999771174],[-85.851498000002294,43.904636000256339],[-85.851481000283869,43.904948000056109],[-85.851455000344586,43.905403999759407],[-85.851478999735733,43.905786000095077],[-85.851484999583505,43.905945000274684],[-85.851493999804319,43.906144999836492],[-85.851492000154508,43.906277999836462],[-85.851484999583505,43.906651000290005],[-85.851477999910813,43.907071999692832],[-85.851467999865079,43.907719000083858],[-85.851463999667118,43.907769999923666],[-85.851438999552755,43.90814300008865],[-85.853416000151938,43.908157000177717],[-85.854487000379748,43.908165000134709],[-85.85934899980272,43.908202000164387],[-85.861327000226822,43.908217000152369],[-85.861348000143209,43.906767000230495],[-85.861411999717305,43.9024210002258],[-85.861434000356937,43.900972000258101],[-85.861441999854534,43.900665999923895],[-85.861467999793817,43.899748999896367],[-85.861477000014631,43.899443999809492],[-85.861501000304088,43.898955000106561],[-85.861509999626605,43.898788000107437],[-85.861593000365588,43.897489000297533],[-85.86159900021336,43.89739599999244],[-85.861595999840333,43.89734400023184],[-85.86160000003828,43.897000000074271],[-85.86160000003828,43.896963000202362],[-85.861600999863199,43.896854000008801],[-85.861601999688119,43.896818000150489],[-85.86160000003828,43.896771999868264],[-85.861594000190507,43.896636000317706],[-85.861591999642357,43.896591000002999],[-85.861612999558758,43.896393000285606],[-85.861615999931814,43.896372999996387],[-85.861617999581625,43.896352999700412],[-85.861622999604506,43.896121999905958],[-85.861634000373485,43.89579899977246],[-85.861641000046177,43.895601000010878],[-85.861655000289886,43.895169999731344],[-85.861701000320636,43.893878999903542],[-85.861716000389222,43.893449000268646],[-85.861732000282771,43.892731999746076],[-85.861780999788252,43.890696000087921],[-85.861784000161293,43.890581999678645],[-85.861785999811133,43.890492999786645],[-85.862672000091024,43.890498000191435],[-85.862679999588622,43.890348999730676],[-85.862691000357586,43.889962000242356],[-85.866735999995939,43.88995999980353],[-85.866823000034572,43.889962999814351]]],[[[-85.852581999750583,43.888548000163802],[-85.85258799959837,43.888240000226233],[-85.851756999570071,43.888237000128626],[-85.851755999745166,43.888319999967948],[-85.851754999920246,43.888540999756216],[-85.852061000242003,43.888543000242699],[-85.852581999750583,43.888548000163802]]]]},"properties":{"BASENAME":"Baldwin"}},{"type":"Feature","geometry":{"type":"Polygon","coordinates":[[[-85.157591999808233,44.109720000199161],[-85.157597999656019,44.108189000128682],[-85.157339999913162,44.106835999704707],[-85.157361999654469,44.105962999722436],[-85.157431000149757,44.10334600017908],[-85.157453999715983,44.102474000130499],[-85.157466000309853,44.102315999960041],[-85.157467999959678,44.101768999840004],[-85.157478000005412,44.100115999882199],[-85.157472000157625,44.099719999767025],[-85.157472000157625,44.099653000218254],[-85.15747499963237,44.099324000225081],[-85.157462000111892,44.098948999763124],[-85.157463999761717,44.09886000023495],[-85.157472999982545,44.098596000005671],[-85.157477000180506,44.098507999882329],[-85.157397999639485,44.095127999686788],[-85.150906999771877,44.095138000264356],[-85.150218999858708,44.095131000311831],[-85.14741699997731,44.095122999719948],[-85.147068999822778,44.095130000318541],[-85.139514000298362,44.09510099986079],[-85.137247999994173,44.095104999835819],[-85.137247999994173,44.095015999682992],[-85.137254999666865,44.094117999737435],[-85.137258000039921,44.093818999741181],[-85.13725399984196,44.093660000294882],[-85.137242000146387,44.093183000036035],[-85.137238999773345,44.093024000170097],[-85.137221000229985,44.092381000024538],[-85.137195000290731,44.091429000301702],[-85.137090999635333,44.091295999817817],[-85.135866000320036,44.089821000213071],[-85.134447999762585,44.089832999918237],[-85.133773000268221,44.089839999852643],[-85.132500000374037,44.089847999868852],[-85.132016999601973,44.089850000034041],[-85.130227000397156,44.089861000296118],[-85.12868099979319,44.08987099982874],[-85.127408999723926,44.089879999922843],[-85.127407999899006,44.090416000188959],[-85.127407999899006,44.092024000230694],[-85.127407999899006,44.092560999813664],[-85.127410000447142,44.094218000048294],[-85.127412000096967,44.095085999952168],[-85.127417999944754,44.098839999691933],[-85.133547000312419,44.098837999830828],[-85.133601999665672,44.100602000093239],[-85.137541999722046,44.100635000034373],[-85.137545999920007,44.101479000089292],[-85.137545000095088,44.101564999892325],[-85.137543000445262,44.10182399972124],[-85.137543000445262,44.101911000191251],[-85.137541999722046,44.101993999734404],[-85.137540000072207,44.102243000244918],[-85.137540000072207,44.102310999955911],[-85.137539000247315,44.102325999967022],[-85.137536999699165,44.102354000235579],[-85.137533000399529,44.102436999801839],[-85.137531999676298,44.102465999887066],[-85.137530999851393,44.102582999953007],[-85.137432999942092,44.10433400025309],[-85.137488000193684,44.106601000250627],[-85.137562999638433,44.109748999936556],[-85.141843000351741,44.109735000265289],[-85.14404600000843,44.10972800010591],[-85.147514999886596,44.109718000061029],[-85.147592999704401,44.10971700031444],[-85.147830000429181,44.10971700031444],[-85.147909000071905,44.10971700031444],[-85.148010000354233,44.10971700031444],[-85.148314999952774,44.10971700031444],[-85.148417000060022,44.109718000061029],[-85.148596999985074,44.10971700031444],[-85.149140000133301,44.10971700031444],[-85.149320999883258,44.10971700031444],[-85.149952999719929,44.109723000083683],[-85.151850999778091,44.109741999778834],[-85.152118999566696,44.109745000307242],[-85.152161000297809,44.109743000170006],[-85.152321999956285,44.109736000011573],[-85.152484000337992,44.10972800010591],[-85.154042999564126,44.109725999968049],[-85.156833999574857,44.109723000083683],[-85.157394000339849,44.109721999692169],[-85.157591999808233,44.109720000199161]]]},"properties":{"BASENAME":"Marion"}},{"type":"Feature","geometry":{"type":"Polygon","coordinates":[[[-84.599362000217226,43.767985999728417],[-84.599284000399422,43.76435700014455],[-84.599279000376555,43.764347999967015],[-84.598079000277309,43.764335999944457],[-84.596586000275096,43.76432699976376],[-84.596654999872072,43.761866999733648],[-84.596642000351594,43.761206999985106],[-84.596633999955671,43.760810999885159],[-84.596632000305846,43.760664999789874],[-84.596633000130765,43.76052999968249],[-84.596635999605496,43.760262999899581],[-84.596642000351594,43.759708000124938],[-84.596813000055818,43.759674999930581],[-84.597079000194597,43.759617999728945],[-84.597097999562862,43.759613000027386],[-84.597237000378357,43.759579999780641],[-84.597420999603045,43.75953199974316],[-84.59748500007548,43.759514999693593],[-84.597581000334927,43.759486999754117],[-84.597807000290743,43.759418000310745],[-84.598017000353025,43.759346999860163],[-84.598073000429537,43.759328000127404],[-84.598306999882951,43.759240999907924],[-84.598389999723608,43.75920800010482],[-84.598394999746489,43.758747999951524],[-84.598397000294625,43.75863800027949],[-84.598402000317506,43.758247999694888],[-84.598410999640009,43.757434000004011],[-84.59841599966289,43.757087000180903],[-84.597971000322275,43.757085999679241],[-84.597104000308946,43.757082000267864],[-84.596649999849205,43.757079999913195],[-84.596660999719845,43.753282999951708],[-84.596690000032183,43.751039000213652],[-84.596700999902822,43.750118999905162],[-84.596704000275878,43.749918999885281],[-84.591719999755867,43.749882000239907],[-84.586736999959115,43.749833000235839],[-84.576746000251205,43.749783000216823],[-84.576736000205443,43.751144999770922],[-84.576738999680188,43.751219000072894],[-84.576745000426286,43.751395000248117],[-84.576747999901031,43.75183900013068],[-84.576736000205443,43.753387000247422],[-84.576691999824519,43.755156000217099],[-84.576675999930998,43.756947999717184],[-84.576680999953851,43.758968999807877],[-84.576731000182576,43.758968999807877],[-84.576730000357657,43.75922900015857],[-84.576713999565825,43.764084999947663],[-84.5766969998474,43.764143000169717],[-84.576660000037464,43.764185000049316],[-84.576658000387638,43.764253000100823],[-84.576603999960966,43.767826000310471],[-84.576603999960966,43.768112999934836],[-84.576812000373423,43.768112000266278],[-84.581543000275133,43.768097999715046],[-84.583483999990989,43.767967000144274],[-84.583596999968904,43.76794399992265],[-84.583759000350611,43.767912999722711],[-84.584015000443657,43.767852999917913],[-84.584116999652579,43.767822999992951],[-84.584270999638363,43.767777999752902],[-84.584745000189614,43.767585999732319],[-84.585289000162746,43.767322999676928],[-84.585606000355156,43.76715699972992],[-84.585901999732826,43.767019000290887],[-84.586319000382673,43.76693699996575],[-84.58656399970674,43.766909999944836],[-84.586566000254876,43.766230000205063],[-84.586686999730389,43.766355999900767],[-84.586793999860504,43.766439999766739],[-84.586858000332924,43.766471000081332],[-84.587027000387323,43.766552999747859],[-84.587091999786338,43.766577999892803],[-84.587829999928232,43.766888000303226],[-84.58878399998018,43.767313000263727],[-84.589358999915447,43.767548999981869],[-84.589682999780536,43.767639999800423],[-84.589892000017926,43.767693000144156],[-84.590496000265503,43.767793000052883],[-84.59179300044913,43.767892000122252],[-84.592529000042873,43.767906000072962],[-84.594402999811592,43.767924000004733],[-84.595182999786275,43.767927999988842],[-84.596404999626799,43.767929999980822],[-84.597155000362591,43.767927999988842],[-84.597685999916919,43.767924999676438],[-84.598439999952333,43.767933000292985],[-84.599244000216444,43.767977999767695],[-84.599362000217226,43.767985999728417]],[[-84.587008999945667,43.765231000267001],[-84.587005999572611,43.765636000288957],[-84.587004999747705,43.765703999988538],[-84.586801000431507,43.765701999922136],[-84.586574999577408,43.765697999789175],[-84.58657700012553,43.765504999867431],[-84.586582999973317,43.765224000303355],[-84.586679000232778,43.765225999736991],[-84.587008999945667,43.765231000267001]]]},"properties":{"BASENAME":"Coleman"}},{"type":"Feature","geometry":{"type":"Polygon","coordinates":[[[-85.659819999609496,44.975208999956315],[-85.659791000195497,44.971526000267914],[-85.65978399962448,44.970667000278716],[-85.659771999928907,44.968661000093562],[-85.659762999708079,44.967192000314213],[-85.659412999903708,44.967195000197179],[-85.65901200004572,44.967198000080032],[-85.658833999770494,44.967198999829058],[-85.657965000107339,44.967203999845232],[-85.655472999847348,44.96721699975808],[-85.655492999938829,44.967725999896309],[-85.65472499965972,44.967737000211564],[-85.65470799994128,44.967221000024011],[-85.654302000060426,44.967223000156871],[-85.653819000186658,44.967223999905507],[-85.653610999774202,44.967228000170948],[-85.651207000276059,44.967269000015548],[-85.650864000144395,44.967274999773331],[-85.650817000288725,44.967276000156637],[-85.650753999641211,44.966072000194664],[-85.650654000082113,44.963854000034246],[-85.646510999636135,44.963926999907301],[-85.646558000390129,44.966072000194664],[-85.646570999910608,44.96725399998278],[-85.646570999910608,44.967364000132001],[-85.644595999859561,44.967412000003876],[-85.644301000306768,44.967412999749229],[-85.643719999625418,44.967426000250242],[-85.637986999991185,44.967558999878072],[-85.637788999624448,44.967553000150005],[-85.637690999715176,44.967565999983762],[-85.637212999864275,44.967576999694074],[-85.637759000385557,44.96780800011549],[-85.638284999917019,44.968068000159313],[-85.638674000079448,44.968322000012542],[-85.638935000195346,44.968606999742342],[-85.638997999944536,44.969154999957873],[-85.639110000097531,44.969159999803502],[-85.639252000387756,44.968925000231295],[-85.639556999986283,44.968889000168481],[-85.639943999600575,44.968943999972865],[-85.640088000438936,44.968885999738553],[-85.640468000380523,44.968368000260973],[-85.640681999742469,44.968178000018625],[-85.640818000184893,44.968120000280877],[-85.641307999731339,44.968049000127571],[-85.641742999924531,44.968120000280877],[-85.643241999774503,44.968605000293309],[-85.643753000135689,44.968800000269361],[-85.644415000109575,44.96898400014409],[-85.645734000034523,44.96969699988275],[-85.646704999804911,44.970319999879848],[-85.646847000095121,44.970412000312827],[-85.646933000308863,44.970466999927844],[-85.647709999910489,44.97089599969064],[-85.64783600030718,44.970977000143442],[-85.648090999676995,44.971139999750747],[-85.648506999603597,44.971583000066559],[-85.648751999825976,44.971919000303714],[-85.649053999949771,44.9722549998435],[-85.649324000286512,44.972658999974719],[-85.649452000333042,44.973259000152822],[-85.649618000014399,44.973698000174501],[-85.649669999892922,44.974046000101211],[-85.649608999793571,44.97432700021573],[-85.649477000447391,44.974693999881687],[-85.64933400033226,44.974826000198483],[-85.64894099997187,44.974879999778345],[-85.646879999707096,44.974675999757153],[-85.646502000313646,44.974735999726583],[-85.646376999741847,44.974999000249888],[-85.646411000077038,44.975142000030615],[-85.64663700003284,44.97520400000252],[-85.646743000338063,44.9753170002503],[-85.646840000422443,44.97535699978981],[-85.647032000043055,44.975293000131956],[-85.647360000106119,44.975130000253849],[-85.647769000360029,44.975094000272897],[-85.648099000072932,44.975114000123867],[-85.6483090001352,44.975158999763124],[-85.64842299993802,44.975330000230826],[-85.64854500013675,44.975409000293254],[-85.648514000174615,44.975506000116511],[-85.648402000021619,44.975541000235175],[-85.648104000095785,44.975514999731445],[-85.647379000372695,44.9753710000033],[-85.647242999930242,44.975422999858608],[-85.647171999785144,44.975589000254281],[-85.647230000409792,44.975715000272139],[-85.647360000106119,44.975799999941174],[-85.647504999871089,44.975844000079185],[-85.648205000378127,44.975891000247159],[-85.649275999707626,44.97609900004111],[-85.649486999594814,44.976141000127946],[-85.649583999679209,44.976236999756964],[-85.649609999618463,44.976380000263362],[-85.649453000157948,44.976666999790311],[-85.649259999814092,44.976707999877817],[-85.649167999752592,44.976674000055304],[-85.649155000232113,44.976669000229244],[-85.645607999637832,44.975885000119696],[-85.64553700039103,44.976011000122604],[-85.647052999959456,44.976338999941333],[-85.64745600036558,44.976462000183979],[-85.647673999925473,44.976563999968135],[-85.647787999728294,44.976666000206272],[-85.647935999866291,44.976933999942489],[-85.648063999912807,44.977505000296311],[-85.648015000407327,44.978100000272221],[-85.647704999887608,44.978394000141741],[-85.647207999770146,44.978584999770085],[-85.647049999586386,44.978757999918997],[-85.646827000003654,44.978924999736599],[-85.646458999757613,44.979150999959423],[-85.645682000155986,44.979349999719027],[-85.645395000100791,44.979551999930877],[-85.645035000250687,44.979748999873578],[-85.64487500041713,44.979814999970763],[-85.644795000051175,44.979847000144552],[-85.644507999996009,44.98004399970911],[-85.64444699989663,44.980324000141408],[-85.644441999873777,44.980615999743861],[-85.644095000442448,44.981110000207096],[-85.643782000447999,44.981197999925307],[-85.643462999707452,44.98139999998061],[-85.643449000362082,44.981589000130249],[-85.64358300025637,44.982005000197852],[-85.643619000241387,44.982365000080549],[-85.643590999753982,44.982663000144271],[-85.643346000429915,44.983087000268696],[-85.643123999773749,44.983295000010436],[-85.642757000250953,44.983577000013128],[-85.642320000407935,44.983997000000677],[-85.641710000312571,44.984796000282095],[-85.641610999680054,44.985214000093329],[-85.64154700010593,44.985907000204485],[-85.641543999732903,44.986329999793732],[-85.641459000242392,44.986678999981116],[-85.641368999830718,44.987223000182873],[-85.641260000050778,44.987503999893029],[-85.641131000179357,44.988128000238198],[-85.641029999897,44.988466000130188],[-85.640825999682505,44.988851000280157],[-85.640587000206224,44.989011999899425],[-85.640393999862368,44.989105000207445],[-85.639551000138496,44.989586000027394],[-85.640471999680173,44.989581000056639],[-85.640671999696707,44.989577000079727],[-85.640942999858368,44.989571000113841],[-85.638597000086534,44.99350599980081],[-85.639119000318374,44.993602000212391],[-85.641751000320454,44.994086000155662],[-85.642409000096407,44.994206999979234],[-85.644107000138007,44.994519999996754],[-85.644121000381716,44.992972000135154],[-85.647016000149534,44.992996999776061],[-85.649327999586163,44.992994999906827],[-85.652949999625207,44.992994999906827],[-85.653428000374419,44.992997999710632],[-85.653559999720571,44.992994999906827],[-85.653666999850699,44.9929939999722],[-85.653926000316773,44.992990000233448],[-85.65414100040195,44.992987999728676],[-85.654384000076192,44.992983999989548],[-85.654451000023343,44.990257999753013],[-85.654429000282022,44.990257999753013],[-85.6543289998246,44.99024499998054],[-85.654220999869565,44.990200000110065],[-85.654148999899547,44.99014499972624],[-85.654103999693689,44.990048999877011],[-85.654077999754449,44.989951999879302],[-85.65409299982305,44.989374000248965],[-85.654107000066745,44.988358999840514],[-85.654114999564356,44.987795999776125],[-85.654128999808052,44.987215999935088],[-85.654208000349101,44.986849999767003],[-85.654225999892446,44.986636999989109],[-85.6542519998317,44.986482999755154],[-85.654276000121143,44.986114999880364],[-85.6541870004327,44.985664000137369],[-85.656550999747864,44.985605000229754],[-85.656838999627951,44.985597999784368],[-85.657078999827448,44.985566999707842],[-85.658217999827343,44.98557200002876],[-85.65930800032173,44.985576000285185],[-85.659412000078788,44.985556999700087],[-85.659485999698646,44.985534000120403],[-85.659552999645783,44.985489999793735],[-85.65967200036981,44.985385999869266],[-85.659773999578746,44.985315000124061],[-85.659775000301948,44.985087999981694],[-85.659819999609496,44.975208999956315]]]},"properties":{"BASENAME":"Suttons Bay"}},{"type":"Feature","geometry":{"type":"Polygon","coordinates":[[[-86.251885000359408,44.644559000313933],[-86.251488999625963,44.643897000318155],[-86.251066000026668,44.643189999945776],[-86.250984000010902,44.642771999971323],[-86.250671000016453,44.642349000052086],[-86.250404999877674,44.641725000016493],[-86.25009699990612,44.641160999913168],[-86.249471999742127,44.640014999841412],[-86.249198000105736,44.639373999729038],[-86.249013000157817,44.63913399990512],[-86.248810999593132,44.638705000159561],[-86.248470000009604,44.638105000130004],[-86.248160000388197,44.637561000246102],[-86.247709000301498,44.636668999786195],[-86.247666999570384,44.636564000124196],[-86.247612000217117,44.636427999896071],[-86.247562999813297,44.636091000058251],[-86.247361000146952,44.635307000158043],[-86.247064000046024,44.635026999818365],[-86.247166999978191,44.634642999876938],[-86.247069999893796,44.634288999787493],[-86.247084999962425,44.633997000298692],[-86.247019999665085,44.633802000106527],[-86.246884000120971,44.633636000278948],[-86.246838999915127,44.633540000308237],[-86.246776000165923,44.633407000053182],[-86.24642499963835,44.632652999732727],[-86.246320000056372,44.632503999816727],[-86.246231000367899,44.632102999687163],[-86.246101999598167,44.631760000076774],[-86.245990000343468,44.631606000009789],[-86.245893000259102,44.631343000054741],[-86.245883000213354,44.630735999802013],[-86.245870999619484,44.63057800019471],[-86.245833999809534,44.630107000269625],[-86.24582499958872,44.629981999940938],[-86.245849999703083,44.62988300010835],[-86.247232000275517,44.629972000107543],[-86.247247000344132,44.629876999686893],[-86.245877000365567,44.629783000248111],[-86.245880999665218,44.629769000305103],[-86.245885999688099,44.629753999860078],[-86.245853999901044,44.629753999860078],[-86.245756999816649,44.62975300000074],[-86.245663000105324,44.629752000141423],[-86.245483000180272,44.62974999978335],[-86.245248000003627,44.629748000064545],[-86.245136999675552,44.629739999910029],[-86.244285999555757,44.629678000273373],[-86.244100999607824,44.629665000165907],[-86.243508000129211,44.629666000026731],[-86.243486000387918,44.6298579998398],[-86.243478999816915,44.629920999779948],[-86.243355999793238,44.629915999858184],[-86.243353000318521,44.629860000194107],[-86.243344999922613,44.629683000215586],[-86.243324999831103,44.629684000076139],[-86.242635000268123,44.629729000175274],[-86.239722000058649,44.629505999697344],[-86.239428000330776,44.62947599994606],[-86.227587000245279,44.628868999985869],[-86.226480000032439,44.627296000173857],[-86.224853999960857,44.624986999748842],[-86.221809000405202,44.620570000255057],[-86.221694999704084,44.620394000102458],[-86.221686000381553,44.620380999833912],[-86.221653999696201,44.620333000095869],[-86.221392999580303,44.619977000267191],[-86.221241000142641,44.619747999859563],[-86.220797999553525,44.619735000085754],[-86.220496000328055,44.619492000138401],[-86.220216999770486,44.61961499997043],[-86.219943000134094,44.619937999812045],[-86.219907000149092,44.619980999738573],[-86.219896000278439,44.620155999839632],[-86.219923000042613,44.622752000028633],[-86.219945999608825,44.62554500019106],[-86.220251999930582,44.633479999846401],[-86.220250000280757,44.634054000231146],[-86.220240000235023,44.636641999763434],[-86.220231000014181,44.63809100027683],[-86.220225000166394,44.63896399990859],[-86.220242999709754,44.639082000259847],[-86.220191999656137,44.643486999863505],[-86.220210000097794,44.644352000057275],[-86.223470999563503,44.644277000022839],[-86.234308000266651,44.644407999798233],[-86.235792000048022,44.644422000044571],[-86.237276999654313,44.644435000042002],[-86.239990999672159,44.644418999946389],[-86.240425000040418,44.644412000142879],[-86.245463999913696,44.644504999929154],[-86.246041000397113,44.644498000135961],[-86.247657000422961,44.644493000191908],[-86.247860999739132,44.644503999684808],[-86.25009500025628,44.644540999765177],[-86.251885000359408,44.644559000313933]]]},"properties":{"BASENAME":"Frankfort"}},{"type":"Feature","geometry":{"type":"Polygon","coordinates":[[[-84.879526000050078,43.831681999869815],[-84.879669999990128,43.828687999841755],[-84.877398999663072,43.828665000299829],[-84.87816299974422,43.827720999817764],[-84.878946000091943,43.826752999697462],[-84.878204999577008,43.826348000214033],[-84.878591000264706,43.825865000055472],[-84.878283000293138,43.825720000023402],[-84.87895199993973,43.82499099971001],[-84.874759999988285,43.824937000244816],[-84.874785999927553,43.828688999793442],[-84.871850999976758,43.828692000296513],[-84.871285000262333,43.828693000248187],[-84.868126999830466,43.828697000054582],[-84.867309000220956,43.828480999757133],[-84.866696999577456,43.828611000269831],[-84.863899999718925,43.828594999723471],[-84.863494999662976,43.828599000184504],[-84.863124999767109,43.828590999910283],[-84.86131399974758,43.828578999820955],[-84.856580000371167,43.828548999911071],[-84.854879999781403,43.828604999903462],[-84.854591999901317,43.829306999793914],[-84.854007999745221,43.832945000197377],[-84.853994000399823,43.833032000096374],[-84.85398699982882,43.833076999815567],[-84.853966999737338,43.833252000273134],[-84.853912000384057,43.83372100018704],[-84.854488999969149,43.833873999789958],[-84.854451000334336,43.838229999784495],[-84.854451000334336,43.839371000180982],[-84.854403999580342,43.84158700030131],[-84.854392999709688,43.842470999743512],[-84.854359000272808,43.843227999970253],[-84.863898999894005,43.843181000065506],[-84.86948099991551,43.843185999905508],[-84.869300999990458,43.844174000104488],[-84.869009999737301,43.845746999963161],[-84.868849999903745,43.846708999900372],[-84.868848000253919,43.846717999986822],[-84.869107999646616,43.846716999689349],[-84.878618000028879,43.846673999839211],[-84.87928599985058,43.846673000188886],[-84.879381000285122,43.84667199989066],[-84.879371000239388,43.846662999797267],[-84.87542100013728,43.843138000258101],[-84.877531999732469,43.843112999738061],[-84.87964400005086,43.84309699984032],[-84.879645999700685,43.842682000061878],[-84.879649000073741,43.842267999712377],[-84.879594999647054,43.837365999725925],[-84.879592000172323,43.837182000089477],[-84.879572000080842,43.835567000297353],[-84.879571000255922,43.835473000044281],[-84.879558999662038,43.834557000111396],[-84.879556000187321,43.834392999955163],[-84.879556000187321,43.834357999796303],[-84.87955199998936,43.834090999871236],[-84.879526000050078,43.831681999869815]]]},"properties":{"BASENAME":"Farwell"}},{"type":"Feature","geometry":{"type":"MultiPolygon","coordinates":[[[[-86.289593999655807,43.962232999837468],[-86.289586000158209,43.962008999880894],[-86.289549000348288,43.96078899988629],[-86.289417999928716,43.956457000267434],[-86.289375000271022,43.955014000038879],[-86.289359000377473,43.954624999771497],[-86.289314000171643,43.953460000103441],[-86.289299000103043,43.953071999816594],[-86.289296999554892,43.953006000319036],[-86.289293000255256,43.952811000170257],[-86.289292000430322,43.952746000194004],[-86.289289000057295,43.952709999868176],[-86.289243999851436,43.952182999733594],[-86.289265999592757,43.952131999806348],[-86.289282000384588,43.952061999974447],[-86.289293000255256,43.951955000099801],[-86.289284999859333,43.951810000155625],[-86.289212000064381,43.951336000126517],[-86.289175000254474,43.951091999821998],[-86.289174000429568,43.950994999841384],[-86.28914699976707,43.95055600029],[-86.289144000292339,43.950459000081395],[-86.289136999721336,43.950193000037125],[-86.289135999896416,43.949285000118508],[-86.289098000261589,43.948656000055166],[-86.289094999888519,43.948560999742568],[-86.289092000413802,43.948405999791596],[-86.289103000284442,43.948182000095485],[-86.289130999873535,43.948055999855065],[-86.289150000140125,43.948015999712574],[-86.289201000193756,43.947953999988329],[-86.289215000437437,43.947881000084053],[-86.289201000193756,43.946613999929887],[-86.289150000140125,43.942132999694813],[-86.289150999965017,43.941915000252628],[-86.289151999789937,43.941216000151705],[-86.289151999789937,43.941057999783141],[-86.289151999789937,43.941015000080981],[-86.289154000338087,43.940247000252313],[-86.289155000163007,43.939671000015494],[-86.289152999614842,43.939365000065926],[-86.289149000315206,43.938448999927544],[-86.289147999591989,43.938144000214393],[-86.289144000292339,43.937768000321505],[-86.289131999698455,43.936642000125488],[-86.289129000223724,43.936266999879464],[-86.289129000223724,43.935667000130131],[-86.289130999873535,43.933866000009417],[-86.289131999698455,43.933267000109112],[-86.289000000352274,43.933340999982796],[-86.288961999819151,43.933423999696586],[-86.28889400004708,43.933505999806684],[-86.288741999711107,43.933554999921071],[-86.288596999946165,43.933572000255012],[-86.288499000036865,43.933626999817911],[-86.288400000302659,43.933786000008965],[-86.288331999632291,43.933852000146501],[-86.288073000064514,43.93393999978467],[-86.287944000193093,43.933955999881348],[-86.287837999887884,43.934027999939559],[-86.287754000222279,43.934148000058507],[-86.28775900024516,43.934181999735515],[-86.287776999788505,43.93430200019062],[-86.287831000215192,43.934433999894004],[-86.287785000184442,43.934570999888955],[-86.287663999810604,43.934697000247823],[-86.287687000275128,43.934806999829448],[-86.287777999613425,43.934878000039461],[-86.287847000108712,43.935003999747849],[-86.287770999940719,43.935141999830691],[-86.287663999810604,43.935175000126506],[-86.287390999999118,43.935180000012899],[-86.287223999594559,43.935245999897134],[-86.287124999860353,43.935449000267859],[-86.287103000119046,43.935674000171787],[-86.287177999563809,43.935679000016229],[-86.287114999814605,43.935856000319426],[-86.287279999671043,43.935989999993872],[-86.287350999816141,43.936196000034073],[-86.287236000188429,43.936687999999734],[-86.28695800035409,43.937065999756129],[-86.286007999601779,43.937746000223171],[-86.285868999684624,43.938036999865851],[-86.285865000384973,43.938046999803824],[-86.285872000057651,43.938261000272362],[-86.285970999791843,43.938461999950555],[-86.286416999855703,43.938840000073107],[-86.286457999863586,43.939195000132209],[-86.286492000198763,43.939576000220875],[-86.286472999932187,43.939619000316917],[-86.286144000044231,43.939803000090954],[-86.28601099997482,43.939810000292631],[-86.285810000133381,43.939821999989505],[-86.28561599996462,43.93987700024028],[-86.28547700004745,43.939916000010967],[-86.283811999617782,43.940203999963543],[-86.282861999763796,43.940538999961277],[-86.282362999996522,43.940781000223879],[-86.28207000009354,43.9410400002877],[-86.281961000313601,43.941180999962995],[-86.281690000151954,43.941360000064542],[-86.28147099986883,43.941538000274321],[-86.281305000187487,43.941725999917217],[-86.281086999729283,43.942044999891564],[-86.281024999805012,43.942439000275179],[-86.281065999812881,43.942719999790818],[-86.281121999889379,43.942982999717856],[-86.281181000338918,43.943108999715804],[-86.281290999943778,43.943346000020227],[-86.281433000234003,43.943489999948426],[-86.281463000371247,43.943520000239921],[-86.281680000106206,43.943739000227538],[-86.281905000237103,43.943900999778961],[-86.282090000185036,43.943991999944224],[-86.282220999706283,43.944057999749461],[-86.282325000361681,43.944180000235406],[-86.282385999562734,43.944403000184906],[-86.282332999859278,43.944635000120478],[-86.282188000094322,43.944797999762272],[-86.282101000055704,43.944835000297218],[-86.281728999611701,43.944996000154447],[-86.281055999767148,43.944962000192788],[-86.280633999992759,43.944965999961006],[-86.27962800006226,43.944877999823717],[-86.279443999939261,43.944823000318557],[-86.279289000128557,43.944744000128829],[-86.279289999953448,43.944639999858175],[-86.279289999953448,43.944537000001645],[-86.279289999953448,43.94445800007864],[-86.27928300028077,43.943845000055823],[-86.279280999732634,43.943579000165371],[-86.279242000272887,43.941211000125989],[-86.279242000272887,43.941151999791003],[-86.279242000272887,43.940835000222862],[-86.279241000447982,43.940651999776165],[-86.269584999577503,43.940681000192001],[-86.269663000293633,43.946123999803753],[-86.269664999943444,43.946381000038343],[-86.269665999768364,43.946497000140141],[-86.26970099992846,43.950010999797435],[-86.269665999768364,43.950121000151036],[-86.269643000202137,43.950394999970428],[-86.2696680003165,43.951268000322564],[-86.264773000383272,43.95124200005359],[-86.264785999903737,43.952958999681755],[-86.264785999903737,43.953020000198997],[-86.269710000149288,43.952997000117321],[-86.269711999799128,43.953107999923141],[-86.269712999624019,43.953170000091461],[-86.26971500017217,43.953256999790938],[-86.269725000217903,43.953971000028012],[-86.269734000438731,43.954618999800623],[-86.269726999867714,43.954819999788278],[-86.269865999784898,43.958348000034327],[-86.269869999982859,43.958635999925804],[-86.270764999585282,43.95862900000116],[-86.271059000211466,43.958626000217947],[-86.271084000325814,43.958626000217947],[-86.271092999648317,43.96213299968408],[-86.271679000352563,43.962130000077785],[-86.271963000034702,43.962128000124636],[-86.2719210002019,43.960207999812646],[-86.273503999717462,43.959402999794676],[-86.273522000159133,43.958606000150461],[-86.273626999741126,43.958604999791227],[-86.274781999634527,43.958595999790887],[-86.274831000038333,43.962113000150495],[-86.277654999661038,43.96207799998065],[-86.278075999610508,43.962072999769902],[-86.278140000082942,43.962070999814841],[-86.278334000251689,43.96206899985971],[-86.278398999650705,43.96206899985971],[-86.278632000177524,43.962064999949199],[-86.279330999961346,43.962057000127416],[-86.27956500031307,43.962055000171823],[-86.280408999861848,43.962070999814841],[-86.282942000129751,43.962122000264763],[-86.283787000401745,43.962139000189474],[-86.284948000142933,43.962156999762108],[-86.288432000089713,43.962213999989395],[-86.289593999655807,43.962232999837468]]],[[[-86.284606999661079,43.96487500002528],[-86.284724999661861,43.964825999861397],[-86.284194000107519,43.964825000253477],[-86.279686999613503,43.964744999884516],[-86.27961299999366,43.964739999898285],[-86.279616000366701,43.964845999774809],[-86.279650999628487,43.966344000142534],[-86.279749000436098,43.969276000226976],[-86.279910000094574,43.969385000300768],[-86.279931000010976,43.969306999965845],[-86.280166000187606,43.968677999762747],[-86.280362000006207,43.968275000214312],[-86.28054000028142,43.967956000068817],[-86.280745000320834,43.96765200002222],[-86.281095000125205,43.967220000240083],[-86.281352999868062,43.966942999754757],[-86.281568999778131,43.96672999996192],[-86.281788000061255,43.966514000020304],[-86.281838000289952,43.966466999722435],[-86.281988999902708,43.966335000021317],[-86.282110000276518,43.966232000261449],[-86.282471999776462,43.965960999814115],[-86.282727000044574,43.965799999850418],[-86.282975999566617,43.965653000233416],[-86.283193000199901,43.965527000179797],[-86.283696000165151,43.965271000222685],[-86.284606999661079,43.96487500002528]]]]},"properties":{"BASENAME":"Scottville"}},{"type":"Feature","geometry":{"type":"Polygon","coordinates":[[[-85.418540999781143,44.419189999688506],[-85.418539000131332,44.419009000251876],[-85.418538000306427,44.41885599969202],[-85.418536999583196,44.418830999805735],[-85.418536999583196,44.418757999999585],[-85.418536999583196,44.418733999709374],[-85.418534999933371,44.418544000165603],[-85.41853099973541,44.417973000103707],[-85.41853099973541,44.417934999878099],[-85.418529999910518,44.417784000307854],[-85.418525999712557,44.417252000240339],[-85.418524000062732,44.417183999993803],[-85.418508000169197,44.416474999997021],[-85.418503999971236,44.416138000202523],[-85.418493999925502,44.415383999968931],[-85.41848700025281,44.414784999758687],[-85.418478000031968,44.414063000010167],[-85.418473999834006,44.413769999805581],[-85.417087999961922,44.413746000034763],[-85.417089999611747,44.413441000217674],[-85.417097000182764,44.412621999949458],[-85.418452999917605,44.412589999838552],[-85.418428999628162,44.410822999805738],[-85.417394000283664,44.410819999844165],[-85.417389000260812,44.410935999743145],[-85.417378000390158,44.410957000070916],[-85.417386999712662,44.411093999976757],[-85.417385000062836,44.41132599974118],[-85.416324999705679,44.411327000147544],[-85.416322000230949,44.41161000023569],[-85.415615000051204,44.411599000310005],[-85.415260000223967,44.41181500004744],[-85.414513999686164,44.411810999738734],[-85.414102999782429,44.411807000071406],[-85.412987000247085,44.411791999872733],[-85.412285000090208,44.412426000038138],[-85.411526000031927,44.412646999923638],[-85.411485999848949,44.413510999779845],[-85.411480000001177,44.413659000301678],[-85.411434999795333,44.414416000096217],[-85.411473000328471,44.414560999841321],[-85.411423000099759,44.414556000010961],[-85.411103000432632,44.414525000026664],[-85.409659999760805,44.414513000297404],[-85.409597000011615,44.414511999945546],[-85.408345999858767,44.414496999798992],[-85.408345999858767,44.414447000138296],[-85.408346999683658,44.414436000104544],[-85.408365999950234,44.412517999685441],[-85.408339000186061,44.41082799995521],[-85.408362999577179,44.4101969997865],[-85.408338000361141,44.408938000261124],[-85.408273000063815,44.407253000217324],[-85.408278000086696,44.40653000004756],[-85.408282000284657,44.406060000286438],[-85.408267000216028,44.404364000121916],[-85.408263000018067,44.403873999881242],[-85.408264999667907,44.403837999906003],[-85.408258999820106,44.40377199989392],[-85.408262000193176,44.403642999976192],[-85.408308000223926,44.401908000039263],[-85.408309000048831,44.401848999903976],[-85.40830499985087,44.401187999727469],[-85.40830499985087,44.401165999804846],[-85.408302000376139,44.400095000219451],[-85.408293999980202,44.400021000173034],[-85.399510999869165,44.400085999967281],[-85.399401000264305,44.400085999967281],[-85.398217999883499,44.400090999750972],[-85.396129999854537,44.400102999871933],[-85.395826999905822,44.400101999915421],[-85.395352000427991,44.400108000296001],[-85.395102000182746,44.40011100016514],[-85.393953999962022,44.400126000150365],[-85.392459000310012,44.400115999946699],[-85.391217000377964,44.40015300024249],[-85.391145000407946,44.400158999976],[-85.39071600006254,44.40014100013174],[-85.390003999859928,44.40015300024249],[-85.39000800005789,44.400636999874678],[-85.390013000080771,44.401203000078397],[-85.390018999928543,44.401889000165362],[-85.390012000255851,44.402993999701444],[-85.390013000080771,44.403454999974812],[-85.390013000080771,44.403724999732965],[-85.390012000255851,44.403848000115282],[-85.390018000103623,44.404348000055741],[-85.390020999578354,44.404703000133949],[-85.390014999730582,44.40503999972087],[-85.39000600040805,44.405466000164488],[-85.388099999953965,44.405482999789371],[-85.388089999908232,44.405977999952114],[-85.388109000174808,44.406883000037958],[-85.388128000441384,44.408068000023164],[-85.38813299956594,44.408364000004582],[-85.388147999634555,44.408958000217702],[-85.38819700003836,44.40940299972867],[-85.38827200038142,44.410061999918916],[-85.388364000442948,44.410864000120576],[-85.388372999765451,44.411226999854698],[-85.388400000427936,44.412317999793196],[-85.388409999575387,44.412681999869569],[-85.388417999971296,44.41302500002768],[-85.388443999910564,44.414053999981952],[-85.388453000131392,44.414398000147003],[-85.388458999979179,44.414630999987857],[-85.388477000420849,44.415331999749299],[-85.388483000268621,44.415566000052536],[-85.388462000352234,44.416510999894477],[-85.388468000200007,44.416770000107825],[-85.388470999674752,44.41685499972219],[-85.3884959997891,44.417212999882146],[-85.388509000207875,44.417294000202148],[-85.388510000032795,44.417334999830217],[-85.388532999599022,44.418194000200273],[-85.388530999949197,44.418809999738983],[-85.38854199981985,44.419632999735065],[-85.388537999621903,44.420379999880609],[-85.388532999599022,44.42158499984825],[-85.389023000043792,44.421583000028072],[-85.390495000129604,44.421581000207816],[-85.39098600039928,44.421581000207816],[-85.391243000317232,44.421581999797198],[-85.392017000444127,44.42158499984825],[-85.39227500018697,44.42158600007911],[-85.392344999608866,44.42158499984825],[-85.392558000044218,44.421584000258967],[-85.392629000189316,44.421584000258967],[-85.392682999717678,44.421583000028072],[-85.392698999611184,44.420989999965208],[-85.393495000377712,44.420962000266861],[-85.393473999563,44.417829000131313],[-85.39842399974782,44.417833999681832],[-85.399961000130958,44.417855000099117],[-85.400110000093875,44.417857000046816],[-85.40012199978942,44.418068999888263],[-85.400155000299719,44.418587999763702],[-85.400172000018159,44.419083000018347],[-85.400192999934561,44.419667999991063],[-85.400227000269737,44.420028999740843],[-85.400244999813097,44.420379999880609],[-85.400249000011058,44.420605000210884],[-85.400254999858831,44.420877000206865],[-85.400274999950298,44.421079999775522],[-85.400329000376999,44.421388000230792],[-85.400397999973961,44.421704999840287],[-85.4004919996853,44.422034999991986],[-85.400592999967628,44.422335000088289],[-85.400671999610353,44.422552000162952],[-85.400755000349335,44.42273999973316],[-85.400869999977076,44.423025999742265],[-85.401023999962845,44.423267999742812],[-85.401194999667084,44.423546000081892],[-85.401376000315352,44.423837000317583],[-85.401566000286152,44.424107999845184],[-85.401797000264835,44.424401000215006],[-85.402008999976943,44.424639000224971],[-85.402413000207972,44.425053000208607],[-85.402379999697715,44.42512700002387],[-85.402501999896444,44.425122999984247],[-85.402748999768647,44.42512000011471],[-85.402870000142485,44.42511899994431],[-85.403256999756763,44.425114999904146],[-85.403189999809612,44.424971000199875],[-85.40269199986723,44.424627000005074],[-85.402585999562035,44.424380000224225],[-85.403598000238631,44.424370999859292],[-85.403561000428695,44.421482999950086],[-85.407986999833568,44.421481999717464],[-85.408186000025182,44.421481999717464],[-85.408437000095347,44.421481999717464],[-85.408431000247575,44.420916000045942],[-85.408443999768039,44.419837000034114],[-85.408444999592959,44.419674999911415],[-85.408592999730956,44.419674000289476],[-85.408914000121328,44.419669000254721],[-85.409044999642575,44.419666999727383],[-85.410941999875817,44.419657999920048],[-85.416357000391045,44.419635000263504],[-85.416635000225398,44.419632999735065],[-85.41853300028356,44.419625000186898],[-85.418534999933371,44.419470999688741],[-85.418540999781143,44.419189999688506]]]},"properties":{"BASENAME":"Manton"}},{"type":"Feature","geometry":{"type":"Polygon","coordinates":[[[-85.42418899992488,44.886186000196517],[-85.424224999909896,44.885768000049829],[-85.422290999866732,44.885761000152428],[-85.421132999600275,44.885757999832457],[-85.418582999613946,44.885750000039231],[-85.418365999878972,44.884287999891541],[-85.417786999745758,44.884539000287617],[-85.415539999708145,44.885512999692878],[-85.415205999797294,44.885656000316779],[-85.414177000300583,44.885658000109338],[-85.411365000373436,44.885711000315233],[-85.411229999755918,44.885716999686963],[-85.409509999972997,44.885690999858973],[-85.408959000327158,44.885749000144557],[-85.407686000432989,44.885720999904244],[-85.407638999679008,44.885720000009073],[-85.407687000257894,44.885232000079512],[-85.407815000304424,44.884737999719292],[-85.40803899971209,44.884099000047115],[-85.407667000166413,44.884021000243528],[-85.407618999587527,44.884080000227108],[-85.406991999773709,44.884847000235673],[-85.406756999597079,44.885175999718456],[-85.406497000204396,44.885539000237756],[-85.406421999861337,44.885699000296881],[-85.402671999775762,44.885707000097248],[-85.401110000176587,44.886221999939181],[-85.400563999655319,44.886238000029714],[-85.399998999765785,44.886157000281337],[-85.399127999554509,44.886084000166797],[-85.398365000196591,44.886119999973296],[-85.398005000346473,44.886238000029714],[-85.397540999840984,44.88634100030724],[-85.396741999599712,44.886152000206707],[-85.396570999895502,44.886130000127693],[-85.396233999611596,44.886087999722086],[-85.395544000048602,44.886175000164585],[-85.394375999736411,44.886454999744394],[-85.393387000422678,44.886831000127522],[-85.392931000313112,44.887384999978231],[-85.392500000317881,44.887967999874533],[-85.392182000300565,44.88855500024647],[-85.391891000047423,44.888873000008481],[-85.391465000075087,44.888893999834799],[-85.390634000046788,44.889154000292351],[-85.390030999624102,44.889565999775769],[-85.389688000390763,44.890123999925727],[-85.389601000352101,44.890750000085582],[-85.389444999818167,44.891662000175771],[-85.389496999696718,44.892692999759682],[-85.389727999675387,44.893377999951632],[-85.389735000246404,44.893757000165813],[-85.389735000246404,44.893783999921183],[-85.389731999873362,44.893851000013697],[-85.389686999667518,44.894665999809085],[-85.389786000300035,44.895727999905716],[-85.389858000270038,44.896490000056495],[-85.389681999644637,44.897875999857767],[-85.389613999872594,44.898969000286847],[-85.389604999651752,44.899793000124085],[-85.389284999984625,44.900323000180627],[-85.38906099967862,44.900850999905188],[-85.38898100021099,44.901275000174699],[-85.388627000208672,44.901718999842593],[-85.388386000184241,44.9026360002375],[-85.38827300020634,44.902770000077886],[-85.388063000144058,44.903016999705947],[-85.387931999724486,44.903557000253464],[-85.387884000043897,44.903756000058728],[-85.387920000028913,44.904391000033385],[-85.388105999801766,44.904886999966038],[-85.390146000150139,44.904879000288439],[-85.390469000190322,44.904940999828703],[-85.390418000136719,44.905051999987926],[-85.390278000394616,44.905328999989287],[-85.390106999792096,44.90572199972231],[-85.389996000362316,44.905911999954064],[-85.390608999932425,44.906127999702576],[-85.391295000195768,44.906368999774777],[-85.391761000351082,44.905477000003408],[-85.391785999567119,44.905260000162016],[-85.392629000189316,44.905251999900052],[-85.392548999823376,44.90630699986594],[-85.393078999552799,44.907494000163773],[-85.394733000111799,44.908712999894945],[-85.394835000219047,44.907052000245166],[-85.394576999577865,44.906741999898166],[-85.394316000360277,44.906131999772761],[-85.394516000376825,44.905157000044433],[-85.394651000096033,44.904831000290578],[-85.406200999928387,44.904840999736699],[-85.406982999552881,44.904837000213],[-85.407719000044935,44.904828999892132],[-85.408672000271977,44.904830000091366],[-85.41004100042565,44.904818999807652],[-85.410766999973646,44.904367000153869],[-85.411158999610805,44.90412199975016],[-85.411388999764569,44.903937999980997],[-85.411971000270853,44.903646000161999],[-85.4124819997337,44.90344599975267],[-85.412917999751784,44.903105000221274],[-85.413696999901561,44.902611000023782],[-85.414023000314799,44.902368000255997],[-85.414611999595451,44.902048000170687],[-85.415226999713681,44.9018470003139],[-85.415690000394264,44.901637000007284],[-85.416306000337428,44.901430999967211],[-85.416882999922521,44.901351000240695],[-85.417238999574664,44.901432999847607],[-85.417420000222947,44.90166000013587],[-85.417497000215832,44.901889000028653],[-85.41772999984434,44.901945000024789],[-85.417718999973687,44.901715000101646],[-85.417278999757642,44.901021000112671],[-85.417111000426459,44.900885999745704],[-85.417478999774175,44.90042099994406],[-85.417390999910637,44.900132999929774],[-85.417455000383043,44.899663999881291],[-85.417590000102265,44.899170999685431],[-85.417867000111698,44.898734000295107],[-85.417918000165315,44.898652999690867],[-85.419625000427772,44.897887000197279],[-85.420791000191826,44.897447000246871],[-85.421531999808451,44.897034000249853],[-85.422260999729488,44.896048999882304],[-85.422814999748368,44.895569000104189],[-85.42313500031382,44.895358000048944],[-85.423465999851615,44.895139000095696],[-85.423685000134739,44.894821999714708],[-85.423721999944661,44.89418699968968],[-85.423958999771116,44.893537999842984],[-85.424023000243537,44.893289999821683],[-85.424050999832616,44.893180000265325],[-85.424108999558953,44.892953999996003],[-85.424171000381534,44.892595999964882],[-85.424209999841267,44.892369000166532],[-85.424013000197789,44.892142000108649],[-85.424058000403633,44.891574999759058],[-85.42418899992488,44.891264999962189],[-85.423961000319252,44.89025500020162],[-85.423865999884697,44.889512000110365],[-85.423963999793997,44.888739000239028],[-85.423945000425732,44.888271000029569],[-85.423918999588153,44.887623999973549],[-85.423968999816864,44.886857000076724],[-85.42418899992488,44.886186000196517]]]},"properties":{"BASENAME":"Elk Rapids"}},{"type":"Feature","geometry":{"type":"Polygon","coordinates":[[[-84.606433999867861,44.486847000174606],[-84.606489000119467,44.483486000265245],[-84.601502000124711,44.483518000013682],[-84.601600000034011,44.479914999686699],[-84.597907999674774,44.479882999884829],[-84.597104000308946,44.479877000000144],[-84.59688400020093,44.479888999768932],[-84.596434999764043,44.479900000302536],[-84.596049999799575,44.479917999947659],[-84.595684999926604,44.479912999939955],[-84.595119000212165,44.479876000126161],[-84.595013999731862,44.479873999737116],[-84.594593999607298,44.479937999974091],[-84.59428499981081,44.479947999984745],[-84.593128000267583,44.479924999701282],[-84.592243999637532,44.479907999931818],[-84.591833999558702,44.479911000193148],[-84.5902490003933,44.479927000088573],[-84.588402000388754,44.479946000239138],[-84.586752999852621,44.479948999857541],[-84.585500000049933,44.479984999752922],[-84.581642999834244,44.48005100025118],[-84.581625000290899,44.480244000036812],[-84.581601000001442,44.481741999927451],[-84.581566999666265,44.482521999694704],[-84.581573000412362,44.482654999830466],[-84.581539999902091,44.483767000000128],[-84.581337000410798,44.49081999969453],[-84.581324999816928,44.490912000254099],[-84.581332000387945,44.491002000020252],[-84.581323000167103,44.491933999913726],[-84.581387999566118,44.492598000188629],[-84.581312000296435,44.492685999966518],[-84.581263999717549,44.492866000292871],[-84.581246000174218,44.493037000024223],[-84.581238999603201,44.493213999690262],[-84.581246000174218,44.493489999856962],[-84.581231999930495,44.494443999789532],[-84.581164000158438,44.496111000133517],[-84.581093999838245,44.498037999900035],[-84.581099999686018,44.498314999860227],[-84.581072999921844,44.498991999755212],[-84.581093999838245,44.499040999932767],[-84.58117099983113,44.499688999781249],[-84.58117099983113,44.499880000245994],[-84.581151999564568,44.50083299992108],[-84.581110999556671,44.501005000149377],[-84.581055000378498,44.501200000103637],[-84.581012999647399,44.501221000030235],[-84.580990000081187,44.50162999989935],[-84.580980000035424,44.501690000050843],[-84.580986999708117,44.501724999843731],[-84.581041000134789,44.501725999983933],[-84.581063999701016,44.50180799989095],[-84.581066000249152,44.502078999716424],[-84.58109200018842,44.505156000068574],[-84.583791999962571,44.505143999731544],[-84.584822000182498,44.505140000045799],[-84.584737999618596,44.505224999876184],[-84.585849000029384,44.505513999910107],[-84.585862000448188,44.504971000097704],[-84.586432000360574,44.504497999833404],[-84.587889000377757,44.504385000145064],[-84.587990999586708,44.504984999998278],[-84.590001999622757,44.505010000178515],[-84.590333999883782,44.505011999705516],[-84.590985999811949,44.505021999902411],[-84.590984000162123,44.50471699985318],[-84.590969000093494,44.504200000290098],[-84.590960999697586,44.503656000303984],[-84.590958000222869,44.503467000257146],[-84.590952000375083,44.503258999998984],[-84.590856999940513,44.503207999933323],[-84.590962000420831,44.502799999723727],[-84.590973000291484,44.502758999841561],[-84.591034000390849,44.5025000002165],[-84.591063999629753,44.50233199979256],[-84.591062999804848,44.502130000129085],[-84.59097699959112,44.501756999837319],[-84.590922000237853,44.501592999764497],[-84.590836999849031,44.501520999711829],[-84.591610000151022,44.501526999933176],[-84.592474999616201,44.501534000297447],[-84.593979000387378,44.501547000239441],[-84.59428499981081,44.50154300030686],[-84.594986999967674,44.50154300030686],[-84.595258000129334,44.501546000096113],[-84.596372000014853,44.501560000178536],[-84.596586000275096,44.501569999686147],[-84.597618999969768,44.501574999759669],[-84.598034999896385,44.501819000135349],[-84.598441999602159,44.502039000102798],[-84.598782000259092,44.502045999764874],[-84.601123000008045,44.501579999832757],[-84.601210999871583,44.498369000314483],[-84.601278999643654,44.494373999771582],[-84.601430000154693,44.487044000195311],[-84.606428000020088,44.487000000232136],[-84.606433999867861,44.486847000174606]]]},"properties":{"BASENAME":"Roscommon"}},{"type":"Feature","geometry":{"type":"MultiPolygon","coordinates":[[[[-86.390506000060682,43.685589999795056],[-86.390605999619794,43.68546599979679],[-86.388314000274647,43.685433000256964],[-86.387770000301515,43.685425000306736],[-86.387761999905607,43.684679999860151],[-86.383119999692369,43.685950000056032],[-86.37793699987904,43.687368999714913],[-86.375950999957325,43.687945000071352],[-86.375488999999988,43.688113000188935],[-86.37432700043388,43.688376999794293],[-86.374190999991441,43.688408000262243],[-86.374082000211487,43.687103000126086],[-86.373927000400784,43.685250000235413],[-86.371384999912095,43.685190000074876],[-86.371326000360853,43.681695999851357],[-86.368189999670307,43.681562999969756],[-86.368196000416404,43.682225000266861],[-86.36819999971604,43.682797000169693],[-86.36633799964288,43.682804000026835],[-86.366310000053801,43.682880999700735],[-86.366314000251762,43.683337999991942],[-86.366393999719392,43.685163000210416],[-86.366705999888921,43.685179000179673],[-86.368018999966068,43.685240000104585],[-86.368033000209763,43.686734999863674],[-86.369198000148913,43.68678600028197],[-86.369217000415503,43.688326000079201],[-86.369313999601559,43.688328000132508],[-86.369311000126814,43.688341000152725],[-86.369303999555825,43.688529999978527],[-86.369300000256175,43.688628000231162],[-86.369297999708024,43.688678999689479],[-86.369295000233308,43.688733000138583],[-86.369295000233308,43.688756000266956],[-86.366520000116097,43.688639999840142],[-86.36439699992701,43.688570000246841],[-86.363011000054939,43.688603999706878],[-86.361928999956476,43.688575000034895],[-86.361944999849996,43.688486000237255],[-86.362005999949361,43.688337000046872],[-86.362041999934377,43.688232000095816],[-86.362072999896512,43.687998000174709],[-86.362471000279768,43.688003999717743],[-86.362477000127555,43.687842000153196],[-86.362676000319198,43.687795999836204],[-86.362679999618834,43.687712000041863],[-86.362682999991875,43.687646999880563],[-86.362812999688217,43.684987000266872],[-86.360651000039425,43.684920999992485],[-86.35834899975022,43.684851999716557],[-86.357892999640626,43.684836000309708],[-86.357535000338657,43.684826000109851],[-86.357542000011364,43.685100000046333],[-86.357545000384391,43.685205000283055],[-86.357537999813403,43.685306000027943],[-86.357516000072096,43.685625000041561],[-86.35751400042227,43.685655000236572],[-86.357880999945067,43.685663999902417],[-86.35874499958534,43.685686000162505],[-86.359527000108159,43.685704999878688],[-86.359507000016677,43.686659000319061],[-86.357535000338657,43.686609000172957],[-86.357481999736891,43.688478000044604],[-86.356813999915218,43.688462000305684],[-86.356271999591911,43.688430999865659],[-86.353149000218451,43.688350999766648],[-86.352382999589182,43.688339999801499],[-86.352441000213801,43.693011999857639],[-86.352534000100235,43.696338000211071],[-86.352334000083687,43.697178000000179],[-86.352283000030056,43.697512000251272],[-86.352232999801345,43.698145999841763],[-86.352231999976439,43.698369999897395],[-86.352252000067921,43.699166000097556],[-86.352272999984322,43.69950799968759],[-86.352375999916475,43.700163999750146],[-86.352688999910924,43.701266999720467],[-86.352723000246129,43.702873999989919],[-86.352801000063906,43.706481000152777],[-86.355448000134629,43.706528999870542],[-86.35560600031836,43.706857999769319],[-86.355951000099864,43.707441000191984],[-86.356156999964185,43.707320000019216],[-86.356288000383742,43.707330999749821],[-86.357588000042114,43.707450999867959],[-86.357815999647741,43.707424000284384],[-86.358280999978149,43.707333999853091],[-86.358510000307007,43.707266000072565],[-86.358857999563227,43.707108000093612],[-86.359111000181557,43.706965999699641],[-86.359450999940179,43.706651999783517],[-86.360398000319421,43.706641999974217],[-86.361949000047957,43.706680999805386],[-86.36320000020082,43.706725999878792],[-86.363192999629803,43.707036999938673],[-86.363156999644801,43.707238999756342],[-86.363128000230802,43.707334999887529],[-86.363541999609282,43.707454999997609],[-86.363375999927925,43.70774200016325],[-86.365818999784125,43.707846999722129],[-86.368012000293376,43.707960999962623],[-86.368106999829621,43.707988999977118],[-86.369958999857019,43.70787099968824],[-86.371436999790618,43.707880999941857],[-86.37146199990498,43.709624999822807],[-86.374230000349513,43.709610999874663],[-86.37502299984466,43.709609999878246],[-86.375076000446427,43.709626999815178],[-86.375570000190834,43.709579999977763],[-86.375570000190834,43.709627999811303],[-86.376369000432078,43.709565000021946],[-86.376315999830325,43.709515000141963],[-86.376301999586616,43.709501000168082],[-86.37622100029408,43.709308000195144],[-86.376084999851642,43.7093040001891],[-86.375889000033069,43.709102000187642],[-86.375864999743598,43.709078000065105],[-86.375853000048053,43.709071000027528],[-86.375780000253116,43.708988000169192],[-86.375818999712848,43.708864999854846],[-86.375942999561403,43.708701000125345],[-86.376108000316179,43.708506000144155],[-86.376166999867408,43.708317000286186],[-86.376210000423427,43.708006999747653],[-86.376216000271199,43.707717000117476],[-86.376152999623699,43.707218999682574],[-86.376067000308282,43.70694900030675],[-86.375977999721528,43.706816999967231],[-86.375861000443962,43.706701000058658],[-86.375570000190834,43.706481000152777],[-86.374995000255566,43.706075999867721],[-86.374515999681449,43.705721999994175],[-86.374391999832895,43.705649000020735],[-86.374204000410231,43.705580000213217],[-86.373837999814029,43.705469000186774],[-86.373710999592419,43.705406999988959],[-86.373641000170522,43.705343000241164],[-86.373600000162654,43.705286000256066],[-86.373580999896063,43.705211999681879],[-86.373587999568784,43.703392000213469],[-86.374396000030856,43.703413999815446],[-86.374406999901495,43.703001000036373],[-86.373743000277784,43.702983000061487],[-86.37374400010269,43.703130000022902],[-86.373589000291986,43.703126999709227],[-86.373626000101922,43.702715000012702],[-86.373614000406349,43.702540999848488],[-86.373653999691001,43.70203500024104],[-86.373705999569538,43.701745999772228],[-86.373701000444981,43.701519999727083],[-86.373710999592419,43.701479000170693],[-86.373755999798263,43.701301999910775],[-86.373737000429998,43.701100999708473],[-86.373694999698884,43.70096500021684],[-86.373591999766731,43.70081000029591],[-86.373504999728084,43.699738000168239],[-86.373175999840115,43.699734000173052],[-86.37319000008381,43.698955000085732],[-86.373196999756516,43.698915999774513],[-86.374427999817897,43.698944000117081],[-86.374430000366033,43.699779999776702],[-86.377310000065251,43.699851000083974],[-86.377334000354679,43.698571999693918],[-86.377036000428845,43.698560000123663],[-86.377040999553415,43.698024999741982],[-86.375607000000741,43.697965000020588],[-86.375615000396678,43.697817999735051],[-86.375632999940024,43.697503999963665],[-86.375706999559867,43.696189000042672],[-86.372980999846448,43.696119000166988],[-86.372979000196622,43.696043999745619],[-86.37296999997578,43.695574999962709],[-86.372955999732099,43.693535999837799],[-86.372944000036526,43.692494000238703],[-86.374132000440213,43.692545999938531],[-86.374185999968574,43.692556000150432],[-86.37432700043388,43.69256199988704],[-86.377721999793877,43.692698999880534],[-86.377722999618797,43.692667999681852],[-86.37773100001472,43.69246699976469],[-86.377776000220564,43.691381000212829],[-86.377793999763909,43.691179000225262],[-86.378013999871939,43.691187999711829],[-86.379131000130513,43.691230999766198],[-86.379142000001167,43.691011000251166],[-86.379333999621792,43.691013000214987],[-86.379331000147062,43.690464000179695],[-86.378043000184249,43.690448000321041],[-86.377996000328594,43.690447000004959],[-86.377994999605363,43.690225999892554],[-86.382986999622972,43.690294999832879],[-86.382991999645853,43.690548999682242],[-86.382999000216842,43.690977000206907],[-86.383020999958163,43.690970000004327],[-86.383004000239723,43.691241999850654],[-86.388004999579849,43.691320999689452],[-86.38799299988429,43.69083400026814],[-86.387966999945007,43.689718999958473],[-86.387962999747046,43.689071000064629],[-86.387987000036503,43.688549999791228],[-86.388004999579849,43.688162999730963],[-86.388019999648463,43.687842000153196],[-86.388155000265996,43.687623999976488],[-86.388834999783242,43.686978000283062],[-86.389296999740594,43.686539999889867],[-86.390153999708176,43.686025999849356],[-86.390320000287844,43.685819999741867],[-86.390506000060682,43.685589999795056]]],[[[-86.398463000166302,43.690441999723376],[-86.398448999922593,43.689345999783029],[-86.398371000104802,43.687587999883029],[-86.39829800030985,43.682334000195333],[-86.398296999586648,43.682099000198114],[-86.398294999936809,43.681792999764646],[-86.397603999650599,43.681993999722089],[-86.394547000399385,43.682905999708623],[-86.394443999568907,43.68428599983357],[-86.394402999561038,43.68483799982981],[-86.394625000217189,43.684872000105969],[-86.394586999684037,43.685127999694387],[-86.394586999684037,43.685290999845066],[-86.394601999752652,43.685436000156834],[-86.394653999631188,43.685606000300041],[-86.394734999822049,43.685795000298732],[-86.394877999937165,43.686012000236552],[-86.395425000283353,43.68673699997008],[-86.395734999904747,43.687314999986604],[-86.395821999943379,43.687516999996213],[-86.395956999662587,43.68795600010889],[-86.3960279998077,43.688402999810677],[-86.396038999678368,43.688587000304061],[-86.396022999784847,43.688727000018879],[-86.396006000066407,43.688951999873602],[-86.396427999840796,43.689268000276805],[-86.396714999895977,43.689474999918048],[-86.396384000358182,43.68968699983936],[-86.396088999907079,43.689875999970816],[-86.396078000036411,43.689995999951385],[-86.39604600024937,43.690372999952189],[-86.398463000166302,43.690441999723376]]]]},"properties":{"BASENAME":"Hart"}},{"type":"Feature","geometry":{"type":"Polygon","coordinates":[[[-86.378361000201579,43.627095999933289],[-86.378363999676296,43.626643000255939],[-86.378352999805671,43.626026999722995],[-86.377476999571513,43.625611000115867],[-86.37667499985551,43.6251760002175],[-86.374889999775263,43.624207000021059],[-86.374071000340848,43.623710000271046],[-86.373217999672903,43.623112000129062],[-86.37257999998846,43.622600000187226],[-86.371536000423134,43.621656000243512],[-86.370706000219741,43.620832999716249],[-86.370193000208758,43.620309000263426],[-86.369568999869685,43.619692000312796],[-86.369998000215091,43.619698999724847],[-86.370142999980047,43.61970299985299],[-86.372883999762067,43.61977100004016],[-86.372882999937161,43.616222999763337],[-86.372888999784948,43.616176000235335],[-86.372891000333084,43.612496999783893],[-86.374021000112123,43.612519000193885],[-86.374210000258003,43.611077999916958],[-86.374225000326632,43.609010999954172],[-86.374042000028524,43.609006000043124],[-86.373811000049827,43.608998000314614],[-86.372903000028629,43.608959000078166],[-86.372923000120139,43.601710000167856],[-86.372922000295219,43.600524999800079],[-86.373692000224153,43.60055899968733],[-86.373717000338516,43.601732999812882],[-86.375194000447181,43.601777000042695],[-86.377802999984738,43.601784000238915],[-86.377802000159832,43.596481000149893],[-86.377802000159832,43.596310000126017],[-86.37692900029873,43.596276999723024],[-86.376638000045588,43.596263000000022],[-86.372969000150889,43.596112000039078],[-86.372913000074391,43.596110000166284],[-86.372913999899296,43.597423999838988],[-86.372898999830682,43.598199000199557],[-86.370789999885318,43.598129999787403],[-86.370789999885318,43.598052000159569],[-86.370779999839584,43.597567999725065],[-86.370466999845135,43.597592000214703],[-86.37046600002023,43.597485999714706],[-86.370128999736323,43.597484999801196],[-86.370117999865698,43.597618999778284],[-86.370095000299472,43.598101999899299],[-86.36997999977342,43.59810000009265],[-86.369896999932749,43.598096999732014],[-86.368004999722373,43.598034999835299],[-86.367978999783105,43.60164599975171],[-86.360564000000778,43.601463999822478],[-86.360421999710567,43.60141100007916],[-86.360264000425119,43.601398000098143],[-86.358094000380405,43.601377000022843],[-86.353221000188483,43.60124399980927],[-86.353139000172717,43.608441999991243],[-86.353109000035488,43.615730999701157],[-86.353104000012621,43.616791000010572],[-86.353093000141968,43.619389999912421],[-86.35658399976144,43.619404000106641],[-86.356731000074532,43.619405000306223],[-86.356741000120266,43.619752999806842],[-86.357198999879671,43.619754000000562],[-86.357205999552392,43.620104999995988],[-86.357207000275594,43.620274999833384],[-86.35574500023553,43.620267999838113],[-86.355746999885355,43.621167000275527],[-86.355746000060449,43.621248999872158],[-86.348252999562007,43.621109000128527],[-86.348261999782849,43.622936999806242],[-86.350047999688002,43.622964999840093],[-86.350081000198287,43.624090999684221],[-86.358161000327556,43.624198000244007],[-86.358159999604325,43.624144000252706],[-86.358137000038113,43.622986000182067],[-86.364201000108451,43.623105999951761],[-86.364215000352146,43.62254999999989],[-86.364211999979105,43.619622999840345],[-86.367889000269727,43.619649999921528],[-86.367890000094647,43.622575999920436],[-86.367892999569378,43.625119000141076],[-86.367895000117514,43.626949000282963],[-86.37669199957395,43.627073000232876],[-86.378361000201579,43.627095999933289]],[[-86.359589999857349,43.61972899970413],[-86.359543999826585,43.620418000116253],[-86.358085999984482,43.62037900013194],[-86.358080999961615,43.620126000036343],[-86.358080000136695,43.619682000315223],[-86.359589999857349,43.61972899970413]]]},"properties":{"BASENAME":"Shelby"}},{"type":"Feature","geometry":{"type":"Polygon","coordinates":[[[-85.689380999902866,44.502347999945322],[-85.689416999887882,44.500790000265262],[-85.686999000146059,44.500769999699315],[-85.687104999552943,44.497208000030838],[-85.686334999624009,44.497203999800625],[-85.686215999798321,44.497203000223571],[-85.685972000299159,44.497202000005778],[-85.685860000146178,44.497200000210867],[-85.685742000145396,44.497197999775111],[-85.685578999938784,44.497194000184983],[-85.685092999691975,44.497185000144952],[-85.684931000208579,44.497182000131311],[-85.684332999808774,44.49718099991312],[-85.68254299970566,44.497182999708684],[-85.681946000029072,44.497182999708684],[-85.681875999708893,44.497191999749028],[-85.681783999647365,44.497203000223571],[-85.681757999708111,44.497203000223571],[-85.681737999616601,44.497208000030838],[-85.681618999790928,44.497239999940632],[-85.681491999569317,44.497289000309038],[-85.681474999850892,44.497295999900622],[-85.681448999911609,44.497327000187191],[-85.681115999825693,44.497150999767669],[-85.681036000358048,44.497150999767669],[-85.678247999822048,44.49714499973669],[-85.677892000169891,44.497151999986336],[-85.677167000446801,44.497165000264616],[-85.677122000240956,44.497165999842323],[-85.677132000286704,44.497106999739934],[-85.677132000286704,44.497063000319827],[-85.677184999990146,44.496239999746521],[-85.677189000188122,44.496182000224046],[-85.677189000188122,44.496076999770764],[-85.677189000188122,44.496055000316993],[-85.677189000188122,44.495923000216322],[-85.677148000180225,44.495520000239857],[-85.677147000355319,44.495347000241431],[-85.677163000248854,44.494729999941995],[-85.677198000408936,44.49354899977422],[-85.677157000401067,44.493466000145091],[-85.677179999967279,44.493258000092247],[-85.677211999754334,44.493066000075096],[-85.677225999998043,44.492717999794557],[-85.677265000356087,44.491738999729726],[-85.677277999876566,44.490376999774483],[-85.677286000272488,44.490311999759179],[-85.677298999792967,44.490207000271589],[-85.677299999617887,44.490186999920532],[-85.677299999617887,44.490176000044947],[-85.677302999990928,44.490080999867928],[-85.677303999815848,44.490052000255282],[-85.677017999585573,44.489990999962224],[-85.676983000323801,44.489984000134633],[-85.6768700003459,44.489948999702385],[-85.676795000002812,44.4899200000241],[-85.675743000041578,44.48989499978159],[-85.674689000430504,44.489872999918205],[-85.674118999619793,44.489861000280499],[-85.673624999875386,44.489849999702585],[-85.672065999750927,44.489814000127105],[-85.671547999717077,44.489803000181126],[-85.670882000443541,44.489790000184087],[-85.670462000318963,44.489781000283045],[-85.670181000111583,44.489758999735812],[-85.669988999592633,44.489714000192727],[-85.66990099972908,44.489710000089246],[-85.669507000442096,44.48969200026108],[-85.669047999959488,44.489662000107856],[-85.668764000277349,44.489644000264867],[-85.66844899973475,44.489640000156584],[-85.667651000216736,44.489631999939199],[-85.667509999751417,44.489638000102346],[-85.667416999865011,44.489662000107856],[-85.667298999864229,44.489714999898155],[-85.667209000350852,44.489729000257903],[-85.667216000023558,44.490087999683873],[-85.667217999673369,44.490163999828731],[-85.667220000221505,44.490239000178185],[-85.667219000396585,44.490273000099727],[-85.667183000411598,44.491485000152117],[-85.667108999893429,44.493977999973474],[-85.667066000235721,44.495120999774031],[-85.667021999854782,44.496333000318678],[-85.66701699983193,44.496465000132019],[-85.667001999763301,44.496860999701475],[-85.666997999565339,44.4969939998225],[-85.666617999623753,44.496999999868962],[-85.665974999916415,44.496996000265248],[-85.664343999821952,44.496985999973163],[-85.662907999721156,44.496973000295696],[-85.662759999583159,44.49697200007396],[-85.661885999897137,44.496970000271155],[-85.661656999568265,44.496967000246407],[-85.661536999917701,44.496966000024564],[-85.660972999853058,44.496975000098395],[-85.660746000072365,44.496979999925216],[-85.660378999651243,44.496987000194665],[-85.659971999945469,44.496987000194665],[-85.658145999857325,44.496987999775371],[-85.657649999564768,44.4969789997036],[-85.656877000161103,44.496964999802714],[-85.656810000213952,44.498420999684186],[-85.656609000372484,44.502790999908306],[-85.656543000250252,44.504247999837915],[-85.656518000135904,44.504554999961627],[-85.656482000150888,44.504999999979574],[-85.656474999579871,44.505478999829286],[-85.65647100028022,44.505788000017887],[-85.656457000036539,44.506072000135859],[-85.656414000378817,44.506923999875632],[-85.656400999960042,44.507209000270933],[-85.656338000210837,44.507844999884739],[-85.656332000363051,44.50790700011445],[-85.656283999784165,44.509031000139473],[-85.656246999974243,44.509763000034894],[-85.656221999859895,44.510281000220829],[-85.656216999837014,44.510402999933632],[-85.656199000293682,44.510808000147591],[-85.656152000437999,44.511873000067624],[-85.656149000064957,44.512022999918408],[-85.656143000217185,44.5124289997216],[-85.673367999957435,44.512582999879008],[-85.676406999665289,44.512609999910453],[-85.676432999604557,44.512609999910453],[-85.679714000060073,44.512624999851333],[-85.684518999581627,44.512662000030637],[-85.684520000304829,44.512647000099278],[-85.685667999627228,44.512667999745865],[-85.685775999582276,44.512668999698327],[-85.685777000305492,44.512651999863316],[-85.685967000276293,44.512656000314799],[-85.686605999785655,44.512671000243841],[-85.686845000160261,44.506262000128054],[-85.686892999840836,44.504440000196475],[-85.687157000329805,44.504441999743065],[-85.687949999824966,44.504448000304471],[-85.688000000053663,44.504448000304471],[-85.688281000261071,44.504450999944304],[-85.68851100041482,44.504453000131164],[-85.689201999802748,44.504459000050744],[-85.689345999742784,44.504460000144093],[-85.689360999811399,44.502932000273574],[-85.689380999902866,44.502347999945322]]]},"properties":{"BASENAME":"Buckley"}},{"type":"Feature","geometry":{"type":"Polygon","coordinates":[[[-85.792388999834301,43.561157999738128],[-85.79195899966399,43.554342999819738],[-85.791925000227124,43.553809000118697],[-85.791921000029149,43.551000000203608],[-85.791920000204257,43.550949999753392],[-85.791869999975546,43.548493999996104],[-85.791865999777585,43.548338000275926],[-85.79186300030284,43.548240999716249],[-85.791693000423535,43.546544000193208],[-85.789258999889853,43.546616000153577],[-85.78915400030786,43.546619999931799],[-85.789048000002651,43.546623000253632],[-85.788875999575211,43.546628000138618],[-85.784825000089086,43.54674799985758],[-85.784415000010256,43.546759999816302],[-85.783927999938527,43.54660300005856],[-85.781878000442717,43.54664199968407],[-85.77960200009278,43.546678000267548],[-85.779303000342054,43.546694000013566],[-85.779041000401207,43.546689000134101],[-85.778448999849203,43.546702000210573],[-85.777697000361925,43.54673800010714],[-85.777062999977119,43.546779999959284],[-85.776999000403023,43.54687799971758],[-85.774225000110718,43.546841999904629],[-85.773890000374948,43.54679199991169],[-85.771633000291601,43.546838000141129],[-85.770463000329585,43.546958000093099],[-85.769619999707402,43.546985999678576],[-85.769476999592271,43.546990000083376],[-85.768956000083662,43.547005999746581],[-85.768807000120759,43.547010000150046],[-85.76742200007358,43.54705299991285],[-85.767066000421437,43.547063999710971],[-85.766351999670675,43.54707799980622],[-85.765332000394793,43.547109000284728],[-85.76444299974186,43.547135999701339],[-85.76165500010417,43.547222000318634],[-85.760270999881911,43.547263999833589],[-85.751799999940388,43.547524000303078],[-85.751778000199081,43.55001100015766],[-85.751777000374162,43.550093999779477],[-85.751768000153334,43.552814999921573],[-85.751763000130467,43.55412200011385],[-85.75175499973453,43.558203000171957],[-85.751739999665929,43.558989999829755],[-85.751749999711677,43.559558000102811],[-85.75175599955945,43.559897999739789],[-85.751752000259799,43.56036800011853],[-85.751767000328428,43.561391999840275],[-85.753974000183064,43.561371999989454],[-85.760469000248619,43.561310000019191],[-85.761014999871563,43.561305000050304],[-85.771650999834947,43.561218999999753],[-85.774429000325213,43.561181999773723],[-85.776878000029186,43.561185999887229],[-85.7787660000416,43.561164000236161],[-85.781089000247206,43.561100000317786],[-85.78159200021247,43.561117999874519],[-85.782228000247073,43.561077000116953],[-85.782874000327453,43.561150000158101],[-85.783414000102624,43.561178000310917],[-85.784091999970059,43.561141000059706],[-85.785328999879226,43.561169000216751],[-85.786278999733227,43.561108999771342],[-85.787179000256813,43.561030999688874],[-85.787970999927055,43.561083999839383],[-85.788032000026419,43.561077999984349],[-85.788657000190398,43.561014999843124],[-85.789303000270777,43.56099899999306],[-85.790376000148427,43.561007000244103],[-85.791537999714521,43.561068000007644],[-85.792388999834301,43.561157999738128]]]},"properties":{"BASENAME":"White Cloud"}},{"type":"Feature","geometry":{"type":"Polygon","coordinates":[[[-85.225799999556457,44.979077000220741],[-85.225799999556457,44.975602000173097],[-85.225798999731552,44.975467000285889],[-85.225710999867999,44.975467000285889],[-85.221958000307708,44.975446000317234],[-85.221893999835288,44.975446000317234],[-85.221893000010382,44.975580000015469],[-85.22188399978954,44.976017999832195],[-85.220696000284164,44.976005000007689],[-85.220620999941104,44.976003999776665],[-85.220620000116185,44.97543899990233],[-85.220646000055453,44.968206999865508],[-85.215464000067058,44.96819200007802],[-85.214913000421248,44.968199999838092],[-85.214499000144457,44.968199000106466],[-85.214534000304553,44.967364000132001],[-85.214424999626289,44.96634799988253],[-85.214282000409469,44.965962999880773],[-85.214392999839234,44.9655680001568],[-85.214653000130227,44.964938000238384],[-85.214624999642837,44.964553000307362],[-85.214540999977245,44.9643280001915],[-85.214296999579773,44.963975000112768],[-85.213775000246272,44.96351100025786],[-85.21346700027469,44.963382999856613],[-85.213143000409588,44.963299000033984],[-85.212611000132043,44.963114999720325],[-85.212479999712471,44.963027000218375],[-85.212115999664405,44.962136000201568],[-85.211924999868685,44.961866000276693],[-85.211764000210195,44.961733000161992],[-85.211487000200762,44.961594000023339],[-85.211210000191315,44.961412000297486],[-85.210609000316808,44.961233000189033],[-85.21045500033101,44.961116999959046],[-85.210355999698479,44.960958999761651],[-85.210318999888571,44.960854999836783],[-85.204270999711781,44.960834000238577],[-85.203427000162975,44.9608300001629],[-85.203403999698452,44.962575000187165],[-85.203402999873532,44.964486000009202],[-85.201440000416355,44.964486999805544],[-85.201093999911635,44.964486999805544],[-85.201174000277589,44.962769999686799],[-85.20117799957724,44.962677999708816],[-85.19860300037486,44.962624000081405],[-85.198523999833839,44.963949999891611],[-85.198548999948187,44.965112000029713],[-85.198461000084635,44.968078999773404],[-85.198459000434823,44.968187999879802],[-85.198430999947419,44.969496000253635],[-85.198391999589361,44.970749000106636],[-85.198138999869357,44.970757000145575],[-85.195952000106203,44.970757999832564],[-85.195885999983972,44.970757999832564],[-85.195956000304164,44.968229000309371],[-85.193177999813898,44.968239000161709],[-85.193197999905379,44.964733000018946],[-85.193198999730299,44.96455700012347],[-85.188121000397288,44.9645089997694],[-85.187948999969819,44.974765999687733],[-85.192725000077374,44.974423999962738],[-85.192718000404668,44.975472999821605],[-85.188985000037547,44.97545800002792],[-85.183042000341047,44.975435000209544],[-85.183002999982989,44.975435000209544],[-85.182862000415994,44.975422999858608],[-85.182827000255898,44.976122999822174],[-85.182676999569736,44.979099000307613],[-85.185407000379442,44.979117000314623],[-85.186093999569366,44.979123000103911],[-85.187559999807405,44.979132999963085],[-85.187861000106281,44.979135000315992],[-85.188714999700792,44.979141000103382],[-85.190847999935599,44.979156000204519],[-85.1918610004371,44.979163000165698],[-85.192991000216153,44.979171999842144],[-85.193135999981109,44.979171999842144],[-85.19895400000415,44.979214000219898],[-85.199260000325893,44.979214000219898],[-85.199436999877904,44.979214999759478],[-85.201791999870551,44.979232000190819],[-85.202725000006112,44.979237999968021],[-85.203130000062075,44.979240000317255],[-85.20325599956044,44.979242000030986],[-85.203254999735535,44.979735000093541],[-85.203249999712668,44.980642999991055],[-85.203249999712668,44.981008000249183],[-85.203247000237937,44.981078000102791],[-85.20325200026079,44.981438000087657],[-85.203248999887748,44.981980999701655],[-85.203246000413017,44.982330999799977],[-85.203242000215056,44.983016999690996],[-85.203232999994214,44.986376000211244],[-85.205989999669768,44.986382999926242],[-85.206405999596385,44.986381999876258],[-85.206823000246217,44.986381999876258],[-85.207275999982741,44.986270999936217],[-85.207348999777693,44.986306999888775],[-85.20743499999142,44.986317999816862],[-85.208021999622247,44.986322000021197],[-85.208198000247648,44.986318999867954],[-85.208768000160035,44.986318999867954],[-85.209516000347676,44.986315000298738],[-85.210253999591231,44.986288000181339],[-85.211415000230758,44.98628199987116],[-85.215407000165641,44.986344999920121],[-85.21548400015854,44.982806999986714],[-85.220319999642228,44.982708999692015],[-85.220630000161947,44.982716999968709],[-85.220625999963985,44.979052000227341],[-85.220702000131951,44.979052000227341],[-85.225799999556457,44.979077000220741]]]},"properties":{"BASENAME":"Bellaire"}},{"type":"Feature","geometry":{"type":"Polygon","coordinates":[[[-84.723527000447675,44.656421999740544],[-84.723457000127468,44.656420999701702],[-84.721821999835058,44.656404000317195],[-84.72152999975701,44.656398000082149],[-84.719696999996174,44.656435000243583],[-84.719018000303819,44.656436000282191],[-84.718576000437949,44.656432000127765],[-84.718665000126407,44.650006999835028],[-84.718691000065689,44.64859199991173],[-84.718698999563287,44.647890999717639],[-84.718778000104322,44.645743999866518],[-84.718583999935561,44.645754000177732],[-84.718116999955342,44.645806000234387],[-84.717757999930129,44.645768000099231],[-84.717434999889946,44.645742000059712],[-84.711943000280129,44.645295999877881],[-84.709117999934207,44.645075000248326],[-84.709086000147153,44.645069999714863],[-84.708691999961857,44.644797999827361],[-84.708439000241853,44.645887999835686],[-84.707414999869698,44.645867999896822],[-84.705993999837531,44.645870999920064],[-84.706251999580388,44.644813999818432],[-84.70627199967187,44.64473000013551],[-84.706701999842181,44.642756000056217],[-84.70680999979723,44.642261000142192],[-84.706167999914811,44.642248000296696],[-84.704452000329837,44.642214000244579],[-84.704217000153193,44.642166000024233],[-84.70196900029066,44.642148000011304],[-84.699302999953389,44.642095999871451],[-84.698840000171131,44.642086999854797],[-84.689776999677576,44.642117000117899],[-84.689159999909521,44.642113999900566],[-84.693253999951665,44.64496199984638],[-84.693244999730837,44.645097000289702],[-84.6931929998523,44.646230000087357],[-84.693099999965881,44.649064999682096],[-84.693120999882282,44.653347000159371],[-84.698416999673498,44.653406999887345],[-84.698281000129384,44.656516000117449],[-84.69894399992819,44.65650100019667],[-84.69966899965128,44.656511999968544],[-84.70032999980026,44.656523999775366],[-84.701243999669259,44.656514000043032],[-84.70238299966914,44.656504999707316],[-84.70301200003108,44.656505999744667],[-84.702988999566543,44.657673000290394],[-84.702919000144647,44.658821999762829],[-84.70312199963594,44.660146999732945],[-84.703063000084697,44.662339000306211],[-84.70302899974952,44.663459999721475],[-84.703001000160427,44.663586000041889],[-84.702975000221159,44.663632999873229],[-84.702924999992433,44.663662999854402],[-84.702934000213276,44.665337000269034],[-84.702924999992433,44.665552000073404],[-84.703036000320523,44.667790999745733],[-84.703005000358374,44.668022000008904],[-84.70301200003108,44.66995300015823],[-84.703036000320523,44.670571999711122],[-84.703007999833119,44.670923999861444],[-84.703195000329188,44.670923999861444],[-84.703942999618491,44.670926999866239],[-84.70463100042997,44.670926000077586],[-84.70534399955919,44.670926999866239],[-84.705608000048144,44.670928000293692],[-84.706367999931331,44.670929000082317],[-84.707840000017157,44.670938000095454],[-84.708953999902675,44.670890999798409],[-84.710795999884326,44.670819000234523],[-84.711349000078286,44.670796999728829],[-84.711472000101949,44.670796999728829],[-84.712415000283244,44.670765999815181],[-84.713689000002333,44.670725999840293],[-84.713885999645825,44.670530999806871],[-84.714116999624508,44.670707999746774],[-84.714039999631623,44.670749999956335],[-84.714026000286225,44.671790999896274],[-84.714001000171848,44.672521999806115],[-84.714142999563776,44.672534000132337],[-84.714946000002982,44.672545000056552],[-84.71533299961726,44.672579999975696],[-84.715493000349156,44.672521000045023],[-84.715395000439869,44.674061999861564],[-84.717871999732935,44.674319000060954],[-84.717879000303952,44.674167000001212],[-84.718014999848066,44.670907000257237],[-84.718025999718733,44.670583999802247],[-84.718572000240002,44.670533000036613],[-84.718957000204455,44.670527999781584],[-84.719795999730366,44.670492999900873],[-84.720781999569368,44.670436999792265],[-84.722607999657512,44.670344999861449],[-84.722662999909105,44.665433999899122],[-84.722693000046334,44.66537999978258],[-84.722874999621212,44.665039999786359],[-84.722932000420926,44.66493000026265],[-84.723062000117281,44.664811000205937],[-84.72311999984359,44.664204999864602],[-84.723117000368859,44.664167000283662],[-84.723115999645628,44.664095999940706],[-84.72311999984359,44.66401999997219],[-84.723129999889323,44.663938999719505],[-84.723134999912205,44.66384800024715],[-84.723136999562016,44.663800999951185],[-84.723144000133033,44.663757999905329],[-84.723144000133033,44.663707999797047],[-84.723145999782858,44.663661000026515],[-84.723145999782858,44.663614000217862],[-84.723150999805725,44.66356800028673],[-84.723156999653497,44.663518999930957],[-84.723207999707128,44.663510000043658],[-84.723213999554901,44.662068000198445],[-84.723267000156667,44.661230999728133],[-84.723371999738674,44.661086000195034],[-84.723442000058867,44.659841000318501],[-84.723452999929521,44.659394999925134],[-84.723527000447675,44.656421999740544]]]},"properties":{"BASENAME":"Grayling"}},{"type":"Feature","geometry":{"type":"Polygon","coordinates":[[[-85.532694000387309,43.875174999687552],[-85.532700000235096,43.873560000196782],[-85.532677999595464,43.873137999708661],[-85.532623000242197,43.873137999708661],[-85.53246000003557,43.873137999708661],[-85.532405999608912,43.87313900021055],[-85.53200399992599,43.87314099991908],[-85.531783999817975,43.873140000064822],[-85.530794999605916,43.873135999999974],[-85.530653000214002,43.873447999717129],[-85.52976299973615,43.87498499988601],[-85.529642000260651,43.875202000005544],[-85.529378999596602,43.875711999756724],[-85.529077000371117,43.876392999989505],[-85.528966000043042,43.876667999960944],[-85.528740999912145,43.877305000066031],[-85.528576000055693,43.877840000167673],[-85.52845700023002,43.878302999935336],[-85.528400000328602,43.878584000030081],[-85.527739000179608,43.878562000061244],[-85.527671000407551,43.878635999982947],[-85.527642000095241,43.878668000130631],[-85.527331999575523,43.878666999721581],[-85.527333000298768,43.878619999902654],[-85.527334000123659,43.87855300024826],[-85.527223999620489,43.87855300024826],[-85.524836000015881,43.878546999724641],[-85.523728999803055,43.878545000197505],[-85.523728999803055,43.879032000277121],[-85.523718999757307,43.879112999836437],[-85.522942999980586,43.879112999836437],[-85.522942999980586,43.879080999927744],[-85.522942999980586,43.879048000246719],[-85.522942999980586,43.878966000195014],[-85.522944999630425,43.878630000115209],[-85.522946000353642,43.878485000106416],[-85.522946000353642,43.878374999998286],[-85.522948000003467,43.878179000126494],[-85.522948999828387,43.87795399971008],[-85.522949999653292,43.877837999969231],[-85.522951000376509,43.877646999814665],[-85.522953999851254,43.877281000055412],[-85.52295600039939,43.877056999921763],[-85.522953999851254,43.876830000216586],[-85.522948000003467,43.87615000024897],[-85.522946000353642,43.875924000133807],[-85.52295600039939,43.875775999937794],[-85.52297599959256,43.875513999914538],[-85.522968000094949,43.875334999834458],[-85.522962000247176,43.875187999938127],[-85.522978000140682,43.874979000298211],[-85.522983000163563,43.87477300005358],[-85.523006999554681,43.873849000028585],[-85.523006999554681,43.873528999743975],[-85.523008000277926,43.873403000014399],[-85.52301800032366,43.87311499981714],[-85.523019999973485,43.872845000229994],[-85.523025999821272,43.872039000096017],[-85.523029000194327,43.871770000044407],[-85.523041999714792,43.871327000315233],[-85.523061999806274,43.870705000143474],[-85.52305199976054,43.86999800015132],[-85.523046999737659,43.869555000203164],[-85.523054000308676,43.869335999761056],[-85.523076999874888,43.868682999799233],[-85.523085000270811,43.868464999971593],[-85.523087999745556,43.868297000029784],[-85.52309799979129,43.867796999729677],[-85.523101999989251,43.867629999794772],[-85.523121000255827,43.867074000273121],[-85.523137999974267,43.866590000152726],[-85.523144999646959,43.866384000054644],[-85.520218000092086,43.866378000248631],[-85.520213000069219,43.865795000024747],[-85.520208999871258,43.865286000236146],[-85.519792000119736,43.865283000277934],[-85.515763000374903,43.865254000026624],[-85.515335999679337,43.865251000066799],[-85.515334999854431,43.865499000120465],[-85.51532999983155,43.865899000184804],[-85.515334999854431,43.866349999850556],[-85.515318999960897,43.866349999850556],[-85.515216000028744,43.866349999850556],[-85.513307000099928,43.866331999772726],[-85.513323999818368,43.864691999739854],[-85.513379999894866,43.859337000196405],[-85.513369000024213,43.858892999945965],[-85.513262999719004,43.858890999759396],[-85.512808000332655,43.858883999753523],[-85.511905000334309,43.858870999833002],[-85.507831000383661,43.858812000108252],[-85.506473999925561,43.858793000250309],[-85.506155000083325,43.858784000042775],[-85.505975999983193,43.858779000214774],[-85.50519799965835,43.858761999889595],[-85.504878999816114,43.858755999964188],[-85.504828999587389,43.858753999772986],[-85.504682000172622,43.8587510001338],[-85.504632999768816,43.8587510001338],[-85.504381999698637,43.858741999919928],[-85.504369000178173,43.858741999919928],[-85.504385999896613,43.858803999998351],[-85.505109999794797,43.862109000086384],[-85.505299999765597,43.862967999834261],[-85.505743000354698,43.864961999992637],[-85.506008999595153,43.866161999705298],[-85.506035000432746,43.866280000093099],[-85.503923000114341,43.86625099967916],[-85.503347000354168,43.86626599987266],[-85.498706999790727,43.866190000191665],[-85.494474999656319,43.866118000302201],[-85.49364399962802,43.866104000043734],[-85.4936279997345,43.867514000033815],[-85.493626000084674,43.867691999697229],[-85.49359400029762,43.868235000108989],[-85.493609000366234,43.868519000199235],[-85.493607999643018,43.868641000173682],[-85.493602999620137,43.869049999832143],[-85.493682000161172,43.868987000123035],[-85.49377000002471,43.869000999704333],[-85.493809000382782,43.869057999862378],[-85.493768000374885,43.869213999913946],[-85.493733000214789,43.8692889997062],[-85.493668999742397,43.869433000156704],[-85.493529999825213,43.869623000173775],[-85.493440000311836,43.869878000182034],[-85.4934379997637,43.870124999861041],[-85.493457999855181,43.8707139998466],[-85.49345500038045,43.870724999985541],[-85.493392999557855,43.870724000090746],[-85.492688999751167,43.870706999933695],[-85.492707000192823,43.870056999815546],[-85.490559999714307,43.869792000174215],[-85.490441999713553,43.869750000034919],[-85.489818000272791,43.869416000279038],[-85.489571000400588,43.869409000213672],[-85.488532999784738,43.869403999981515],[-85.488531999959818,43.868508000300736],[-85.483985000181136,43.868373000262572],[-85.48362100013307,43.868363000271557],[-85.483502000307368,43.868449999683776],[-85.483436000185151,43.868483999985294],[-85.483334000077903,43.868514999824278],[-85.483340999750581,43.868554999676221],[-85.483363000390199,43.868676000295423],[-85.48336800041308,43.868699999885962],[-85.483371999712716,43.868716999967837],[-85.482645000339815,43.86871300025377],[-85.480464000424419,43.868703000319798],[-85.479737000153207,43.868699999885962],[-85.477687999583978,43.86869600017075],[-85.473697000372312,43.868689000020872],[-85.473617000006357,43.870460000076264],[-85.473597999739795,43.870840000080584],[-85.473498000180683,43.872887000130973],[-85.473952999567032,43.872895000293767],[-85.478620999719539,43.87292999986019],[-85.479609000106677,43.872936000301863],[-85.479606999558541,43.873746999828967],[-85.478526000183294,43.873742999804911],[-85.478522999810266,43.87390399975267],[-85.478475999954583,43.874874999792212],[-85.478402000334739,43.876536000314346],[-85.481015000070258,43.876554999697738],[-85.481343000133293,43.876556000142251],[-85.481353000179055,43.875295999817986],[-85.483435000360217,43.875302999839427],[-85.483436000185151,43.875208000218457],[-85.483441000208018,43.874524999732287],[-85.483442999857843,43.874329000147725],[-85.483442999857843,43.874290000120489],[-85.482082999925026,43.874275999838808],[-85.481865000365133,43.874271000014929],[-85.481867999839864,43.87367199981842],[-85.483447999880696,43.873674000156655],[-85.483447999880696,43.873569000116369],[-85.483450000428832,43.873329999920699],[-85.483452999903577,43.872960000119726],[-85.48674199985669,43.873023000162362],[-85.488059999956718,43.873144000129351],[-85.488577000165662,43.873216999803347],[-85.488646999587544,43.873240000303049],[-85.488901999855671,43.873276000166392],[-85.489123999613525,43.873313999710767],[-85.489502999730206,43.873378999727308],[-85.489849000234926,43.873460999696881],[-85.490246999719872,43.873548000086068],[-85.490582000353939,43.873633999854739],[-85.490752000233257,43.873679999875833],[-85.491288999635373,43.873828000096999],[-85.491690000391685,43.873960999754644],[-85.491914999624271,43.87403699988829],[-85.492307999984646,43.874184999870415],[-85.492866000201474,43.874434999976678],[-85.493251999990861,43.874608999726924],[-85.493460000403317,43.874702999827207],[-85.49345700003029,43.875057000072992],[-85.493419000395434,43.876645999932229],[-85.49453800030382,43.876670000198615],[-85.49503000039843,43.876680000090886],[-85.496421000293381,43.87670599993254],[-85.497278000260948,43.876718000054836],[-85.497443000117386,43.87672100008507],[-85.497807000165452,43.876728999733174],[-85.498346999940622,43.876737999821657],[-85.501568999946585,43.876796000143464],[-85.50172899978017,43.876799000169768],[-85.503270000361269,43.876831000008934],[-85.503267999813119,43.876902000116864],[-85.503251999919598,43.877463999892257],[-85.503203000414132,43.879271000266783],[-85.503186999622272,43.879874000127913],[-85.503184000147542,43.880021000119186],[-85.503179000124661,43.880309999696465],[-85.503996999734184,43.880313000193304],[-85.508013999783444,43.880360999704898],[-85.508060999639099,43.880423999693107],[-85.50815799972348,43.880550000117154],[-85.508772000016805,43.880620999678605],[-85.509160000354328,43.880887999825475],[-85.509324000385845,43.881123999684192],[-85.509596000372412,43.881217999866941],[-85.509653000273815,43.881166000225043],[-85.509827000351095,43.881011000101694],[-85.509885000077432,43.880960000002212],[-85.509899000321127,43.880945999992676],[-85.509945000351863,43.880906000039694],[-85.509960000420492,43.880892999741661],[-85.509976000314012,43.880992000196692],[-85.509997000230413,43.88112599977233],[-85.510005999552931,43.881183999707773],[-85.510153999690928,43.881678000151645],[-85.510331999966169,43.8821900002105],[-85.51064800033366,43.883028000059035],[-85.510894000380958,43.883727999885565],[-85.511039000145914,43.884082999923855],[-85.512742000210395,43.885025999797783],[-85.512851999815268,43.885081999865854],[-85.512841999769506,43.885120000298301],[-85.512864000409152,43.885262999749038],[-85.513075000296325,43.885666000121141],[-85.513004999976147,43.885908000258624],[-85.512844000317642,43.886082999809695],[-85.512820000028213,43.886346999887408],[-85.512825999875986,43.886355999817951],[-85.512867999708789,43.886383000248756],[-85.513021999694558,43.886483000275206],[-85.513697000087276,43.886770999957157],[-85.51389499955566,43.886788999688704],[-85.513911000347505,43.886661999883856],[-85.513957000378269,43.886585000038529],[-85.514093999747303,43.886557999699242],[-85.514882999942799,43.886862999750903],[-85.515185999891514,43.887057000300018],[-85.515200000135209,43.887054999763613],[-85.515751999605939,43.886987999883431],[-85.515743000283436,43.886357000097838],[-85.515970999889063,43.886453999980532],[-85.516536999603488,43.886640999935899],[-85.516779000351136,43.886701999856705],[-85.516984000390551,43.886753999846007],[-85.517308000255667,43.886834999913155],[-85.517774000410995,43.886948000102628],[-85.517786999931445,43.886951000265157],[-85.517918000351031,43.886968000320131],[-85.517935999894377,43.886848000209433],[-85.51796299965855,43.88653400017872],[-85.51796000018382,43.886499000186149],[-85.517944000290299,43.886406999830157],[-85.517925999848629,43.886217000235696],[-85.517940000092324,43.885264999698165],[-85.517955000160939,43.884280999779492],[-85.517945000115205,43.884256000321216],[-85.517916999627786,43.884192000184143],[-85.517867000297386,43.884122999686149],[-85.517791999954341,43.884076000286456],[-85.517673999953544,43.883992000040891],[-85.517458999868396,43.883984000073028],[-85.515364000166741,43.883990000049032],[-85.51485799982845,43.883992000040891],[-85.514748000223605,43.883992999713122],[-85.514553000229924,43.883984999745337],[-85.514426000008314,43.88394899987712],[-85.514298999786718,43.883918999970291],[-85.514253999580859,43.883875000079634],[-85.514206999725204,43.883787999876439],[-85.512439000261693,43.883791000198165],[-85.512434000238827,43.883779000205386],[-85.512246999742771,43.883775999883099],[-85.51223900024516,43.883689999860103],[-85.512230000024317,43.883586000313834],[-85.512234000222278,43.883431000011953],[-85.512251999765624,43.883351000178742],[-85.512261999811372,43.883269000221979],[-85.512428000391054,43.882901000005383],[-85.512485000292443,43.882743999829948],[-85.512543999843672,43.882582999810047],[-85.512529999599977,43.88227999990778],[-85.512485000292443,43.882153000201981],[-85.512137999962818,43.881645999678128],[-85.511819999945487,43.881491000156053],[-85.511645999868222,43.881368999939561],[-85.511571000423473,43.881261000059546],[-85.511539999563027,43.881215000063179],[-85.511414000064633,43.880703000042615],[-85.511367000208978,43.880670999692875],[-85.511254000231062,43.880593999873582],[-85.511171000390391,43.880536999741437],[-85.510874000289462,43.880461000127866],[-85.510798999946402,43.880442000047466],[-85.510742000044985,43.880435999714138],[-85.510679000295809,43.880435999714138],[-85.51060099957968,43.880427000184206],[-85.510685999968501,43.880415999893572],[-85.510753999740544,43.880408999825278],[-85.510896000030783,43.880413000049387],[-85.511686999876119,43.880350999782827],[-85.511859000303559,43.880332000314844],[-85.511923999702574,43.880325000236681],[-85.512025999809822,43.880332000314844],[-85.512077999688358,43.880335999896658],[-85.512165999551897,43.880364999932219],[-85.512312999865003,43.880359000238599],[-85.512329999583429,43.880359000238599],[-85.512434000238827,43.880359000238599],[-85.512770999624408,43.880357000124768],[-85.513784999950815,43.8803529998969],[-85.514123000059612,43.880352000163597],[-85.514576999621042,43.880352000163597],[-85.515939000102009,43.880354000277649],[-85.516392999663452,43.880355000010866],[-85.516637000060939,43.8803529998969],[-85.517098000193371,43.880350999782827],[-85.517371000004857,43.880357999857942],[-85.517391000096325,43.880359000238599],[-85.517616000227235,43.880359999971738],[-85.517662000257985,43.880372999738604],[-85.517688000197253,43.880376999965122],[-85.518686999556735,43.880500999732106],[-85.522941000330775,43.880548999739695],[-85.523871999918185,43.880526999848954],[-85.524842999688573,43.880524000010347],[-85.527264999628386,43.880516999954779],[-85.527267000176508,43.88044700000107],[-85.527571999775049,43.880447999732738],[-85.527574000323185,43.880420000117212],[-85.527688000125991,43.880461999859342],[-85.527704999844431,43.880470000300164],[-85.528171999824664,43.880451000222628],[-85.528171999824664,43.880660999822872],[-85.528162999603822,43.881022000282528],[-85.528143000410651,43.881391000166893],[-85.528238999771816,43.882017999993579],[-85.528248999817563,43.882322000281128],[-85.52826800008414,43.882567999838336],[-85.528288000175607,43.882745000170537],[-85.528341999703983,43.882967999950147],[-85.528407000001309,43.883183000114506],[-85.528464999727632,43.883318000272894],[-85.528571999857746,43.883512999745726],[-85.528745000110121,43.883779000205386],[-85.528872000331702,43.883958999842697],[-85.529048999883727,43.884149999834214],[-85.529140999945227,43.884239000139779],[-85.529484000076891,43.884253999690749],[-85.529709000207802,43.884255000005993],[-85.530149000423847,43.884256999989006],[-85.530588999741596,43.884245000090139],[-85.530986000299933,43.884214999684907],[-85.531049999874057,43.884210999716089],[-85.531666999642113,43.884122000016156],[-85.531808000107418,43.884090999878467],[-85.53187900025253,43.88407400029741],[-85.532095000162585,43.884027000211553],[-85.532167000132617,43.88401100028409],[-85.532557000119965,43.883899999697746],[-85.532661999701944,43.883869000092048],[-85.532661999701944,43.883526999799521],[-85.53266300042516,43.883329000027715],[-85.532672999572597,43.883304000169936],[-85.532675000120719,43.883053000032589],[-85.532675999945639,43.882865000129527],[-85.532676999770544,43.881288999927335],[-85.532679000318694,43.879519000261269],[-85.532694000387309,43.875174999687552]]]},"properties":{"BASENAME":"Reed City"}},{"type":"Feature","geometry":{"type":"MultiPolygon","coordinates":[[[[-85.306236999727687,43.887378000061155],[-85.306239000275824,43.887027000016133],[-85.303183999776124,43.88784600014089],[-85.301248999908054,43.888357000030652],[-85.301282000418325,43.886323999914893],[-85.300955000180181,43.886355000185382],[-85.299636000255234,43.886483999905579],[-85.298919000029741,43.886553000258544],[-85.298638999647281,43.886581000228844],[-85.296759000030775,43.886576999771449],[-85.296483999671153,43.886576999771449],[-85.296179000072641,43.886611999718141],[-85.296047999653069,43.886652999999548],[-85.29357600038287,43.887258000129044],[-85.286162000425463,43.889072999902844],[-85.285985999800033,43.889116999838542],[-85.286183000341865,43.891471000152912],[-85.28616700044833,43.891664999935877],[-85.286121000417566,43.892247000024668],[-85.286123999892311,43.892442000047048],[-85.285066999908196,43.892712999695171],[-85.281899000328892,43.893526000303488],[-85.28084300016971,43.893797999705349],[-85.28057200000805,43.89386700000103],[-85.279761999896152,43.894073999761034],[-85.279491999559411,43.894143999886097],[-85.279125999861506,43.894238000239056],[-85.278832000133633,43.894314999901106],[-85.276852999884625,43.894833999767663],[-85.27619400028378,43.895007000012697],[-85.276190000085805,43.89486000010227],[-85.27618800043598,43.894767999713885],[-85.27615999994859,43.894423000066425],[-85.276149000077922,43.894278000302918],[-85.276496000407562,43.894191999905793],[-85.276587999570765,43.894168999725885],[-85.27649300003452,43.892178999976252],[-85.276435000308197,43.892169000095841],[-85.27633599967568,43.892173000177714],[-85.276127000336601,43.892181999875298],[-85.275807999596068,43.892195999833817],[-85.275635000242033,43.892203999993555],[-85.274969999895077,43.892112000033492],[-85.274527000204287,43.891876999870391],[-85.274185999722448,43.891664999935877],[-85.273854000359734,43.891458000218257],[-85.273220999799832,43.891388999720974],[-85.271993999936399,43.891388999720974],[-85.26850199959371,43.891845999884289],[-85.268094999887936,43.891952000271125],[-85.267955999970752,43.891989000019684],[-85.267180000194031,43.892757000178619],[-85.266617999779257,43.892992000106119],[-85.266404000417324,43.893013999925159],[-85.266404000417324,43.892813000099501],[-85.265687000191818,43.892894999865526],[-85.264389000183286,43.893047000285819],[-85.263922000203053,43.893229000082819],[-85.261988000159874,43.893983000252248],[-85.261830999801049,43.894047000227168],[-85.261373999866564,43.894221999817553],[-85.260884000320118,43.894477000075611],[-85.260203000079628,43.894764999945053],[-85.260078000406153,43.894818000153684],[-85.259485000029215,43.894919999884941],[-85.259409999686156,43.894932000222617],[-85.257533000442706,43.895439999784834],[-85.256607999804757,43.895765000167529],[-85.255842000073784,43.896499999809208],[-85.255278000009184,43.89766699975246],[-85.255079999642447,43.89845899973497],[-85.254903999915356,43.899160000174412],[-85.254737000409094,43.899473000252087],[-85.254535999669315,43.89980599976905],[-85.254514999752928,43.900436000075736],[-85.254507000255316,43.900562000243276],[-85.254522000323945,43.900590000100472],[-85.254543000240332,43.900629999781152],[-85.254561999608597,43.900665999923895],[-85.254810000204046,43.900851999882981],[-85.254861000257648,43.900896000178058],[-85.255077000167717,43.901096999906244],[-85.256012999778008,43.901455000066477],[-85.25666499970616,43.901899999781378],[-85.25683999960836,43.902466000017967],[-85.256663999881255,43.903142999934701],[-85.256319999924671,43.903970000316157],[-85.25601899962578,43.904603999819308],[-85.256027999846623,43.905249999889712],[-85.256431000252746,43.906716000178484],[-85.25656900034501,43.908357000073707],[-85.256110999687309,43.909841000093223],[-85.255033999611697,43.910494999924559],[-85.253800999900506,43.910833999778902],[-85.251947000223268,43.911018999814743],[-85.251158999852663,43.911661999947661],[-85.251168000073505,43.912061000256152],[-85.251064000316418,43.912712000125737],[-85.251425999816377,43.913401999678172],[-85.251835000070287,43.913737999692607],[-85.251965999591519,43.913942000162542],[-85.252008000322618,43.914141000219942],[-85.251960999568652,43.91436500003153],[-85.251869000405463,43.914610999898954],[-85.251531000296666,43.91489999989362],[-85.251650999947245,43.91490299994215],[-85.252009999972458,43.914912999887228],[-85.252129999623051,43.914916999735368],[-85.252418000401462,43.914915000134897],[-85.25324699988164,43.914913999687506],[-85.253287000064603,43.914912999887228],[-85.253581999617381,43.914908000238484],[-85.253790999854743,43.914961999787984],[-85.253944999840542,43.914990999789445],[-85.254086000305861,43.914989999990468],[-85.255627999813541,43.914986000147216],[-85.25614300037266,43.914984999701062],[-85.257467000320474,43.914986000147216],[-85.259314000325006,43.914989000191454],[-85.259418999906998,43.914989000191454],[-85.259438000173574,43.914989999990468],[-85.260971000358737,43.914993000034499],[-85.261260999888648,43.914993999833442],[-85.26654900018228,43.915009000051015],[-85.270981000333222,43.915012999892717],[-85.271367999947529,43.915012999892717],[-85.272532000061759,43.915013999691325],[-85.272662999583005,43.915013999691325],[-85.272920000399267,43.915015000137039],[-85.273148999829814,43.915016999734149],[-85.273425999839247,43.915021000222396],[-85.273419000166555,43.914717999684449],[-85.273409000120822,43.914085000297085],[-85.273113999669704,43.914089000200889],[-85.27146199965884,43.912705999807564],[-85.271419999826051,43.907832000126959],[-85.272669000329103,43.907820999719775],[-85.272653000435582,43.905578000317952],[-85.272644000214754,43.904281999723089],[-85.272857999576672,43.90427799980742],[-85.272966000430017,43.904275999849489],[-85.27354300001511,43.90426700003794],[-85.275359999882426,43.904237999988737],[-85.275600000081937,43.904239999947954],[-85.27628600034528,43.904246999804663],[-85.276296000391028,43.904588000241553],[-85.276306000436762,43.904938999698956],[-85.276327000353163,43.905613000101013],[-85.276338000223816,43.905954999783333],[-85.277642000080121,43.905940999823535],[-85.281382000119962,43.905900999827857],[-85.281322999670422,43.904234000070112],[-85.283501000111059,43.904222000312615],[-85.283513999631538,43.905003000195627],[-85.286296000319766,43.906045999765226],[-85.28800900042998,43.906057999802229],[-85.288036000194168,43.907806000279216],[-85.288823999666462,43.907809000038199],[-85.288805000298197,43.906568000110177],[-85.291306999705625,43.906583999802983],[-85.291173999636243,43.903479000261441],[-85.29116000029083,43.902379999795812],[-85.289924000206582,43.902347000076453],[-85.289899999917154,43.900545000184891],[-85.289899000092234,43.90046299994912],[-85.289930999879289,43.899087999987863],[-85.290172999728611,43.899089000053984],[-85.291299000208014,43.899089000053984],[-85.291320999949335,43.897069999996432],[-85.291320000124415,43.89696400030418],[-85.293712999751889,43.896969000165655],[-85.29366900026929,43.899326999777465],[-85.293664000246409,43.899581000124563],[-85.29366900026929,43.899738999992564],[-85.293860999889901,43.899680999999624],[-85.294080999997931,43.899616000197028],[-85.294476999833051,43.899477999902878],[-85.294854000299921,43.899325999715344],[-85.29494800001126,43.899287999931474],[-85.295115000415819,43.899221000219384],[-85.295615999832918,43.899019999983459],[-85.295892999842366,43.898895999927809],[-85.296150999585223,43.898781999680125],[-85.296763000228736,43.898525000228936],[-85.29773399999911,43.898103999932353],[-85.298570000050304,43.897743000070449],[-85.299156999681131,43.897479000014172],[-85.300442000169184,43.896927999865028],[-85.301039999670678,43.896665000186076],[-85.30104300004372,43.896583999893451],[-85.301054999739279,43.896204000294276],[-85.301095999747176,43.893600999922292],[-85.303964999575712,43.893656999696908],[-85.306194999894885,43.8937010001302],[-85.306195999719819,43.893234000257905],[-85.306197000443021,43.892877000037075],[-85.306199000092846,43.891902000014461],[-85.306205999765552,43.891279000132599],[-85.306211999613325,43.890747000268561],[-85.306216999636206,43.890294999862689],[-85.306220000009247,43.889983999885878],[-85.306220999834167,43.88994400017485],[-85.301243999885173,43.889870000055936],[-85.301274999847308,43.889213000173889],[-85.30127900004527,43.888693000282991],[-85.302275999754926,43.888429999842025],[-85.306236999727687,43.887378000061155]],[[-85.288808999597848,43.897019000052019],[-85.288776999810793,43.900551999828785],[-85.288652000137319,43.90056100020189],[-85.288235000385811,43.900564999720075],[-85.28823000036293,43.901657999895185],[-85.288243999708314,43.902861999829213],[-85.286210000106038,43.902831999739611],[-85.286209000281119,43.902432999699059],[-85.280566999985183,43.902445999826845],[-85.280529000350342,43.901966999715036],[-85.278653000033486,43.901979999944636],[-85.278678000147863,43.903339999865018],[-85.276262999880743,43.903326999932446],[-85.276216000025073,43.901330999903905],[-85.276199000306633,43.900601999942765],[-85.277303000146418,43.900591000141354],[-85.278232000084017,43.900581999772733],[-85.280614999665744,43.900585999936737],[-85.281720000228759,43.900588000018637],[-85.282614000006262,43.900582999813757],[-85.285298999711785,43.900569999926411],[-85.286194000212504,43.90056699980267],[-85.286185999816595,43.900268999699556],[-85.286163000250369,43.899377999686912],[-85.286155999679352,43.899081000171861],[-85.286152000379701,43.898846999745892],[-85.286140999610737,43.898146000152487],[-85.286138000136006,43.89791300002166],[-85.287406000007323,43.897904999981535],[-85.287397999611386,43.896979999988936],[-85.288808999597848,43.897019000052019]]],[[[-85.255134000069134,43.89696400030418],[-85.255149000137749,43.8968719999298],[-85.254999000349926,43.8968719999298],[-85.252614000220035,43.896888000286559],[-85.252615000044955,43.896933999831852],[-85.251362000242253,43.896942000002433],[-85.251372000287986,43.897658999679287],[-85.251392000379482,43.899350999968753],[-85.251407000448111,43.900539999976409],[-85.251408000273003,43.900575000132378],[-85.251608000289551,43.900577000214646],[-85.251676999886527,43.900578000255756],[-85.252082999767381,43.900580999731694],[-85.252887000031507,43.900578000255756],[-85.25302599994869,43.900578000255756],[-85.253215000094585,43.900576000173515],[-85.253312000178951,43.900576000173515],[-85.253329999722297,43.900576000173515],[-85.25417300034448,43.900584999895763],[-85.254155999727729,43.900534999767501],[-85.254031000054255,43.900169000164823],[-85.254442999782924,43.899319999989558],[-85.254729999838091,43.89845500007533],[-85.255011000045485,43.897603999875315],[-85.255046000205581,43.897496999746231],[-85.255134000069134,43.89696400030418]]]]},"properties":{"BASENAME":"Evart"}},{"type":"Feature","geometry":{"type":"Polygon","coordinates":[[[-86.384041999957262,43.518987999868102],[-86.38390700023804,43.518738999865775],[-86.383482999915529,43.518041000050957],[-86.38304299969947,43.517419999984391],[-86.382595999810704,43.516841999851778],[-86.381810999813169,43.515963999762278],[-86.381519999560027,43.515668999788282],[-86.381251999771422,43.515434000046788],[-86.377151999881491,43.515314999870242],[-86.375208999617485,43.515293999738077],[-86.369558999823937,43.515143999977518],[-86.365181000099668,43.515059999818455],[-86.364812000028735,43.514628000038428],[-86.364492000361579,43.514307000266662],[-86.362379000218269,43.512121000095945],[-86.362396999761614,43.50779899980752],[-86.359674000421251,43.507737000113472],[-86.359641999735885,43.508403999721217],[-86.359973000171991,43.508746000081324],[-86.359418000328219,43.509058000056882],[-86.359849000323436,43.509503000244734],[-86.359130000448118,43.509993000016301],[-86.358424999918199,43.509421000197584],[-86.358240999795171,43.509030999878441],[-86.357930000348873,43.509028000292211],[-86.357520000270043,43.509034000116053],[-86.357581000369407,43.507399000325314],[-86.357658000362306,43.504331000293],[-86.357665000034999,43.504024000151631],[-86.357756000271607,43.50048999989793],[-86.352161999656246,43.500398999942881],[-86.350682000072823,43.500363999973736],[-86.350367000428548,43.500356999716828],[-86.347895000260039,43.500313999889578],[-86.343978999594796,43.500301000238807],[-86.343918000393742,43.500301000238807],[-86.338020000004761,43.500296999994859],[-86.33779599969877,43.500296999994859],[-86.337784999828116,43.501453999728334],[-86.337785999653036,43.502644999879827],[-86.337788000201186,43.507388999913402],[-86.337802000444881,43.514616000199446],[-86.343762999684728,43.514735999784754],[-86.343857000294378,43.514737999754125],[-86.346162000058314,43.514732999830635],[-86.347757000167761,43.514728999891531],[-86.348626999655821,43.514747000266844],[-86.353617000023604,43.514852999834751],[-86.354822999970651,43.514878000049862],[-86.357470000041346,43.514933999686313],[-86.357478000437254,43.515522000223498],[-86.357489000307908,43.517635999712823],[-86.357501999828401,43.520503999968824],[-86.357599999737673,43.520505999746987],[-86.358203999985264,43.520521000035401],[-86.359837999554458,43.52056200002307],[-86.359837999554458,43.520740999928776],[-86.359834000254807,43.521355999786621],[-86.359828000407035,43.521939000299085],[-86.359828000407035,43.522089000104046],[-86.360860000276787,43.522090999829722],[-86.364109999871843,43.522210000321991],[-86.364160999925474,43.522212000043652],[-86.364176999818994,43.522808999969158],[-86.36233499983733,43.52283199979248],[-86.362257999844445,43.529489000074896],[-86.359393000213842,43.529408000223633],[-86.35798499970214,43.529365000250394],[-86.357501999828401,43.529353000085763],[-86.357542999836269,43.533099999782166],[-86.357557999904884,43.534384000282202],[-86.357540000361539,43.536473999757213],[-86.357532999790521,43.536558999681453],[-86.356811000440473,43.53654900019459],[-86.352544000145969,43.536487000082857],[-86.352495999567083,43.539999999785259],[-86.352499999765044,43.540104999701356],[-86.353611000175817,43.540132999865179],[-86.35550900023398,43.540183999734772],[-86.356449999867152,43.540198000125528],[-86.356802000219645,43.540208999872121],[-86.357063000335557,43.540211000299422],[-86.357517999721907,43.540222000043649],[-86.357536000163577,43.543753999958341],[-86.36161099993916,43.543841999847309],[-86.361655000320084,43.543843000000692],[-86.361697999977793,43.54384400015406],[-86.362708999931158,43.543845000307414],[-86.363913000228351,43.543840999693906],[-86.364643999799227,43.543839000038204],[-86.366977000050568,43.543994999681352],[-86.367483000388873,43.544003999736127],[-86.367413000068666,43.540394000045552],[-86.371605999845016,43.540376000159242],[-86.371609000218072,43.540473999909572],[-86.371666000119475,43.542290999833412],[-86.371692999883649,43.544087999965299],[-86.372600000079942,43.544106000045673],[-86.374088000059274,43.544137000099219],[-86.374092000257249,43.543457000117321],[-86.3740959995569,43.542914000117491],[-86.374235000372366,43.542911000262173],[-86.374544999993788,43.542906000068932],[-86.374862000186184,43.542899999706265],[-86.374923000285534,43.53688400001073],[-86.374923000285534,43.536841999776186],[-86.374305999619153,43.536836000112402],[-86.371523000004345,43.536781999855542],[-86.371517000156558,43.536435999691051],[-86.37147500032377,43.534144000227194],[-86.371457999707019,43.533194999948201],[-86.371348999927079,43.529564000081407],[-86.367049999845506,43.529461000178841],[-86.366924000347126,43.52945900004616],[-86.366725999980389,43.529454000039969],[-86.366681999599464,43.526195000021943],[-86.366678000299828,43.525889000164376],[-86.36728500002215,43.525847999888882],[-86.367288000395206,43.525388000002906],[-86.367259000082868,43.522360999962942],[-86.36875000043527,43.522438999935659],[-86.37508599959385,43.52261899998895],[-86.377187000041587,43.522684000238044],[-86.377157999729278,43.518834999768671],[-86.384041999957262,43.518987999868102]]]},"properties":{"BASENAME":"Rothbury"}},{"type":"Feature","geometry":{"type":"Polygon","coordinates":[[[-85.211856000271723,44.721232000079539],[-85.211862999944401,44.720847999736499],[-85.21171700035454,44.720857000292355],[-85.210770999800189,44.720859000061061],[-85.204745000263003,44.720872000151758],[-85.20476799982923,44.721258000090408],[-85.20420200011479,44.721265999747736],[-85.203535000118023,44.721275000238521],[-85.20352400024737,44.720973999731093],[-85.203520999874314,44.720895999918781],[-85.203462000323071,44.720894999715931],[-85.202821000265573,44.720881000065567],[-85.202485999631506,44.720879000297614],[-85.202339000216739,44.720878000094473],[-85.202267000246707,44.720878000094473],[-85.202062000207292,44.720876999891296],[-85.200843999666375,44.720872000151758],[-85.19955400005378,44.720866999773513],[-85.199031999821955,44.720863999801693],[-85.198558000169029,44.720862000033151],[-85.19704599990024,44.720856000088816],[-85.194895000122102,44.720847000171112],[-85.194921000061356,44.718612999854876],[-85.194926000084237,44.718184999883341],[-85.194967000092106,44.715536999994079],[-85.194989999658333,44.714035999804331],[-85.193490999808347,44.71402500009772],[-85.192576999939362,44.714019999766137],[-85.19233400026512,44.714017999761055],[-85.192216000264324,44.714017999761055],[-85.190002999663605,44.716703999842117],[-85.189498000048545,44.716525000074178],[-85.189163000312789,44.716936999687654],[-85.188918000090396,44.717231000184071],[-85.188131000443036,44.717231999811929],[-85.186580999641095,44.717231000184071],[-85.185896999925887,44.717229000289969],[-85.185104000430727,44.717229000289969],[-85.18446800039608,44.717228000023724],[-85.184499000358244,44.718755999860122],[-85.184528999597134,44.720180999824507],[-85.184543999665763,44.720913999737505],[-85.183342999741612,44.720932000188888],[-85.182463000207818,44.720945000263214],[-85.175028000334009,44.721056999800489],[-85.174851999708608,44.721053999838468],[-85.174849000233863,44.721242000134183],[-85.174835999815059,44.722098999738357],[-85.174824999944406,44.722798000219925],[-85.174824000119514,44.7228360002835],[-85.17493500044759,44.722839999684048],[-85.179831000205724,44.722877000189676],[-85.179828999657587,44.723150999782064],[-85.179816999962014,44.723802000033785],[-85.179811000114242,44.724353999943368],[-85.179802999718319,44.724695999991987],[-85.178968000390384,44.72469700012914],[-85.174795999632096,44.72470300031344],[-85.170176000058476,44.724688000170723],[-85.169839999599503,44.72468700003342],[-85.169623999689435,44.724688000170723],[-85.169707000428431,44.727532000314291],[-85.169704000055376,44.727833999971544],[-85.169714999926029,44.728114000168262],[-85.169716999575854,44.728206999694365],[-85.169687000336936,44.729005999735527],[-85.169617000016743,44.730823000123713],[-85.169603999597953,44.731009999915813],[-85.169083000089358,44.731012999999699],[-85.168642000048393,44.731016000083429],[-85.167009000304105,44.731026999750853],[-85.165835000144114,44.73102799977854],[-85.16551299992885,44.731330999712178],[-85.16552700017256,44.731895000043309],[-85.164993000245175,44.731900000106521],[-85.164580999618209,44.731899000093911],[-85.164512000021233,44.731920999729091],[-85.164418000309908,44.73195200010003],[-85.163980999568594,44.73209599969082],[-85.16341200037941,44.732364000261327],[-85.16289099997249,44.732506000098383],[-85.16243700041106,44.73269200019341],[-85.161951999989157,44.732850999800363],[-85.161401000343361,44.733001000305215],[-85.161386000274746,44.733725000044778],[-85.161371000206117,44.733727999987828],[-85.161360000335463,44.735557000108059],[-85.161228999915906,44.735557000108059],[-85.161028999899358,44.735559000006759],[-85.160751999889911,44.735560999905388],[-85.160566999941992,44.735561999854667],[-85.159290999674752,44.735558000057424],[-85.159151999757597,44.738257000085326],[-85.159128000366451,44.738666000308413],[-85.159179000420096,44.738956999824261],[-85.159386000109322,44.739078999744763],[-85.159801000211019,44.739156999925129],[-85.159934000280415,44.739156000038015],[-85.160927999617016,44.73915000007684],[-85.160925999967191,44.739310000316891],[-85.160876999563385,44.742782000287676],[-85.161198999778676,44.742783000112048],[-85.161952999814091,44.742784999760815],[-85.163436999595461,44.742788999696209],[-85.164243000407708,44.742783999936442],[-85.164235999836691,44.739138000152664],[-85.166621999791488,44.739129999776452],[-85.167442999774067,44.739127000113641],[-85.167467000063496,44.737891000091352],[-85.1691359997928,44.737904000183164],[-85.16941899965002,44.737906000000642],[-85.169380000190287,44.739224999865648],[-85.169366999771498,44.739766000071448],[-85.169348000403232,44.740567000307102],[-85.169339000182404,44.740913000268428],[-85.169336999634254,44.740944000285616],[-85.169289999778599,44.741381000241041],[-85.169269999687103,44.741563999690918],[-85.169266000387466,44.741600999704524],[-85.169257999991544,44.741615999927454],[-85.169242999922929,44.741858000094126],[-85.169213999610619,44.742304999763405],[-85.169206999937913,44.742541999817554],[-85.169213999610619,44.742699000126137],[-85.169288999953679,44.742776000064723],[-85.169400000281755,44.742775000240194],[-85.170730999902261,44.742769000016558],[-85.17072800042753,44.742916000212396],[-85.170721999681433,44.743176999769403],[-85.170719000206702,44.743359999914809],[-85.170716999658552,44.743495000226012],[-85.170708000336049,44.744042000127557],[-85.170176000058476,44.744039999884222],[-85.169926999638136,44.744038000278856],[-85.169853000018293,44.744039999884222],[-85.169540000023844,44.744038000278856],[-85.169549000244672,44.743421000047206],[-85.169297000349587,44.743418999782371],[-85.169268999862211,44.743418999782371],[-85.169220000356702,44.745019999806637],[-85.169223999656353,44.746443000203847],[-85.169190000219487,44.748359000075908],[-85.169160999907163,44.749957999773265],[-85.169620000389784,44.749965999927063],[-85.17008300017207,44.749972999741736],[-85.171146000003958,44.749995000156296],[-85.170316999625484,44.75127900027492],[-85.17131000003549,44.751250999729933],[-85.171958999590586,44.751234999776962],[-85.172316999790894,44.750631000226825],[-85.17298200013785,44.749560000293719],[-85.173095999940656,44.74929500008539],[-85.173461999638548,44.748568000261621],[-85.173721999929541,44.747979999856653],[-85.17394299986249,44.747338999959275],[-85.174044999969723,44.74696800000077],[-85.174316000131398,44.746972000284757],[-85.175490000291376,44.746960999822186],[-85.175546000367859,44.746298000209542],[-85.177421999786404,44.744932999881335],[-85.177831999865234,44.744634999995505],[-85.17786700002533,44.744609000283717],[-85.177887999941731,44.744609000283717],[-85.179421999951799,44.744598000009503],[-85.179399000385587,44.745214999801682],[-85.179355000004662,44.746398000090529],[-85.18189999996811,44.746379000145595],[-85.181904000166071,44.745524999764832],[-85.181921999709417,44.745524999764832],[-85.183391000320498,44.745524999764832],[-85.184300000166601,44.745595000061513],[-85.184449000129518,44.745603999956785],[-85.184432000411093,44.745907000079711],[-85.184446999581382,44.746382000070163],[-85.189231000084831,44.746368999970585],[-85.18929200018421,44.745102999826038],[-85.189411000009883,44.742748999691926],[-85.189139999848251,44.742753000267818],[-85.189164999962614,44.741736000294935],[-85.189152000442135,44.741548000246773],[-85.189063999680272,44.741347000272498],[-85.188996999733121,44.741034000035505],[-85.188999000281257,44.740916999695251],[-85.18900900032699,44.740098000255429],[-85.189010999976816,44.73991699974188],[-85.189032999718137,44.739661000173818],[-85.189114999733874,44.739496000222857],[-85.189201999772521,44.739406999875946],[-85.189289999636074,44.739341999801283],[-85.189380999872682,44.739288000302189],[-85.189596999782751,44.739219999797662],[-85.189708999935732,44.739179999876448],[-85.18973400005008,44.739168999845369],[-85.189975999899417,44.739165000297611],[-85.19045600029844,44.739160000224494],[-85.193063000186186,44.739131000302116],[-85.194598000021173,44.739114000296844],[-85.195033000214366,44.739100999839039],[-85.196957000211782,44.739086000239709],[-85.199571999597111,44.739066999805857],[-85.199588000388957,44.738649000166433],[-85.199604000282477,44.738249000225274],[-85.199605000107397,44.738218999942674],[-85.194900000144955,44.738178000063002],[-85.194617000287749,44.738177000158949],[-85.194675000014058,44.735415000104851],[-85.194456999555868,44.735503000264814],[-85.194044000002307,44.735508000016033],[-85.189965000028764,44.735502000314511],[-85.189627999744872,44.735500999726035],[-85.189647000011448,44.734399999899914],[-85.18965600023229,44.734350000133581],[-85.189677000148691,44.733990000156794],[-85.18965500040737,44.733989000180316],[-85.189669999577674,44.733255000026062],[-85.189681000346638,44.732658000220731],[-85.189692000217278,44.732011000121958],[-85.189713000133693,44.731581000313575],[-85.189873999792169,44.728367000217403],[-85.189878999815036,44.728279000048353],[-85.189879999639956,44.728124999749426],[-85.189894999708571,44.72631900005176],[-85.189909999777186,44.724546999788295],[-85.190055000440452,44.724549000067668],[-85.190720999714003,44.724550000207358],[-85.193546000059939,44.724560999828043],[-85.193509000250003,44.72562799968194],[-85.193530000166405,44.726796999803078],[-85.193567999801246,44.728059000316328],[-85.193568999626152,44.7282530000018],[-85.194197999988091,44.728249999774746],[-85.194526999876061,44.728248999699034],[-85.194832000372912,44.7282589998172],[-85.196189999757578,44.728240999730893],[-85.198174999854373,44.728250999850445],[-85.200876000351755,44.72823199968564],[-85.201335999760985,44.728247000185718],[-85.202801000174091,44.728257999741636],[-85.204915000142321,44.728223000277161],[-85.208336000339912,44.728223000277161],[-85.21181299971569,44.728203000026646],[-85.211789000324572,44.726399999896394],[-85.211792999624222,44.726236999983257],[-85.211823999586358,44.722861000042954],[-85.211856000271723,44.721232000079539]],[[-85.183156999968759,44.742777999713738],[-85.183131000029491,44.744665000139193],[-85.182992999937227,44.744662999917409],[-85.182546999873395,44.744680999996753],[-85.182546000048475,44.744570000056115],[-85.182513000436515,44.744569000262608],[-85.181930000105339,44.744567000037499],[-85.181934000303286,44.743603000248072],[-85.181934000303286,44.743586000281589],[-85.182421000375015,44.74358300021197],[-85.182427000222802,44.742780999825193],[-85.182567999789796,44.742780000000742],[-85.183063000257434,44.742777999713738],[-85.183156999968759,44.742777999713738]]]},"properties":{"BASENAME":"Kalkaska"}},{"type":"Feature","geometry":{"type":"Polygon","coordinates":[[[-84.510461999602072,43.980870000234638],[-84.510483000416784,43.980194999897094],[-84.508754000413035,43.980201999866253],[-84.507771999873668,43.98018599993555],[-84.507622999910765,43.980056999690525],[-84.50728700035009,43.979609000200448],[-84.507030000432152,43.978771000003398],[-84.50733699968049,43.978368999799514],[-84.50850300034287,43.978119999813352],[-84.509065999684253,43.977845999847219],[-84.509242000309669,43.977849999987932],[-84.509219999670037,43.977491999901645],[-84.509221000393282,43.977302000178014],[-84.506877000271274,43.977197999997053],[-84.506358000412504,43.977203000227433],[-84.506340999795754,43.976369999989203],[-84.505416000056115,43.976378999882719],[-84.505411999858154,43.976193000082397],[-84.505400999987501,43.975659000212609],[-84.505381999720925,43.974922000076099],[-84.505380999896019,43.973739000217897],[-84.503701000296076,43.973723999943267],[-84.501039000156752,43.973726000152496],[-84.500663000413113,43.973733000237807],[-84.500177999991223,43.97374400009312],[-84.500311000060606,43.971954999898927],[-84.497648999921282,43.971956000033316],[-84.497833999869229,43.97374400009312],[-84.497034999627971,43.97374400009312],[-84.495319000042997,43.97374400009312],[-84.495286000431022,43.973321999834184],[-84.495290999555593,43.971609999714943],[-84.495283999882886,43.970111000095969],[-84.495293000103729,43.969447999825128],[-84.491247999567065,43.969410999743104],[-84.491401999552849,43.969604000022244],[-84.491537999995302,43.969717999708216],[-84.491483999568615,43.969907999776211],[-84.491449000306829,43.969950999911418],[-84.491339999628579,43.970077999798171],[-84.49118200034313,43.970164999955898],[-84.49096499970986,43.970262999839719],[-84.490634999996956,43.970324000048578],[-84.490322000002521,43.970320000047408],[-84.490090000198933,43.970393999702296],[-84.489947999908708,43.970481000043677],[-84.489855999847194,43.970527999751461],[-84.489863000418211,43.9705809997212],[-84.489870999915809,43.970605000265294],[-84.490009000008072,43.970659999832343],[-84.490336000246231,43.970736000020125],[-84.490746000325046,43.970806999988582],[-84.490932999922805,43.970886999951496],[-84.491086000083669,43.971013000272599],[-84.491225000000853,43.971131999935302],[-84.491336000328928,43.971227999869761],[-84.491404999925905,43.971444000124706],[-84.491378999986622,43.971548000039135],[-84.491129999566283,43.971747000020407],[-84.490866999800545,43.971891000312255],[-84.490450999873957,43.97184600001615],[-84.490235999788794,43.971896999831998],[-84.490194999780911,43.971990000067926],[-84.490198000153953,43.972148999800382],[-84.4902850001926,43.972293999892734],[-84.49055299998119,43.972468000053482],[-84.490927999899924,43.972656000129732],[-84.491235999871506,43.97278099980975],[-84.491455000154616,43.972822999684581],[-84.491713999722393,43.97280600023138],[-84.491871999906124,43.972846999969157],[-84.492087999816206,43.973008999696731],[-84.492256000045685,43.973232000083414],[-84.49234700028228,43.973474999873183],[-84.492348000107199,43.973640000145373],[-84.492172000380108,43.973635000261403],[-84.492097000037035,43.973633000049098],[-84.489087999568085,43.973576999895698],[-84.487967000009874,43.97352000022795],[-84.487388999701551,43.973512000009364],[-84.487016000330968,43.97350299968133],[-84.486870999667701,43.973508999684661],[-84.486781000154323,43.973537000123265],[-84.486694000115691,43.973532999692004],[-84.485936999707221,43.973498999894268],[-84.485702000428901,43.973521999797612],[-84.48188899969584,43.973425999692338],[-84.479722000024154,43.973402999751819],[-84.477987000172604,43.973384999707832],[-84.476716999753165,43.97337100010084],[-84.465750000252001,43.973258999893652],[-84.465741999856093,43.974569999687617],[-84.465709000244118,43.977104000111801],[-84.465684000129755,43.980106000217475],[-84.464644999689014,43.980108000211779],[-84.464617999924812,43.980949000233153],[-84.464935999942142,43.980932999857373],[-84.465648000144753,43.980895999820291],[-84.465643000121887,43.981544000035555],[-84.465633999901044,43.982715000095844],[-84.465631000426328,43.983200999927114],[-84.465601000289084,43.987285000105878],[-84.467995999566384,43.98729400028396],[-84.470451999841387,43.987287999734519],[-84.470854000422591,43.987286999858306],[-84.473020000269372,43.987284000229671],[-84.475966000090807,43.987296000036075],[-84.475852000287986,43.993965999977796],[-84.476000000426012,43.994067999697172],[-84.476207999940129,43.994199000036275],[-84.476346000032422,43.99429899983906],[-84.47662300004184,43.994492000009515],[-84.476777999852544,43.994496000321185],[-84.477101999717632,43.994594000117331],[-84.485930000034543,43.994765000303843],[-84.485967999669356,43.996060999779417],[-84.486007999852333,43.998358999966506],[-84.495931999613092,43.998456999845082],[-84.495880999559475,43.994899000287042],[-84.498607000171205,43.994948000195691],[-84.50579400034789,43.99508000027587],[-84.505801999845488,43.994714000095705],[-84.505761999662525,43.991192000015268],[-84.505739000096298,43.989940999742082],[-84.505737000446487,43.989813999679392],[-84.505735999723257,43.989729000187864],[-84.505699999738255,43.988541999907454],[-84.505699999738255,43.988344999696913],[-84.505699999738255,43.988241999976132],[-84.505682000194881,43.987738999700767],[-84.505673999798972,43.987502999869271],[-84.505672999974067,43.98747000018777],[-84.505672000149147,43.987415999905522],[-84.505641000187012,43.986221000106468],[-84.50558900030849,43.98387499976625],[-84.505504999744588,43.980913000189624],[-84.510461999602072,43.980870000234638]],[[-84.488161000178621,43.994794999911598],[-84.488176000247236,43.995813000059158],[-84.487176000164538,43.995791999855435],[-84.487163999570654,43.994781000182705],[-84.488161000178621,43.994794999911598]]]},"properties":{"BASENAME":"Gladwin"}},{"type":"Feature","geometry":{"type":"Polygon","coordinates":[[[-86.351308999886612,44.229821999928589],[-86.351462000047505,44.229556000074801],[-86.350000999832346,44.229521999789057],[-86.350035999992443,44.228471000144232],[-86.349503999714884,44.228452999701418],[-86.347622000448567,44.228392000019547],[-86.347014999827934,44.228372999884101],[-86.346995999561358,44.229147999855336],[-86.345951999996032,44.229130999918951],[-86.344761999942534,44.229112000022056],[-86.34479799992755,44.228298000238233],[-86.341654999564284,44.228238999737243],[-86.339770999749831,44.229091999819055],[-86.339516000380016,44.23539899997607],[-86.334551000126595,44.235291999846417],[-86.33455299977642,44.235241000197377],[-86.334336000041446,44.234745999830722],[-86.3343469999121,44.234529000241317],[-86.334427000278041,44.232956000264828],[-86.332730999886238,44.232922000012231],[-86.332776000092096,44.231760999705138],[-86.329699999675981,44.231705999835917],[-86.32840500004049,44.231682000134313],[-86.327886000181721,44.23167299976096],[-86.327788000272434,44.231670999892359],[-86.327283999583955,44.231662000160988],[-86.32727100006349,44.231882000137638],[-86.327168999956228,44.233667999943208],[-86.3271599997354,44.233835000127584],[-86.327091000138424,44.235078999845307],[-86.325797000327853,44.235071999744548],[-86.325476999762415,44.235072999942894],[-86.325422000409134,44.235061000136234],[-86.324743999643388,44.235052000279637],[-86.324561000243591,44.235042000222805],[-86.324470000007011,44.235029000210751],[-86.324382999968364,44.235010000286998],[-86.323178999671171,44.234997999823854],[-86.322839999737425,44.234986000001896],[-86.322865999676708,44.234111000168106],[-86.322921999753206,44.233185000053389],[-86.322940000194876,44.23226700020988],[-86.322207999900783,44.232251000133289],[-86.321889000058547,44.232236999901829],[-86.32127899996317,44.232227000010319],[-86.321188999551481,44.2322640001154],[-86.319556999632113,44.232259000172107],[-86.319578000446811,44.231890999835407],[-86.319601000013037,44.231463999929375],[-86.319160999796992,44.231453000290351],[-86.318696000364909,44.231450000154375],[-86.312922999649373,44.231357999986777],[-86.313132999711669,44.231750000121622],[-86.313883000447433,44.233141000196881],[-86.31409500015954,44.233525000175725],[-86.314176000350386,44.23365100002507],[-86.314354999552222,44.233927999859034],[-86.314706999904729,44.23432800001158],[-86.315132999877079,44.234809999972065],[-86.314706000079809,44.234827000199047],[-86.314270999886631,44.234843000218881],[-86.314166000304652,44.234815999901294],[-86.314117999725767,44.23481299993675],[-86.31366800036227,44.234786000249038],[-86.312975000426221,44.234801000077077],[-86.311638999884551,44.234748000238469],[-86.31169900015901,44.233138999734507],[-86.310174000369742,44.233102999767738],[-86.309452000121397,44.233113999742045],[-86.30906999963166,44.233121000075705],[-86.309052000088315,44.23308099981292],[-86.309047999890353,44.232563999795246],[-86.309042999867472,44.232526000280821],[-86.309122000408507,44.230585000055399],[-86.309115999662424,44.230343999680272],[-86.309104999791757,44.229843000170717],[-86.309089999723142,44.229210999993434],[-86.309077000202649,44.228882000173982],[-86.309078999852488,44.228552000137526],[-86.309148000347761,44.227242000254201],[-86.309161999693174,44.22698199976805],[-86.308980999943202,44.226977000019758],[-86.308766999682945,44.22697200027109],[-86.308115999579698,44.22695600004247],[-86.306866999974972,44.226916000095656],[-86.305332999964875,44.22686599996301],[-86.30459399999809,44.226867000300814],[-86.304393999981528,44.226870000026679],[-86.300130000060079,44.226855999802609],[-86.299559000322773,44.22774700002136],[-86.299321999597993,44.228116999866678],[-86.298734000142247,44.229658000170502],[-86.298700999631976,44.230941000187435],[-86.299023999672173,44.232414000146456],[-86.299800000347204,44.233753999681092],[-86.300268000152343,44.234329000222566],[-86.300726999736654,44.235364999847683],[-86.302183999753851,44.238652999909483],[-86.307324999734362,44.252117999799822],[-86.307409000298264,44.252337999865041],[-86.307727000315595,44.252568999948622],[-86.308086000340793,44.25286299967869],[-86.308750999789424,44.25325599992437],[-86.310524999999018,44.253862999686326],[-86.312103000390039,44.254174999682888],[-86.312956000159645,44.25468499992391],[-86.313716999867765,44.25555100011249],[-86.313930000303102,44.256376000069373],[-86.313772999944263,44.257037000018855],[-86.313153999628071,44.257710999765287],[-86.311915000069078,44.258399999751781],[-86.311120000025781,44.259186000170708],[-86.310950000146477,44.260200000110046],[-86.311126999698473,44.261043999703752],[-86.311957999726772,44.261587000242997],[-86.313106999772387,44.262197000070856],[-86.313273000352069,44.262275999842963],[-86.313664999989243,44.262367000181797],[-86.313757000050742,44.26270300001476],[-86.313745000355169,44.262950999731892],[-86.313808999929279,44.263259000238058],[-86.315896000133321,44.263236000260207],[-86.315915000399883,44.263385000097003],[-86.316002000438544,44.263480999869493],[-86.316115000416445,44.263548000060148],[-86.317543999946224,44.263586000124754],[-86.317747000335814,44.263590999979051],[-86.317793000366564,44.263591999692544],[-86.322889999966165,44.263723999678689],[-86.323506999734235,44.263745000043905],[-86.323565000358855,44.26374700010895],[-86.326759999702318,44.263780000207085],[-86.329874999578152,44.263794000009213],[-86.332133000384758,44.263119999871044],[-86.335568999752667,44.261803999749041],[-86.336848000392933,44.261229000098837],[-86.339718999871309,44.259939000070538],[-86.342954000296061,44.25817100030936],[-86.346701999833471,44.255644000263011],[-86.34862400018109,44.25388600011383],[-86.349312999919178,44.252503000017335],[-86.349519999608404,44.252075999763996],[-86.34967699996723,44.251501000210069],[-86.34978800029532,44.251093000287142],[-86.35008600022114,44.249999000286181],[-86.349234000276454,44.249997999698145],[-86.348613000310436,44.249997999698145],[-86.348932999977578,44.249404999950379],[-86.349278999583973,44.248762999789975],[-86.349508999737751,44.247336000016666],[-86.349137000192087,44.24631800022776],[-86.348363999890083,44.244850999714238],[-86.347305000256156,44.243298000119566],[-86.346858000367405,44.24288400017678],[-86.347588999938282,44.242266000176656],[-86.348389999829365,44.241480000138516],[-86.348903999665268,44.24056700022058],[-86.349246999796918,44.239452000068702],[-86.34931600029222,44.238124000104968],[-86.349403000330852,44.237343999752909],[-86.349327999987779,44.236620000008905],[-86.349423000422334,44.236217000096055],[-86.349693999685684,44.235461999859147],[-86.349208000337185,44.235457999735758],[-86.349271000086389,44.23534400028862],[-86.349370999645487,44.235087000143331],[-86.349465000255123,44.234687000000811],[-86.349531000377382,44.234437999946984],[-86.349662999723549,44.234195000119364],[-86.349861000090257,44.233565000136672],[-86.349994999984574,44.233312999799907],[-86.350153999993211,44.232854999684186],[-86.350914999701317,44.231120999977023],[-86.351216000000207,44.230050999681829],[-86.351308999886612,44.229821999928589]]]},"properties":{"BASENAME":"Manistee"}},{"type":"Feature","geometry":{"type":"Polygon","coordinates":[[[-86.462991000149145,43.956655999720809],[-86.462842000186242,43.956524999954119],[-86.462658000063229,43.956424999893436],[-86.46250499990235,43.956321999764938],[-86.462309999908697,43.956180000035893],[-86.462155999922899,43.956040999881381],[-86.461998999564059,43.955888999958987],[-86.461868000042813,43.955746999841907],[-86.461753000415072,43.955610999903428],[-86.461709999859067,43.955553999808139],[-86.461592999683191,43.955398999987281],[-86.46157799961459,43.955340999921141],[-86.461570000116964,43.955307000056784],[-86.461556999698189,43.955132000294896],[-86.461555999873269,43.955037999759178],[-86.461580000162726,43.954884000307644],[-86.461632000041263,43.954740999951447],[-86.461710999683973,43.954615999814969],[-86.461776999806219,43.954512999784306],[-86.461799000445822,43.954398000236068],[-86.46179799972262,43.954384000034032],[-86.461790000225008,43.954288000038169],[-86.461739000171377,43.954191999887179],[-86.461715999706854,43.954181000291079],[-86.461595000231327,43.954182000078085],[-86.461530999758921,43.954179000070361],[-86.46148100042852,43.954176999849579],[-86.461344000161162,43.954151000206551],[-86.461274999665875,43.954109999850985],[-86.461221000137527,43.954044000212839],[-86.461215000289741,43.953884999872379],[-86.461236000206142,43.953715000070851],[-86.461261000320505,43.953578000211692],[-86.46130599962801,43.953161999718752],[-86.461312000374107,43.953114000046561],[-86.461344000161162,43.952933000152569],[-86.461356999681655,43.952750999896246],[-86.461252999924568,43.952702000080208],[-86.460943000303175,43.952554999743072],[-86.460840000371007,43.952507000227342],[-86.460655000423088,43.952440000286067],[-86.460101000404222,43.952239999828727],[-86.459917000281195,43.952174000053958],[-86.459824000394789,43.952141000139058],[-86.459545999662126,43.952042000284486],[-86.459453999600612,43.952009000296343],[-86.459467000019401,43.951891000306325],[-86.459511000400326,43.951714999710482],[-86.45957300032461,43.9515060002661],[-86.45965299979224,43.951018000051114],[-86.459657999815121,43.950989999991471],[-86.459730999610045,43.950747999896137],[-86.459822999671559,43.950522000274923],[-86.460135999665994,43.949995999998002],[-86.460385999911267,43.94966299998358],[-86.460504999736941,43.94945399979072],[-86.460620000262978,43.949195000165886],[-86.460628999585509,43.948998000052612],[-86.460581999729825,43.948848999855009],[-86.460503999912021,43.948724000260562],[-86.460492000216462,43.948641999793963],[-86.460518999980636,43.948383999749083],[-86.460402999629693,43.948387000049337],[-86.46034499990337,43.948389999702719],[-86.46015499993257,43.948404999907424],[-86.459759999922369,43.948354999857052],[-86.45948200008803,43.948302000106963],[-86.45940099989717,43.94828900029529],[-86.459246999911372,43.94828900029529],[-86.458786999603845,43.948291999953568],[-86.458634000341277,43.948292999839644],[-86.455732999827362,43.948215000268299],[-86.455289000311652,43.948199000128014],[-86.454379999567237,43.948160999858366],[-86.4530959998024,43.948108999824463],[-86.452123000382187,43.947221999690122],[-86.452028999772551,43.947136000116579],[-86.451740000067559,43.946872999806217],[-86.451356999752889,43.946524999729391],[-86.451016000169375,43.94621399987895],[-86.449995000170262,43.945283000140137],[-86.449655000411624,43.944973000201536],[-86.449180999860388,43.944540999798463],[-86.448707000207463,43.944109000136777],[-86.446146000350495,43.941773999730778],[-86.4452319995832,43.940941000054337],[-86.441867000360418,43.940953000169806],[-86.44247300025782,43.939112000064043],[-86.442197000073293,43.938963000313521],[-86.441761999880114,43.938847999786191],[-86.441208999686154,43.938584999679229],[-86.441020000438584,43.938442000212568],[-86.440915999783215,43.938298999755112],[-86.440781999888884,43.938213000210091],[-86.440672000284053,43.938225000229281],[-86.439189000327588,43.939154999848832],[-86.434171000370696,43.937492999801023],[-86.433412000312416,43.937188999785029],[-86.433213999945721,43.937149000092802],[-86.433104000340848,43.937132000134611],[-86.432298000426897,43.937213000234358],[-86.431674000087838,43.937315999842461],[-86.431484000117024,43.93725299988354],[-86.431366000116256,43.937241999740088],[-86.431151999855999,43.937356000069187],[-86.430852000280353,43.937315999842461],[-86.430165000192105,43.93727600023567],[-86.429262000193773,43.937292000081591],[-86.429252999972931,43.937601999966617],[-86.429263999843585,43.937927999850849],[-86.429263999843585,43.937937999807147],[-86.429267000216655,43.938011000278046],[-86.429268000041546,43.938130000064866],[-86.429273000064427,43.93828200012571],[-86.429288999957947,43.938813000144037],[-86.429272000239507,43.939346000021381],[-86.429249999599904,43.939647999942984],[-86.429237999904331,43.939839999853696],[-86.429206000117276,43.94041899980256],[-86.429196000071542,43.940612999841413],[-86.429203999569154,43.940824000095283],[-86.429231000231638,43.94145700024491],[-86.429239999554156,43.941668000090772],[-86.429251000323106,43.941868999894353],[-86.429283999935095,43.942471999755398],[-86.429294999805734,43.942674000055405],[-86.42930099965352,43.942880000224449],[-86.429319999920111,43.943500000262915],[-86.429326999592789,43.94370700012017],[-86.429334000163806,43.943906000225198],[-86.429355999905098,43.944506000273613],[-86.429364000301035,43.944706000237595],[-86.429365999950861,43.944769000061022],[-86.429371999798633,43.944960000308605],[-86.429375000171675,43.945023999803865],[-86.429381000019447,43.945161999916223],[-86.429401999935848,43.945578000134894],[-86.42940899960854,43.945717000184061],[-86.429410000331785,43.945740999778124],[-86.429412999806502,43.945816000225676],[-86.429413999631421,43.945842000281139],[-86.429417999829383,43.946023999704067],[-86.429430000423253,43.946572000280632],[-86.429435000446134,43.946754999967588],[-86.428995000230074,43.946785999816335],[-86.427677999954966,43.946879999822166],[-86.427238999563826,43.946912000161809],[-86.426894999607242,43.94693699982902],[-86.426876000238977,43.946155999903596],[-86.425605999819538,43.946187999986201],[-86.425601999621577,43.94586000026311],[-86.425574000032483,43.943658999926868],[-86.427653999665537,43.9436310002813],[-86.427583000418721,43.941789000311388],[-86.427580999870585,43.941746999840433],[-86.427580000045694,43.941697000011068],[-86.427547000433719,43.941698000008074],[-86.427419000387204,43.941701999995907],[-86.427268999701056,43.941705999983462],[-86.426821999812304,43.941717999944522],[-86.426672999849387,43.941721999931005],[-86.42649100027451,43.941725999917217],[-86.425947000301392,43.941737999874235],[-86.425765999653095,43.941742999855634],[-86.425608000367674,43.941745999844244],[-86.425136000364574,43.941756999801228],[-86.424979000005749,43.941760999785082],[-86.424965999586945,43.942178999848814],[-86.424943000020733,43.942971999987705],[-86.424250000084683,43.942989000216606],[-86.424149999627247,43.942985000315367],[-86.424149999627247,43.942964000182684],[-86.424147000152516,43.9427580003047],[-86.424137000106782,43.942028000039507],[-86.424133999733726,43.941784999682582],[-86.423849000226681,43.941788000315917],[-86.42299399990894,43.941798000269863],[-86.422747999861642,43.941801000255701],[-86.422747000036736,43.941853999980715],[-86.422761000280445,43.9424329997209],[-86.422367000095122,43.942445000182055],[-86.421777000091268,43.942461999914819],[-86.421777999916159,43.94249699999623],[-86.421852000434328,43.945313000173549],[-86.419417999900645,43.945316999918155],[-86.419402000007125,43.94557199989741],[-86.419446000388049,43.946914999889628],[-86.419457000258703,43.947234999735201],[-86.419473999977143,43.947234999735201],[-86.419546999772081,43.947236000285791],[-86.420313000401364,43.947274999756438],[-86.420469999861893,43.947278000112661],[-86.420586000212836,43.947280999822013],[-86.420982999872862,43.947278000112661],[-86.421430999586548,43.947252999942094],[-86.42244200043821,43.947185999898842],[-86.422779999648711,43.947163000146496],[-86.422863000387693,43.94716499995662],[-86.422961000296965,43.947166999766615],[-86.423236999583182,43.947142000196145],[-86.423518999615482,43.947117999874216],[-86.424159999672995,43.947083999832742],[-86.424471999842524,43.947067000128058],[-86.424472999667444,43.947169000223326],[-86.424472999667444,43.947340999797341],[-86.424471999842524,43.947907999775616],[-86.424471999842524,43.948536000111616],[-86.419453999885661,43.948624999888146],[-86.419350999953494,43.948627000295794],[-86.419072000294236,43.948631999697781],[-86.419067000271355,43.948699000051413],[-86.419037000134139,43.949066999739806],[-86.418924000156238,43.949075999889928],[-86.418607999788733,43.949069000132582],[-86.418541999666502,43.949068000259551],[-86.4177609998669,43.949022000262211],[-86.417324000023896,43.949008000087225],[-86.417191999779419,43.949004999818321],[-86.416896000401721,43.94898700014194],[-86.416533000178561,43.948958999772223],[-86.415750999655756,43.948900999888288],[-86.415657999769337,43.949896999804054],[-86.415653999571376,43.949931000176704],[-86.41565199992155,43.949949000213913],[-86.416393000436486,43.949875000313469],[-86.417010000204556,43.949803000042152],[-86.41880399960732,43.949592999830635],[-86.419420000448781,43.949533000188282],[-86.420216000316998,43.949518000268206],[-86.421592000143335,43.949491999880422],[-86.4237370000737,43.949452000057605],[-86.424105000319727,43.949444999697789],[-86.425963000194926,43.949409999826649],[-86.42906100035232,43.949359999974945],[-86.429509999890897,43.949343000274489],[-86.429509999890897,43.949378000185078],[-86.429504999868016,43.949753999735798],[-86.429495999647202,43.949817000029881],[-86.4294250004004,43.950348999706613],[-86.429400000286037,43.950531000204712],[-86.429361999752885,43.95082100015965],[-86.429391000065209,43.950878000267593],[-86.429417999829383,43.950998999850391],[-86.429430000423253,43.951305999899269],[-86.429402999760768,43.951966999932132],[-86.429401999935848,43.952338000182188],[-86.429412999806502,43.952476999944473],[-86.429415000354652,43.952490999948999],[-86.429416000179557,43.952503000319822],[-86.429377999646405,43.954312000051672],[-86.429370999973713,43.954341000270617],[-86.429345000034459,43.95610000031234],[-86.429328000316019,43.956507999716415],[-86.429341999661389,43.956949000049086],[-86.429258999820732,43.95769800008371],[-86.429254999622756,43.957728000317566],[-86.429244999577023,43.957821000105518],[-86.429243999752117,43.95783700024208],[-86.429242999927197,43.957852000002475],[-86.4292350004296,43.958066000310204],[-86.429233999706355,43.958111999774104],[-86.429225000383852,43.958894000084705],[-86.429222999835716,43.959155000173283],[-86.429222000010796,43.959270000215099],[-86.429220000360985,43.959515000264794],[-86.429218999637754,43.959618000031611],[-86.429218999637754,43.959734000164111],[-86.429095999614105,43.95973600019785],[-86.427686000350874,43.959726000028461],[-86.426364999877819,43.95973099979004],[-86.426112999982735,43.959728999756145],[-86.425739999713841,43.959728000062469],[-86.42535999977224,43.959724999688092],[-86.42510899970209,43.959723999994395],[-86.424936000348026,43.959723000300635],[-86.424418000314162,43.959719999926008],[-86.424245999886722,43.959719999926008],[-86.424240999863841,43.959820000261097],[-86.424228000343376,43.960120000256538],[-86.424224000145401,43.960221000250385],[-86.424219999947439,43.960311000317965],[-86.424219000122548,43.960330000127989],[-86.424225999795226,43.9606080000909],[-86.424229999993202,43.961679000207582],[-86.424373999933238,43.96251600012225],[-86.424352000191931,43.962700999792204],[-86.424317000031834,43.963375999836373],[-86.425092999808541,43.963354000162738],[-86.429295999630639,43.963338999851587],[-86.429207999767101,43.970564999784109],[-86.431103000350518,43.970542000028637],[-86.43174000021007,43.970539000200404],[-86.433654999986658,43.970531000226721],[-86.434292999671129,43.970528999909881],[-86.434466999748395,43.970528999909881],[-86.434992000353262,43.970531000226721],[-86.435167000255447,43.970531999738611],[-86.435529999580297,43.970523000252008],[-86.436623000447739,43.970499000321304],[-86.43698699959748,43.970490999695755],[-86.43746000032381,43.970486999705791],[-86.438879999632775,43.970475999893743],[-86.439354000184025,43.970473000062178],[-86.439360999856717,43.97083800022132],[-86.439382999598024,43.971935999927815],[-86.439389000344121,43.972240000028989],[-86.439390999993932,43.972302000275405],[-86.439392999643758,43.972592000005534],[-86.439399000389869,43.973461999749986],[-86.439401000039695,43.973752000280456],[-86.439401999864586,43.973920000087077],[-86.439404000412736,43.974156000259413],[-86.439437999849602,43.974156000259413],[-86.439469999636657,43.974156000259413],[-86.440341999672839,43.974134000052892],[-86.444545000393248,43.974031000241148],[-86.444495999989442,43.97038599970913],[-86.444494000339631,43.970321000209331],[-86.444641999579332,43.970316000045926],[-86.446163999893841,43.970269999686685],[-86.446633000422224,43.970261000160328],[-86.446969999807791,43.970264000002594],[-86.448029000340028,43.970219999930393],[-86.449337000394323,43.970175999825543],[-86.449374000204244,43.97114700021816],[-86.449375000029164,43.971707999800465],[-86.449375000029164,43.971777000271622],[-86.449375000029164,43.972014000042634],[-86.449376999678975,43.972726000267407],[-86.449378000402206,43.9729640002477],[-86.449379000227125,43.973002000172585],[-86.449383000425087,43.97311599980123],[-86.449385000074898,43.973154999743052],[-86.449385000074898,43.973177000312255],[-86.449385999899818,43.973245000256959],[-86.449386999724723,43.97326800025867],[-86.449395000120631,43.973593000314331],[-86.449405999991299,43.973978000117732],[-86.449404000341474,43.974568000153283],[-86.449402999618243,43.974894000290568],[-86.449404000341474,43.975105999816122],[-86.449406999816219,43.975743999811066],[-86.449409000364341,43.975957000247902],[-86.449411999839072,43.976095000286918],[-86.449421000059914,43.97651099988807],[-86.449425000257875,43.976649999987863],[-86.449492000205026,43.977227000034731],[-86.449496000402988,43.977309999886074],[-86.44950200025076,43.977418000040743],[-86.449944000116645,43.977289000246152],[-86.450215000278291,43.97720999990289],[-86.451052999979296,43.976939999818221],[-86.451883000182676,43.976824999720598],[-86.452294000086425,43.976836000296032],[-86.452617999951514,43.976870000122595],[-86.452850999580022,43.976924999705702],[-86.453344000397834,43.977031999865233],[-86.453572000003462,43.977067000274332],[-86.453843999990042,43.97709799982524],[-86.454578999758866,43.977121000273989],[-86.454982999989909,43.977154999937355],[-86.455157000067189,43.977229000125966],[-86.455440999749328,43.977349000305765],[-86.455670999903077,43.97748100009413],[-86.456086999829694,43.977618999823576],[-86.4562009996325,43.977658000040272],[-86.456682999681362,43.977685999815421],[-86.457054000300431,43.977667999776813],[-86.457614999991989,43.97760499992183],[-86.45824699982866,43.977593000095816],[-86.458488999678011,43.97760700000034],[-86.458539999731642,43.977610000117998],[-86.459393000399558,43.977982999988335],[-86.459455000323828,43.977995999768254],[-86.459456000148748,43.977943999985051],[-86.459455000323828,43.977878999707229],[-86.459452999775692,43.977746000120277],[-86.459448999577731,43.977349999702867],[-86.459447999752825,43.977218000269737],[-86.459445000278095,43.976864999864105],[-86.459466000194482,43.976493000139691],[-86.45946299982144,43.97631100029438],[-86.45946299982144,43.9761960002715],[-86.459467999844321,43.975306000235967],[-86.459470000392443,43.975009999685611],[-86.459472999867188,43.97488199991664],[-86.459483999737841,43.974500999875609],[-86.459487999935803,43.974373999749666],[-86.459457999798559,43.972829999876325],[-86.459431999859305,43.971814000172685],[-86.459436000057252,43.971735999795193],[-86.459436000057252,43.9714850001562],[-86.459435000232347,43.969919999862178],[-86.459598000438973,43.969919999862178],[-86.460089999635258,43.969922999721675],[-86.460253999666776,43.969923999890284],[-86.460369000192813,43.969822000058947],[-86.460524000003517,43.969823000229248],[-86.461451000291291,43.96983000012807],[-86.461594000406421,43.96983199982197],[-86.46168300009488,43.969782999867938],[-86.461740999821203,43.969752999902553],[-86.461959000279407,43.969805999917341],[-86.462612999857384,43.969965999845968],[-86.462832000140509,43.970019999837774],[-86.462756999797435,43.969770999754289],[-86.462754000322704,43.969502000287839],[-86.462764000368438,43.969359999732127],[-86.462749000299823,43.969098999864926],[-86.462657000238309,43.968414000195793],[-86.462603999636556,43.968102000252792],[-86.46257000019969,43.967810999730268],[-86.462524999993832,43.967531000081216],[-86.462421000236773,43.967032999984092],[-86.462318000304606,43.966737000225265],[-86.462121999587708,43.966170000144118],[-86.462002999762021,43.965753999873016],[-86.461926999594041,43.96543600001079],[-86.461835000430838,43.965091000107549],[-86.461790000225008,43.964835999818945],[-86.461642999911916,43.964249999853259],[-86.461560000071231,43.96396000012642],[-86.461430000374889,43.963609999975397],[-86.461315999673758,43.963266999727736],[-86.461232999833086,43.963042999790254],[-86.461174000281844,43.96285099981823],[-86.461125999702958,43.962658999872239],[-86.461133000273975,43.962236999736625],[-86.461127000426202,43.961782000102545],[-86.461036000189594,43.961107000052685],[-86.460996000006631,43.960943000199762],[-86.460997999656442,43.960778000218127],[-86.461012999725057,43.960515000138784],[-86.460997999656442,43.960207999812646],[-86.460997999656442,43.959833999829002],[-86.461071000349676,43.958978000045114],[-86.461108000159626,43.958615999861742],[-86.461161999687974,43.958302999824099],[-86.461247999901701,43.957896000183055],[-86.461360999879602,43.957465000317114],[-86.461550000025497,43.95697999975436],[-86.461611000124861,43.956798999995314],[-86.46168599956961,43.956705999901139],[-86.461784000377207,43.956647000071882],[-86.461913000248657,43.95661900007758],[-86.462170999991514,43.95662299970806],[-86.46248999983375,43.956639999912859],[-86.462991000149145,43.956655999720809]]]},"properties":{"BASENAME":"Ludington"}},{"type":"Feature","geometry":{"type":"Polygon","coordinates":[[[-85.028268999878833,43.647036000258382],[-85.028170000144627,43.647034000128748],[-85.028006000113095,43.647029999869275],[-85.027395000192811,43.647022999739619],[-85.027154999993314,43.647019999869485],[-85.026909999770922,43.647016000259129],[-85.026510999562745,43.646008000253069],[-85.02638400023946,43.645687000078006],[-85.026299999675558,43.645478999769665],[-85.026227999705526,43.645298000302873],[-85.026098999834105,43.644972000063468],[-85.023861999842225,43.644521999909273],[-85.023132000096268,43.643011999952122],[-85.022259000235181,43.642590000060501],[-85.017598999580272,43.640335999828302],[-85.016996000055926,43.639619000110059],[-85.0181719998657,43.639618000246806],[-85.027365000055582,43.639589000305264],[-85.027437000025614,43.637884999678484],[-85.027514999843419,43.637852999872869],[-85.027462999964882,43.637249999841764],[-85.027418999583958,43.635197000159991],[-85.027416000109227,43.634598999866114],[-85.027365999880502,43.632901999942959],[-85.027332000443621,43.632432000105169],[-85.027304999781137,43.631385999875967],[-85.027252000077681,43.62829499969159],[-85.027134000076927,43.625143000042932],[-85.027124000031165,43.624722000265685],[-85.027055000434189,43.624722999726451],[-85.023548000022885,43.624797000097381],[-85.022583999925175,43.624816999689884],[-85.021287999566468,43.624833000139439],[-85.021033000196653,43.624830999920917],[-85.020768999707698,43.624835999816838],[-85.019659999845047,43.624856000046641],[-85.015281000295843,43.62493400003396],[-85.007309999946528,43.62504400006079],[-85.004307000223662,43.625071000308587],[-85.004389000239442,43.628435000257006],[-84.992257999725723,43.628614999761659],[-84.992245000205259,43.632208000286312],[-84.987618999885527,43.632213000218812],[-84.987715000145016,43.636457000298073],[-84.985330000015125,43.636491000027547],[-84.985003999601886,43.632209000272859],[-84.980946000443069,43.63221600017814],[-84.977689000276996,43.632270000070115],[-84.977476999666564,43.635858000264314],[-84.967764999617927,43.635987000307203],[-84.967790999557195,43.639625999802277],[-84.970872999821069,43.639581000094765],[-84.976413999834691,43.639644999798698],[-84.976516999766844,43.63964800003712],[-84.97688099981491,43.639637000245756],[-84.977255999733643,43.63963200028082],[-84.977598999865307,43.63963200028082],[-84.977690000101916,43.639656000238702],[-84.977818000148432,43.639689000246364],[-84.977700000147649,43.639936000122226],[-84.977675999858207,43.641438999902277],[-84.977668000360595,43.642488000116295],[-84.977675000033287,43.643961000188121],[-84.977675000033287,43.644073999862698],[-84.977705999995422,43.64589500031623],[-84.977704000345611,43.645987999911597],[-84.977973999784027,43.646032000264093],[-84.978138999640478,43.646065999775693],[-84.978234999899954,43.646102000078834],[-84.978317999740611,43.646139999869874],[-84.978389999710643,43.646181999953029],[-84.978448000335277,43.646224999760129],[-84.978490000168094,43.646276999908956],[-84.978525000328176,43.646345999687028],[-84.978548999719308,43.646418999686212],[-84.978567000160979,43.646526999896253],[-84.978561000313178,43.646649000261107],[-84.97852199995512,43.646775000004887],[-84.978464000228811,43.646891000113101],[-84.978376000365259,43.647001999995723],[-84.97806300037081,43.647455000271158],[-84.977993000050603,43.647574000208813],[-84.977941999997,43.64770499990582],[-84.977917999707529,43.647788999804305],[-84.977910000209945,43.647869999757731],[-84.977921000080599,43.647928000082558],[-84.977945000370042,43.648001000109197],[-84.977983999829789,43.648055000116322],[-84.978045999754059,43.64810099969894],[-84.978106000028518,43.648139000175412],[-84.978167999952802,43.648169000260907],[-84.978260999839222,43.648198999681384],[-84.978374999642028,43.64822700029702],[-84.978528999627812,43.648234000286365],[-84.978706000078148,43.648232000196622],[-84.978916999965335,43.648211000225416],[-84.979174999708192,43.648169999981796],[-84.979460999938468,43.648106000259062],[-84.979556000373009,43.648076000142105],[-84.979707999810657,43.648015999863262],[-84.979885000260992,43.647923999882636],[-84.980021999630011,43.647821000168086],[-84.980088999577163,43.647755999695704],[-84.980153999874503,43.647683999750321],[-84.980220999821654,43.647591999911171],[-84.98036399993677,43.647314000078076],[-84.980481999937567,43.647004999866702],[-84.980564999778224,43.646846999739772],[-84.9806669998855,43.646767000101235],[-84.98072799998485,43.64673600022077],[-84.980916000305825,43.646660999814728],[-84.981025000085779,43.646639999944277],[-84.981164999827854,43.646619999813232],[-84.981257999714273,43.646626999989856],[-84.981333999882267,43.646639000197922],[-84.981409000225327,43.646659000322657],[-84.981445000210343,43.646693000129467],[-84.981529999700854,43.646865000310029],[-84.981560999662989,43.646974999849888],[-84.98157800027974,43.647079000104142],[-84.981588000325488,43.647188999902149],[-84.981589999975299,43.647395000021973],[-84.981567000409086,43.647718000276974],[-84.981583000302606,43.647812999753768],[-84.981620999937434,43.647874999687062],[-84.981662999770222,43.647918999957383],[-84.98171999967164,43.647954999800021],[-84.981810000083328,43.647996999914128],[-84.982001999703968,43.648067000039113],[-84.982231999857717,43.648120999986901],[-84.982324999744137,43.648137000082514],[-84.982425000201573,43.648142999711006],[-84.982574000164476,43.648139000175412],[-84.982789000249653,43.648104000165056],[-84.983038999596573,43.64808100005434],[-84.983134999856063,43.648086999688417],[-84.983215000221989,43.6480999999769],[-84.983256000229872,43.648125000173714],[-84.983276000321339,43.648153000173814],[-84.983296000412849,43.64821400003602],[-84.983308000108394,43.648299000241529],[-84.983305999560272,43.648394999816603],[-84.983273999773218,43.648492000253832],[-84.983243999636002,43.648609999723469],[-84.983154000122624,43.648825000160791],[-84.983103999893899,43.6489179997699],[-84.983071000281953,43.64901799978297],[-84.983062000061111,43.649138000228895],[-84.983071000281953,43.649241000285052],[-84.983089999650204,43.6493319998469],[-84.983113000114741,43.649396999913819],[-84.983170000016159,43.649476000250488],[-84.983241999986177,43.649543999905745],[-84.983330999674621,43.64960300026118],[-84.983426000109191,43.649659000170367],[-84.983507000300037,43.649689000146687],[-84.984104999801517,43.649840999839633],[-84.984319999886679,43.649906999697691],[-84.984585000200539,43.649996999859994],[-84.984774000346434,43.650074999718264],[-84.984971999814832,43.650180999829949],[-84.985210000364532,43.650315000046774],[-84.985436000320348,43.650463000074602],[-84.985473000130256,43.650495999995947],[-84.985508000290366,43.65054999970998],[-84.985542999552138,43.650630000159971],[-84.98557100003957,43.650717000203443],[-84.985598999628635,43.650854999879343],[-84.985622000093173,43.651026999841676],[-84.985675999621535,43.651202999943244],[-84.985736999720899,43.651312000319926],[-84.985822000109721,43.651406999962148],[-84.985909999973259,43.651484999939186],[-84.985996000186987,43.651543999687838],[-84.986098000294234,43.651587999870308],[-84.98621000044723,43.651618000183028],[-84.986382999801265,43.651653999758587],[-84.986946000040987,43.651745999875722],[-84.9872070001569,43.65180599967838],[-84.987449000006208,43.651881000159847],[-84.987566000182085,43.651900000180326],[-84.987660999718329,43.651910999676268],[-84.98766200044156,43.651972999929257],[-84.98766200044156,43.652116999850634],[-84.987664999916277,43.654128000134669],[-84.98766599974121,43.655123999898748],[-84.987666999566102,43.655509000037249],[-84.987668000289332,43.656485999780287],[-84.987688000380842,43.657130999989697],[-84.987694000228615,43.657336000237642],[-84.987700000076387,43.657534000231166],[-84.992798000399205,43.657544999995046],[-84.992820000140512,43.658455000068059],[-84.992853999577392,43.660400000018079],[-84.992862999798234,43.66073600002192],[-84.992889999562394,43.661267999810882],[-84.992887999912568,43.661351000084586],[-85.007698000284051,43.661358999995279],[-85.007698000284051,43.661315999975322],[-85.007698000284051,43.661190999697105],[-85.007698000284051,43.660962999886685],[-85.007699000108971,43.654802000085418],[-85.007700999758782,43.654234999862481],[-85.007701999583688,43.65409500025914],[-85.007761000033241,43.654092999714614],[-85.007990000362099,43.654088000302913],[-85.009486999663949,43.654054999755438],[-85.009717999642618,43.654076000283197],[-85.009931000077955,43.654049999690606],[-85.010027000337431,43.651829000312638],[-85.010033000185203,43.651712999991204],[-85.010264000163886,43.650342999675971],[-85.011513999593532,43.650280000004436],[-85.011746000295446,43.650267999873769],[-85.012117000016204,43.650257000076913],[-85.012476000041403,43.650246000278038],[-85.012559999706994,43.649235000116221],[-85.012551000384477,43.648988000121534],[-85.012573000125798,43.648735000192303],[-85.016984000360338,43.6488189999504],[-85.017158000437618,43.648821999730686],[-85.017162999562174,43.651226000158445],[-85.017169000308272,43.654016999772168],[-85.018371000057343,43.654097000153641],[-85.023635999886437,43.654081999968398],[-85.023782000374595,43.654081999968398],[-85.023968000147462,43.6540809996959],[-85.02589600034284,43.6540750000106],[-85.026542000423206,43.65407300011541],[-85.026660000423988,43.65407300011541],[-85.027151999620258,43.652771999884116],[-85.027607999729838,43.651655999734366],[-85.027657999958549,43.651449999928666],[-85.027684999722723,43.651338999816161],[-85.02799100004448,43.649504999969487],[-85.028012999785801,43.649370000194594],[-85.028038999725055,43.649123999810065],[-85.028072000235341,43.648827000230774],[-85.028126999588608,43.648332000051816],[-85.028268999878833,43.647036000258382]]]},"properties":{"BASENAME":"Lake Isabella"}},{"type":"Feature","geometry":{"type":"MultiPolygon","coordinates":[[[[-84.788404000409983,43.829711999938041],[-84.788412999732515,43.828892000011706],[-84.788387999618166,43.828330999810788],[-84.788341999587402,43.825955999895726],[-84.788338000287766,43.825880000038723],[-84.788336999564521,43.825794000083796],[-84.788330999716749,43.825363999746848],[-84.788324999868962,43.824912999890692],[-84.788314999823214,43.824235000159305],[-84.788300999579505,43.823188999766543],[-84.787542000419549,43.823040000178551],[-84.78615700037237,43.822787000235081],[-84.785991999617622,43.82276000015986],[-84.785574999866085,43.822691999892285],[-84.785562000345621,43.823216000295865],[-84.785545999553776,43.823915999986809],[-84.785516000314871,43.825162999865412],[-84.785514999591641,43.82518700011898],[-84.78551200011691,43.825284999758118],[-84.784749999685573,43.82511900002357],[-84.784751000408804,43.825026000177431],[-84.784751000408804,43.82500199985914],[-84.784753000058615,43.824701000232459],[-84.784762000279457,43.823908999764804],[-84.784763000104377,43.823762000097972],[-84.784774999799936,43.822527000131579],[-84.78474100036307,43.822520999801711],[-84.784701000180092,43.822514000064274],[-84.78465900034729,43.822506999677863],[-84.78452000043012,43.82248399969874],[-84.784018000289805,43.822400000150523],[-84.783922000030316,43.822383999883691],[-84.783820999747974,43.822367000203073],[-84.783681000005899,43.822338999879818],[-84.783243000337976,43.822250999889555],[-84.783243000337976,43.821765000081498],[-84.78324400016291,43.821730000294679],[-84.783250000010682,43.821633000074563],[-84.78325699968336,43.821299999850289],[-84.783327000003567,43.819314999804654],[-84.783460000072978,43.814645999906553],[-84.775553000196055,43.814675000134812],[-84.775334999737836,43.814668000125728],[-84.774143999859433,43.814692000060937],[-84.773579999794833,43.81469799988119],[-84.773089000423468,43.814701999977082],[-84.772866999767288,43.81470300016305],[-84.772854000246824,43.814327999899341],[-84.772353999756305,43.814329000091561],[-84.772352999931385,43.81470499988675],[-84.772152999914852,43.81470499988675],[-84.772059000203541,43.814706000072711],[-84.771602000269027,43.814708999982187],[-84.771581000352626,43.814233999903152],[-84.770864999952067,43.814229999775911],[-84.770047000342558,43.8142599997514],[-84.770048999992369,43.814384999811139],[-84.769849999800726,43.814383000076724],[-84.769617000172232,43.814384999811139],[-84.769614999624096,43.814260999944814],[-84.769335999964838,43.814259000206192],[-84.769324000269265,43.81416600029641],[-84.769334000315013,43.813798000013541],[-84.769074999848939,43.813799000214694],[-84.768973999566597,43.813793000304123],[-84.768983999612331,43.812895999762482],[-84.769378999622546,43.812892000193848],[-84.769442000270061,43.812892000193848],[-84.7694380000721,43.812422999972263],[-84.769359000429361,43.812424000196401],[-84.769016000297711,43.812427999796427],[-84.769016000297711,43.811988000057021],[-84.769104000161249,43.811986999825585],[-84.769334000315013,43.811986000242342],[-84.769513000415159,43.811985000010864],[-84.769591000232978,43.811985000010864],[-84.769588999684828,43.811067999791568],[-84.769777999830723,43.811065999946074],[-84.772085000142781,43.811040000003743],[-84.773397000395022,43.81103399981599],[-84.773368999907618,43.80769900011272],[-84.773368000082726,43.807364000004377],[-84.776118000085575,43.807335000115629],[-84.778179000350363,43.807314000097989],[-84.778431000245433,43.807310000155553],[-84.778428999697283,43.807160999839262],[-84.77840699995599,43.805756999988247],[-84.778406000131071,43.805702999983239],[-84.778164000281748,43.805705999696677],[-84.77121700030456,43.805759999698964],[-84.769667000400958,43.805773000172458],[-84.769669999875674,43.805029000040044],[-84.768267000285164,43.805022999896757],[-84.768264999737028,43.804923000012977],[-84.768258999889241,43.804600000269062],[-84.769572999791308,43.804592000020378],[-84.769568999593346,43.80433199978409],[-84.772984999768056,43.804306999863805],[-84.772992000339073,43.803945999744997],[-84.768238999797759,43.803942999943189],[-84.768278000155831,43.803540999854491],[-84.767879999772546,43.803564999722802],[-84.767779000388543,43.803795999745503],[-84.767772999642432,43.803852999984187],[-84.767762999596698,43.803940000141218],[-84.767639999573049,43.803940000141218],[-84.761799999808702,43.803922000029694],[-84.762200999666689,43.804349999772072],[-84.762241999674586,43.804416000113854],[-84.762695000309421,43.804884999676112],[-84.763534999660223,43.805579999933755],[-84.765453999634801,43.806818000004505],[-84.766462000113421,43.807480000066811],[-84.767033999675647,43.807856000196139],[-84.76773599983251,43.808295999907578],[-84.767793999558833,43.808213999788656],[-84.767861000404295,43.808090999723326],[-84.767899999864042,43.807947000257926],[-84.76795699976546,43.807845999781961],[-84.768032999933425,43.80771099986115],[-84.768233999774893,43.807676999919394],[-84.768265999561933,43.807671999697554],[-84.768304000095071,43.807671999697554],[-84.768304999919991,43.807873999770557],[-84.768308000293032,43.80830899982913],[-84.768309000117952,43.808385000012009],[-84.768309000117952,43.808432999736503],[-84.7696430001115,43.808406000301382],[-84.769654999807074,43.808797999810047],[-84.768315999790659,43.808777000306733],[-84.7683190001637,43.808886000179619],[-84.768339000255196,43.809563000205003],[-84.768341999729927,43.809678999886479],[-84.768340999905007,43.809934000154676],[-84.768336999707046,43.810991999781365],[-84.768186999919223,43.810417999804883],[-84.768166999827741,43.810342999874798],[-84.768052000200001,43.80998100031406],[-84.768025000435813,43.809919000054634],[-84.767880999597466,43.809594000203447],[-84.767622000029689,43.80922499999383],[-84.767447999952424,43.80901200010004],[-84.767124999912227,43.808686999851417],[-84.766763000412311,43.808383999720228],[-84.766211999868162,43.808005999725225],[-84.765335999634019,43.807444999686112],[-84.76114600023071,43.804651000208231],[-84.760538999610077,43.804111000281907],[-84.760102999591993,43.803687000309203],[-84.759819999734773,43.803367999923992],[-84.759545000273476,43.802992999805035],[-84.759213000012451,43.802480999726498],[-84.758839999743557,43.801719999716511],[-84.758744000382407,43.801384000030907],[-84.758371000113499,43.80204399986971],[-84.757855999554366,43.802984999989484],[-84.756663999851042,43.805162000144406],[-84.756334000138153,43.80576399974521],[-84.755861000310148,43.806747999743315],[-84.755621999935542,43.807262000176898],[-84.753280000361698,43.813544000242935],[-84.753663999602935,43.813658000212357],[-84.753791999649451,43.813696999708434],[-84.753707000158954,43.814050000254696],[-84.753686000242567,43.814106999783682],[-84.753630000166041,43.814192999720582],[-84.753251999874266,43.814054999942648],[-84.75323599998076,43.814610999835828],[-84.753326000392448,43.814610000296497],[-84.753326000392448,43.814742999810193],[-84.753451000065908,43.814742999810193],[-84.753452999715748,43.814837999837081],[-84.753348999958661,43.814840999739971],[-84.753374000073009,43.817319999754517],[-84.753338999912913,43.817556999914991],[-84.7529859997355,43.817452000222488],[-84.752542000219805,43.817975999948217],[-84.752662999695303,43.818465999979274],[-84.751715000389453,43.818526000196158],[-84.751542000137093,43.819180999992518],[-84.750870000117445,43.821292999969678],[-84.750788999926584,43.821888999920347],[-84.750694000390354,43.822473999789565],[-84.750505000244473,43.822952999973097],[-84.750408999984998,43.823307999679336],[-84.750408999984998,43.823336000196242],[-84.750373999824902,43.825298999878591],[-84.750386000418771,43.825544000159326],[-84.750374999649821,43.825686999966912],[-84.750316000098579,43.826248999735157],[-84.750315000273673,43.826264000269944],[-84.750358999756287,43.826542000080636],[-84.751455999923365,43.826551999956436],[-84.751511999999877,43.82602900031543],[-84.751506999976996,43.825620999799135],[-84.751888999568422,43.825604999747476],[-84.752240999920915,43.825617999789792],[-84.752312999890947,43.825620999799135],[-84.753324999669218,43.82560199973733],[-84.753312000148753,43.825790000082868],[-84.753319999646337,43.826240999794052],[-84.753292000057243,43.826494999993777],[-84.753306000300952,43.826563999805202],[-84.753288999684202,43.826956000019266],[-84.753292999882163,43.827463999733745],[-84.753276000163737,43.828366000264012],[-84.753285000384565,43.828794999763701],[-84.753388000316733,43.82916700006497],[-84.753400000012292,43.829273999776277],[-84.753327000217354,43.829274999718194],[-84.753299999554855,43.829274999718194],[-84.75254300004471,43.829281999958951],[-84.752440000112543,43.829283999842453],[-84.751916000230906,43.829292000023791],[-84.751892999766383,43.829292999965404],[-84.751496999931263,43.829299000262601],[-84.751429000159192,43.829300000204107],[-84.750933999691554,43.829305999852544],[-84.749983000012648,43.829330999677452],[-84.749581000329755,43.82933500008911],[-84.749274000183078,43.829346000085799],[-84.748813000050632,43.829359999901833],[-84.748797000157111,43.829359999901833],[-84.748517999599542,43.829370999893904],[-84.748346999895304,43.829369000013322],[-84.74442600010552,43.829366000192344],[-84.74440900038708,43.82936700013267],[-84.744416999884677,43.827968999770157],[-84.744381999724595,43.827966999842602],[-84.744200000149718,43.827993000191697],[-84.74406299988236,43.828065000102249],[-84.744036999943077,43.828125999706522],[-84.744030000270399,43.829366000192344],[-84.743446999939209,43.829366000192344],[-84.742959000042589,43.829366000192344],[-84.742432999612802,43.829375000302889],[-84.739051999598175,43.829390999992079],[-84.735580000245264,43.82940599973729],[-84.735577999697142,43.83151900014137],[-84.735639999621412,43.836586999726606],[-84.737505000067614,43.836579999694628],[-84.734493000123933,43.840260999903926],[-84.733279999605898,43.840266999746341],[-84.733257000039686,43.842567999792152],[-84.733242999795962,43.843890999712421],[-84.738302999585642,43.843862000070281],[-84.739496000012196,43.843853999898464],[-84.739506000057943,43.840236999880233],[-84.740676000019945,43.840231000034805],[-84.742035000127856,43.840223999782424],[-84.742072999762698,43.836563999988762],[-84.747351000010568,43.836545999990591],[-84.748269000077499,43.836545000170503],[-84.748321999780956,43.832913000128116],[-84.748705000095612,43.832909999837248],[-84.750850999850883,43.832844999762038],[-84.752122000095241,43.83277600008325],[-84.752153999882296,43.832881000041745],[-84.752311000241122,43.833403999909713],[-84.752477999747384,43.833819999936772],[-84.752723999794682,43.834316999824757],[-84.753000999804115,43.83478000004726],[-84.753398000362466,43.835315000153862],[-84.753676000196805,43.835647999955462],[-84.753804000243321,43.835823000001433],[-84.754246999934111,43.836267000296054],[-84.754446999950659,43.836449999692441],[-84.754456000171501,43.83645800020917],[-84.755668999791212,43.836408000039953],[-84.756040000410295,43.836448999870782],[-84.756540999827408,43.836426999901853],[-84.757157999595464,43.836389000172005],[-84.757499999902222,43.836405999747186],[-84.757868999973169,43.836390999817368],[-84.758180000317793,43.836320000055025],[-84.758233000021221,43.835945000137208],[-84.758237000219182,43.83430799981145],[-84.758252000287811,43.833159000138302],[-84.758299999968372,43.832950000247145],[-84.758485999741225,43.832887999859615],[-84.759417000226961,43.832860999817015],[-84.761287999622624,43.832880000160237],[-84.761663000439668,43.832853000114071],[-84.762574999760503,43.832857000289664],[-84.762953000052278,43.832836000174701],[-84.763242999582175,43.832800999750695],[-84.763486999979662,43.83274100027203],[-84.763610000003311,43.832715999931466],[-84.763739999699666,43.832721999884555],[-84.763804999996992,43.832724000300807],[-84.764100000448067,43.832733999788935],[-84.764092000052159,43.832855999759779],[-84.764477999841532,43.833005999998278],[-84.764524999697201,43.833023999768329],[-84.764594000192503,43.832771000018894],[-84.764588000344702,43.832738999856389],[-84.765473999726282,43.832756999706916],[-84.768277000330897,43.832815000052356],[-84.768275999607681,43.832860999817015],[-84.768270999584814,43.833108999796842],[-84.769686999594128,43.833103999760439],[-84.7698180000137,43.833102999882669],[-84.76981700018878,43.832797000219323],[-84.773734999605523,43.832752000288998],[-84.773712999864202,43.833080000098043],[-84.773698999620507,43.833388000000305],[-84.773687999749853,43.833988999686447],[-84.773662999635491,43.834319000187541],[-84.773604999909182,43.835077999857823],[-84.773518999695455,43.836215000315612],[-84.769452000315795,43.836338000121415],[-84.7693550002314,43.837145000002486],[-84.768342999554832,43.837250000049401],[-84.768278999980723,43.83725700000273],[-84.768215000406641,43.837267999835213],[-84.768213999683397,43.837101999732511],[-84.768217999881358,43.836466999898271],[-84.765745999712834,43.836456999739674],[-84.765743000238118,43.837424999932914],[-84.765745999712834,43.837944000316362],[-84.768217000056453,43.837942999871778],[-84.768221000254414,43.83908199972192],[-84.768222999904225,43.839368999987542],[-84.768222999904225,43.839380000078627],[-84.76762700005257,43.839403999799046],[-84.765718000123755,43.839434000083997],[-84.76574900008589,43.83976200009846],[-84.762691999936365,43.839807999691665],[-84.762272999636721,43.840098000282303],[-84.761603000165209,43.84015300004539],[-84.762790999670571,43.840614000189433],[-84.763691000194157,43.840975999987108],[-84.763087999771486,43.840441000097577],[-84.764769999919594,43.840515999801966],[-84.765775000025172,43.840791000071405],[-84.765867999911578,43.840340999913025],[-84.768221000254414,43.840258999740321],[-84.768687000409741,43.840223999782424],[-84.770762999844806,43.840082000223916],[-84.772325000342306,43.840087000323592],[-84.773250000081944,43.840077000123785],[-84.778162999558504,43.840022000290631],[-84.778165999931574,43.839811000283618],[-84.77826399984086,43.832704000023462],[-84.783490000210179,43.832487999970937],[-84.783402000346641,43.830651999713901],[-84.783299000414473,43.827456999927797],[-84.783475000141564,43.82745999984477],[-84.783764999671476,43.827500999990569],[-84.783870000151779,43.827571999876142],[-84.784167000252708,43.82792400008789],[-84.784260000139128,43.828223999705074],[-84.784317999865451,43.828410000304778],[-84.784414999949817,43.828492999866171],[-84.784808000310221,43.82857799986737],[-84.784984999862232,43.828643000053475],[-84.785154999741536,43.828850000224342],[-84.785363999978898,43.828966999975158],[-84.785813000415786,43.829069000318569],[-84.785942000287235,43.829133999969962],[-84.786047999694119,43.829476999949051],[-84.786150999626273,43.829602999843125],[-84.786292000091592,43.829689000142693],[-84.7864269998108,43.829734999724579],[-84.786655000314752,43.829757000216446],[-84.787443999611952,43.829791999833517],[-84.788404000409983,43.829711999938041]],[[-84.769638000088619,43.806276000212151],[-84.769636000438808,43.806451000149259],[-84.769407000109965,43.806449999825048],[-84.76827399995787,43.806445000148756],[-84.768267000285164,43.806302999961773],[-84.768265999561933,43.806274999885062],[-84.769638000088619,43.806276000212151]],[[-84.76838299973781,43.813893000247369],[-84.76838299973781,43.813941000082849],[-84.768381000087984,43.814004000254009],[-84.768357999623433,43.814728000269739],[-84.767525999770228,43.814732999900919],[-84.762000999650141,43.8146850000538],[-84.761594999769287,43.814686999778111],[-84.76141700039237,43.814687999964377],[-84.761217000375822,43.814689000150565],[-84.760757000068281,43.814690999874749],[-84.760666999656593,43.814692000060937],[-84.76069000012113,43.813933999987675],[-84.760680999900316,43.81295599974225],[-84.760680999900316,43.812917999978119],[-84.76161800023381,43.812932999973199],[-84.76308699994658,43.81295599974225],[-84.766017999699415,43.81295599974225],[-84.766028999570068,43.811794000217709],[-84.766292000234102,43.811797000273451],[-84.766293999883928,43.811072999729163],[-84.766580999939094,43.811073999975903],[-84.767339000172484,43.811078999912993],[-84.767345999845176,43.811714000187322],[-84.767336999624334,43.811805999791652],[-84.767124000087335,43.811805999791652],[-84.76712099971428,43.811877999777735],[-84.76712200043751,43.812331000021899],[-84.767123000262416,43.812409000073522],[-84.767651000342013,43.812407999849093],[-84.767661000387761,43.813140999732418],[-84.767661000387761,43.813192000158061],[-84.767059999614901,43.8131849999751],[-84.767058999789995,43.813220000233393],[-84.767057999965076,43.813297999772111],[-84.767384000378328,43.813300999752357],[-84.767375999982406,43.81362799993444],[-84.767370999959539,43.813905000047797],[-84.768272000308045,43.813909999747835],[-84.76838299973781,43.813893000247369]]],[[[-84.747709000210847,43.825817000083887],[-84.747654999784174,43.82574700005604],[-84.747556000049968,43.825615999783466],[-84.747073000176215,43.82508600028288],[-84.746561999815057,43.824682999896623],[-84.746227999904207,43.824463999912723],[-84.745748000403495,43.824150999834316],[-84.743362000448712,43.822748000194501],[-84.742517000176704,43.822248999770416],[-84.741224000191039,43.821466999906846],[-84.740918999694216,43.821289000315303],[-84.740887999732053,43.822201000131869],[-84.738362999860101,43.822201000131869],[-84.738412000263907,43.823529000091725],[-84.738499000302539,43.825867000053464],[-84.741777000385014,43.825804000084901],[-84.7419189997769,43.825801000084759],[-84.742075000310834,43.82571700001899],[-84.742245000190152,43.825691999976641],[-84.742344999749264,43.82572500003036],[-84.742495000435412,43.825822000082724],[-84.742702000124638,43.825980999827557],[-84.742904999615902,43.82613799980814],[-84.742876000201903,43.82633199970919],[-84.742842999691646,43.826354000159249],[-84.742654000444062,43.826397999738894],[-84.742519999651449,43.826482000142455],[-84.742458999552071,43.826598999998417],[-84.742470000321035,43.826748999760788],[-84.742514999628568,43.826831999687634],[-84.742642999675084,43.826949000153753],[-84.742754000003174,43.827093999792758],[-84.742754000003174,43.827227999990768],[-84.742853999562271,43.827372000274472],[-84.743127000272068,43.827611999975296],[-84.743322000265735,43.82785599987001],[-84.743359999900576,43.828006999677058],[-84.743407999581137,43.828061000253506],[-84.743406999756246,43.827950999771744],[-84.743412999604018,43.827077000157246],[-84.745052000094418,43.827065999742452],[-84.745051000269498,43.827010000250432],[-84.74505899976711,43.825968999861601],[-84.74764300008863,43.825969999858835],[-84.747709000210847,43.825817000083887]],[[-84.745000000215896,43.825196000211598],[-84.744969000253732,43.825256000146183],[-84.744945999789209,43.825300999895539],[-84.744096000392631,43.825373999820002],[-84.743975000018821,43.825319000045027],[-84.743824000406065,43.824403999830203],[-84.744765999864157,43.824291999687631],[-84.744818999567599,43.824331000015739],[-84.745000000215896,43.825196000211598]],[[-84.743687000138721,43.825278999705453],[-84.743595000077207,43.825427000179779],[-84.742768000246869,43.825545000163679],[-84.742624000306819,43.825505999980599],[-84.742466000123073,43.824598000181766],[-84.742542000291067,43.824532000106196],[-84.743430000220769,43.824419000180519],[-84.743525999581934,43.824453999687137],[-84.743565999764911,43.824469000024884],[-84.743687000138721,43.825278999705453]]],[[[-84.759284999982469,43.836976000119115],[-84.759283000332658,43.836600999788054],[-84.759119000301112,43.836602000255141],[-84.759074999920188,43.836602000255141],[-84.758677000435256,43.836603000074227],[-84.758679000085067,43.836979000205574],[-84.759114000278245,43.836976999931942],[-84.759284999982469,43.836976000119115]]],[[[-84.769860999671394,43.834334999847336],[-84.769869999892236,43.833658999952547],[-84.768258000064321,43.833664999810807],[-84.768248999843493,43.834058999768509],[-84.768244999645532,43.834341000285654],[-84.768237000147934,43.834783000244116],[-84.76977199998295,43.834777999699917],[-84.769860999671394,43.834781999746525],[-84.769860999671394,43.834334999847336]]],[[[-84.771328999559231,43.846024999723234],[-84.770563999653177,43.845432999743444],[-84.769590000408058,43.845007999997144],[-84.768946999802409,43.844892999956912],[-84.768195000315131,43.844817000242408],[-84.768198999614782,43.84453999972186],[-84.768196000140051,43.843670000185128],[-84.767883000145616,43.843657999888322],[-84.767299999814426,43.843661000286708],[-84.766895999583369,43.843666999787203],[-84.766486000402864,43.843668999836552],[-84.765913000117422,43.84367900008219],[-84.765661000222352,43.843681000131141],[-84.75321900026232,43.843765999881001],[-84.753194000147957,43.847459999707127],[-84.758197000036233,43.847419999954106],[-84.758094000104066,43.849930000187278],[-84.758052000271277,43.850976999875385],[-84.759645999657494,43.850972000040606],[-84.763254000351154,43.850956000307285],[-84.767792999733928,43.850941000148545],[-84.768141999713364,43.850938999695188],[-84.768165000177916,43.847267999740929],[-84.768167999652647,43.846931000124584],[-84.768184000444492,43.845628000084723],[-84.769623000020033,43.845622999801549],[-84.769617999997152,43.846033999912891],[-84.771328999559231,43.846024999723234]]]]},"properties":{"BASENAME":"Clare"}},{"type":"Feature","geometry":{"type":"Polygon","coordinates":[[[-84.82815800007765,44.031278000016876],[-84.828144999658875,44.03020200013578],[-84.828107000024033,44.02706799989533],[-84.82808000025986,44.022931999863886],[-84.828049000297696,44.022188999913261],[-84.828055000145483,44.018616000024629],[-84.828040000076882,44.016696999930467],[-84.828106000199114,44.010212999702723],[-84.828105000374208,44.009248000155452],[-84.828055999970402,44.004229999992511],[-84.828075000236979,44.00246500016565],[-84.828077999711695,44.002148000083267],[-84.807661000102726,44.002306999824683],[-84.80730700010038,44.002299000254283],[-84.806651999799172,44.002294000199136],[-84.80371100000059,44.002273999974349],[-84.803099000255415,44.002318999824467],[-84.800237000099557,44.002256000283225],[-84.798631000119457,44.002296000092016],[-84.79793099961239,44.002321999985568],[-84.797584000181075,44.002330000199045],[-84.789432999906708,44.002327000038349],[-84.789386000051039,44.002328000307308],[-84.787873999782249,44.002321999985568],[-84.787873999782249,44.002339000034041],[-84.7878760003304,44.002448000153279],[-84.787904999744384,44.004931999956511],[-84.787913000140307,44.007839999683661],[-84.787948000300403,44.008216000066753],[-84.787910999592171,44.008645000238936],[-84.787917000338268,44.00962799994975],[-84.787919999813013,44.012689999953921],[-84.787932000406883,44.014425999891721],[-84.787801999812231,44.016050999857335],[-84.787903999919479,44.016884000100212],[-84.787918000163188,44.017170000321101],[-84.787920999637919,44.017909999843774],[-84.787965000018843,44.018739999834537],[-84.787944999927362,44.018937999899741],[-84.78793800025467,44.01922799983938],[-84.787944999927362,44.019940000308488],[-84.787954000148204,44.020502999943453],[-84.787951999600068,44.020917999714392],[-84.787954000148204,44.021094000014855],[-84.787971999691536,44.021683000123474],[-84.787970000041724,44.022082999704658],[-84.787969000216805,44.02289299968249],[-84.787954999973095,44.023486000299421],[-84.788011999874513,44.024135999715476],[-84.787960999820882,44.024311000253512],[-84.787989000308301,44.024406000200074],[-84.787990999958112,44.024853000114845],[-84.788001999828779,44.025133000054048],[-84.788022999745166,44.025304999942236],[-84.78803399961582,44.025650000034915],[-84.788040000361917,44.025695000235956],[-84.788048999684435,44.026197999770794],[-84.788077999996744,44.028209999794271],[-84.788091000415548,44.029115999987546],[-84.788069999600836,44.029841999754382],[-84.788069999600836,44.029857999860837],[-84.788061000278319,44.030142999701013],[-84.7880810003698,44.030911999699747],[-84.788098999913146,44.031591000310918],[-84.78819099997466,44.031592000086349],[-84.790715999846626,44.031564999684996],[-84.793259000160248,44.031563999909118],[-84.794172000204313,44.031549000039405],[-84.794499000442457,44.031546999841169],[-84.798583000438882,44.031546999841169],[-84.799247000062593,44.03152500023991],[-84.799462999972661,44.031523999817495],[-84.799584000346471,44.0315480002632],[-84.800669999744613,44.031356000300498],[-84.804131000125167,44.031283999992638],[-84.805376000430272,44.031511000137122],[-84.805759999671508,44.031500000007917],[-84.807492000048299,44.031488000099472],[-84.808117000212278,44.031497999808082],[-84.809999000376919,44.031477999743352],[-84.810592999680452,44.0314599998731],[-84.811714999961893,44.031441999997433],[-84.812252000262333,44.031438000239589],[-84.814131000053919,44.031401000044838],[-84.815908999563163,44.031403000247956],[-84.817681000122946,44.031380999947373],[-84.819447999761536,44.031345999922117],[-84.823290999733501,44.0313160000685],[-84.82815800007765,44.031278000016876]]]},"properties":{"BASENAME":"Harrison"}},{"type":"Feature","geometry":{"type":"Polygon","coordinates":[[[-85.503924999764152,43.688011999973611],[-85.503923999939246,43.687623999976488],[-85.503918000091474,43.684181999708137],[-85.503343000156207,43.684151000304233],[-85.503025000138877,43.684154000268215],[-85.501054000285791,43.684164999701729],[-85.499460000001235,43.684141999761813],[-85.49875000034676,43.68416099996702],[-85.496725999891922,43.684147999690474],[-85.494945000009608,43.684138999797227],[-85.493739000062575,43.684134000289006],[-85.493647000001076,43.680510999983696],[-85.488645999762639,43.680478000316846],[-85.488573999792607,43.677141999933475],[-85.488557999899101,43.676428000091562],[-85.483411999895679,43.676302000192962],[-85.482554999928126,43.676292999772436],[-85.482544000057459,43.675754999829543],[-85.483404000398096,43.675735000298992],[-85.483401000025054,43.675247999732996],[-85.483391999804212,43.674839999866343],[-85.481958000251538,43.674866999828602],[-85.481955999703402,43.675277000000108],[-85.481957000426647,43.676305999801947],[-85.480731000388118,43.676323999988071],[-85.47857899988675,43.676354000286295],[-85.476869999974468,43.67637899976539],[-85.476539000436674,43.676376999963367],[-85.476705000118017,43.676494999862832],[-85.477823000201511,43.677295000186504],[-85.477969999616292,43.67825999974783],[-85.476535000238727,43.679624000047511],[-85.476437000329426,43.680935999897827],[-85.475822000211195,43.681548999965109],[-85.474976000114268,43.681705999923359],[-85.473589000417263,43.681719999891364],[-85.473360000088405,43.682273999716827],[-85.473396000073421,43.682842999772795],[-85.473430000408612,43.683274000074071],[-85.473339999996938,43.683777000156205],[-85.473297000339215,43.684049000140746],[-85.472609000426047,43.684358999832668],[-85.470563000229902,43.684883000057468],[-85.469418000382234,43.685309999686368],[-85.468920000439866,43.685601000264512],[-85.468378000116559,43.686005000104153],[-85.467963999839768,43.686648000043625],[-85.467444000156078,43.687354999765979],[-85.466464000164862,43.68855300018479],[-85.465784999574211,43.68920099982882],[-85.465466999556881,43.689751999738675],[-85.465240999601079,43.69036100004039],[-85.465833999978003,43.69151199981539],[-85.465526999831354,43.691513999762456],[-85.465496999694125,43.69151800030599],[-85.464462000349627,43.691398000122881],[-85.464170000271594,43.691400999724436],[-85.464145000157231,43.691409999827187],[-85.463816000269247,43.691377000309714],[-85.463289999839475,43.691405999926047],[-85.462791000072187,43.691422000178704],[-85.460819000394196,43.691489000094251],[-85.461098999878359,43.698651000268335],[-85.462244999550933,43.698661000111677],[-85.463586000115484,43.69866699988696],[-85.46359199996327,43.70234700007768],[-85.458659000395201,43.702501999921544],[-85.455948999677005,43.702573000252514],[-85.456060999829987,43.706051999832297],[-85.458697999854962,43.706045000090732],[-85.458779999870728,43.708533999904056],[-85.459950999657636,43.708527999817441],[-85.459988000365882,43.709656999692079],[-85.461329000032137,43.70961699985282],[-85.461292000222201,43.707788000116345],[-85.463627999948272,43.707730999858683],[-85.463634999620979,43.709550000062315],[-85.46402999963118,43.716780999797123],[-85.468934999610156,43.716757000152491],[-85.468968000120427,43.716662999936879],[-85.469178000182723,43.716614000014644],[-85.46951600029152,43.716587000013881],[-85.471615000191122,43.716543000082758],[-85.471668999719483,43.719586000148304],[-85.4688380004241,43.719681000151525],[-85.468839000249005,43.719783999916451],[-85.468814999959562,43.719887999978496],[-85.468764999730837,43.720003999684941],[-85.46867900041542,43.720104999901267],[-85.468467999629922,43.720205999947339],[-85.46932700014564,43.720522999712529],[-85.469420000032045,43.720550999701267],[-85.473965999985836,43.72044099994843],[-85.479028000323623,43.72029299977342],[-85.484546999697614,43.720158000145965],[-85.484678000117185,43.723889000211685],[-85.487592000151565,43.723954999794913],[-85.490331000283774,43.724025000276669],[-85.492644000443633,43.724094000272757],[-85.49309399980713,43.724103000012349],[-85.493243999594938,43.722935999777164],[-85.492297999938913,43.720647999746603],[-85.491702999912164,43.71921700007384],[-85.490787000393354,43.717795999882583],[-85.489244000162429,43.716587000013881],[-85.488961000305224,43.716369999686201],[-85.488581000363624,43.715823999700106],[-85.488884000312325,43.715713999709656],[-85.490147000160746,43.715150000022099],[-85.49034899982712,43.715067000141488],[-85.489027000427456,43.71355799990878],[-85.488429000027651,43.71292800008797],[-85.48833199994327,43.712846000318827],[-85.488152999843138,43.71268800011476],[-85.488297999608093,43.712653000078951],[-85.488405999563128,43.712650000241865],[-85.488470000035548,43.712650000241865],[-85.489035999749973,43.712655999915839],[-85.489183000063079,43.712662000238488],[-85.48913500038249,43.711183000246159],[-85.489095000199512,43.709931999812213],[-85.489077999582761,43.709395000259896],[-85.493785000093339,43.70940400025939],[-85.493745999735282,43.708524999773928],[-85.493745999735282,43.707206999894908],[-85.493751999583054,43.707063999696551],[-85.493763000352033,43.706793000228501],[-85.493755999781015,43.706092000102466],[-85.493682999986092,43.705911000241812],[-85.491954999807234,43.705909000125494],[-85.491933000065927,43.704687999777221],[-85.490174999749854,43.70465399969455],[-85.490117999848451,43.703355999843687],[-85.490106999977783,43.703174000060564],[-85.489995999649707,43.701977999708291],[-85.489983999954148,43.701781999809974],[-85.489961000387922,43.700852999945418],[-85.489947999969132,43.699825999994523],[-85.489949999618943,43.699503999677063],[-85.488562000097048,43.699487000116484],[-85.488558999723992,43.698734999679793],[-85.488557000074181,43.698277000254272],[-85.489576000423455,43.698305000245767],[-85.491021999671673,43.698344999839918],[-85.491671000125109,43.69836400009239],[-85.491972000423985,43.698372000265245],[-85.491972000423985,43.698417000081193],[-85.492605999910481,43.698417000081193],[-85.492600999887614,43.698975000318811],[-85.490671999867317,43.698966000052373],[-85.490655999973796,43.700784999956888],[-85.490701000179627,43.700784999956888],[-85.490698999631491,43.701004999984711],[-85.491902000103792,43.701010000035012],[-85.492526000442851,43.701029000092426],[-85.493718000146188,43.701062000143686],[-85.494399000386665,43.701080000045842],[-85.494385999967875,43.699038000197419],[-85.496212999880925,43.699046999803571],[-85.496257000261849,43.701744000166393],[-85.496260999561486,43.702051999728617],[-85.496340000102535,43.702053999973622],[-85.49633799955437,43.701422999891783],[-85.497113000404511,43.701447999964778],[-85.497113000404511,43.702077000188758],[-85.497681999593681,43.702106999947794],[-85.49884599970791,43.702169999782654],[-85.49881300009595,43.700303999717242],[-85.498782999958721,43.698554999869089],[-85.500869000337858,43.69860400026797],[-85.500710000329207,43.698529999888692],[-85.500317999793737,43.698309999871753],[-85.500233000303226,43.698262000067835],[-85.500015999669927,43.698089000157964],[-85.499819000026434,43.697932999754933],[-85.499754999554028,43.697881999722497],[-85.499367000114816,43.697723000145267],[-85.499367999939722,43.697591999821363],[-85.499368999764641,43.697323999704864],[-85.499372000137683,43.6967699998836],[-85.498996000394058,43.696762000146492],[-85.498784999608546,43.69675799995278],[-85.498804999700042,43.69498000011675],[-85.500123999624961,43.695027999949893],[-85.501736000351173,43.695032000259026],[-85.503368000270555,43.695081999878681],[-85.50380900031152,43.695102000104576],[-85.50380799958829,43.693572000258406],[-85.503806999763398,43.691422000178704],[-85.503872999885616,43.689503999804415],[-85.503883999756283,43.689396999930004],[-85.503888999779136,43.689050999776072],[-85.503923999939246,43.688036000085184],[-85.503924999764152,43.688011999973611]]]},"properties":{"BASENAME":"Big Rapids"}},{"type":"Feature","geometry":{"type":"MultiPolygon","coordinates":[[[[-84.705966000248438,45.02683599991078],[-84.705994999662437,45.023481000290623],[-84.703407999866187,45.023450999792182],[-84.703314999979781,45.021636999827763],[-84.700938000245827,45.021634999688239],[-84.698944999753095,45.021625000259668],[-84.696280999963975,45.021634999688239],[-84.687785999732995,45.021668000076033],[-84.68777099966438,45.021217000114511],[-84.687731000379728,45.020315999785971],[-84.687706000265365,45.019347000081993],[-84.687672999755094,45.018030999938375],[-84.68767500030323,45.016695000086983],[-84.687661000059535,45.016507999811196],[-84.687644000341095,45.016423000176687],[-84.687681999975936,45.014542000204116],[-84.687178000185767,45.014528000031433],[-84.687092999796945,45.014526000278622],[-84.687102000017788,45.014353000124146],[-84.687128999781962,45.014129000021313],[-84.68717399998782,45.013892999758923],[-84.687250999980705,45.013666999979186],[-84.687332999996471,45.01348499976676],[-84.687450000172319,45.013242999998155],[-84.687522000142351,45.01307899984657],[-84.687579000043769,45.012905999766247],[-84.687630999922305,45.012625999729195],[-84.687647999640731,45.012423999854938],[-84.687796999603648,45.012423999854938],[-84.691656000367487,45.012426000316225],[-84.699265000318562,45.006476999858428],[-84.699282999861893,45.003657999933473],[-84.697998000272165,45.003652999920071],[-84.697862999654632,45.003652999920071],[-84.697785999661733,45.00043899985959],[-84.69772799993541,44.997999999873407],[-84.695424999821299,44.996927999814872],[-84.69434100007301,44.996423999701811],[-84.693280999715839,44.996412999807454],[-84.688268999606748,44.996364000194689],[-84.687384000050102,44.996355000040865],[-84.687385999699927,44.996391999887805],[-84.687404000141569,44.996680000111532],[-84.687547000256714,45.001320999978105],[-84.687615000028785,45.003586000206802],[-84.686907000024121,45.003573000281797],[-84.686599999877444,45.003561999854369],[-84.68657399993819,45.003945999840639],[-84.685759999628317,45.014238999784361],[-84.685379999686731,45.014187000211365],[-84.684609999757797,45.014117999715829],[-84.684536999962859,45.014117999715829],[-84.682534000322704,45.013889000208941],[-84.682482000444168,45.013883000248342],[-84.682356999872383,45.013859999970329],[-84.680769000333939,45.013689999699707],[-84.680135999774024,45.013611000317404],[-84.679650000425553,45.013563999957938],[-84.679889999726754,45.010020999786811],[-84.680025000344273,45.008038999936318],[-84.680164000261442,45.005824000002093],[-84.680415000331607,45.002860000023979],[-84.679038999606945,45.002714000214681],[-84.6790269999114,45.001341999996896],[-84.680293999957797,45.001509999870343],[-84.680304999828451,45.001363999796624],[-84.68047200023301,44.999202000005873],[-84.678672000084148,44.999021999858989],[-84.678312000234044,44.998986000269916],[-84.678313000058949,44.998957999938689],[-84.678313000058949,44.998946999895594],[-84.678316000432005,44.998852000012747],[-84.678318999906722,44.998811999714057],[-84.678330999602309,44.998531000179398],[-84.678338999998232,44.998322999823962],[-84.678343000196179,44.998265999927625],[-84.678344000021085,44.998217999837202],[-84.678396999724541,44.998224000168321],[-84.67872599961251,44.998262999764343],[-84.67872499978759,44.998191000245093],[-84.678718999939818,44.997712999784014],[-84.680572999617041,44.997932999901451],[-84.680827999885153,44.997961999946341],[-84.680837999930915,44.997861999817289],[-84.681006999985314,44.995558999831893],[-84.681037000122544,44.995181000184466],[-84.681049999643037,44.995012000276667],[-84.68099699993958,44.995002999910497],[-84.680756999740055,44.994974000273892],[-84.680616000173075,44.994957999964235],[-84.680590000233792,44.99519799969277],[-84.680282000262224,44.995162000242289],[-84.67982799980247,44.995108000071198],[-84.679832999825337,44.995058999977815],[-84.679842000046165,44.994972999738479],[-84.679853999741738,44.994867999965692],[-84.678835000290761,44.994747000267282],[-84.678795999932703,44.994742000111472],[-84.67870999971899,44.994731999798603],[-84.678713999916937,44.994688000179885],[-84.678723000137779,44.994608000093606],[-84.678742000404355,44.994431999764721],[-84.67840900031841,44.994392000192128],[-84.678390000051834,44.994389999736292],[-84.678360999739525,44.994386000095012],[-84.678169000118913,44.994364000157056],[-84.678174000141766,44.994343000121795],[-84.678242999738757,44.993997999892507],[-84.678247999761609,44.993971000217797],[-84.678681000304991,44.994014999751741],[-84.67891599958331,44.994039000291799],[-84.678918000131446,44.994010000167343],[-84.679066000269444,44.99264099971932],[-84.678588000418557,44.992582000004866],[-84.678616999832556,44.992316000247371],[-84.678633999550996,44.992190999813126],[-84.678727000335741,44.992200999934155],[-84.678732000358593,44.992146000199973],[-84.678907000260793,44.990513999754228],[-84.678920999606177,44.990405000151604],[-84.679520999655807,44.990464000201207],[-84.680556999723521,44.990564999875964],[-84.679863999787486,44.990011999746613],[-84.678245000286893,44.988818000041867],[-84.677461000114249,44.988166999716569],[-84.677117999982585,44.987877999889214],[-84.677034000316993,44.988061000160144],[-84.676986999563013,44.988233000288389],[-84.676948000103266,44.988416000061278],[-84.676917000141131,44.988702999698411],[-84.676900000422691,44.988849000266235],[-84.676897999874555,44.989249999751358],[-84.676901000247597,44.989291999734746],[-84.676901000247597,44.989374000248965],[-84.676908999745208,44.98956800013061],[-84.676921000339078,44.98976399997305],[-84.676096999983471,44.989764999964024],[-84.675656999767412,44.989713999765769],[-84.675332000077404,44.989622999797511],[-84.675028000303797,44.989474999938551],[-84.674779999708363,44.98926399974922],[-84.674619999874778,44.989094000178902],[-84.674251999628765,44.98850900006564],[-84.674049999962406,44.988238999758991],[-84.673860999816512,44.988054000014699],[-84.673670999845712,44.987925999746004],[-84.673470999829178,44.987826999917871],[-84.673203000040573,44.987726999892296],[-84.672614999686502,44.98764500019854],[-84.671864999849063,44.987566999869621],[-84.67182399984118,44.991129999994847],[-84.67470699991344,44.99143799985594],[-84.675135000433912,44.991483999986031],[-84.675532000093952,44.991526000238316],[-84.676148999862008,44.991591000159623],[-84.676158000082836,44.992413000055969],[-84.67615700025793,44.992497999746703],[-84.67615700025793,44.992582000004866],[-84.676165999580434,44.992996999776061],[-84.676168999953489,44.993142000273536],[-84.676172000326559,44.993308000191114],[-84.676173999976371,44.99340400029908],[-84.676173999976371,44.993416999990323],[-84.675850000111268,44.993384999767677],[-84.67215299972915,44.993018000304559],[-84.67215399955407,44.994176000111779],[-84.67215299972915,44.994532000162287],[-84.672157999752031,44.99486999976957],[-84.672638999975973,44.994953999727336],[-84.672869000129722,44.99495700006387],[-84.67449900039928,44.995121999908683],[-84.674948999762776,44.99518800009475],[-84.675116999992241,44.995235000286762],[-84.675536000291913,44.995266000216631],[-84.675879000423578,44.9952889997029],[-84.675926000279247,44.995290000232757],[-84.675953000043421,44.99685400015403],[-84.675954999693246,44.997035999852201],[-84.675958000066302,44.997255000167712],[-84.675811999578116,44.997242000076653],[-84.675594000018222,44.997221999686424],[-84.675429999986704,44.997207999726733],[-84.675392000351849,44.997205000143303],[-84.675416999567901,44.997338999805606],[-84.675448000428375,44.997510000185258],[-84.67547900039051,44.998089000188997],[-84.675450000078186,44.998140999767003],[-84.675404999872342,44.998181999742997],[-84.675444000230414,44.998446999748076],[-84.675493999560814,44.99878600023542],[-84.674521000140587,44.998679999991232],[-84.674505000247066,45.000496999938804],[-84.673350000353665,45.000373999810634],[-84.673350000353665,45.001455999964747],[-84.67335100017857,45.002132999758288],[-84.673321999866261,45.002129999797489],[-84.67325699956892,45.002123000100084],[-84.673235999652533,45.00212099991414],[-84.671554000402764,45.001944000015698],[-84.671653999961862,45.005620999923821],[-84.671320999875945,45.005603999696881],[-84.670978999569172,45.005585999750011],[-84.666682000035749,45.005206999837476],[-84.661761999988158,45.005243999684616],[-84.661943999563036,45.009321999938983],[-84.66223800018922,45.015880999995751],[-84.657375999867952,45.01596900030605],[-84.657523000181058,45.020074000310444],[-84.657560999815885,45.02173899986456],[-84.662274999999141,45.021678000132077],[-84.662259999930527,45.023073000038181],[-84.659406999995511,45.0230989999231],[-84.657586999755168,45.023116000036865],[-84.653818000301314,45.023119000168499],[-84.653505000306879,45.023125999839991],[-84.653506000131799,45.022886000273523],[-84.652712999738327,45.022875999793527],[-84.652697999669712,45.024247999800608],[-84.653421999567897,45.024255999992988],[-84.653457999552913,45.02485199975348],[-84.653470000146783,45.025034000028818],[-84.653531000246161,45.025868000078226],[-84.654726000322512,45.025865000090704],[-84.655071000104016,45.025859000115155],[-84.655075000301977,45.02598700009203],[-84.655071999928921,45.026352999805795],[-84.654368000122247,45.026348999856289],[-84.654372000320194,45.026843999741487],[-84.653546000314762,45.026847000312614],[-84.653542999941706,45.027011999737745],[-84.653692999729543,45.027033999836839],[-84.653691999904623,45.027153999939678],[-84.653676999836009,45.029041999763756],[-84.652400999568783,45.029036000121209],[-84.652407000314895,45.028273999773305],[-84.651769999557033,45.028272999819521],[-84.651774999579899,45.02756700014325],[-84.651776000303116,45.027493000061476],[-84.650879000152585,45.027494000028945],[-84.649098000270286,45.027493000061476],[-84.648629999566822,45.027493000061476],[-84.648629999566822,45.027553999947052],[-84.648637999962745,45.032345000184812],[-84.650252000338781,45.032344000302096],[-84.652013000129585,45.03234100001913],[-84.654486000123015,45.035915000049414],[-84.65566799978059,45.036306999995006],[-84.657252999844303,45.036445999921881],[-84.657304999722854,45.036448000178666],[-84.658451000293738,45.036365999749485],[-84.659222999872497,45.036414000247213],[-84.659386999904029,45.036522999918709],[-84.662393999824843,45.036323000181874],[-84.662973999782963,45.03659200007516],[-84.663764999628299,45.036595000135314],[-84.663764999628299,45.034630999918363],[-84.668768000414886,45.034627999755287],[-84.668770999889603,45.035109000193934],[-84.668787999608043,45.037660999900972],[-84.668786999783137,45.038230999754425],[-84.672737999710151,45.038247999817642],[-84.672700000075309,45.036877000005482],[-84.672695000052457,45.036625000092982],[-84.673088000412847,45.036632999825144],[-84.673084000214871,45.036880000050651],[-84.673471999654069,45.036883999899068],[-84.673916000068104,45.036877999808958],[-84.673905000197436,45.037988000053531],[-84.673568999738464,45.037991000040442],[-84.673567999913544,45.038233999728604],[-84.672737999710151,45.038247999817642],[-84.672750000304049,45.038744000036438],[-84.672750000304049,45.038760999947229],[-84.673901999824409,45.038760000176666],[-84.673904000372531,45.038247999817642],[-84.673904000372531,45.0381729997994],[-84.674891999861359,45.038181999730618],[-84.675354999643631,45.038593000158862],[-84.6753670002375,45.039015999907683],[-84.673900000174569,45.039010000041131],[-84.67389900034965,45.039463000255111],[-84.673896999801528,45.04003200018262],[-84.673896999801528,45.040100999916312],[-84.673896999801528,45.040300999778175],[-84.673654000127286,45.040300000034463],[-84.673140000291369,45.040294000302609],[-84.673064999948309,45.040294000302609],[-84.67306300029847,45.041296000125548],[-84.673895000151703,45.041300000299984],[-84.673895000151703,45.041439000158071],[-84.673895000151703,45.041489000289296],[-84.673895000151703,45.041836000199154],[-84.67659800029891,45.041836000199154],[-84.676625999887989,45.041836000199154],[-84.679601000021734,45.041850999758175],[-84.679302000271008,45.040088999775406],[-84.679038999606945,45.038276999764513],[-84.679247000019416,45.038278000178309],[-84.679590000151094,45.038293999814059],[-84.68009599959106,45.041850999758175],[-84.680540999829987,45.045052999798052],[-84.680602999754271,45.045501999888337],[-84.684028999974743,45.045516000103063],[-84.684028000149823,45.045039999765585],[-84.684022000302036,45.043949000133296],[-84.684013999906128,45.043564999892027],[-84.684013000081208,45.043241000222487],[-84.684004999685285,45.041850999758175],[-84.685205999609451,45.041859999745576],[-84.68635399983016,45.041859000029156],[-84.687189999881326,45.041877000000063],[-84.687729999656497,45.041888000050051],[-84.687952000312663,45.0417240000668],[-84.687963000183331,45.04154000009882],[-84.688543999966384,45.04154700005671],[-84.689019000342526,45.038350000090936],[-84.689188000396925,45.038352000281222],[-84.689137000343294,45.032167999729133],[-84.68912700029756,45.031714000275549],[-84.689071000221062,45.02982100007268],[-84.6890460001067,45.029227999798564],[-84.689043999558564,45.028596999807995],[-84.689040000258913,45.027393000056428],[-84.689811000012767,45.027394999994733],[-84.69010499974064,45.027396999932975],[-84.690181999733525,45.027396999932975],[-84.691042999899068,45.027403999716306],[-84.690985999997665,45.027657000199603],[-84.690892000286325,45.027945000063752],[-84.690828999638825,45.028073999777725],[-84.690753000369156,45.028230999839579],[-84.6905449999567,45.028542000094035],[-84.690426999955918,45.028698000195654],[-84.690334999894404,45.029669000210042],[-84.69199399957796,45.029662999998379],[-84.692008999646575,45.029213000104889],[-84.694148999554073,45.029224999987143],[-84.694151999927129,45.029092999874408],[-84.694156999949996,45.028771000044259],[-84.694157999774902,45.028332000238166],[-84.695439000065008,45.028337000001791],[-84.695439000065008,45.028294000115388],[-84.695473000400185,45.028294000115388],[-84.696825999761998,45.028296999975652],[-84.697378000131053,45.02829999983571],[-84.697373999933092,45.028353999829875],[-84.69737099956005,45.028722000173531],[-84.697373999933092,45.028799999714749],[-84.698072999716914,45.028806999961404],[-84.698856000064637,45.028815000151553],[-84.699220999937637,45.028818999928781],[-84.699918000071634,45.028830999893593],[-84.699918999896539,45.02875199981429],[-84.6999230000945,45.028368999748658],[-84.699929999767193,45.027691000254585],[-84.699934999790074,45.027456999952804],[-84.699959000079517,45.027456999952804],[-84.700234000439124,45.027457999920848],[-84.700945999743425,45.027459999856937],[-84.701221999927952,45.027461999792898],[-84.70123100014878,45.027626000019794],[-84.701221000103047,45.02875199981429],[-84.701216999905085,45.028832999781699],[-84.702861000418338,45.028843999799761],[-84.702856000395457,45.029284999995454],[-84.704264999833782,45.029304000048484],[-84.704264000008848,45.029128000285084],[-84.70425700033617,45.028199999970695],[-84.704262000359023,45.027481999783788],[-84.705288000381003,45.027491000126602],[-84.705955000377784,45.027495999963726],[-84.705966000248438,45.02683599991078]],[[-84.660777999798981,45.026427000091523],[-84.66077399960102,45.027392000087197],[-84.66001799991578,45.027391000117994],[-84.659102000396985,45.027389000179554],[-84.658503999997194,45.02737999982071],[-84.658512000393117,45.02643699995118],[-84.659468999919795,45.02643699995118],[-84.660777999798981,45.026427000091523]],[[-84.657641000181826,45.02736800018657],[-84.657498999891615,45.027367000216948],[-84.657318999966535,45.027357999854608],[-84.657309999745721,45.025932999769594],[-84.657284999631358,45.025169000002286],[-84.655640000191511,45.025169000002286],[-84.655625999947802,45.023817999878183],[-84.657472000127427,45.023811000291296],[-84.657488000020962,45.026844999720247],[-84.65763799980877,45.026849000270005],[-84.657641000181826,45.02736800018657]],[[-84.667678999745405,45.030650999929335],[-84.66742199982744,45.03066200023288],[-84.667241999902387,45.030664000056973],[-84.666978000311758,45.030664000056973],[-84.666981999611394,45.031076999694434],[-84.663781000420158,45.031094999882946],[-84.663773000024221,45.031781000097013],[-84.663085999935973,45.031775999999319],[-84.663090000133934,45.031073000075004],[-84.661922999646634,45.03106000004027],[-84.661688000368315,45.031060999945375],[-84.661705000086755,45.027510000140232],[-84.661706999736566,45.027394999994733],[-84.66173600004889,45.027394999994733],[-84.661732999675849,45.026445999823409],[-84.662545000335896,45.026445999823409],[-84.662560000404497,45.027394000025588],[-84.663019999813713,45.027393000056428],[-84.662940000346097,45.023064000270601],[-84.665272999699113,45.023034000188595],[-84.667294999605858,45.023007000228318],[-84.667311000397689,45.023226000314821],[-84.666015000038968,45.023226999721871],[-84.666112999948254,45.024630000120432],[-84.666359999820457,45.027394000025588],[-84.666185999743178,45.027399999840249],[-84.666184999918286,45.027459999856937],[-84.666173000222713,45.02831199990937],[-84.666172000397808,45.028362000083334],[-84.665796999580778,45.028351999925071],[-84.665816999672245,45.028792000157409],[-84.666564000034967,45.028806999961404],[-84.666579000103582,45.029258999745643],[-84.666820000128013,45.029261000253641],[-84.666984999984436,45.029263000126683],[-84.666981999611394,45.028815000151553],[-84.667458999637361,45.028809999794738],[-84.667599000277775,45.028806999961404],[-84.667585000034066,45.029268999745433],[-84.667641999935469,45.03014500018682],[-84.667666000224926,45.030297999973513],[-84.667678999745405,45.030650999929335]]],[[[-84.723467999998121,45.01103699974032],[-84.723343000324661,45.005905999726458],[-84.723333000278927,45.005669000163721],[-84.723243999692144,45.003703000034243],[-84.721217999587466,45.003710000173776],[-84.718430999774682,45.003697000276908],[-84.714964000444638,45.003700999903458],[-84.711589000277812,45.003700999903458],[-84.707977000284501,45.003700000155646],[-84.708096999935094,45.00704600000082],[-84.708103999607786,45.007279999891495],[-84.708128999722149,45.010925999921007],[-84.709249000353765,45.010940999960667],[-84.722129999806626,45.01102799998614],[-84.723467999998121,45.01103699974032]]],[[[-84.726999999625505,45.027478999880806],[-84.726998999800571,45.026337000006023],[-84.726998999800571,45.025891999972877],[-84.726997999975666,45.025101000050746],[-84.726997999975666,45.024382999722867],[-84.72699700015076,45.022445000304451],[-84.726996000325855,45.021977000302094],[-84.717813000181721,45.021832999824781],[-84.717818000204574,45.023546000152564],[-84.71782400005236,45.023943999915375],[-84.717849000166709,45.025468999720587],[-84.718235999781015,45.025477999745021],[-84.71862499994343,45.02548799977049],[-84.718633000339366,45.02594199972107],[-84.718660000103554,45.027519999810679],[-84.720908999790979,45.027496999931088],[-84.722216000020353,45.027493000061476],[-84.723674999687361,45.027488000224132],[-84.726741000057714,45.027478999880806],[-84.726999999625505,45.027478999880806]]],[[[-84.659308000261305,45.041820000284346],[-84.658646000287405,45.041421999773441],[-84.657417999700741,45.041070999701439],[-84.656986999705538,45.040784000243249],[-84.656210000103897,45.040623999856095],[-84.655246999831121,45.041513999703788],[-84.654844000323308,45.042026999749041],[-84.654614000169531,45.042224000095615],[-84.653747000156216,45.042265000253217],[-84.652916000127917,45.042512000286941],[-84.652095999970257,45.042428000248648],[-84.651645999708464,45.042383000109417],[-84.651430999623315,45.0423859998659],[-84.650710999923092,45.042411999864704],[-84.651140000268498,45.043284999995336],[-84.651120000177002,45.043293000065837],[-84.650991000305581,45.0433469998775],[-84.651017000244835,45.043685000244331],[-84.650937999703814,45.043736000000443],[-84.65062800008242,45.043917999892123],[-84.650140000185772,45.044107000118821],[-84.649982000002026,45.044162000107782],[-84.650002999918428,45.045299000197751],[-84.649248999883028,45.045603999923699],[-84.6497750003128,45.046067000211934],[-84.651875000037322,45.045312000171414],[-84.654139999618295,45.044475999759257],[-84.655702999940701,45.044347999874965],[-84.656809000328622,45.043947000138729],[-84.657237999775703,45.043790999711412],[-84.659308000261305,45.041820000284346]]],[[[-84.663762999978474,45.0371389999721],[-84.661413000008707,45.036979000183557],[-84.661840999630869,45.04181299972516],[-84.66372299979551,45.041764000229932],[-84.663728999643297,45.040433000065697],[-84.663743999711897,45.039023000174318],[-84.663761000328648,45.038014999930184],[-84.663762999978474,45.0371389999721]]],[[[-84.660193999642871,45.041222999749223],[-84.660145000137391,45.041173999748708],[-84.660033999809301,45.038270999820469],[-84.656109999646475,45.03817599977662],[-84.656492999961117,45.040057999981649],[-84.658534000134395,45.040744000029697],[-84.659523000346454,45.04098299989014],[-84.660145000137391,45.041205000207313],[-84.660193999642871,45.041222999749223]]]]},"properties":{"BASENAME":"Gaylord"}},{"type":"Feature","geometry":{"type":"Polygon","coordinates":[[[-84.8028020001545,43.610840999982031],[-84.802778999689977,43.608475999957342],[-84.802691999651316,43.599144000059653],[-84.797748000212621,43.599081999940672],[-84.797745999664457,43.59797000015827],[-84.797728999946045,43.597035999858356],[-84.797722000273339,43.596325999703701],[-84.797441000065945,43.595968999860276],[-84.797631000036745,43.594085999865328],[-84.797609000295438,43.593256000145018],[-84.79755200039402,43.590878000081808],[-84.797548000196073,43.590749000185909],[-84.797543999998112,43.590603000192054],[-84.797689999587973,43.589782999698066],[-84.797504999640054,43.588174999920248],[-84.797422999624274,43.586152000279746],[-84.797349999829351,43.582444000295709],[-84.797272999836451,43.575027000157107],[-84.788099999738066,43.575123999901969],[-84.788129000050375,43.577112000135727],[-84.787365999794133,43.577138000175339],[-84.787354000098588,43.575136999701556],[-84.782465999838024,43.57520099967536],[-84.782285999912972,43.575203000242922],[-84.782290000110933,43.573333000282091],[-84.78729299999921,43.57324600016495],[-84.787337000380134,43.571895000305418],[-84.787337000380134,43.570388000162914],[-84.787329999809117,43.56829300031189],[-84.786240000213056,43.568203999924677],[-84.786245000235922,43.567957999954793],[-84.784821999655591,43.567957999954793],[-84.78478400002075,43.568420000022421],[-84.784255000116261,43.568428999684222],[-84.784243000420688,43.567944000153794],[-84.78372899968646,43.567949000222569],[-84.783480999989365,43.567952000133459],[-84.779992000019689,43.567992000015728],[-84.779549000328927,43.567994000171872],[-84.779412000061555,43.567994999924473],[-84.778964000347898,43.567997000080517],[-84.778725999798212,43.567997999833068],[-84.777226999948212,43.568005999805571],[-84.775508999815116,43.568015000180118],[-84.773809000123677,43.568026999809582],[-84.773002000384821,43.568033000274333],[-84.771478000420473,43.568057999926154],[-84.768172999675528,43.568078000160881],[-84.767319999905894,43.5680730001028],[-84.76730999986016,43.568517999738972],[-84.767324999928775,43.569755000252187],[-84.76732599975368,43.569835999920983],[-84.767345999845176,43.572318999887891],[-84.767246000286065,43.572579999974714],[-84.767114000041573,43.572754999728623],[-84.767102000346014,43.572762999720084],[-84.7671369996078,43.573188000017069],[-84.767294999791545,43.575369999889411],[-84.766396999816095,43.575392000209732],[-84.766389000318483,43.577302000216797],[-84.762320000390687,43.577349999779329],[-84.762290000253472,43.578855000319514],[-84.757508000298145,43.578942999713256],[-84.757550999955839,43.58179699972807],[-84.757529000214546,43.582684000005507],[-84.755241999993956,43.582710999750304],[-84.752285000301839,43.58272500002294],[-84.747484000079965,43.582748999924938],[-84.742901000316266,43.582687999992551],[-84.738201000376691,43.582624999677492],[-84.738253000255241,43.584815999674873],[-84.738274999996563,43.585722999949539],[-84.738660999785935,43.589301999920281],[-84.739078000435768,43.589407999871462],[-84.739786000440432,43.589419999792803],[-84.739809000006645,43.589944999702077],[-84.742703999774463,43.590028000266123],[-84.745011000086521,43.589992000207971],[-84.747355000208529,43.589948999857306],[-84.747602000080732,43.589944000313871],[-84.752421999670887,43.589944999702077],[-84.752428000416984,43.590012000315276],[-84.752434000264756,43.590075000056608],[-84.75254399986963,43.59191699974825],[-84.74997600033997,43.591941999894956],[-84.7499729999669,43.592968000210107],[-84.74792400029601,43.592919000097517],[-84.747645999563346,43.592913000160692],[-84.747645999563346,43.592942999838968],[-84.747645999563346,43.593093999944614],[-84.747647000286577,43.593781999748998],[-84.750023000195611,43.593719999960463],[-84.750023000195611,43.593840000227871],[-84.750145000394355,43.597022000311945],[-84.751611999558975,43.597091000043008],[-84.751650999917032,43.596726000124789],[-84.756088999915775,43.596675999892298],[-84.756123000250966,43.596554000217537],[-84.756541999652313,43.59653600019125],[-84.757062000234299,43.596549999850723],[-84.757571000047335,43.596647000050694],[-84.758491999589012,43.59665300026581],[-84.758843999941504,43.596657999902497],[-84.758864000033,43.596483999940553],[-84.759230999555811,43.596488000311751],[-84.759247000347642,43.596206999774353],[-84.75968300036574,43.596213999968079],[-84.75965099968036,43.59660299997266],[-84.760033999995017,43.596620999978903],[-84.760207000247377,43.596593999967517],[-84.7601729999122,43.596210000229213],[-84.760404999715774,43.596196999775067],[-84.760695000144011,43.596182000098253],[-84.760665999831687,43.5954199997568],[-84.760988999871884,43.595413000121297],[-84.761705000272457,43.595415000017255],[-84.761751000303221,43.594688000285259],[-84.762127000046831,43.594692000125242],[-84.762108999605175,43.595408999678632],[-84.762610999745519,43.595399000197297],[-84.762804999914266,43.595397000300856],[-84.762743999814901,43.59722099992478],[-84.761917999809484,43.597222999760604],[-84.758945000223861,43.59723899974616],[-84.757596999986603,43.597248000305363],[-84.756362999552167,43.597244999902252],[-84.755153000305484,43.597251000057796],[-84.754548000233001,43.597246999737322],[-84.754558000278749,43.597915000126498],[-84.755151999582267,43.597906000317593],[-84.755164000176151,43.598564000290402],[-84.755083999810211,43.600477999713803],[-84.755081000335466,43.600890999949257],[-84.753287999859282,43.600871000204798],[-84.752081000087358,43.600898000248563],[-84.747694000142246,43.600886999870802],[-84.747699000165113,43.601793999960201],[-84.747700999814924,43.602022999758717],[-84.747709000210847,43.602599999874251],[-84.748028000053068,43.602602000181804],[-84.749669000193293,43.60261400007434],[-84.750829999934481,43.602622000001368],[-84.751371000432869,43.60264000015853],[-84.751419999938378,43.603837999956724],[-84.750846999652921,43.603847999987167],[-84.750848000376152,43.604487999776445],[-84.751367000234922,43.60448600018205],[-84.752717000121976,43.604481999692105],[-84.75271600029707,43.606310000079596],[-84.752738000038377,43.608145000311985],[-84.752737000213486,43.609001000131606],[-84.75192799992648,43.609038999968881],[-84.751975999607055,43.609966999770691],[-84.753703999785913,43.609986000037587],[-84.754036000046938,43.60999599969638],[-84.754031999848976,43.610431000156126],[-84.757436000328113,43.610450000276444],[-84.757815000444808,43.610429000108887],[-84.757889000064651,43.611861999677437],[-84.757975000278364,43.613228000169329],[-84.758144000332777,43.61547599967929],[-84.758469000022799,43.61547199992026],[-84.760066999606977,43.615470000040673],[-84.762825000005776,43.615515999856235],[-84.763019000174509,43.619242000075438],[-84.765472999901377,43.618109999783655],[-84.765605000145854,43.618050999717255],[-84.766155999791664,43.61780300006162],[-84.766385999945442,43.617681000306703],[-84.766590000159937,43.617553999803128],[-84.766780999955657,43.617424000284942],[-84.766955999857828,43.617274999926195],[-84.767179000338899,43.617056000094863],[-84.767321999555733,43.616865999981137],[-84.767528000318364,43.616498000278241],[-84.767688999976841,43.61631099980481],[-84.767473999891706,43.616305999850269],[-84.767350999868029,43.616303999998365],[-84.767432000058889,43.615488999869768],[-84.767606000136169,43.615490999748779],[-84.767765999969754,43.615492000013397],[-84.767765000144834,43.615646999859287],[-84.767765000144834,43.615703000200497],[-84.768061000420829,43.615631999828715],[-84.767997999773328,43.616287000279264],[-84.767928000351461,43.616744999869603],[-84.767832999916891,43.617010999745666],[-84.767487000310496,43.616981999950802],[-84.767473999891706,43.616972999742543],[-84.767421000188236,43.617059999748534],[-84.767354000241085,43.617168000051826],[-84.767186999836525,43.617337000155246],[-84.767022999804979,43.617491000216788],[-84.766751999643333,43.617706999731496],[-84.766230000309832,43.617980000166838],[-84.765604000320934,43.618269000258572],[-84.763618000399234,43.619185999778438],[-84.763013000326737,43.619522999674878],[-84.762497999767618,43.619850000314059],[-84.76154299989075,43.620586000009531],[-84.760956000259924,43.621118999888751],[-84.760687999572994,43.621458999851775],[-84.76023599966139,43.622046999924287],[-84.759720000175662,43.622893000098287],[-84.759551000121249,43.623236999676166],[-84.759426000447803,43.623544999745164],[-84.759310000096832,43.623869999717925],[-84.759022000216746,43.625042999955078],[-84.759007999973051,43.626117999984821],[-84.759006000323211,43.626233000225859],[-84.758592999871354,43.626238000005173],[-84.758603999741993,43.626387999693684],[-84.758622000183664,43.626634000193285],[-84.758631000404506,43.626767000186845],[-84.758631000404506,43.626780999963728],[-84.759001000300344,43.626482999736353],[-84.759525000182009,43.626247000127073],[-84.759654000053416,43.626111000019598],[-84.760668000379837,43.625040999743547],[-84.76070799966449,43.625008000145137],[-84.762594000027079,43.623615999877231],[-84.764374000084459,43.622329000221249],[-84.765713000100874,43.621336000194241],[-84.766194000324816,43.620988000101399],[-84.766774000282965,43.62056999973025],[-84.767903000237084,43.619569000291911],[-84.767928000351461,43.620081000033736],[-84.76790999990979,43.62078899976909],[-84.767914000107751,43.621004000269437],[-84.768578999556368,43.620999000054809],[-84.768781000121052,43.621004000269437],[-84.770982999952821,43.621018000087837],[-84.770965000409475,43.621827999915737],[-84.770970000432357,43.622429999770645],[-84.770750000324327,43.622436000015419],[-84.771095999930751,43.622748000212056],[-84.771290000099498,43.622849999850096],[-84.772066999701124,43.622622000152475],[-84.772081999769753,43.622465999929624],[-84.772064000226393,43.621879999719766],[-84.772070999899086,43.620752999906564],[-84.772982000293339,43.620781999833611],[-84.772958999828816,43.619698999724847],[-84.772941000285456,43.618854999895987],[-84.772740000444003,43.617564999734448],[-84.772768000033096,43.616330000018557],[-84.772766000383271,43.616137000100984],[-84.772771000406138,43.615444999914033],[-84.773245000059049,43.615444000298972],[-84.773700000343723,43.615444000298972],[-84.773264000325639,43.615856999894326],[-84.77318599960951,43.61592499987858],[-84.773328999724654,43.61639300017093],[-84.773490000281456,43.616921000246968],[-84.773758999894966,43.617522000227936],[-84.773789000032181,43.617584999781805],[-84.773460000144226,43.617655999798629],[-84.773224999967582,43.617744999921172],[-84.773208000249141,43.618668999810744],[-84.773330000447871,43.618785999763674],[-84.773204999876086,43.619229000045991],[-84.77692599964935,43.619143999684105],[-84.776945999740832,43.618723999728026],[-84.777996999877146,43.618726999710255],[-84.77805700015162,43.619163999856539],[-84.778658999851075,43.619188999737602],[-84.778970000195699,43.619192999899731],[-84.779156999793429,43.619175000143663],[-84.779580000291062,43.61891600023921],[-84.779978999600914,43.618897999749919],[-84.78057799982561,43.618625999793046],[-84.781202999989603,43.617847000242975],[-84.781090000011687,43.617304000230064],[-84.779429999604901,43.616977000052039],[-84.779029999571833,43.616795999924783],[-84.778930000012721,43.616506000309862],[-84.779005000355795,43.616071000216181],[-84.779279999817092,43.615745000097],[-84.779879000041788,43.615618000056976],[-84.780403999748344,43.615527000160377],[-84.780606000313028,43.615395999895902],[-84.780790000436042,43.615387999716617],[-84.782034000017902,43.615400999926116],[-84.782453000317574,43.615392999747485],[-84.784061999772405,43.615402000192276],[-84.787835000322502,43.615382999685266],[-84.78778199972075,43.616119000080445],[-84.78781000020814,43.617144000217955],[-84.783173000017783,43.617075000073257],[-84.782918999574562,43.617377999977869],[-84.7830399999484,43.621692999726811],[-84.78303900012348,43.621806999819562],[-84.783000999590328,43.622584999940301],[-84.78308500015423,43.622640000177149],[-84.783169999644741,43.622655999905547],[-84.783593999967266,43.622645000255297],[-84.787020000187738,43.622605000268713],[-84.787086000309955,43.622481999704327],[-84.787903999919479,43.622429999770645],[-84.787985999935231,43.624972000207876],[-84.788025000293302,43.626234999747467],[-84.79802500022204,43.6260509999126],[-84.797944999856099,43.619651000117017],[-84.797902000198391,43.618183000270697],[-84.797903000023311,43.616854999921948],[-84.7979010003735,43.615711999948516],[-84.79780599993893,43.611617999878412],[-84.797862999840333,43.610726999911208],[-84.798759999990878,43.610733000023011],[-84.798790000128122,43.611560999955977],[-84.799514000026306,43.611560999955977],[-84.801196999999306,43.611564000295573],[-84.801227000136521,43.611079000255025],[-84.801833999858843,43.611083000306238],[-84.801824999638015,43.611568000314527],[-84.802047000294181,43.611564000295573],[-84.802031000400646,43.611106999957393],[-84.802017999981857,43.610872000169302],[-84.8028020001545,43.610840999982031]]]},"properties":{"BASENAME":"Mount Pleasant"}},{"type":"Feature","geometry":{"type":"Polygon","coordinates":[[[-85.456800999621706,44.243792999976186],[-85.456784999728171,44.24295799983323],[-85.456781000428535,44.2427670001126],[-85.456745000443533,44.241368000313251],[-85.456742000070477,44.241217999937483],[-85.456723999628807,44.240158000282833],[-85.456721999978981,44.240066000213567],[-85.456711999933233,44.239548999778812],[-85.456711999933233,44.239504000052612],[-85.456681999796004,44.238343999737559],[-85.456660999879631,44.237340999917251],[-85.456773999857532,44.237127000089806],[-85.456741000245557,44.236828000025987],[-85.456713999583059,44.23632200012046],[-85.456710000283422,44.236235000095157],[-85.456608000176175,44.234283999722408],[-85.456558999772369,44.234201000111298],[-85.456559999597289,44.234147999732308],[-85.456609999826,44.231885000251587],[-85.456612000374136,44.231811999795411],[-85.456651999658803,44.229999999996593],[-85.450251000202883,44.23000300020648],[-85.450134000027006,44.229998000071141],[-85.448745999606786,44.229931000276416],[-85.448045000173138,44.229958999902088],[-85.447332000145622,44.229971000105387],[-85.446937999960326,44.229974000316751],[-85.446655999927998,44.229973000031798],[-85.44553000034692,44.229978000169254],[-85.444933999596941,44.229980999736568],[-85.444839999885616,44.229989000083954],[-85.444812000296523,44.229989000083954],[-85.443152999714655,44.229998999712031],[-85.442508000357492,44.230001999921974],[-85.442222999952136,44.230003999847334],[-85.43990200029468,44.230005999772573],[-85.439825000301795,44.230005999772573],[-85.4379320002665,44.23000799969774],[-85.437742000295714,44.230008999982154],[-85.436470000226436,44.230016000041459],[-85.436469000401516,44.230001000281142],[-85.436451999784765,44.229545999727762],[-85.436444000287153,44.229339000015138],[-85.436414999974843,44.228452999701418],[-85.436400999731148,44.227351999916131],[-85.436394000058456,44.226745000161429],[-85.431359000383139,44.226732999944083],[-85.431377999751405,44.222938000010267],[-85.431197000001433,44.222938000010267],[-85.430160000108813,44.222938000010267],[-85.42745399958855,44.222938000010267],[-85.427051000080738,44.222938999771102],[-85.426962000392294,44.222938999771102],[-85.426537000244835,44.22294000017564],[-85.426425000091854,44.22294000017564],[-85.426379000061104,44.22294000017564],[-85.426015000013024,44.222940999936384],[-85.42408000014494,44.222943000101615],[-85.423619000012494,44.222943000101615],[-85.423604999768799,44.223037999824676],[-85.423572999981744,44.223538000211207],[-85.423530000324035,44.224225999713347],[-85.422876999672653,44.224227000096015],[-85.42285099973337,44.223649000105922],[-85.422469999966864,44.223638000293917],[-85.422466999593823,44.223151000176578],[-85.422466999593823,44.223029999820014],[-85.422453000248439,44.222945000266776],[-85.421326999769036,44.22294199969712],[-85.421347999685437,44.223029999820014],[-85.421354000431535,44.223520000191115],[-85.421390000416537,44.226534999867432],[-85.421314000248557,44.227660000193204],[-85.421304000202824,44.22781100004962],[-85.421486999602607,44.233871999865322],[-85.420868000184711,44.23387300008406],[-85.418954000233043,44.233879000108814],[-85.418317000373492,44.233880999902397],[-85.418077999998886,44.233880999902397],[-85.417364000146449,44.233885000132972],[-85.417127000319979,44.23388599970783],[-85.417005999946156,44.23388399991444],[-85.416642999722995,44.23387799989019],[-85.416522000247483,44.233877000315189],[-85.416456000125251,44.233877000315189],[-85.416381999607083,44.233877000315189],[-85.415962000380844,44.233879000108814],[-85.415822999565364,44.233879999683793],[-85.415657999708912,44.233879000108814],[-85.415165999614331,44.233877000315189],[-85.415081000123834,44.233877000315189],[-85.415003000306029,44.233882999695886],[-85.414917000092288,44.233889999938079],[-85.414869000411727,44.23389400016805],[-85.414825999855694,44.233897000179432],[-85.414760999558354,44.233897999754092],[-85.4144529995868,44.233900000190665],[-85.41457899998349,44.233681999834261],[-85.413308999564038,44.233635999903903],[-85.414142000140487,44.232863000284553],[-85.414326000263486,44.232692000248818],[-85.415004000130921,44.233069999832452],[-85.415092999819379,44.233119999844185],[-85.415297000033902,44.23293999973194],[-85.416410999919421,44.231936999842382],[-85.416396999675698,44.231107999742477],[-85.416395000025872,44.230980999973738],[-85.41639000000302,44.230715999837301],[-85.416145999605547,44.230717000109628],[-85.415174000010239,44.230715999837301],[-85.415143000048104,44.230048000118089],[-85.415080000298914,44.230048000118089],[-85.412840999758899,44.230037999854645],[-85.411386000289852,44.230030999797904],[-85.411495999894683,44.233998999831968],[-85.396386999772488,44.233667999943208],[-85.396380000099796,44.233442999720168],[-85.396377999551646,44.23336600028729],[-85.396354999985434,44.2326119997566],[-85.396289999688108,44.230453999981904],[-85.396291000411324,44.230351999978311],[-85.396294999710975,44.230196999722807],[-85.391337999853462,44.230219999749103],[-85.391398999952841,44.232566999874436],[-85.391402000325897,44.232670999735902],[-85.391520000326651,44.237299999788043],[-85.390029999799182,44.237306000106948],[-85.38998799996638,44.237306000106948],[-85.386923000319271,44.237319999776126],[-85.386759000287739,44.237320999936252],[-85.386345999835854,44.237323999772933],[-85.385686000410089,44.23732300025646],[-85.382151000409692,44.237356999897152],[-85.378157999751565,44.237331999765729],[-85.376288000180807,44.237356999897152],[-85.376283999982846,44.237641000103409],[-85.37626499971627,44.239320000299273],[-85.376258999868483,44.239880000053773],[-85.376262000241539,44.240112000266208],[-85.376270999564056,44.240807999919468],[-85.376274999762003,44.241040999787309],[-85.376277000310154,44.24138000012087],[-85.376284999807766,44.242398999846031],[-85.376288000180807,44.242739000145278],[-85.376287000355902,44.243132999885326],[-85.376287000355902,44.24431399996368],[-85.376287000355902,44.244709000129909],[-85.376283999982846,44.244886000184529],[-85.376277000310154,44.245418999771971],[-85.376275999586923,44.245597000283794],[-85.376274999762003,44.245901000259522],[-85.376274999762003,44.246811999770642],[-85.376274999762003,44.247116999895837],[-85.376274999762003,44.24735899977933],[-85.376282000333021,44.24782400012991],[-85.376292000378754,44.248447000154542],[-85.376290999655538,44.248777999915788],[-85.37626499971627,44.250303999972495],[-85.376238999777016,44.251974999830836],[-85.375329999930898,44.251967999809935],[-85.375324999908031,44.25029699975272],[-85.373744999867171,44.250285999773332],[-85.373411999781254,44.250291000115176],[-85.373121000426423,44.250295999813169],[-85.372090000381576,44.250073000000981],[-85.371368000133216,44.249863999888419],[-85.370821999611948,44.249707000294478],[-85.370147999942489,44.249330000082651],[-85.369595999573448,44.248868999910542],[-85.369274000256482,44.248323999733579],[-85.36922499985269,44.248224999741566],[-85.36895299986611,44.247679000048286],[-85.368808999926074,44.247227999724011],[-85.368691999750212,44.24609800016691],[-85.368535000289683,44.24456500012888],[-85.368213000074405,44.244570999706951],[-85.368198000005791,44.244572999780686],[-85.367896999706915,44.244577999964669],[-85.367878000338649,44.244577999964669],[-85.367356999931744,44.24458799968793],[-85.367464999886764,44.243600000285667],[-85.367535000206971,44.242600000178989],[-85.3678470003765,44.241328999956323],[-85.368143999579118,44.240559000024035],[-85.368925000277031,44.239055999871908],[-85.369348999701245,44.238507999747625],[-85.370746000342294,44.237037000116295],[-85.371759999770376,44.236135000173547],[-85.373237999703974,44.235041000023934],[-85.371736000379244,44.23439000018768],[-85.371410999790939,44.23422999984917],[-85.371423000384809,44.233683000056224],[-85.369246999593983,44.233675999789412],[-85.361358999983651,44.23365100002507],[-85.36133700024233,44.237266000114431],[-85.356305999866677,44.237250000109782],[-85.356329000331201,44.233635999903903],[-85.356172999797295,44.233635999903903],[-85.354499000045095,44.233629999854372],[-85.351311000374338,44.233620000199551],[-85.3512879999098,44.237235999780339],[-85.335974999573082,44.237307000267322],[-85.335987999991886,44.237486999894259],[-85.336018999954007,44.237937000092387],[-85.336049999916156,44.239713999767559],[-85.336064999984785,44.240930999967453],[-85.346232000318096,44.240938000014793],[-85.3462120002266,44.244554999758215],[-85.356407000149019,44.244478000064696],[-85.356448999981808,44.244623999707166],[-85.357475999828679,44.248242999927989],[-85.357673000370497,44.248936000021793],[-85.358699000392477,44.251175999877823],[-85.358694000369596,44.251406000100722],[-85.358692999646365,44.251446000131594],[-85.358690999996554,44.251501000210069],[-85.358691999821474,44.25152600011171],[-85.358694000369596,44.251543999931414],[-85.358623000224497,44.251543000013065],[-85.358619000026536,44.251818000080931],[-85.359301999916823,44.251818999994597],[-85.359306999939704,44.251538999696059],[-85.359306999939704,44.251527999948962],[-85.359756000376592,44.25152999978615],[-85.359942999974336,44.25152999978615],[-85.359942000149431,44.251551999920991],[-85.359943999799242,44.251571000294035],[-85.359864000331626,44.251571000294035],[-85.359861999783476,44.251845000317751],[-85.359766000422326,44.251845000317751],[-85.359626999606846,44.251845000317751],[-85.359620999759059,44.252608999831942],[-85.359789999813472,44.252609999732172],[-85.360450999962467,44.252612000176008],[-85.360456999810239,44.251829999687267],[-85.360772000352824,44.251833000071024],[-85.361189000104332,44.251832000157592],[-85.36126199989927,44.251834999897838],[-85.361255000226564,44.25261399997634],[-85.361980999774573,44.252618000220181],[-85.363436999966851,44.252624000263793],[-85.364349000186024,44.252627999863506],[-85.364853999801085,44.252625000163761],[-85.36636900044293,44.252618000220181],[-85.36687499988291,44.252617000320093],[-85.367053000158137,44.252619000120248],[-85.367592999933294,44.252619000120248],[-85.369747000084502,44.252621999820356],[-85.370465999959805,44.252622999720359],[-85.370917999871423,44.252625000163761],[-85.371445999951021,44.252625000163761],[-85.374385999924698,44.252628999763417],[-85.37536699974082,44.252631000206598],[-85.37553900016826,44.252628999763417],[-85.376057000202124,44.252621999820356],[-85.376229999556173,44.252620999920339],[-85.376232000104309,44.252732000300021],[-85.376237999952096,44.253042000076981],[-85.376236000302256,44.253066999967018],[-85.376227999906348,44.253179000038891],[-85.376248999822749,44.253410000036276],[-85.376259999693403,44.254467999880056],[-85.376278000135073,44.255615000141887],[-85.376280999609804,44.255821000226106],[-85.376282000333021,44.255847999911936],[-85.376285999632657,44.256137000133329],[-85.376302000424516,44.257158999766659],[-85.376352999579808,44.258182000100668],[-85.376377999694171,44.258670000294622],[-85.376376000044345,44.258870999714993],[-85.376371999846384,44.259474000287014],[-85.376371999846384,44.259578000196733],[-85.37637400039452,44.259675999955739],[-85.37637400039452,44.259696000057161],[-85.376376000044345,44.2597600000787],[-85.376376999869265,44.259780999929859],[-85.381346000320661,44.259751000140191],[-85.382060999998004,44.259751999918969],[-85.382322999938822,44.259748999939248],[-85.382851999843339,44.26016600016068],[-85.383268999594847,44.260528000049881],[-85.383557000373258,44.260776999696418],[-85.384188000385024,44.261364000141462],[-85.384646000144429,44.261860000176398],[-85.385065000444072,44.262331999820724],[-85.385513000157729,44.262877999864138],[-85.385843999695538,44.263348999981055],[-85.385899999772036,44.263346999902467],[-85.386237000055914,44.263348000263434],[-85.386617999822434,44.263348999981055],[-85.390059999936412,44.26335599993385],[-85.391427000440245,44.263358999729533],[-85.39139499975488,44.259769999794273],[-85.39481699977739,44.259789999863777],[-85.396437000001214,44.25979400026285],[-85.396476000359257,44.260180000180064],[-85.39647200016131,44.260374999689731],[-85.39646899978824,44.260495000056338],[-85.396464999590293,44.260643999763239],[-85.396466000313509,44.260708999802048],[-85.396481000382138,44.261353000302108],[-85.396486000404991,44.261567999889387],[-85.396487000229911,44.261878999792295],[-85.396491000427872,44.262811999923308],[-85.396493000077697,44.26312400004354],[-85.396495999552442,44.263414999962343],[-85.396504999773256,44.264290000128845],[-85.396508999971218,44.264581999762321],[-85.396509999796137,44.265058000109228],[-85.39651599964391,44.266487999867508],[-85.396519000016966,44.26696499987564],[-85.396616999926266,44.266962999920075],[-85.396913000202275,44.266960000308309],[-85.396995000218027,44.266955000097248],[-85.397011999936467,44.266959000008796],[-85.397503000206157,44.266959000008796],[-85.398978999591591,44.266959000008796],[-85.399470999686187,44.266959000008796],[-85.399752999718487,44.266960000308309],[-85.400599999640335,44.266962999920075],[-85.400883000395865,44.26696499987564],[-85.401166000253085,44.266968999786492],[-85.401360000421832,44.266972999697138],[-85.402014999824715,44.266977000250755],[-85.402299000405179,44.266979999861654],[-85.402581000437479,44.266981999816636],[-85.403430000009124,44.266988999980079],[-85.403712999866343,44.266992000233707],[-85.403994999898643,44.266990999934748],[-85.404844000368627,44.266987000025388],[-85.405127000225846,44.266987000025388],[-85.405399000212384,44.266983999771504],[-85.406215999997002,44.266977000250755],[-85.406488999808488,44.266975999951541],[-85.40661900040314,44.266972999697138],[-85.40700900039046,44.266966000175024],[-85.407139999911706,44.26696499987564],[-85.40723399962306,44.266962999920075],[-85.407327000407776,44.266962000263916],[-85.40751700037859,44.26696400021951],[-85.40761199991482,44.26696499987564],[-85.407780000144314,44.266966000175024],[-85.408257999995215,44.266970000085827],[-85.408282000284657,44.267072000292671],[-85.409236000336591,44.27114399989668],[-85.410357999719736,44.276986999904153],[-85.411107999557174,44.280901000097458],[-85.411115999953097,44.280953000093696],[-85.411177999877381,44.281316000009703],[-85.411204999641555,44.281316000009703],[-85.41232400044828,44.281312999844189],[-85.415683999648181,44.281307000155806],[-85.416804000279782,44.281306000100486],[-85.418555999849772,44.281298000300588],[-85.42133699981477,44.281286000277049],[-85.423812000356335,44.281277999831239],[-85.425517000070656,44.28127300019522],[-85.425543999834844,44.27590800020603],[-85.43170800036259,44.274372999909858],[-85.431720000058164,44.273979999946455],[-85.435199999806983,44.273984000023141],[-85.435192000309371,44.274285000028549],[-85.436352000225639,44.274327000280678],[-85.436397000431498,44.273981000126419],[-85.436398000256403,44.273562999944453],[-85.436387000385764,44.272962999752188],[-85.43641999999771,44.272375999989904],[-85.436153000034025,44.272168999808429],[-85.4345450004041,44.270922999847905],[-85.432093000327058,44.270916000152923],[-85.431889000112562,44.270607000290404],[-85.431812000119663,44.270607000290404],[-85.426635999979041,44.270558000215033],[-85.42665000022275,44.273149999689814],[-85.424681000019476,44.273156000211131],[-85.424670999973742,44.273959000021691],[-85.421930000191693,44.273975999869435],[-85.420180000271543,44.273986999919671],[-85.420138000438754,44.272321000140202],[-85.420118000347273,44.272321000140202],[-85.419971000034181,44.27232199970522],[-85.419472000266907,44.272324999686589],[-85.419295999641491,44.272327000102891],[-85.419294999816572,44.27241199972331],[-85.4193040000374,44.273979999946455],[-85.416996999725328,44.273971000255251],[-85.416661999989572,44.27397000007511],[-85.41665699996669,44.27430700001122],[-85.416646000096051,44.274841000046621],[-85.415509999570901,44.274841000046621],[-85.415400999790961,44.274769000317647],[-85.414823000380977,44.274391999983848],[-85.414772000327332,44.274357999880912],[-85.41476999977921,44.273982000306418],[-85.412001000408083,44.273979999946455],[-85.412043000240871,44.272972999794881],[-85.412778000009709,44.272949999758481],[-85.412802000299152,44.272171000230031],[-85.412840999758899,44.270961000290924],[-85.412797000276285,44.270961000290924],[-85.41254600020612,44.270966000161188],[-85.412202000249536,44.270975000312532],[-85.411815999561838,44.27097400008136],[-85.411794999645451,44.270967999980499],[-85.411738999568925,44.27095299972575],[-85.41166400012419,44.270903999938803],[-85.411608000047693,44.270817999833284],[-85.411607000222773,44.270647000124775],[-85.411604999674637,44.270137000036804],[-85.411604999674637,44.269966999881746],[-85.411603000024812,44.269760000220934],[-85.411597000177039,44.269140999962069],[-85.411596000352134,44.268935000231053],[-85.411597000177039,44.268740000167163],[-85.411603999849731,44.268154999953346],[-85.411606000397867,44.267961000157221],[-85.411603999849731,44.267760999935859],[-85.411601000374986,44.267163000283603],[-85.41159999965177,44.26696400021951],[-85.411958999676969,44.266960000308309],[-85.413038000300702,44.266949000229403],[-85.413398000150821,44.266945999973629],[-85.413533999694948,44.266945000317179],[-85.413943999773764,44.266942999717642],[-85.414081000041108,44.266942999717642],[-85.414224999981158,44.266944000017418],[-85.414657999626215,44.266947999929712],[-85.414803000289467,44.266949999885782],[-85.415163999964491,44.266949000229403],[-85.416249000436025,44.266947999929712],[-85.416610999935941,44.266947999929712],[-85.417252999818359,44.266944000017418],[-85.41917900036394,44.266934999892101],[-85.419822000071264,44.266932000278857],[-85.419867000277108,44.266930999978875],[-85.420006000194263,44.266930999978875],[-85.420052000225027,44.266930999978875],[-85.420232000150079,44.266929999678936],[-85.420304999945031,44.266929999678936],[-85.420387999785689,44.267818000119725],[-85.419447000152545,44.267836000098619],[-85.4193040000374,44.268216000224463],[-85.419282000296079,44.26824699983181],[-85.419280999572877,44.268385000022761],[-85.419277000273226,44.268802000099264],[-85.419277000273226,44.268940999896188],[-85.419283000121013,44.269137000199002],[-85.419300999664344,44.269727999872664],[-85.419307000410441,44.269924999729859],[-85.419308000235361,44.270047999998042],[-85.419314000083133,44.270416999901414],[-85.419315999732973,44.270541000021773],[-85.419641000321292,44.27053999978326],[-85.420618999764386,44.270539000187931],[-85.420906999644473,44.270539000187931],[-85.420816000306189,44.266927999722185],[-85.420839999697321,44.266927999722185],[-85.420951999850303,44.266929999678936],[-85.421058000155512,44.266930999978875],[-85.421376000172828,44.266934999892101],[-85.421483000302956,44.266936999848568],[-85.421545000227241,44.266936000191969],[-85.421731000000079,44.266934000235473],[-85.421793999749269,44.266934000235473],[-85.422761000220007,44.266929000022209],[-85.425662999660517,44.266915999980341],[-85.426630999956188,44.266912000065872],[-85.427483999725794,44.266914000023171],[-85.430042999932937,44.266919999894597],[-85.430895999702557,44.266923000151699],[-85.431053999886288,44.266923000151699],[-85.431528000437538,44.266925999765412],[-85.431685999722959,44.266927000065422],[-85.432647000345924,44.266923000151699],[-85.435530000418183,44.266914999680147],[-85.436491000142823,44.266912000065872],[-85.43777800028073,44.266902999935667],[-85.441641000344177,44.266880000096918],[-85.442929000306975,44.266872999920494],[-85.443028999866087,44.266872000262801],[-85.444974999604824,44.266853999988697],[-85.446856999769452,44.266837000010675],[-85.446933999762365,44.266835999709137],[-85.451115999668048,44.266801000078864],[-85.451156999675931,44.266801000078864],[-85.453164000412357,44.266795999854288],[-85.453164000412357,44.26631099985083],[-85.453166000062168,44.264856999967989],[-85.453166999887088,44.264372999749227],[-85.45317100008505,44.263061999912324],[-85.452947999603978,44.263063000278137],[-85.448348999946759,44.26308299987069],[-85.447006999557289,44.263089000133142],[-85.446917000043925,44.263064999722999],[-85.446460999934345,44.262966000098906],[-85.443670999748505,44.262362999957787],[-85.443009999599511,44.262219999811855],[-85.436670000242984,44.260848999839482],[-85.436661000022141,44.260727000027728],[-85.436460000180688,44.260359999948399],[-85.436523999754783,44.260194999967311],[-85.436544999671185,44.260045999765943],[-85.436587000402298,44.259707000206589],[-85.436573000158589,44.259376999976489],[-85.436580999656201,44.259199999780073],[-85.436580999656201,44.258559999984868],[-85.436584999854162,44.256642000285446],[-85.436587000402298,44.256003000156085],[-85.436590999701934,44.255513000001756],[-85.436604999945644,44.254043000133848],[-85.43660999996851,44.253554000260728],[-85.436614999991392,44.253313999905245],[-85.436634000257968,44.25259499994025],[-85.43664099993066,44.252356000079629],[-85.43752300001259,44.252354000270579],[-85.440169000258365,44.252350000008725],[-85.440869999692026,44.25234900010409],[-85.441051000340309,44.252350999913361],[-85.441167999617846,44.252351999817968],[-85.441519000145462,44.252355000175086],[-85.441636000321324,44.252356000079629],[-85.441667000283459,44.252356000079629],[-85.442658000145329,44.252352999722554],[-85.445726000165507,44.252347000294748],[-85.446676000019508,44.252344999841945],[-85.446728999722936,44.252344999841945],[-85.446742999966659,44.250008999731385],[-85.446742999966659,44.249962999695676],[-85.446572000262421,44.246715999809055],[-85.446567000239554,44.246133999905567],[-85.446544999599922,44.245961999811371],[-85.446536000277405,44.245803000066374],[-85.446589999805767,44.24570000026528],[-85.446927000089673,44.245051000006654],[-85.448614000260633,44.245026999956011],[-85.451577999625414,44.24498500000464],[-85.451822999847806,44.244980999885122],[-85.451836000266596,44.244531000148712],[-85.451893999992919,44.242538000287169],[-85.454479999964249,44.242585999835484],[-85.455212000258342,44.244226000129046],[-85.456800999621706,44.243792999976186]],[[-85.428765999840806,44.22658500028124],[-85.428869999597865,44.230028999873518],[-85.426659000443564,44.230032999722276],[-85.42650999958235,44.230034000006214],[-85.426429000289815,44.226641999825731],[-85.428765999840806,44.22658500028124]]]},"properties":{"BASENAME":"Cadillac"}},{"type":"Feature","geometry":{"type":"MultiPolygon","coordinates":[[[[-85.659156999810676,44.777984000193769],[-85.659181000100133,44.775312999843017],[-85.656611999847229,44.775297000175854],[-85.65571700024482,44.775291000140051],[-85.654440999977595,44.775285000103672],[-85.654375999680269,44.775285000103672],[-85.651909000432937,44.775273999929055],[-85.651358999713722,44.775271000228905],[-85.64865899993957,44.775260000051624],[-85.648619999581499,44.775260000051624],[-85.644389999995227,44.775241999930913],[-85.643970999695568,44.775242999831498],[-85.644042999665601,44.773770999905423],[-85.644745999647384,44.773754999810983],[-85.645204000305085,44.773759000153866],[-85.645862999905944,44.773700999937859],[-85.647417999832427,44.773734000078903],[-85.647644999613163,44.773777000099102],[-85.648253999883622,44.773787999921161],[-85.648352999617799,44.773789999772667],[-85.648488000235332,44.773786000069641],[-85.648490999710077,44.773487999733334],[-85.648490999710077,44.773469999698015],[-85.648494999908038,44.773186000027842],[-85.648501999580716,44.772604999748985],[-85.648501999580716,44.77256999970686],[-85.648506999603597,44.772249999887123],[-85.648473000166717,44.772249999887123],[-85.648133000408095,44.772247999982284],[-85.647181999830892,44.772243000219966],[-85.647170000135304,44.772028999783572],[-85.647176999808025,44.771239000275834],[-85.647177999632916,44.771086000215945],[-85.647180000181066,44.770836000162824],[-85.646923000263101,44.770833000232159],[-85.64651200035938,44.770827999709589],[-85.645837999791596,44.770820999870132],[-85.645841000164651,44.770263999720896],[-85.646835000399562,44.77020199987011],[-85.647421000205497,44.77016600029652],[-85.647697000390011,44.770147999863518],[-85.64772599980401,44.770358000314062],[-85.648049999669112,44.770520000230988],[-85.648387999777924,44.770736999817203],[-85.648627999977421,44.770925999923961],[-85.648841000412759,44.770890000163874],[-85.649099000155616,44.770846999907306],[-85.64932199973839,44.770822999824382],[-85.649406000302292,44.770822999824382],[-85.649448000135081,44.770819999892993],[-85.649514000257312,44.77079799975391],[-85.650038000138949,44.770427999869391],[-85.650413000057682,44.770571999926915],[-85.651251999583593,44.77084599993065],[-85.651819999846154,44.771030999786895],[-85.652408000200225,44.771610000030215],[-85.65262900013316,44.771976000166866],[-85.652978999937531,44.77195000000021],[-85.653183000152026,44.771934999996844],[-85.653279000411501,44.771977000124004],[-85.653310000373637,44.771989000245831],[-85.65344900029082,44.772042999806594],[-85.653825999859365,44.772003000278509],[-85.654354999763868,44.77194800008504],[-85.65443900032777,44.770036999726898],[-85.649372999791993,44.768792999812],[-85.649373999616913,44.768687999707055],[-85.649963999620795,44.768463999950676],[-85.649926999810859,44.768433000024132],[-85.649719000296713,44.768257999715416],[-85.649289999951336,44.768290999777754],[-85.649360000271528,44.767127000040126],[-85.649274999882707,44.767120999793349],[-85.64928699957828,44.766549000189812],[-85.64856199985519,44.766615999747181],[-85.644388000345401,44.766802999852118],[-85.644426999805162,44.765546000192309],[-85.644429000353298,44.765364000203149],[-85.644620000149004,44.765353000052244],[-85.64465600013402,44.765192999824016],[-85.644968000303535,44.765188000088784],[-85.645022999656817,44.764098999735531],[-85.645143000205721,44.764037000283238],[-85.645051000144221,44.763891999781748],[-85.644960999732533,44.763742999793443],[-85.644688999745981,44.763839999812355],[-85.644634000392699,44.763858000297681],[-85.64463799969235,44.76374700019197],[-85.644652999760964,44.763340999787133],[-85.644647999738083,44.763310000300343],[-85.644619000324084,44.76314199991188],[-85.644507000171103,44.762472000094142],[-85.644534999760182,44.761798999760472],[-85.644537000308318,44.761759000154399],[-85.644557000399814,44.761642000302508],[-85.644723000081171,44.761561000069989],[-85.645749999928043,44.761561000069989],[-85.647697000390011,44.761562000207434],[-85.647709999910489,44.759401999779982],[-85.64995000027541,44.759390000232436],[-85.64999399975801,44.759292000219681],[-85.650064000078231,44.75916699968225],[-85.650112999583726,44.759078000277896],[-85.650139000421291,44.759032000252461],[-85.650208000018267,44.758906000244913],[-85.65023300013263,44.758861999813085],[-85.650293000407089,44.758786999985489],[-85.646719000048606,44.758764000180456],[-85.644913999876877,44.758805000131609],[-85.644882000089822,44.758744999835436],[-85.644883999739648,44.758719000091752],[-85.644911000402132,44.75827800030158],[-85.645036000075606,44.755997999723654],[-85.645040000273568,44.755930999972087],[-85.645061000189969,44.755562000148274],[-85.645142000380815,44.754175999959031],[-85.645200999932044,44.753155999789755],[-85.645284999597649,44.751841000005875],[-85.64531499973485,44.750627000196118],[-85.645330999628399,44.749976999817711],[-85.645366999613415,44.748532999690987],[-85.645299999666264,44.747483999894271],[-85.64541099999434,44.74471599970969],[-85.642366000438685,44.744687999813465],[-85.639710999972067,44.744671999957781],[-85.639085999808088,44.744507000270879],[-85.638111999664659,44.744489999932249],[-85.634932000389782,44.744515999697505],[-85.631754999691353,44.744496999772025],[-85.630230999727019,44.744492000159958],[-85.630243000320888,44.744285000146263],[-85.630253000366622,44.744094000049415],[-85.630255000016447,44.743794000053001],[-85.623727000338945,44.743773000275688],[-85.623718999943023,44.744075999787285],[-85.623720999592848,44.744436000136957],[-85.619398999945062,44.744479000273429],[-85.619212000347304,44.744480000068485],[-85.619140000377271,44.744480000068485],[-85.618387999991683,44.744464000155247],[-85.615864999769556,44.744448000237611],[-85.612953000283298,44.74441499995482],[-85.611435000166722,44.744379000262853],[-85.609578999941363,44.744339000082597],[-85.609080000174089,44.7443260001616],[-85.608808000187537,44.744320000098945],[-85.608118999551138,44.744251999770412],[-85.607906000014097,44.74427699984421],[-85.607809999754636,44.744289999776221],[-85.607791000386385,44.744298000076476],[-85.607715000218406,44.744297000278266],[-85.607615999585889,44.744295000043749],[-85.607596000392718,44.744295000043749],[-85.607310999987362,44.744301000108997],[-85.606962000007883,44.744317999865224],[-85.6055049999907,44.744282000112854],[-85.603863999850489,44.744267999742334],[-85.602082999968204,44.744250999971406],[-85.600404000193151,44.744219999813332],[-85.597038000247139,44.744202000228483],[-85.595350000251273,44.744183000199804],[-85.595353999550909,44.743403000213576],[-85.595355000274154,44.743136000215223],[-85.597962000161871,44.743140999944565],[-85.597961000336966,44.743617999951567],[-85.600251999857207,44.743618999761523],[-85.600290000390331,44.739474000278925],[-85.595377000015446,44.739433000012951],[-85.595377999840366,44.739277000291658],[-85.595381000213393,44.738849000056462],[-85.595368999619524,44.737419000277384],[-85.59537000034274,44.736961999955341],[-85.590241000057802,44.736912999777601],[-85.590244000430857,44.735097999832711],[-85.592164000230326,44.735093000046042],[-85.592191999819406,44.733298000182451],[-85.59058300036456,44.733290000274508],[-85.590712000235996,44.732716000162071],[-85.590036999843292,44.732711000169409],[-85.589867999788893,44.732355000219449],[-85.590635000243097,44.732064000025439],[-85.59063000022023,44.731914000281201],[-85.590616999801441,44.73085599986819],[-85.592155000009484,44.731024999695485],[-85.592053999727142,44.729540000084413],[-85.591795000159365,44.729544000297885],[-85.591291000369225,44.729552000085803],[-85.591256000209114,44.726425000030375],[-85.590334999769127,44.726435999932718],[-85.580800999995702,44.726498000155566],[-85.581026000126599,44.729528000080521],[-85.581098000096631,44.730174999876184],[-85.586140000342951,44.73014699995791],[-85.585900999968359,44.733251000069252],[-85.582754000305471,44.73323100028108],[-85.57502499980545,44.733176000189694],[-85.57351699973465,44.733234000249745],[-85.571576000018766,44.73330800006584],[-85.570243999675057,44.733359000082302],[-85.570176999727906,44.73336200004433],[-85.568970999780888,44.733409000067333],[-85.567692999863823,44.733455000066428],[-85.56763400031258,44.736333000275565],[-85.567635000137514,44.736998999723411],[-85.562940000220806,44.737075000311052],[-85.559009000385288,44.737012000015717],[-85.558975000050083,44.737070999980332],[-85.557461999956402,44.737075000311052],[-85.557278999658294,44.736760000062375],[-85.557194999992717,44.736615000029552],[-85.557168000228515,44.736571999787081],[-85.556312000085867,44.736561999830016],[-85.556039000274396,44.736557000169874],[-85.551705000032726,44.736496999747715],[-85.551703000382901,44.736614000098477],[-85.551694000162072,44.737155999769449],[-85.551660999651787,44.738660000296392],[-85.551601000275653,44.741138999991982],[-85.551587999856864,44.741679000310938],[-85.552521999817344,44.741689999864498],[-85.554096000010404,44.741709000074451],[-85.559021999905767,44.741709999917418],[-85.560108000202177,44.741709999917418],[-85.560243999746305,44.741951999690627],[-85.560350000051528,44.74218300026935],[-85.560520999755738,44.742619999792481],[-85.56065200017531,44.743134999758873],[-85.560793999567224,44.743547999813075],[-85.561742999596305,44.743550999884576],[-85.562263000178305,44.743551999695683],[-85.562252000307637,44.744196999952862],[-85.561034999591641,44.744205000265993],[-85.561135999873983,44.744474999816916],[-85.561149000292772,44.744510000292614],[-85.562247000284771,44.744520000151176],[-85.562233999865981,44.746006999999125],[-85.564367000100788,44.746634999953486],[-85.568263999601129,44.747713999683164],[-85.572699999950032,44.748943000306006],[-85.575410999594837,44.749721999841967],[-85.575418999990774,44.749816000049016],[-85.575418999990774,44.750037999985409],[-85.575418999990774,44.750092000289314],[-85.575371000310184,44.753403000248078],[-85.575218999974226,44.753375999735397],[-85.575066999638253,44.753327000072304],[-85.574922999698217,44.753287999985211],[-85.574601000381236,44.753123000012742],[-85.573294999976795,44.752527999872591],[-85.571647999988798,44.754471999895074],[-85.573034999685802,44.755184999813764],[-85.573049999754417,44.755192999881899],[-85.57351699973465,44.754944000191109],[-85.574854999926146,44.755760999977788],[-85.575268000378031,44.755486000260184],[-85.575353999693434,44.755759000139967],[-85.575280999898496,44.756390000074148],[-85.575259999982109,44.756992999820277],[-85.575259000157189,44.757004999865622],[-85.575253000309417,44.757172000025299],[-85.575232000393029,44.75842799990496],[-85.575253000309417,44.758452000034971],[-85.575397000249453,44.758649999930093],[-85.575581000372466,44.758900999965569],[-85.575880999948126,44.759507000179759],[-85.576092999660233,44.760073000281146],[-85.576233000300633,44.760679999837151],[-85.576260999889712,44.761230000191794],[-85.576238000323499,44.761461999773331],[-85.576193999942561,44.761750000223245],[-85.575930000351931,44.762207999899729],[-85.575593999892945,44.762453999814802],[-85.575172999943462,44.76276399980285],[-85.574938999591737,44.762967000157026],[-85.574848000253468,44.763047000220048],[-85.574493000426216,44.763356000108885],[-85.574248000203852,44.763571999718543],[-85.573260999641604,44.764439999998658],[-85.572562999682702,44.76541900028834],[-85.572465999598307,44.765654999897222],[-85.571741999700123,44.767410000130759],[-85.571273999894984,44.769345000103414],[-85.571235000435237,44.769464000299919],[-85.570941999633959,44.770121000160195],[-85.571113000236508,44.77069600004306],[-85.570835000402155,44.771527999779103],[-85.570226999956617,44.772769000265001],[-85.569436999936201,44.773812000047464],[-85.569154999903887,44.774077000061077],[-85.568853999605011,44.774398999791153],[-85.568791999680727,44.774465999808413],[-85.568750999672858,44.774509999834514],[-85.569268999706708,44.774506000181361],[-85.569853999687709,44.774500999976851],[-85.570289999705807,44.774494999858391],[-85.569537000393623,44.775474999890449],[-85.569199000284826,44.775420999712551],[-85.568933000146032,44.775381999871527],[-85.568810999947303,44.775362999890412],[-85.568480000409522,44.775794999695684],[-85.568569000097952,44.775827999915492],[-85.568762000441808,44.775890000103558],[-85.568857999802972,44.775901000160843],[-85.568897999985936,44.775904999717376],[-85.569144999858139,44.775931999905161],[-85.569073999713041,44.776035999707531],[-85.568891000313243,44.776309999933282],[-85.574755000367034,44.77626299971697],[-85.574705000138323,44.778001000244572],[-85.579326000435159,44.778015999947712],[-85.579817999631445,44.778007999851447],[-85.579810999958738,44.779621999691756],[-85.580076000272612,44.779522999741658],[-85.580605000177144,44.779343000093121],[-85.580750999766991,44.779293000303682],[-85.5807499999421,44.777716000043668],[-85.58074900011718,44.776828000298707],[-85.58074900011718,44.776280000274504],[-85.582572999657174,44.776284999687334],[-85.583024999568792,44.776287000090001],[-85.583027000116914,44.77639799969274],[-85.583027000116914,44.776413999692551],[-85.583032000139795,44.776545999681389],[-85.583118000353537,44.776513999750442],[-85.583101999561691,44.776579999987085],[-85.583202000019114,44.776624000315508],[-85.583330000065644,44.77668100027087],[-85.583374000446568,44.776754999949915],[-85.583506999617654,44.776994999911018],[-85.584111999690137,44.77676900010259],[-85.584104000192525,44.77656900005919],[-85.584043000093146,44.776511999993282],[-85.583920000069512,44.776474000130655],[-85.583878000236723,44.776293999904652],[-85.584221000368387,44.776297000189345],[-85.584481999585989,44.776293999904652],[-85.584889000190088,44.776289999737365],[-85.584900000060742,44.774493999944859],[-85.588650000146288,44.774484000171],[-85.590380999799876,44.774485999998348],[-85.591175999843173,44.774486999912021],[-85.59433400027504,44.774490000290598],[-85.594263999954848,44.774382999870738],[-85.594257000282141,44.77437200016201],[-85.594452000275822,44.773437999975627],[-85.59444300005498,44.7730290002687],[-85.594393999651189,44.772057999781907],[-85.593427000078762,44.769440000280021],[-85.59392599984605,44.768471000075785],[-85.595239999748088,44.767289000090415],[-85.595435999566675,44.767111000018389],[-85.596873000390701,44.766632999955675],[-85.598520000378699,44.766085000132662],[-85.602062999876708,44.765544000055343],[-85.605300999776205,44.765459999981509],[-85.605423999799839,44.765428000285702],[-85.605766999931532,44.765585000297598],[-85.606556000127043,44.765616999906442],[-85.606572999845483,44.76593700012215],[-85.606802999999246,44.765938000183837],[-85.607145000306005,44.7661229998156],[-85.607151999978711,44.766546000036477],[-85.606033000070312,44.766555999909194],[-85.606050999613657,44.766678000258317],[-85.607562999882433,44.766663000161294],[-85.607705000172658,44.765328000165404],[-85.610782000413664,44.765089999705722],[-85.612475000432426,44.765055000212008],[-85.612617999649231,44.764979000053806],[-85.612894999658678,44.76492400018747],[-85.613257000056919,44.764955000083773],[-85.613578000447276,44.764950999768899],[-85.614385000186132,44.765014000231389],[-85.614832000074884,44.765013000153708],[-85.615006999977069,44.765041999847952],[-85.615849999700941,44.765072000242085],[-85.616565000276609,44.765139000236942],[-85.617316999763887,44.76525399987559],[-85.618859999994811,44.765425000074146],[-85.619378000028661,44.765512999837298],[-85.6197689998409,44.765670000255994],[-85.619744999551472,44.765931999813546],[-85.619650999840132,44.766252000197646],[-85.619635999771518,44.766849000068227],[-85.620315000362183,44.766938000257589],[-85.620354999646821,44.767031999885937],[-85.62043199963972,44.767010000217333],[-85.620599999869214,44.766284000074805],[-85.622403000391131,44.766439000205395],[-85.622380999751499,44.766647000011048],[-85.62260599988241,44.766687000059534],[-85.622771999563767,44.766440000258399],[-85.623703000049488,44.766596000020691],[-85.623466000223033,44.767377000202877],[-85.623532000345264,44.767456999898876],[-85.624304999748929,44.767566999858033],[-85.62443199997054,44.767511999904642],[-85.624561999666895,44.766948000062499],[-85.624633999636899,44.766910000284483],[-85.624843999699181,44.76681300031818],[-85.62544499957373,44.766900999880221],[-85.626229999571279,44.766774999813563],[-85.626827000146164,44.766853000251672],[-85.627778999649976,44.767101000241709],[-85.628109000261162,44.767226000195727],[-85.630058000372955,44.767561000294748],[-85.631516000215058,44.768101999977169],[-85.632428000434231,44.768436000079454],[-85.632948000117921,44.768689999735102],[-85.633174999898642,44.768795999848628],[-85.634554999922926,44.769623000179841],[-85.634980999895291,44.769871999750123],[-85.63567399983134,44.770147999863518],[-85.636026000183833,44.770445000231483],[-85.636866000432946,44.770885000284039],[-85.637504000117417,44.771345000175501],[-85.63830300035869,44.771826999985187],[-85.638884000141729,44.772335000241348],[-85.639380000434272,44.77256499997241],[-85.639762999850603,44.772822999734181],[-85.640389999664407,44.773369000175165],[-85.640953999729021,44.774101999987558],[-85.641140000400171,44.774510999747768],[-85.641214999844934,44.774835999969355],[-85.641074000277939,44.77499499972734],[-85.641010999630439,44.77506799975032],[-85.640921999941966,44.775172999735126],[-85.640882999583908,44.775242999831498],[-85.640839000101295,44.775266000090596],[-85.640836999553159,44.775353000267025],[-85.640772000154143,44.775414999689694],[-85.640644000107628,44.775757999890544],[-85.640588000031116,44.775976000089649],[-85.640613999970398,44.777240000117793],[-85.640061999601343,44.778207000162809],[-85.640022000316677,44.77835000010726],[-85.639962999867137,44.778418999695141],[-85.63986300030804,44.778537999687096],[-85.639546999940535,44.778797000022038],[-85.63945300022921,44.778950000058131],[-85.639799999660539,44.778949000221743],[-85.640142999792218,44.779054000163789],[-85.641332000020796,44.779301000221913],[-85.641333999670621,44.778993000020307],[-85.641731000228972,44.778994999691506],[-85.641681000000233,44.780618999986707],[-85.641768999863814,44.780618999986707],[-85.642137999934747,44.78061800017921],[-85.642893999619972,44.780615999926589],[-85.643671000119923,44.780619999794141],[-85.643675000317884,44.78036099998495],[-85.643697000059205,44.778955999713695],[-85.644749999845345,44.778950999894505],[-85.645226000046407,44.778949000221743],[-85.64818699993647,44.778937000270879],[-85.648915000032602,44.778939999780583],[-85.648931999751028,44.780825999933001],[-85.6489710001091,44.780881999763189],[-85.649006000269196,44.780961999881839],[-85.64901999961458,44.781048999765495],[-85.64900000042141,44.781520999729665],[-85.648972999758925,44.782088999855397],[-85.648997000048368,44.782184999890383],[-85.649028999835423,44.78226099972516],[-85.649099000155616,44.782334999904371],[-85.649231000400107,44.782411999955748],[-85.649378999639779,44.782451000149585],[-85.649607000143732,44.782477999826924],[-85.649936000031701,44.782473000312727],[-85.650382000095533,44.782513000240058],[-85.650892999558394,44.782505000129255],[-85.651027000351007,44.782502999941997],[-85.652398000154491,44.782479000239825],[-85.654168999991029,44.782448000184658],[-85.656128999973461,44.782428999978116],[-85.656154000087824,44.782406999798212],[-85.656878999810928,44.781764000285563],[-85.65757799959475,44.781171999905048],[-85.65833300035338,44.780608000190561],[-85.659028999764161,44.780104999738413],[-85.659139000267345,44.78002600016297],[-85.659149000313079,44.778860999886398],[-85.659156999810676,44.777984000193769]]],[[[-85.590102000140618,44.717733999764306],[-85.590114999661097,44.715155999785281],[-85.587660000109338,44.715151000189792],[-85.584884999992127,44.71514200002305],[-85.584891999664805,44.722679999829914],[-85.590072999828308,44.722660000215939],[-85.590099999592482,44.71852300031761],[-85.590102000140618,44.717733999764306]]]]},"properties":{"BASENAME":"Traverse City"}}]}