{"type":"FeatureCollection","features":[{"type":"Feature","geometry":{"type":"Polygon","coordinates":[[[-86.564576000398574,45.766318999935294],[-86.564578999873319,45.765926999822781],[-86.563969999602861,45.765917999775112],[-86.563556000224381,45.765916000112405],[-86.563223999963384,45.765914999967734],[-86.562475999775742,45.765905999918076],[-86.562104000230065,45.765887000295905],[-86.561213999752226,45.765844000302486],[-86.560667000304349,45.765801999795968],[-86.560385000272049,45.765784000285407],[-86.560328000370646,45.765784000285407],[-86.559920999766547,45.765788000246786],[-86.559328000287934,45.765802999942707],[-86.558312000311702,45.765822000220162],[-86.558068999739149,45.765826999698405],[-86.555898999694421,45.765891999768336],[-86.555476999920032,45.765922999871414],[-86.55544000011011,45.765921999726828],[-86.555368000140092,45.765924000015943],[-86.55422400011733,45.765956999762516],[-86.553790999573977,45.765969000235188],[-86.551712999590762,45.765970999895941],[-86.54975199978341,45.765975999987511],[-86.545491000235003,45.765975999987511],[-86.543416999551425,45.76597700013108],[-86.542527999796803,45.76597700013108],[-86.542887999646908,45.769548000003873],[-86.543205999664238,45.773169000093461],[-86.543209999862185,45.773213000093222],[-86.543322000015181,45.774569999859196],[-86.543322999840086,45.774863999758963],[-86.543337999908701,45.780415999868346],[-86.543434999993096,45.780416999753037],[-86.543998000232776,45.78041800026417],[-86.545319999632454,45.780415999868346],[-86.548094999749665,45.780413000214246],[-86.549451000382845,45.780407000279062],[-86.551021000377943,45.78042000003343],[-86.551555000305314,45.78042000003343],[-86.553634000113448,45.780420999918007],[-86.555488999615591,45.78044100011212],[-86.557667000056242,45.780464999834351],[-86.557719999759698,45.780465999718167],[-86.561057000291683,45.780499000258537],[-86.562162999781293,45.780510000225512],[-86.562634999784393,45.78050500018383],[-86.562828000128235,45.780520000307476],[-86.562911999793826,45.780533999918042],[-86.563435999675491,45.780517000032468],[-86.564388999902505,45.780486999779527],[-86.564399999773158,45.779470000074745],[-86.564402000321309,45.779255000132963],[-86.564418000214843,45.777279000246487],[-86.564388999902505,45.770609999814731],[-86.564381000404907,45.768539000211632],[-86.564379999681691,45.768408999898497],[-86.564496000032634,45.768390999975907],[-86.564562999979785,45.768389999875566],[-86.564576000398574,45.766318999935294]]]},"properties":{"BASENAME":"Garden"}},{"type":"Feature","geometry":{"type":"Polygon","coordinates":[[[-84.797296000300989,45.437547999809922],[-84.797312000194509,45.435542999916919],[-84.795837999560575,45.435517999916556],[-84.795543999832688,45.435505000038098],[-84.795173999936836,45.435495000032546],[-84.794640999834371,45.435480999769666],[-84.79074799963368,45.435376999959445],[-84.790716999671545,45.435366999931219],[-84.789785000259215,45.435300000200733],[-84.789749000274199,45.435298999818428],[-84.789528000341249,45.435290999910983],[-84.789284999768682,45.435282000250183],[-84.785862999746186,45.435150000017025],[-84.781909000344442,45.434997000162774],[-84.780669999887124,45.4349389997099],[-84.77903600031793,45.434861999983916],[-84.777324999857527,45.434782000239181],[-84.776810000196704,45.434756000140126],[-84.776681000325283,45.434750000309549],[-84.77675199957207,45.438265999711504],[-84.776759000143073,45.438615999943565],[-84.776766999640699,45.439054999702833],[-84.776775000036622,45.439466000022918],[-84.776779000234569,45.439653999711226],[-84.776770999838661,45.439795999999333],[-84.776800000150956,45.440150000120376],[-84.776801999800782,45.440171000036436],[-84.776785000082356,45.44045700012569],[-84.776708999914362,45.440848999968772],[-84.776677000127307,45.441238000039093],[-84.776626000073691,45.441689000276085],[-84.776615000203037,45.441736000295997],[-84.776753000295301,45.442064999969368],[-84.776708999914362,45.449490999896582],[-84.776708999914362,45.449651999915361],[-84.776800999975862,45.449654000171051],[-84.781294000226197,45.449767000007498],[-84.781732999719026,45.449779000255702],[-84.782032000368076,45.449785999874102],[-84.782937999841124,45.449810999854684],[-84.784881999930064,45.449855999791836],[-84.786042999671238,45.449885000236414],[-84.786332000274555,45.449763000134269],[-84.786591999667237,45.449834999699611],[-84.786857999806017,45.4498690001451],[-84.787857000063823,45.449919000021602],[-84.788463999786131,45.44993899995977],[-84.789126999584937,45.449947000311198],[-84.791443999942757,45.450030999836194],[-84.791884999983736,45.450044000149113],[-84.79558200036584,45.450034000199516],[-84.795641999741974,45.450034000199516],[-84.796001999592107,45.450026999981681],[-84.796471999945382,45.450018000150472],[-84.796800999833351,45.450015999907684],[-84.797173000277354,45.450013000173563],[-84.797193000368821,45.447790000200904],[-84.797206999714206,45.446558000301401],[-84.797296000300989,45.437547999809922]]]},"properties":{"BASENAME":"Alanson"}},{"type":"Feature","geometry":{"type":"Polygon","coordinates":[[[-85.520358999659081,46.360784999975287],[-85.520357999834175,46.360713999960325],[-85.520216000442275,46.356993000019202],[-85.52020100037366,46.356073000022334],[-85.520085000022704,46.352748000043817],[-85.520150000320015,46.352346000156935],[-85.520152999794774,46.351997000268071],[-85.520153999619666,46.351878000089599],[-85.520110000137052,46.350513999942699],[-85.520110000137052,46.349661999700544],[-85.520110000137052,46.348605999772033],[-85.520110999961972,46.347663000217025],[-85.520152999794774,46.346538999716905],[-85.516900999651568,46.346580999863306],[-85.514927000323738,46.346607999718877],[-85.513014000196961,46.346615000046725],[-85.512511000231726,46.346615000046725],[-85.511338999721573,46.34663500018123],[-85.509798999863705,46.346643999712306],[-85.506935000058022,46.346662000010177],[-85.505621000155955,46.346654000085216],[-85.505268999803448,46.346662000010177],[-85.504587999562958,46.346672999982601],[-85.501984000048282,46.346688999825744],[-85.501737000176078,46.346677000253869],[-85.49985599983637,46.346710999757519],[-85.499439999909754,46.346721999720089],[-85.499465000024117,46.347703999915886],[-85.499454000153463,46.34860200026197],[-85.499461999651047,46.349479000238944],[-85.499480000092717,46.349755999927837],[-85.499455999803274,46.350814000254893],[-85.499494000336426,46.351777000125615],[-85.499465000024117,46.353928000086412],[-85.499454999978369,46.354256000142144],[-85.499453000328543,46.355171000012305],[-85.499453000328543,46.355907000005615],[-85.499454000153463,46.355989000024586],[-85.499470000046983,46.35753999977841],[-85.499495000161346,46.361106000078983],[-85.499971000362407,46.361092000034574],[-85.500070999921519,46.361084999701099],[-85.504027999696319,46.361075000108755],[-85.50979999968861,46.361024000299402],[-85.510053000306911,46.361024000299402],[-85.511200999629295,46.360979000209326],[-85.520177999909123,46.360794000276222],[-85.520358999659081,46.360784999975287]]]},"properties":{"BASENAME":"Newberry"}},{"type":"Feature","geometry":{"type":"Polygon","coordinates":[[[-87.536765999910685,45.695128999990359],[-87.536746999644109,45.694812999949313],[-87.536497000297175,45.69143599993523],[-87.536397999664644,45.690098000227522],[-87.536399000387888,45.690073999915235],[-87.536391999816871,45.690015999902386],[-87.536382999596029,45.68990599995081],[-87.536349999984083,45.689445000059735],[-87.536299999755357,45.688768000180922],[-87.535684999637127,45.680704000041814],[-87.531359999616285,45.680719999793311],[-87.530297999609289,45.680733999964389],[-87.530239999882994,45.680734999752318],[-87.526176999802985,45.680719000005112],[-87.516254999692052,45.680772999839625],[-87.516550000143141,45.684365999965046],[-87.51709800031422,45.691146000056378],[-87.517121999705367,45.69160900017468],[-87.517068000176991,45.693020000042367],[-87.517068000176991,45.693193999967178],[-87.517008999727437,45.694521000301698],[-87.517005000427801,45.694566999900367],[-87.517002999879665,45.694727999766535],[-87.516998999681704,45.694879000053767],[-87.51701799994828,45.695316999914247],[-87.518115999940278,45.69525700000721],[-87.518532999691786,45.695234000182637],[-87.519736000164087,45.695210999721134],[-87.52044099979571,45.695207999878527],[-87.521968999958005,45.695202999722099],[-87.522209999982422,45.695194000192402],[-87.522384000059702,45.695162000179607],[-87.522608000365693,45.695087000234722],[-87.522636999779692,45.695127999832245],[-87.524470000438825,45.6951799998753],[-87.524640000318144,45.695185000033788],[-87.524784000258194,45.695189000034723],[-87.526134000145262,45.695178999718117],[-87.52636400029904,45.695178000188271],[-87.526642999958298,45.695177000031038],[-87.526687000339223,45.695175999873733],[-87.529381000265602,45.695163999867219],[-87.529562000015559,45.695163999867219],[-87.536765999910685,45.695128999990359]]]},"properties":{"BASENAME":"Powers"}},{"type":"Feature","geometry":{"type":"Polygon","coordinates":[[[-87.620334999676203,45.4063589997577],[-87.620334999676203,45.406185999765768],[-87.619293999585608,45.406181999956559],[-87.616152999770492,45.406171000164377],[-87.615105999832124,45.406167999991354],[-87.615065999649147,45.406167999991354],[-87.615019999618397,45.406167999991354],[-87.61494599999854,45.406167999991354],[-87.614906999640496,45.406167999991354],[-87.614244999666582,45.406164999818181],[-87.613965000182418,45.406164999818181],[-87.612259999569787,45.406159999739394],[-87.611599000319131,45.406159000101994],[-87.611441000135372,45.406159000101994],[-87.611251000164572,45.40615799983393],[-87.610210000073991,45.406155000290873],[-87.609863999569257,45.406155000290873],[-87.609630000115843,45.406152999754525],[-87.608931000332021,45.406148999942978],[-87.608697999805202,45.406148000305386],[-87.608117000022148,45.406145999768796],[-87.607106999893702,45.406143999862785],[-87.606373999774704,45.406141999956752],[-87.605792999991635,45.406140999688333],[-87.604741999855321,45.406138999782144],[-87.604546000036734,45.406138000144374],[-87.604489000135317,45.406138000144374],[-87.602293000151334,45.406056000144993],[-87.602227999853994,45.406054000235848],[-87.602175999975472,45.406051999695883],[-87.600075000426031,45.406007999782481],[-87.599384000139807,45.405984000216634],[-87.599380999766765,45.406273000276357],[-87.599440000216305,45.411275999859846],[-87.599461000132706,45.413428000253326],[-87.599502000140589,45.417001999958309],[-87.598351000445149,45.41699199982726],[-87.594315000129299,45.416979000095644],[-87.594290000014951,45.416980000172138],[-87.594306999733377,45.420604000178606],[-87.594653000238111,45.420609000239757],[-87.595608000114979,45.420621999766198],[-87.598475000293718,45.420661000219113],[-87.599430999995477,45.42067499974462],[-87.599530999554574,45.420675999755609],[-87.599831999853464,45.420678999788528],[-87.59993300013582,45.420680999810429],[-87.600108999862911,45.420681999821298],[-87.600311000427581,45.420683999843085],[-87.600637999767429,45.420684999853904],[-87.600815000217722,45.420686999875542],[-87.601072000135687,45.420686999875542],[-87.601846000262597,45.420687999886354],[-87.60210400000544,45.420688999897145],[-87.602519000107137,45.420690999918641],[-87.603766000062066,45.420700000014563],[-87.603805000420095,45.42070100002514],[-87.60402899982779,45.420702000035654],[-87.604181999988668,45.420702000035654],[-87.604247000285994,45.420702000035654],[-87.604279000073035,45.420702000035654],[-87.604339000347494,45.42070100002514],[-87.604813000000419,45.420696999982745],[-87.604971000184179,45.420696999982745],[-87.605018000039834,45.420696999982745],[-87.605158999606829,45.420696999982745],[-87.605206000360823,45.420696999982745],[-87.605257000414426,45.420696999982745],[-87.605409999676993,45.420697999993379],[-87.60546199955553,45.42069900000395],[-87.605620999564195,45.420700000014563],[-87.606100000138298,45.420704000056737],[-87.606259999971869,45.420706000077701],[-87.60634500036069,45.420707000088179],[-87.606430999676107,45.420707000088179],[-87.606947000060146,45.420711000129813],[-87.607118999589275,45.420713000150577],[-87.607291999841635,45.420714000160878],[-87.607810999700405,45.420718000202072],[-87.607984999777671,45.420720000222538],[-87.608243000418852,45.420718000202072],[-87.608852999615891,45.420716000181535],[-87.609020000020479,45.420715000171214],[-87.609116000279954,45.420715000171214],[-87.609278999588255,45.420713000150577],[-87.609478999604789,45.420710000119449],[-87.61030399978533,45.420716000181535],[-87.610620999977726,45.420718000202072],[-87.61157599985458,45.420725000273457],[-87.611893999871896,45.420728000303782],[-87.611935999704698,45.420728000303782],[-87.612062999926295,45.420729000313827],[-87.612105999584003,45.420729999693357],[-87.612267000140804,45.420730999703416],[-87.612750999839463,45.420735999753319],[-87.61291300022117,45.420737999773138],[-87.613078999902527,45.420738999783055],[-87.613576999844909,45.42074499984205],[-87.613744000249483,45.420746999861564],[-87.613771000013656,45.420745999851839],[-87.613853999854342,45.420745999851839],[-87.613882000341746,45.420745999851839],[-87.613982999725764,45.42074499984205],[-87.614287000397695,45.420743999832247],[-87.614388999606632,45.420743999832247],[-87.614525000049085,45.42074299982248],[-87.614935999952806,45.420740999802774],[-87.615073000220164,45.420740999802774],[-87.615224999657798,45.420741999812634],[-87.615680999767392,45.420745999851839],[-87.615833000103351,45.420747999871317],[-87.616033999944804,45.420749999890717],[-87.616637000367476,45.420755999948547],[-87.616839000033835,45.420757999967712],[-87.617531000144965,45.42076400002469],[-87.619606999580057,45.420783000200892],[-87.62026100005636,45.420790000264219],[-87.620281999972747,45.415041000225116],[-87.620287999820533,45.413492999815809],[-87.620287999820533,45.413468000138465],[-87.62032100033079,45.409572000290254],[-87.62032100033079,45.409477000033348],[-87.62032100033079,45.409393000044851],[-87.620329999653322,45.408279999755656],[-87.620332000201458,45.407545999838696],[-87.620334999676203,45.4063589997577]]]},"properties":{"BASENAME":"Stephenson"}},{"type":"Feature","geometry":{"type":"Polygon","coordinates":[[[-87.620589999944315,45.461619999894538],[-87.620640000173026,45.456593000219151],[-87.620465000270855,45.456598000242806],[-87.619883999589504,45.456604000270644],[-87.618992000360137,45.456613000311172],[-87.61863400015983,45.456615999694215],[-87.618580999558091,45.45661699969861],[-87.618538999725288,45.45661699969861],[-87.618166000354705,45.456620999715888],[-87.61786699970564,45.456627999745415],[-87.617619000008517,45.456625999737057],[-87.615433000070269,45.45664799982498],[-87.615396000260361,45.45664799982498],[-87.615361000100251,45.45664799982498],[-87.615195000418908,45.45664999983255],[-87.614976000135783,45.456651999840055],[-87.614128000389044,45.456660999872931],[-87.607275999948101,45.456730000077179],[-87.605921999863071,45.456744000108316],[-87.605596000348157,45.456746000112481],[-87.604604999587963,45.456756000132231],[-87.604324000278893,45.456759000137794],[-87.60418600018663,45.456760000139646],[-87.603951000009985,45.45676200014325],[-87.60390300032941,45.456763000145003],[-87.603685999696111,45.456765000148494],[-87.603616000274215,45.45677200016015],[-87.603509000144101,45.456766000150246],[-87.601878000049652,45.456782000175288],[-87.601622999781512,45.456780000172444],[-87.601504999780744,45.456785000179522],[-87.59940800042925,45.456805000203403],[-87.599148000138257,45.456818000215158],[-87.59898699958147,45.456811000209214],[-87.598177000367869,45.456822000218175],[-87.595787000215125,45.45685500023216],[-87.595381000334257,45.456861000232649],[-87.594069999906921,45.456872000231819],[-87.58883600003999,45.456929000193334],[-87.588795999857027,45.461018000218665],[-87.588774999940625,45.463492999769841],[-87.588774999940625,45.463512000052546],[-87.588774000115706,45.463640999813151],[-87.588732000282917,45.467432000017865],[-87.590771999732979,45.467411000170522],[-87.591298999987671,45.467405999845745],[-87.594157999770474,45.467378000034621],[-87.598518999776317,45.467323999999692],[-87.598903999740784,45.467320000111691],[-87.603803999696893,45.467269000097538],[-87.60479999958163,45.467258000236683],[-87.605124000345057,45.467263999760178],[-87.605691999709308,45.467249000005296],[-87.606720000279424,45.467245000112015],[-87.607136000206026,45.467239999772467],[-87.60906900042427,45.467218000037292],[-87.615080999717762,45.46714900006755],[-87.619762000289072,45.467093999994688],[-87.620537000240859,45.467084999737118],[-87.620570999677739,45.463559000160707],[-87.620589999944315,45.461619999894538]]]},"properties":{"BASENAME":"Daggett"}},{"type":"Feature","geometry":{"type":"Polygon","coordinates":[[[-85.012138999757525,45.431283999955795],[-85.012252999560332,45.431114000143822],[-85.011887999687346,45.430883000123863],[-85.011215999667698,45.430515000259739],[-85.010843000297115,45.430250999879568],[-85.010535000325547,45.430215999746018],[-85.010502999640167,45.430197000222783],[-85.010365000446228,45.430118000013074],[-85.009822000298016,45.429738999959135],[-85.009433999960507,45.429406000228262],[-85.008782999857246,45.429121000096764],[-85.008501999649852,45.42899799998699],[-85.007044999632654,45.428026999889752],[-85.006712000445035,45.427929000138839],[-85.006047000098079,45.427870000103766],[-85.005884999716372,45.427812999776272],[-85.005479999660423,45.427600000000737],[-85.005017999703071,45.42723300006184],[-85.004775999853734,45.426963000064092],[-85.004443999592723,45.426699000092526],[-85.004232999705536,45.426675999766694],[-85.003794000212693,45.426823000070577],[-85.003647999724521,45.426811999885231],[-85.003436999837319,45.426753999846952],[-85.003225999950132,45.426741999744607],[-85.002967000382341,45.426678000206572],[-85.00263400029641,45.426648999810801],[-85.002389999898938,45.426671000242855],[-85.001804999917937,45.426841000197264],[-85.001481000052834,45.426868999962657],[-85.000635999780826,45.426889999777565],[-85.000424999893639,45.426872000296925],[-85.000280000128683,45.426819999733659],[-85.00000300011925,45.42681399968982],[-84.999726000109803,45.426584000260952],[-84.99926499997737,45.426341999707581],[-84.999013999907191,45.426159000001853],[-84.998561999995573,45.425751000248191],[-84.997260999613999,45.424957999864631],[-84.997033999833263,45.424779999777392],[-84.995077000223873,45.423802999894626],[-84.994729000069341,45.423591000079142],[-84.994681000388738,45.423561000029018],[-84.993622999681421,45.422723000300238],[-84.993219000348688,45.422464999921402],[-84.992304999581393,45.424293999925411],[-84.992112000135862,45.424353999861097],[-84.991873999586176,45.424428000219329],[-84.991533999827539,45.424560000310827],[-84.990835000043731,45.42509900000293],[-84.99105299960361,45.425439000041521],[-84.991205999764489,45.425720000163345],[-84.991188000221129,45.426000000230644],[-84.990970999587859,45.427155000013009],[-84.990651999745623,45.427738000186714],[-84.990326000230681,45.42794900030767],[-84.989902999733076,45.428119000195892],[-84.989562000149533,45.428163999783919],[-84.989164999591182,45.428122999712429],[-84.98873500031921,45.428224999896727],[-84.988463000332629,45.428258000250644],[-84.987208999806711,45.42841500021833],[-84.98709599982881,45.428232000298188],[-84.986893000337531,45.428270999907163],[-84.986949000414029,45.42851199988371],[-84.986688000298116,45.428807999736549],[-84.986084999875459,45.429207000091189],[-84.985939000285583,45.429275999838019],[-84.985524000183887,45.429399999828917],[-84.985119000127924,45.42939899997242],[-84.985053999830612,45.429319000048729],[-84.985031000264385,45.429107000143937],[-84.984941999677616,45.429020999997135],[-84.984821000202103,45.429025999943278],[-84.984479999720236,45.42912299981959],[-84.984179000319685,45.42917299980116],[-84.983903000135172,45.429201000301077],[-84.983431999956963,45.429291000237789],[-84.983205000176241,45.429307999719406],[-84.983035000296937,45.429279000044389],[-84.98288899980875,45.42919300015965],[-84.982759999937315,45.429163999795151],[-84.982458999638439,45.429276999696697],[-84.982345999660538,45.42922599994769],[-84.9822729998656,45.429220000159596],[-84.982143000169245,45.429305000145021],[-84.982026999818316,45.429624999869198],[-84.981654000447719,45.429675999888133],[-84.981598000371221,45.429584000228495],[-84.981362000369685,45.429623000164156],[-84.98116900002583,45.429297000018337],[-84.980958000138628,45.42930199994003],[-84.980846999810552,45.428970000016818],[-84.980449000325592,45.428928000035484],[-84.980415999815321,45.429013999693538],[-84.98050600022701,45.429020000133967],[-84.980420999838188,45.429678000221685],[-84.979172000233447,45.429611000041341],[-84.979173000058381,45.429439999747508],[-84.978954999600177,45.42934199992807],[-84.978998999981101,45.428683999705996],[-84.978316999915705,45.428744999887243],[-84.977680000056168,45.428851000303787],[-84.97741700029043,45.428839999883266],[-84.977224999771494,45.428842000246441],[-84.976902999556216,45.428830999824115],[-84.976442000322095,45.428834999920646],[-84.975335000109254,45.42831900026183],[-84.973708000212753,45.427628000020064],[-84.973247000080292,45.427528999686793],[-84.972719999825614,45.427469999864094],[-84.972078999768101,45.427365999791434],[-84.971593000419617,45.427329999867091],[-84.97106799981475,45.427405999890524],[-84.970916000377088,45.427663999754351],[-84.970927000247741,45.42969500021713],[-84.969918999769135,45.429646999771748],[-84.969736000369338,45.429637999841276],[-84.969698999661091,45.431219000069603],[-84.966093000413878,45.431154999933973],[-84.966091999690676,45.431692999878841],[-84.966207000216698,45.43170200011204],[-84.967161000268661,45.431780000181512],[-84.967499000377458,45.431812999717792],[-84.968695000278743,45.432006000000456],[-84.969507999865399,45.432148999800582],[-84.969958000127178,45.432217999733247],[-84.970461000092428,45.432313000187719],[-84.97100599989048,45.432393000280499],[-84.971204000257174,45.432425000285868],[-84.971129999739006,45.432650000244642],[-84.971092000104193,45.432816999824638],[-84.97106799981475,45.433193999803706],[-84.971057999769002,45.433448999702769],[-84.971065000340005,45.433569000220658],[-84.971098999776885,45.433688999853047],[-84.971107000172793,45.433707000311742],[-84.97108000040862,45.433994000160425],[-84.971016999761105,45.43421999993879],[-84.970980999776103,45.434448000237367],[-84.970967000430718,45.434543999855237],[-84.970974999928316,45.435303999838752],[-84.971188000363654,45.435311999744343],[-84.971600999917214,45.435328000182459],[-84.971637999727136,45.435328999933922],[-84.971874999553592,45.435328999933922],[-84.972298000051225,45.435329999685322],[-84.972420000249954,45.435310999992573],[-84.972538000250722,45.43526000002263],[-84.972688999863465,45.435150000017025],[-84.972920999667068,45.435239999922963],[-84.973105999615001,45.435287000272055],[-84.973302000331884,45.435321000030733],[-84.973494999777401,45.435339999720114],[-84.9735280002877,45.435343999985662],[-84.975068000145569,45.435379000090954],[-84.975051000427143,45.43897799992024],[-84.980846999810552,45.43898199992794],[-84.982011999749702,45.438983000244953],[-84.98269899983795,45.438957000190534],[-84.982701000386086,45.439314999886697],[-84.982651000157361,45.440116999786312],[-84.982250000299373,45.440118999749849],[-84.982190000024929,45.442576000002902],[-84.985330000015125,45.442596000023592],[-84.985384000441798,45.438983000244953],[-84.985504000092391,45.43897799992024],[-84.990568000080032,45.438967999899859],[-84.991896000225793,45.438949000171348],[-84.993195000059245,45.438941999838526],[-84.994524000029912,45.438931999811729],[-84.995800000297137,45.438921999783197],[-84.995800000297137,45.438905000045715],[-84.995797999749001,45.438769999761277],[-84.995785000228537,45.437945999814652],[-84.995816000190686,45.437026999888005],[-84.995786999878348,45.436137999808054],[-84.995785000228537,45.435262000158275],[-84.99823899995539,45.435239999922963],[-84.998336000039757,45.435239999922963],[-85.000009999791942,45.435226000227196],[-85.000901999919606,45.435214999788414],[-85.001828000382474,45.435214000034925],[-85.003458999578626,45.435211999897582],[-85.004631000088779,45.435204999731468],[-85.005488999881265,45.435199999702334],[-85.005837000035811,45.435211999897582],[-85.006123000266072,45.435221000199924],[-85.006083000083095,45.431569999700365],[-85.006448999781014,45.431561000076563],[-85.006828999722586,45.431516000044731],[-85.006931999654753,45.431501000236288],[-85.007587999780881,45.431438000240831],[-85.007746999789532,45.431439000061154],[-85.007969000445698,45.43144900015502],[-85.008593999711366,45.43150399969398],[-85.009796000358733,45.431609000154985],[-85.010352999852358,45.431679999749669],[-85.010761000281349,45.431743999920386],[-85.010914000442213,45.431774000034537],[-85.01117200018507,45.431825000002853],[-85.011407000361729,45.431891000264258],[-85.011716000158202,45.431645999688563],[-85.012138999757525,45.431283999955795]]]},"properties":{"BASENAME":"Harbor Springs"}},{"type":"Feature","geometry":{"type":"Polygon","coordinates":[[[-87.573805999560506,45.594759000019806],[-87.573808999933533,45.594652999840839],[-87.573736999963515,45.594650000265744],[-87.573700999978513,45.594650000265744],[-87.568497000248797,45.594603000196884],[-87.563342000024576,45.594557000158268],[-87.563340000374737,45.594748999987779],[-87.563311999887333,45.597583000241528],[-87.56330600003956,45.5981449999353],[-87.560104000125079,45.598120999795],[-87.5596630000841,45.598117999776761],[-87.558066000324843,45.598106999708442],[-87.558066000324843,45.598058000006468],[-87.558063999776707,45.595565999686208],[-87.558088000066135,45.595409000166519],[-87.558128000249113,45.595142000094853],[-87.558118000203379,45.594966000094495],[-87.558110999632362,45.594843999906018],[-87.558118000203379,45.594129000177695],[-87.558125999700977,45.5934099997801],[-87.558132000447074,45.587655000104292],[-87.55842000032716,45.587607000270538],[-87.558811000139428,45.587542000233839],[-87.559109000065249,45.587491999912558],[-87.55909999984442,45.586950999686493],[-87.559095999646459,45.586738999809825],[-87.55915900029396,45.586728000025651],[-87.559406999991069,45.586684000238861],[-87.559401000143282,45.586316999973334],[-87.558909999873606,45.5863919998081],[-87.558108999982537,45.586517999732457],[-87.558139000119766,45.583046000260609],[-87.558139999944672,45.582652000047098],[-87.55842000032716,45.581737000146887],[-87.558663999826322,45.581193999799311],[-87.559138000377573,45.580328000164705],[-87.558838999728493,45.580320999788718],[-87.558764000283745,45.580318999770917],[-87.558458999786907,45.580310999699137],[-87.558413999581063,45.580310000004481],[-87.55706399969398,45.580297999894434],[-87.555065000251815,45.580279999724546],[-87.553192000308002,45.580254999793425],[-87.552987000268587,45.580281000048529],[-87.552959999606088,45.580254000097781],[-87.552895000207073,45.580215000006255],[-87.552794999749665,45.580188000023732],[-87.552629999893227,45.580175999887651],[-87.550859999881567,45.580196999809772],[-87.549243000030813,45.580188999720598],[-87.547797999709189,45.580175000190543],[-87.547744000180813,45.580175999887651],[-87.54774800037876,45.580219000049112],[-87.54774800037876,45.583193000209668],[-87.547741999632677,45.584123999959907],[-87.547744000180813,45.584628999708741],[-87.547738000333027,45.58726499971705],[-87.54773699960981,45.587423000213342],[-87.540443000201307,45.587264000146178],[-87.540242000359868,45.587259999976588],[-87.537612000007599,45.587211999805064],[-87.537611000182679,45.587252999836267],[-87.537597999763889,45.590791000251407],[-87.53827900000438,45.590797999950503],[-87.538600000394737,45.590801999868013],[-87.539402999935646,45.590805999785175],[-87.541813000179872,45.590818000163665],[-87.542617000443997,45.590823000215835],[-87.542619999918742,45.590854000026447],[-87.542624999941594,45.591249000007529],[-87.542619999918742,45.59712800007707],[-87.542619000093822,45.597998000172012],[-87.546323999973538,45.598059000013663],[-87.547728000287293,45.598088000213913],[-87.547735999784891,45.601287000051606],[-87.547724999914237,45.601646000305344],[-87.547856000333809,45.601651000021263],[-87.548252000168929,45.601665999794982],[-87.548384000413407,45.601672000080441],[-87.549078999999267,45.601673999965946],[-87.549726999729472,45.601655999736799],[-87.551218999906766,45.601630999897779],[-87.552831999559572,45.601676999794101],[-87.552959999606088,45.601718999885065],[-87.556232999665681,45.601737000093998],[-87.558042000035385,45.601708999836326],[-87.558042000035385,45.601785999725692],[-87.558042000035385,45.601819000274396],[-87.55803899966233,45.601998999897575],[-87.558042000035385,45.603231999732778],[-87.558047999883172,45.605296999821022],[-87.560092000429506,45.605307999736681],[-87.563234000069528,45.605321999911823],[-87.568566999670693,45.605341999976453],[-87.569161999697428,45.60534399973114],[-87.569160999872508,45.604549999760927],[-87.568533000233813,45.604548999869465],[-87.568386999745613,45.604548999869465],[-87.568461000263781,45.598183000136423],[-87.568499999723542,45.598183000136423],[-87.573639999879134,45.598221000311817],[-87.573654000122843,45.59823599974542],[-87.573711000024247,45.598293999947977],[-87.573712999674072,45.598275999891548],[-87.573721999894914,45.598194000189849],[-87.573726999917781,45.59799000010544],[-87.573727999742701,45.597942000310574],[-87.573805999560506,45.594759000019806]]]},"properties":{"BASENAME":"Carney"}},{"type":"Feature","geometry":{"type":"Polygon","coordinates":[[[-84.797265000338854,45.55093799984698],[-84.797170999729204,45.548312000108119],[-84.797165999706337,45.54813900004855],[-84.796944999773388,45.539640000096043],[-84.78548199997968,45.539756999870072],[-84.783886000045314,45.539773000239741],[-84.783487999662057,45.539774000026746],[-84.78291299972679,45.539780000006765],[-84.78225099975289,45.539783999783388],[-84.771635999705893,45.539885000182963],[-84.771561000261158,45.551012000168875],[-84.77149900033686,45.554597999958467],[-84.77144099971224,45.555749000031589],[-84.771434000039534,45.55647399978308],[-84.771424999818706,45.557476000019022],[-84.771408999925185,45.559118000002535],[-84.771379999612861,45.560638000119646],[-84.771328999559231,45.56155299978407],[-84.771338999604993,45.562906000186743],[-84.771340000328209,45.563059000041982],[-84.771347999825807,45.563182000129032],[-84.77138899983369,45.563326999885824],[-84.77139499968149,45.563417000175598],[-84.771398999879452,45.565008999902879],[-84.771362999894436,45.565407999820742],[-84.778776000026937,45.565381000265624],[-84.78394899979449,45.565362999716456],[-84.78432999956101,45.565364000306118],[-84.784465000178542,45.565365000266894],[-84.787160999754732,45.565375999834117],[-84.789158000445397,45.565385000107362],[-84.789398999571503,45.565386000067761],[-84.790369000415311,45.565387000028103],[-84.791944000433276,45.565388999948816],[-84.791975000395411,45.565388999948816],[-84.79208500000027,45.565388999948816],[-84.79208500000027,45.565319000166589],[-84.792085999825176,45.565204000065478],[-84.792085999825176,45.564961000204143],[-84.792107999566497,45.562463000208794],[-84.792018000053119,45.562369000221381],[-84.791944000433276,45.562246000241181],[-84.791917999595682,45.562096000115631],[-84.791926999816525,45.56136799984742],[-84.79197600022033,45.55806100018016],[-84.791926999816525,45.558004000009696],[-84.791956000128835,45.557970000023936],[-84.791962999801541,45.557927999902134],[-84.791982000068103,45.556928999881954],[-84.791991000288931,45.555742999868805],[-84.791996000311798,45.554568999934716],[-84.792013999855143,45.553399000073014],[-84.792014999680063,45.55221200022126],[-84.792018000053119,45.551688000095361],[-84.792033000121734,45.550972000313017],[-84.794294000403056,45.550954999768031],[-84.796476999968249,45.550939000064467],[-84.796928999879881,45.55093799984698],[-84.797265000338854,45.55093799984698]]]},"properties":{"BASENAME":"Pellston"}},{"type":"Feature","geometry":{"type":"Polygon","coordinates":[[[-86.944249000147465,46.358456999853878],[-86.944228000231078,46.354806000240686],[-86.944224000033117,46.353812000049146],[-86.944204999766526,46.347581000106999],[-86.944176000352527,46.333120999751124],[-86.944171000329661,46.329737000047039],[-86.92877099995431,46.329731999864322],[-86.918350999900994,46.329707000184555],[-86.918344000228316,46.333040999862121],[-86.91833800038053,46.336364999964104],[-86.918339000205435,46.336545999716144],[-86.918227000052454,46.340289000171502],[-86.918230000425496,46.34234500005013],[-86.918238999748013,46.347315999991622],[-86.918232999900226,46.347545999697395],[-86.918272000258284,46.34917499995187],[-86.91847899994751,46.354773000266881],[-86.918477000297699,46.355628999811813],[-86.91846300005399,46.358238000309015],[-86.918453999833147,46.358370999783396],[-86.928893000153039,46.358429000263918],[-86.939345999818315,46.358462999896986],[-86.93943899970472,46.358461999889826],[-86.940637999979074,46.358460999882695],[-86.944249000147465,46.358456999853878]]]},"properties":{"BASENAME":"Chatham"}},{"type":"Feature","geometry":{"type":"Polygon","coordinates":[[[-84.74275700037623,45.873736999791113],[-84.742668999614352,45.873370000117177],[-84.741727000156303,45.869587999801801],[-84.741584999866063,45.869114999920484],[-84.74140099974305,45.868511000087956],[-84.741240999909479,45.86797400019632],[-84.740646999707636,45.866029999991866],[-84.740374999721084,45.865025000168586],[-84.739967000190376,45.864742000143508],[-84.739419000019311,45.864361000062516],[-84.738890000114793,45.863991999883908],[-84.736268000158432,45.862167999715027],[-84.735186000059983,45.861389000212831],[-84.733445000360646,45.860174999898426],[-84.732332000300033,45.859424999962307],[-84.731954000008272,45.859171000304897],[-84.731564000020924,45.85891799983996],[-84.73136400000439,45.858776000239352],[-84.729466999771134,45.857426000269243],[-84.728856999675784,45.85699200023943],[-84.726999999625505,45.855671000171121],[-84.726058000167427,45.855009999732125],[-84.725675999677691,45.854742000195898],[-84.725172999712456,45.85438900006146],[-84.724971000046082,45.85424799996818],[-84.723446000256828,45.853076000009757],[-84.721208000440043,45.851610000196452],[-84.720076000112854,45.850810999856961],[-84.718774999731266,45.849876000074616],[-84.718757000187921,45.849859999959641],[-84.718122999803114,45.849299999918152],[-84.718106000084674,45.849285000163569],[-84.717430999691985,45.848802999804988],[-84.716960000412101,45.848569999868502],[-84.716254000057262,45.848369000057552],[-84.715987000093577,45.848384000059205],[-84.715363999579409,45.848562999849946],[-84.715079000072379,45.848595000195758],[-84.713704000070948,45.848749000312104],[-84.713519999947934,45.848759000036743],[-84.71306700021141,45.848784000279096],[-84.712483999880206,45.848914000231787],[-84.710660000340212,45.848853000238869],[-84.710440000232182,45.848844999721955],[-84.709866999946755,45.848766000030672],[-84.709466000088753,45.848665000301537],[-84.709097999842712,45.848466000038329],[-84.708728999771779,45.848459000006699],[-84.708403000256851,45.848474999898947],[-84.708106999980842,45.848488999957354],[-84.707958000017939,45.848416999798268],[-84.707460000075557,45.848778000196909],[-84.707193000111857,45.848809999793332],[-84.706674000253102,45.848786000097775],[-84.70610000014274,45.848815999872073],[-84.70592600006546,45.848860000220924],[-84.705963999700288,45.849024999811348],[-84.705900999951112,45.849145000173067],[-84.705680000018162,45.849237999821689],[-84.705468000306055,45.849261999947956],[-84.705397000160957,45.849269999779168],[-84.704823000050609,45.849255999917375],[-84.704695999828985,45.849337999862399],[-84.70452000010188,45.849716999861613],[-84.704110000023078,45.849864000145274],[-84.703234999613841,45.850256000045107],[-84.702462000210161,45.85047799988358],[-84.701958000420007,45.850695999961886],[-84.701894999772492,45.850848000148083],[-84.701997999704659,45.850951999904403],[-84.701373000439006,45.852455999859394],[-84.701230000323861,45.852680999819896],[-84.701047999850672,45.852861000008815],[-84.700928000200065,45.853097000235927],[-84.701005000192978,45.853340000131176],[-84.701160999828573,45.853483000299398],[-84.701325999685025,45.853512000218636],[-84.701565999884522,45.853466000145502],[-84.701813999581645,45.853420000034326],[-84.702082000268561,45.853416000104495],[-84.702348000407355,45.85355399970814],[-84.702345000034313,45.853905999694483],[-84.70061299965748,45.854134999923787],[-84.70054999990829,45.854207000189042],[-84.700596999763974,45.854273000245996],[-84.702312000422339,45.854110000209658],[-84.702390000240158,45.854208999812691],[-84.701728000266229,45.854366000079516],[-84.70185899978749,45.85474600003041],[-84.70244200011868,45.854599999941549],[-84.702551999723539,45.854698999923627],[-84.702392999714874,45.854852000231851],[-84.702191000048501,45.854924999993401],[-84.701202999661362,45.855286999863452],[-84.701146999584878,45.855364000095314],[-84.701210000232379,45.855418999838179],[-84.701365999868003,45.855486000122539],[-84.702334000163646,45.855072000276635],[-84.702897000403354,45.854831999843363],[-84.703208999674573,45.855174999847776],[-84.703176999887518,45.855268000049868],[-84.702859999695107,45.855525000008143],[-84.702938000411223,45.855596999724995],[-84.703653000088579,45.855681999687896],[-84.70403499967999,45.856124000028267],[-84.704479999918917,45.856576999949048],[-84.704988999731967,45.856974999906974],[-84.705136999869964,45.857146000254289],[-84.705063000250092,45.857525000225351],[-84.705432000321053,45.857581999835794],[-84.705613000071025,45.857659000017939],[-84.705730000246902,45.857825000153603],[-84.70578299995033,45.858099999917265],[-84.705734000444849,45.85823700004498],[-84.705828000156174,45.858315000309382],[-84.705811000437748,45.858489999854811],[-84.705834999828866,45.858548000086721],[-84.705895999928231,45.85869399982014],[-84.706075000028378,45.85900800023618],[-84.706387000197907,45.859389000091291],[-84.707459000250637,45.860047999738235],[-84.708016999569153,45.86015999994882],[-84.708471000028908,45.860420999871224],[-84.708824000206334,45.860543000064361],[-84.709225000064336,45.860611000127605],[-84.709947000312695,45.860834000239031],[-84.71096699958855,45.861113000137216],[-84.711201999765194,45.861207000103754],[-84.711406999804609,45.861257999706311],[-84.711626999912639,45.861241999737913],[-84.711698000057751,45.861237000059646],[-84.712821000164112,45.861499999918124],[-84.714006000194729,45.86174699996063],[-84.714375000265676,45.861847000030508],[-84.714797999864984,45.862085000249031],[-84.716208000026498,45.862992999925325],[-84.716489000233921,45.863251999761623],[-84.716683000402668,45.863643999754828],[-84.716823999969662,45.863749000244333],[-84.717145000360034,45.863898999884732],[-84.717198999888382,45.86397600007674],[-84.717205999561088,45.864145999903606],[-84.71635500033959,45.864396000213361],[-84.716403000020193,45.864487999754111],[-84.716526000043828,45.864725999926684],[-84.716793000007527,45.864651000021667],[-84.716833000190491,45.864639999776863],[-84.716886999718852,45.864722000184486],[-84.717330000307953,45.864636000028533],[-84.717777000196705,45.864549999739488],[-84.718146000267637,45.864765999834646],[-84.718246999651683,45.8649259998042],[-84.716732999733054,45.865348999730294],[-84.716449999875849,45.865385999731977],[-84.716269000125877,45.865385000121101],[-84.716228999942899,45.865489999824476],[-84.71635500033959,45.865489999824476],[-84.716403000020193,45.865527999966126],[-84.716424999761486,45.865545000185691],[-84.716186000285191,45.865612000154186],[-84.715352999708756,45.865832999767044],[-84.715308000401222,45.865845000003951],[-84.715449999793137,45.865943999982768],[-84.715480999755272,45.865965999954099],[-84.715499000196942,45.865962000301167],[-84.71676500041842,45.865663000094699],[-84.718353999781783,45.865288999861292],[-84.7185510003236,45.865262999918762],[-84.718825999784897,45.865330000227097],[-84.719085000250971,45.865357999986564],[-84.719296999963078,45.865441999805945],[-84.7198119996239,45.865981999814075],[-84.719937000195685,45.866202999832616],[-84.719958999936992,45.866367999887814],[-84.71988600014204,45.866479000286276],[-84.719847999608916,45.866537999906328],[-84.719964999784779,45.866703000218202],[-84.720040999952758,45.866979000065925],[-84.719315000404748,45.86713499972722],[-84.71926000015317,45.867150000297066],[-84.719097999771449,45.867195000105852],[-84.719044000243102,45.867211000237624],[-84.719055999938661,45.867242999861773],[-84.719092999748582,45.86733899987474],[-84.719106000167372,45.867372000251414],[-84.719112000015144,45.867385999931415],[-84.719117000038025,45.867399000033231],[-84.719295000313267,45.867356999741418],[-84.719344999643653,45.867346000032072],[-84.719831999715382,45.867238000097636],[-84.72001199964042,45.867192000119751],[-84.720393000305265,45.867250000031191],[-84.72056700038253,45.867223000177013],[-84.72097599973813,45.867098000264164],[-84.721140999594567,45.867159000261744],[-84.721313000022022,45.867275000093017],[-84.721437999695496,45.867434999721908],[-84.721617999620548,45.86756799982912],[-84.721979000193883,45.867608000194238],[-84.722073999730142,45.867618999851693],[-84.722497000227733,45.867846000144908],[-84.722881000367309,45.86801300008009],[-84.722399000318447,45.868429000265358],[-84.7230570000944,45.868772999762946],[-84.723739999984701,45.868258999774937],[-84.72398799968181,45.868319999749474],[-84.724129000147116,45.868391999787121],[-84.724592999754307,45.868438000022998],[-84.724836000326874,45.868521000012279],[-84.725166000039749,45.868578000234578],[-84.725377999751856,45.868672000089411],[-84.725377999751856,45.868726999804359],[-84.725321999675344,45.868808999812785],[-84.725385000322873,45.868826000279974],[-84.725541999783388,45.868826000279974],[-84.72581700014301,45.868905000248709],[-84.72613199978727,45.868916999822389],[-84.726485999789602,45.868890999700255],[-84.726705999897618,45.868941000213013],[-84.726752999753288,45.868952000232241],[-84.72704400000643,45.868870999982981],[-84.727216000433884,45.86905899979368],[-84.727397000183842,45.869087000176911],[-84.727483000397569,45.869207999950596],[-84.727490000070262,45.869334999827757],[-84.726739000407903,45.869875999703254],[-84.726874000127125,45.869986999977009],[-84.72698100025724,45.870075000290107],[-84.727566000238241,45.869610000207445],[-84.727629999812336,45.869489000057882],[-84.727835999676671,45.869296999786577],[-84.727986000362804,45.869237999967453],[-84.728330000319403,45.869448000257641],[-84.72854200003151,45.869548000236122],[-84.72873100017739,45.869598000157865],[-84.729147000103978,45.869622000254438],[-84.729189999761701,45.869630999818867],[-84.72929699989183,45.869654999901236],[-84.729547000137075,45.86985400002839],[-84.729814999925679,45.86981699987318],[-84.729932000101542,45.869911000134685],[-84.730092999760046,45.870104999839015],[-84.730244000271085,45.870286000068148],[-84.730312999868062,45.870605000153283],[-84.730295000324702,45.870884999940813],[-84.730239000248204,45.87103900025469],[-84.730143999813649,45.87111599993893],[-84.730024000163056,45.871357000267423],[-84.730471999876713,45.871479999731264],[-84.730486999945327,45.871612000042973],[-84.730411999602254,45.872106999983444],[-84.730301000172474,45.872292999882909],[-84.730142999988743,45.87235899973799],[-84.730030000010856,45.872841999930692],[-84.729934999576273,45.872857999687838],[-84.729829999994294,45.873237000132967],[-84.729436999633904,45.87328500030037],[-84.729388999953329,45.873351000228283],[-84.729388000128424,45.873439000218717],[-84.729599999840531,45.873583000073083],[-84.729552000159956,45.873676000132505],[-84.729440999831866,45.873786000237345],[-84.729244000188373,45.873883999749296],[-84.728880999965213,45.873965000198332],[-84.728440999749168,45.873925000029921],[-84.728237000432969,45.873792000123068],[-84.728065999830449,45.873537999806878],[-84.72751500018461,45.873585999714258],[-84.727455999735071,45.873651999910166],[-84.727096999709858,45.87372100028702],[-84.726688000354272,45.873779999725485],[-84.726546000064047,45.873763000148152],[-84.726450999629492,45.873829000133803],[-84.726465999698107,45.874032000024933],[-84.726038999900851,45.87427300021772],[-84.725588999639058,45.874600999945436],[-84.725383999599643,45.874605000227646],[-84.725171999887536,45.874571999767227],[-84.725128000404922,45.874597000288389],[-84.724926999665144,45.874714000301402],[-84.724533000378173,45.87482200009476],[-84.724299999851354,45.874800999942913],[-84.724211000162882,45.874793000031879],[-84.723966999765409,45.874732000281526],[-84.723832999871107,45.874759000240807],[-84.723380000134583,45.87427300021772],[-84.723365999890873,45.874123999879309],[-84.722147000423377,45.873587999891896],[-84.721523000084304,45.873313999899302],[-84.72142000015215,45.873475999839052],[-84.721348000182132,45.873587999891896],[-84.722043999592898,45.873914999826987],[-84.723048999698477,45.87438900021305],[-84.723150999805725,45.874437000010857],[-84.723225000323879,45.874524000086026],[-84.723243999692144,45.874602000016033],[-84.723220000301012,45.874685000182161],[-84.723071000338095,45.874678999767376],[-84.722099999669396,45.874263000077399],[-84.721271000189233,45.873907999871498],[-84.720984000134052,45.873785000152075],[-84.720778000269718,45.874004000256562],[-84.720799000186119,45.874366999822776],[-84.720736000436929,45.874482000174574],[-84.720380999711381,45.87454100005602],[-84.720286000175136,45.874590999864147],[-84.720277999779213,45.874684000113071],[-84.720379000061541,45.874881000240684],[-84.720446999833612,45.875012999979923],[-84.721186999625331,45.87665700008403],[-84.721311000372197,45.876865999830663],[-84.721740999644197,45.877148000020412],[-84.721785999850042,45.877427999990509],[-84.722058999661513,45.877649000154378],[-84.722087000148917,45.877995000142725],[-84.722309999731678,45.878610000083533],[-84.722245000332663,45.878791000131244],[-84.722287000165451,45.879416999841403],[-84.722488999831825,45.879698000238996],[-84.722550999756095,45.879844000087154],[-84.722580999893339,45.879913000280226],[-84.722602999634631,45.880088000004989],[-84.722679999627545,45.880324999704122],[-84.722795999978487,45.880467999885866],[-84.722833999613314,45.880643999700531],[-84.722888000040001,45.880726000262378],[-84.723099999752108,45.880748999971161],[-84.723170999897221,45.880793000067264],[-84.723318000210313,45.880963999697656],[-84.72335599984514,45.881118000223623],[-84.723289999722894,45.881331999823509],[-84.723287000248163,45.881353999957739],[-84.723273000004468,45.881463999872878],[-84.723257999935839,45.88158999994009],[-84.723286000423258,45.881796000069841],[-84.723300999593562,45.881907000299691],[-84.7233390001267,45.882182999690201],[-84.723385000157464,45.8822890001113],[-84.723454999579332,45.882452000081059],[-84.723504999808057,45.882712999773325],[-84.72346600034831,45.882946999770361],[-84.723472000196082,45.883188000070554],[-84.723595000219746,45.883421000031063],[-84.723602999717343,45.883435999957513],[-84.723613999587997,45.883815000172561],[-84.723615000311227,45.883857999812555],[-84.723550999838807,45.883967999772665],[-84.723668000014683,45.884066999988249],[-84.723794000411374,45.884116999979568],[-84.723871000404259,45.884221999939875],[-84.723917000435009,45.884430999996844],[-84.72385999963528,45.884655000115458],[-84.723923000282795,45.884752999844224],[-84.723945000024102,45.884786999773553],[-84.724263999866338,45.885107000295747],[-84.724395000285895,45.885420999719891],[-84.724416000202297,45.885705999875128],[-84.724477000301661,45.885970000136176],[-84.724487000347423,45.886601000148801],[-84.724767999656493,45.886865999758093],[-84.724734000219627,45.887113000263618],[-84.724472000278809,45.887440999860033],[-84.724454999662044,45.887544999952944],[-84.724565000165214,45.887590000131205],[-84.724678999968035,45.88748600012255],[-84.724817999885204,45.887360000296091],[-84.724904999923837,45.887333000206795],[-84.725037999993233,45.887372000262111],[-84.725341999766854,45.887697000075221],[-84.725166999864655,45.887926999765547],[-84.725166000039749,45.888021000033589],[-84.725412999911953,45.888624999797074],[-84.725347999614627,45.888773000203123],[-84.725380000299992,45.888794000076729],[-84.72581700014301,45.889083000299522],[-84.725885999739987,45.889302999943631],[-84.726212000153211,45.889803999897374],[-84.726291999620827,45.890545000193029],[-84.726223000023865,45.891247000173429],[-84.726204999582208,45.891283999815784],[-84.726079000083828,45.891554000295834],[-84.726062000365388,45.891690999882321],[-84.72567400002788,45.892023999991906],[-84.726198999734422,45.892213000010841],[-84.726412999994665,45.89233699995502],[-84.726753999578207,45.892583999891229],[-84.727018999892081,45.892854000303707],[-84.727489000245356,45.893059000191826],[-84.72751500018461,45.893073000278548],[-84.727738999592276,45.893197000178318],[-84.727792000194043,45.893378999953356],[-84.728102999640356,45.893769999689283],[-84.728014999776804,45.894037999896184],[-84.728123999556757,45.894147999704749],[-84.728434000076462,45.894643999920675],[-84.728582000214487,45.894759999901758],[-84.728802000322503,45.894821000171852],[-84.729481999839763,45.895263000045361],[-84.729639000198588,45.895335000186613],[-84.729906999987179,45.89528199994411],[-84.730189000019493,45.895316000306046],[-84.730471000051793,45.895530999924532],[-84.730815000008377,45.895719000196991],[-84.731206999645551,45.895780999728267],[-84.731167000360898,45.895868999831499],[-84.731221999714165,45.895924000137832],[-84.731379000073005,45.895902999834078],[-84.73152100036323,45.895942000123959],[-84.731918000023271,45.896350000119725],[-84.731971999551618,45.896476000183739],[-84.732097000123403,45.89654299974908],[-84.732140999606003,45.896557000207913],[-84.732285000444378,45.896603999936225],[-84.732519999722697,45.896720000199444],[-84.7329359996493,45.896859000136438],[-84.733219000404844,45.896893000158009],[-84.733539000071971,45.897064999911358],[-84.73407200017445,45.897193000181687],[-84.734081000395292,45.897200999993387],[-84.735140999854138,45.897126999815377],[-84.735295999664842,45.897107000257229],[-84.735406000167998,45.897109000213355],[-84.735735999880887,45.897115000081364],[-84.735847000208963,45.897117000037206],[-84.736022999936068,45.897118999992969],[-84.736551000015666,45.897126000150216],[-84.736726999742757,45.897128999770779],[-84.736936999805053,45.897133000306582],[-84.737568999641724,45.897145999701515],[-84.737780000427236,45.897150999900809],[-84.737755000312873,45.896735999958054],[-84.737680999794719,45.895493000290955],[-84.737657000403573,45.895079000163335],[-84.737647000357825,45.894391000231678],[-84.737632000289224,45.893324999986149],[-84.737630999565994,45.893225000278711],[-84.737628000091263,45.893033000110677],[-84.737622000243491,45.892610000182543],[-84.737618999870421,45.892327999691084],[-84.737609999649607,45.891640999830528],[-84.737609999649607,45.891597000197869],[-84.737609999649607,45.891383000123383],[-84.737611000372823,45.890609000063641],[-84.737612000197728,45.890351999726484],[-84.737632000289224,45.889542999755221],[-84.737695999863334,45.887118000115663],[-84.737716999779721,45.886309999798797],[-84.737716999779721,45.886160999846012],[-84.737716999779721,45.885716999702652],[-84.737716999779721,45.885568999908422],[-84.737714000304976,45.885413999963156],[-84.737706999733987,45.884949000033828],[-84.737705000084148,45.884795000121734],[-84.737700000061295,45.884529000120807],[-84.737699000236375,45.884444999757164],[-84.737679999969785,45.883862999957572],[-84.737675999771824,45.883730999980003],[-84.737668000274226,45.883465999798162],[-84.737664000076279,45.883352999730285],[-84.737653000205611,45.883014000023593],[-84.737649999832584,45.882902000208233],[-84.737648000182745,45.88284999990455],[-84.737643000159878,45.882693999952117],[-84.737642000334972,45.882642000079095],[-84.737645999634623,45.881943999910099],[-84.737652000380706,45.881083999924954],[-84.737660999703209,45.879851999896381],[-84.737664000076279,45.879566999727501],[-84.737599999603844,45.879160000254302],[-84.7376029999769,45.879074999912696],[-84.737535000204844,45.877126000097029],[-84.737542999702455,45.876776000200749],[-84.737544000425672,45.876710999995147],[-84.737546999900417,45.876606000224037],[-84.73761600039569,45.87453899991268],[-84.737624999718221,45.874511999846504],[-84.737818000062063,45.874484999767226],[-84.738006000383038,45.874465000186483],[-84.738674000204725,45.874364000223721],[-84.739628000256673,45.874041000126198],[-84.740050000031076,45.874027000246016],[-84.740142999917467,45.874020000304633],[-84.740507999790452,45.873992999986307],[-84.741067999657133,45.873935000231114],[-84.741681000125524,45.873862999868443],[-84.742194000136521,45.873802999807651],[-84.74275700037623,45.873736999791113]]]},"properties":{"BASENAME":"St. Ignace"}},{"type":"Feature","geometry":{"type":"Polygon","coordinates":[[[-88.019289000305562,45.79200699976267],[-88.019275000061839,45.791891999857683],[-88.019264000191185,45.79177499972716],[-88.019259000168333,45.791425999741833],[-88.019254999970372,45.791050999897465],[-88.019217000335544,45.789972000243374],[-88.019157999885991,45.784205999691004],[-88.019023999991688,45.784207000134138],[-88.019003000075301,45.782274000221967],[-88.018968999740096,45.781228999794529],[-88.018962999892324,45.780690000173834],[-88.018938999602867,45.779220000297116],[-88.018931999930189,45.77880899977518],[-88.018901999792945,45.77697800029771],[-88.018899000318214,45.776928999773432],[-88.018794999662816,45.776932000241516],[-88.01842800014002,45.776922000142534],[-88.013857000071894,45.776852999974729],[-88.013852999873919,45.774429999899212],[-88.013842000003294,45.773143999722102],[-88.013785000101876,45.76964400003925],[-88.010033000366491,45.769583000270913],[-88.00879999975696,45.769564000021255],[-88.003720999700718,45.76950400024576],[-88.003720999700718,45.767395000217441],[-88.003720999700718,45.766267999795204],[-88.003720999700718,45.765929000111718],[-88.003720999700718,45.765896999866968],[-87.998676999804573,45.765836999906945],[-87.989892999868601,45.765754999773577],[-87.988038000366473,45.765736000099977],[-87.982793999555469,45.765704999892968],[-87.978107999859603,45.765675999966732],[-87.978052999608039,45.762055999955123],[-87.977556000388901,45.762036000060881],[-87.977221999579726,45.762027000012083],[-87.972637000166202,45.761860000306186],[-87.972643999838908,45.763057000136875],[-87.972662000280565,45.765888999959607],[-87.972662000280565,45.766303000240406],[-87.972662000280565,45.766352000074818],[-87.972884999863325,45.766386999840705],[-87.973113000367263,45.766422999720206],[-87.973541999814358,45.766491000125448],[-87.974197999940472,45.766595000216348],[-87.974505000087149,45.766643999794255],[-87.974732999692762,45.766680000134563],[-87.974812000233797,45.766692999955787],[-87.976834999965433,45.767014999767561],[-87.977542999970098,45.767231000024175],[-87.979086000201008,45.7677030000415],[-87.980627999708702,45.768174999824701],[-87.981246000199988,45.768363999767729],[-87.986429000013302,45.769596000042206],[-87.986587000197048,45.769696999753052],[-87.988587000362458,45.770979000245966],[-87.989656000042132,45.772024999819756],[-87.98971799996643,45.772355999817762],[-87.989760999624124,45.772595000020473],[-87.98976300017226,45.772607999716357],[-87.989808000378105,45.772858999709271],[-87.989823000446719,45.772921999692407],[-87.98982900029452,45.772945000125965],[-87.98930899971252,45.773203999967954],[-87.988948000037482,45.773383000307348],[-87.988892999785904,45.773412999996488],[-87.988788000203911,45.773462999860236],[-87.987402000331841,45.773953999787288],[-87.986407000271996,45.774536000205565],[-87.986126999889507,45.774669999973447],[-87.985970000428992,45.774746000241109],[-87.985597000160084,45.774926000000221],[-87.984849999797376,45.774856999868852],[-87.983391999955273,45.774696000274531],[-87.983157999603534,45.774752000158927],[-87.982647999965593,45.774874000226951],[-87.982138000327666,45.774997000010011],[-87.981789000348201,45.775081000301917],[-87.981764000233852,45.775131999902719],[-87.981541999577686,45.775588999907896],[-87.981320999644751,45.776045999927177],[-87.980869999558038,45.776976999724852],[-87.981447000041442,45.778785999880554],[-87.982617000003458,45.782943999971863],[-87.983418999719447,45.784547000042892],[-87.985686999673462,45.78907899981899],[-87.986690999954121,45.790857999754095],[-87.987942000106997,45.793075000116289],[-87.98847299966134,45.793568000143168],[-87.988660999982329,45.793742000143013],[-87.989830999944331,45.794826999729281],[-87.991446999970179,45.795393000120214],[-87.993354000249184,45.795612999771926],[-87.993795000290149,45.795622000038108],[-87.994539000279801,45.795636999852213],[-87.995875999748094,45.795435000263176],[-87.997709000407227,45.795026999771729],[-87.998820999744623,45.794769000083775],[-87.999105000325073,45.794703999847805],[-88.000124999600942,45.794502000008436],[-88.000159999761038,45.794491999929186],[-88.001593000387103,45.794091000031422],[-88.003744000165256,45.7933090003107],[-88.005854999760416,45.792604000287248],[-88.006064999822712,45.792531000187502],[-88.006274999884994,45.792457999992187],[-88.007043000164117,45.792191999792756],[-88.00867300043366,45.792008999742599],[-88.011518999797687,45.792072999688124],[-88.011816999723507,45.792126000008224],[-88.01332300014451,45.792391999896282],[-88.015278000104075,45.792602999994806],[-88.015484999793316,45.79262500016096],[-88.017587999890878,45.79245499973328],[-88.018316999811944,45.792262999739421],[-88.019191000396262,45.792033000122245],[-88.019289000305562,45.79200699976267]]]},"properties":{"BASENAME":"Niagara"}},{"type":"Feature","geometry":{"type":"Polygon","coordinates":[[[-86.271696999895894,45.946064999988202],[-86.271712999789443,45.944903000032483],[-86.269941000127972,45.945399000228939],[-86.268987999900943,45.945585000173523],[-86.26842200018649,45.945669999903494],[-86.267535999906613,45.94574699981824],[-86.266297000347606,45.945783999990724],[-86.265812999750622,45.94582799977541],[-86.265541999588976,45.945873000186296],[-86.265148000302005,45.945975000066255],[-86.264826999911634,45.946089000150906],[-86.26448200013013,45.946281999858421],[-86.263929999761089,45.946682000064371],[-86.263477000024551,45.946931999976591],[-86.262835000142132,45.94723900009032],[-86.262490000360643,45.947370000237804],[-86.261696999967171,45.947796000140904],[-86.260974999718812,45.947962000190294],[-86.259655999793864,45.948188000083022],[-86.258433999953326,45.948403999771529],[-86.257085999716068,45.948649000105526],[-86.2555170004442,45.948972999751],[-86.255285999567207,45.949016000147665],[-86.250185999594549,45.945465000038922],[-86.249198999930655,45.945231999951837],[-86.248174999558501,45.944991999768533],[-86.248006000402412,45.944835000067641],[-86.247350000276299,45.944983999973566],[-86.245735000075356,45.945354000057925],[-86.237868000381411,45.947097000100563],[-86.23761499976311,45.946995999802866],[-86.237102999577033,45.946319000298452],[-86.236905999933541,45.946104000013086],[-86.236488000357113,45.94579000021897],[-86.236181000210436,45.945740000171114],[-86.236063000209683,45.945745999779483],[-86.235417000129274,45.945982000308341],[-86.235181000127739,45.946032000137883],[-86.234826000300501,45.945998000233715],[-86.234668999941661,45.945938000021258],[-86.234456000404649,45.945777999761873],[-86.234274999756366,45.945679000264086],[-86.234085999610485,45.945650999762051],[-86.233935999822648,45.945700999890143],[-86.233227999817998,45.946036000272215],[-86.232621000095676,45.946553000213328],[-86.232416000056276,45.946652000024109],[-86.231124999720421,45.947157000307755],[-86.230605000036746,45.947295000100681],[-86.230384000103797,45.947311000271704],[-86.230163999995781,45.947361000151723],[-86.229934999666924,45.947509000132001],[-86.229778000206394,45.947701999892509],[-86.229667999703224,45.948075999936293],[-86.229502000021881,45.948245999746618],[-86.229219000164676,45.948422000228121],[-86.228644000229394,45.948725000269505],[-86.228510000335078,45.948927999982899],[-86.228494000441572,45.949137000067957],[-86.228526000228626,45.949610999916644],[-86.228431999618977,45.950145000179724],[-86.228313999618194,45.950354000047952],[-86.228125000370625,45.950502000156405],[-86.227833000292577,45.950634000037859],[-86.227116000067085,45.950892999752902],[-86.226911999852575,45.950990999987802],[-86.226414999735127,45.951260999866037],[-86.226044999839274,45.951497000023998],[-86.225895999876343,45.951618000149338],[-86.22557299983616,45.952262000000466],[-86.225391000261283,45.952371999969643],[-86.225289000154049,45.952416000146023],[-86.225258000191886,45.952477000134053],[-86.225258000191886,45.952697000249799],[-86.225218000008937,45.952818000253451],[-86.224982000007373,45.952872999713605],[-86.225209999613,45.953033000103808],[-86.225226000404859,45.953192000127615],[-86.225115999901675,45.953400999747899],[-86.224776999967972,45.95379700021973],[-86.224510000004258,45.954304000128282],[-86.224178999568153,45.954722000185974],[-86.223878999992507,45.95486999987196],[-86.223516999594253,45.954936000271239],[-86.2230050003065,45.955094999831587],[-86.2230050003065,45.955216000220382],[-86.222800000267085,45.955370000276403],[-86.222517000409866,45.95549100006474],[-86.22212300022457,45.955418999892203],[-86.221862999933577,45.955518000105371],[-86.22160299964257,45.955815000308213],[-86.221098999852416,45.956139999757596],[-86.221051000171855,45.956337999928984],[-86.221169999997528,45.956547000175071],[-86.221595000144958,45.956999000222623],[-86.221753000328704,45.957225000112793],[-86.22183899964412,45.957504999737374],[-86.221791999788451,45.957692999922521],[-86.221689999681203,45.957822000075915],[-86.223511999571386,45.957842000237363],[-86.230105000444539,45.957863000211809],[-86.230111000292325,45.959615000292516],[-86.230102999896403,45.960640999908996],[-86.23012600036094,45.961232000106023],[-86.230122999987898,45.961555999878058],[-86.233478999888163,45.961552000239323],[-86.233553000406332,45.961581999708237],[-86.235263000143505,45.961542000204588],[-86.235257000295732,45.962600999727037],[-86.235258999945543,45.963228000291323],[-86.235267000341466,45.965372000109532],[-86.235278000212119,45.96834300012749],[-86.235284000059906,45.968732000096757],[-86.235315000022041,45.970995000277377],[-86.235315999846961,45.971031999827417],[-86.235330999915561,45.971991000112958],[-86.235332999565387,45.972115999941231],[-86.235335000113537,45.972273999964806],[-86.235337999588268,45.972364000258793],[-86.235349000357232,45.97269600002295],[-86.237434999838058,45.972191000202237],[-86.23773699996184,45.972171000225806],[-86.239910000379624,45.972025000303951],[-86.240788000263578,45.971949999818136],[-86.240829000271461,45.97193699984016],[-86.24150399976584,45.971731000165839],[-86.242492999977898,45.97144500006295],[-86.243282999998314,45.971216999704495],[-86.244750999886179,45.970783999788907],[-86.245647000211804,45.970505000057166],[-86.245648000036709,45.970725999987245],[-86.245648999861629,45.970785000000248],[-86.245648999861629,45.97082299990128],[-86.245633999793014,45.971989999923395],[-86.245637000166056,45.972474999837246],[-86.246834999717166,45.972469000000729],[-86.24727099973525,45.972477000198836],[-86.254159000161209,45.972425999696426],[-86.254727000423784,45.972409999908592],[-86.255904000058493,45.972395000298448],[-86.256058000044277,45.972392999933916],[-86.263878999707458,45.972340999795222],[-86.266667000243473,45.97232200005655],[-86.271486999833641,45.972282000191065],[-86.271480000160935,45.970624000081088],[-86.271503999552053,45.968767000038675],[-86.271506000100217,45.963300000308244],[-86.2716390001696,45.954459999983705],[-86.271643000367561,45.953729999818336],[-86.271661999735812,45.951293999726275],[-86.271682999652199,45.94852099982392],[-86.271681999827308,45.948159000228479],[-86.271681999827308,45.948052000009248],[-86.271691999873042,45.948039000044446],[-86.271692999697933,45.947992000146193],[-86.271697999720814,45.947464999807757],[-86.271691999873042,45.947416000030195],[-86.271692999697933,45.947294000089805],[-86.271696999895894,45.947142000105877],[-86.271696999895894,45.946064999988202]]]},"properties":{"BASENAME":"Manistique"}},{"type":"Feature","geometry":{"type":"MultiPolygon","coordinates":[[[[-84.774139999661472,45.812819000234654],[-84.774071000064509,45.789950000282779],[-84.774133999813699,45.789940000013075],[-84.77400499994225,45.788882999912708],[-84.773990999698555,45.788767000090935],[-84.773968000132342,45.788512000082306],[-84.773876999895748,45.787948999840481],[-84.773869000398136,45.787898000060594],[-84.773711000214377,45.786922999902046],[-84.773666999833452,45.786603999713357],[-84.773605999734087,45.786171000177283],[-84.773600999711221,45.786113000293582],[-84.773584999817686,45.785928000131761],[-84.773573000122127,45.785790999863401],[-84.773557000228607,45.785604000302605],[-84.773536000312205,45.785352000247244],[-84.773380999603191,45.781658999914065],[-84.773164999693122,45.776924999984445],[-84.773162000218392,45.776817999884202],[-84.772900000277573,45.766849000081137],[-84.771653000322658,45.766864000118424],[-84.767781000038369,45.766911999959902],[-84.763008000303856,45.766964000263755],[-84.761439000133663,45.766975999893191],[-84.761171000345072,45.766978000144462],[-84.760881999741756,45.766979999769049],[-84.757538000435375,45.767035999881436],[-84.752200999737937,45.767125000246445],[-84.745447999929539,45.767142999950963],[-84.745011000086521,45.767144000073614],[-84.744811000070001,45.767145000196287],[-84.744667000129951,45.767145000196287],[-84.744467999938308,45.767147999937471],[-84.744498999900443,45.766408999700161],[-84.744519999816845,45.765025000075312],[-84.744549000129155,45.763372000177718],[-84.744549000129155,45.763359999773073],[-84.744725999681179,45.763359000209235],[-84.746446000362411,45.763343999856161],[-84.74715099999402,45.763336999773585],[-84.747329000269247,45.759653999797074],[-84.745418999617229,45.759690000261124],[-84.744971999728463,45.759699000060174],[-84.744996999842826,45.759592999758574],[-84.745035000375978,45.759520000302892],[-84.745119999866461,45.759347999928615],[-84.745253999760763,45.759016999826166],[-84.745266000354661,45.758997000095988],[-84.745682000281263,45.758304000098107],[-84.74644200016445,45.757040000197193],[-84.747027000145465,45.75606799978803],[-84.737657000403573,45.756163999831365],[-84.737544000425672,45.759072999784571],[-84.737351000081816,45.76423400024651],[-84.737116999730105,45.765437999721712],[-84.737166999958816,45.767162999894353],[-84.736855999614193,45.767156999786749],[-84.736566999909201,45.767124000123452],[-84.735279999771294,45.767131999853703],[-84.735073999906973,45.767137999964007],[-84.734758000437807,45.767162999894353],[-84.733505999561714,45.767262000009808],[-84.733498000064102,45.766808999962059],[-84.733497000239183,45.766723000110183],[-84.733518000155584,45.76621399981719],[-84.733560999813292,45.765196999868664],[-84.733142000411945,45.764890000157493],[-84.733005999969507,45.764790000054212],[-84.732861000204551,45.764684000024715],[-84.732624000378081,45.764510000189979],[-84.73207299983396,45.764500999913643],[-84.732063999613118,45.765715000123365],[-84.732061000138401,45.766086000008634],[-84.732058999590251,45.766385999704433],[-84.732092999925442,45.766381000276283],[-84.73290800006022,45.766385000194852],[-84.732960999763677,45.766385000194852],[-84.732928000151702,45.767257000033467],[-84.732897000189567,45.767257000033467],[-84.732529999768445,45.767252000056736],[-84.732087000077655,45.767245999958746],[-84.730404999929561,45.767236000002796],[-84.728455999817783,45.767223999802681],[-84.728381000373034,45.767223999802681],[-84.726315999910298,45.767211000105164],[-84.726315000085364,45.767197000282934],[-84.726197999909502,45.765030999785573],[-84.723555999861674,45.765168999836398],[-84.723605000265493,45.766320000072717],[-84.723315999662177,45.766509000034546],[-84.722144000050321,45.767019999765552],[-84.721976999645747,45.767093000061124],[-84.722149999898107,45.767208999862248],[-84.722184000233298,45.767238999739135],[-84.722740999726909,45.767726000120867],[-84.722949999964271,45.767912000005381],[-84.723271000354629,45.768345999830615],[-84.723522000424794,45.768850999726894],[-84.723662999991802,45.769256999905366],[-84.724462000233046,45.769967999878737],[-84.724540999875785,45.77003699979295],[-84.724995000335525,45.771059000114249],[-84.725058000084715,45.771288999801286],[-84.725089000046864,45.771657000084716],[-84.725089000046864,45.771877000061544],[-84.725049999688792,45.771932000233463],[-84.724909000121798,45.771982000171832],[-84.724697000409691,45.772008999881749],[-84.72463499958711,45.772057999716523],[-84.724798999618642,45.772086000050329],[-84.72502700012258,45.772069000095485],[-84.725058000084715,45.772146000181223],[-84.725049999688792,45.772211999812079],[-84.725002999833137,45.772272999838101],[-84.724767999656493,45.772425999938619],[-84.724180000200761,45.772464999761979],[-84.723206000057317,45.772436000217247],[-84.722902000283696,45.772426999966584],[-84.722769000214299,45.772442999784637],[-84.722722000358644,45.772470999925154],[-84.722801000001354,45.772519999980624],[-84.722894999712693,45.772508999690615],[-84.723036000177999,45.772563999865817],[-84.723144999957938,45.772541999927583],[-84.723522000424794,45.772667999912272],[-84.723953000420025,45.77261899998684],[-84.72474400026536,45.772624000109076],[-84.724971999870988,45.772657000277995],[-84.725065999582327,45.772701000055157],[-84.72519899965171,45.772822000203178],[-84.725299999934052,45.773234999766814],[-84.725449999721874,45.773657000085088],[-84.725528000438004,45.77428300025219],[-84.72551599984412,45.774633999777521],[-84.725489000079946,45.775414000281188],[-84.725160000191977,45.776826000103753],[-84.725113000336293,45.776980000190342],[-84.724979000441991,45.777139000195554],[-84.723160999851487,45.777128000190096],[-84.721184999975492,45.777078999797631],[-84.721036000012575,45.777144999855913],[-84.720895000445594,45.777287999714112],[-84.720637999629318,45.777208999951689],[-84.718834000180806,45.776650999973242],[-84.718771000431616,45.776733999702628],[-84.720651999873027,45.777321000255846],[-84.720651999873027,45.777369999809117],[-84.720574000055223,45.777403000302321],[-84.720362000343115,45.777436000149464],[-84.720471999947975,45.777518999963497],[-84.7205659996593,45.777551999741995],[-84.720692000056005,45.777497000100318],[-84.720769999873809,45.777497000100318],[-84.720800999835944,45.777585000127488],[-84.720731000414062,45.777644999980957],[-84.720198000311598,45.777738000064822],[-84.719069000357464,45.777389999844594],[-84.718958000029374,45.777557999984396],[-84.71851600016349,45.778225000248156],[-84.718599999829067,45.778318999913481],[-84.719996999571833,45.777957999861307],[-84.720057999671184,45.778051999976725],[-84.720049000348681,45.778102000066866],[-84.719818000369983,45.778242000206077],[-84.719846999783996,45.778318999913481],[-84.720225999900677,45.778230999791667],[-84.720244000342348,45.778147999784423],[-84.720529999674284,45.777998000129728],[-84.720758000178236,45.777984999810712],[-84.721118999853275,45.777978000312373],[-84.722010999980938,45.778017999939955],[-84.724128000322224,45.778111000028197],[-84.724283000132914,45.778201000188275],[-84.724319999942836,45.778274000260112],[-84.72431699956978,45.778383999836002],[-84.724206000140001,45.778465000279184],[-84.724159000284359,45.779101999972561],[-84.724237000102164,45.77912499973683],[-84.724274999736991,45.779196999945512],[-84.724228999706227,45.77922900007799],[-84.724059999651843,45.779327000173758],[-84.724175000177866,45.779444000120037],[-84.72422100020863,45.779477000012314],[-84.724196999919187,45.779498999720765],[-84.723969000313545,45.779502000050556],[-84.723904000016219,45.779600000293016],[-84.723991000054852,45.779595000169735],[-84.724155000086398,45.779631000295495],[-84.72411300025361,45.779739999803546],[-84.723836000244162,45.779834999942494],[-84.72318400031601,45.779882000004115],[-84.722555999778976,45.779874000223018],[-84.722195999928857,45.779863000130582],[-84.72182799968283,45.779820000261033],[-84.721525999559049,45.779657000163013],[-84.721431999847709,45.779639000111452],[-84.721313000022022,45.779681000222716],[-84.721360999702583,45.779806999740302],[-84.719356000412631,45.779847999830181],[-84.719365999560054,45.78008500009517],[-84.72148299990134,45.780135000241771],[-84.721843999576365,45.780150999727908],[-84.72266000043436,45.780112000267607],[-84.723045000398827,45.780121999794495],[-84.723668000014683,45.780161999763536],[-84.723945999849008,45.780172999796989],[-84.724053999804042,45.780245999793053],[-84.724098000184981,45.780479000085236],[-84.724121999576099,45.780675000095925],[-84.724031000237829,45.781219999709982],[-84.723842999916855,45.781303000156242],[-84.723733000311995,45.78138999994794],[-84.723498000135365,45.78142299994142],[-84.722031999897339,45.781407000193838],[-84.721773000329563,45.781241999983735],[-84.721671000222315,45.781100000114378],[-84.721458999611897,45.78098399975859],[-84.721287999907659,45.780947999879949],[-84.721236000029137,45.780967999885021],[-84.721204000242082,45.780981000135043],[-84.721170999731797,45.78103199997831],[-84.721173000279947,45.781101999859182],[-84.721240000227098,45.781198999924698],[-84.721891000330331,45.781681999876511],[-84.722040000293262,45.781758999845309],[-84.722242999784527,45.781792000246867],[-84.722775999887006,45.781720000256811],[-84.723082000208748,45.781698000171716],[-84.723215000278145,45.781708999902129],[-84.723278000027335,45.781785999833637],[-84.723222999775757,45.782301999811679],[-84.723226999973704,45.782544000154722],[-84.723238999669263,45.783280000106231],[-84.723082000208748,45.783504999735392],[-84.723035000353093,45.783620999857661],[-84.723058999744211,45.783785000093907],[-84.723385000157464,45.790271000156785],[-84.723341999601431,45.797718999885781],[-84.723273000004468,45.80964000009326],[-84.724340000034331,45.80973699996418],[-84.728157999891948,45.810080999964796],[-84.728502999673438,45.810109999966024],[-84.728711000085895,45.810127000218856],[-84.728803000147408,45.810134000063606],[-84.728897999683653,45.810138999952194],[-84.72916800002038,45.810155000218764],[-84.73005599995011,45.810208000247144],[-84.731839000380532,45.810317000076154],[-84.732595000065771,45.810329999742798],[-84.735205000326545,45.810406000237926],[-84.73829599991295,45.810465999830505],[-84.741144999650018,45.810492999688691],[-84.743247999747595,45.810546000021617],[-84.746328000361643,45.810686000079571],[-84.750049999959813,45.810898999711938],[-84.754887999991624,45.810510999795618],[-84.75516099980311,45.810489999774646],[-84.76058100034119,45.810906000085822],[-84.765540999673433,45.811294999711954],[-84.769360000254281,45.811971000296367],[-84.774139999661472,45.812819000234654]],[[-84.742316000335265,45.765291000187396],[-84.742312000137304,45.767151999801044],[-84.739846999641472,45.767156999786749],[-84.737448000166211,45.767162999894353],[-84.737489000174079,45.765333999980449],[-84.742316000335265,45.765291000187396]]],[[[-84.709446999822177,45.764113000267621],[-84.709537000233851,45.760519999992624],[-84.708809999962639,45.760205999764146],[-84.708789999871144,45.76084199971298],[-84.706986000422631,45.760014000258764],[-84.706921000125291,45.763257000110301],[-84.707058000392649,45.763258999868285],[-84.707342999899694,45.763199000204388],[-84.707481999816849,45.763248000258521],[-84.707675000160719,45.763360999963545],[-84.707891000070788,45.763432000282243],[-84.708260999966626,45.763690999805071],[-84.708861999841162,45.763799000206603],[-84.709107999888474,45.763868999786531],[-84.709200999774879,45.764021000201303],[-84.709446999822177,45.764113000267621]]]]},"properties":{"BASENAME":"Mackinaw City"}},{"type":"Feature","geometry":{"type":"Polygon","coordinates":[[[-84.672284999973627,45.859528999945383],[-84.672284999973627,45.858611999905619],[-84.67100100020879,45.856961000107702],[-84.66898299960171,45.855675999724227],[-84.668491000405453,45.855159999800605],[-84.667348000207596,45.853900000164828],[-84.666676000187962,45.85333200025967],[-84.66528100009505,45.85147200014891],[-84.66347199972536,45.850077000071238],[-84.659856000432399,45.846822000236415],[-84.65752999985375,45.844754999959633],[-84.655411999687558,45.843411000080636],[-84.652725000332197,45.841655000117164],[-84.649624999626653,45.840362999872568],[-84.648126999601587,45.839897999732869],[-84.645440000246225,45.839587999984055],[-84.642546000303327,45.838502999778669],[-84.640789999637065,45.837211000191793],[-84.640170000394278,45.836023000151698],[-84.637431000262069,45.832096000267256],[-84.633122000134748,45.829018999749643],[-84.613127000300139,45.814730999895858],[-84.61081599979012,45.814184999955479],[-84.594314999948054,45.810291000107597],[-84.594484000002439,45.811289999927148],[-84.594497000421228,45.813928999887679],[-84.594464999735862,45.814031999875439],[-84.593729999967024,45.81645200022502],[-84.593232000024656,45.81739000029517],[-84.593365000094039,45.817573000257006],[-84.593764000302215,45.818122000290401],[-84.593898000196518,45.818306000181835],[-84.593595000247831,45.818402999985345],[-84.593566999760412,45.818413000155573],[-84.592719000013673,45.81878099991151],[-84.592427999760531,45.818907999762935],[-84.590703999779649,45.819657000310499],[-84.589722000138607,45.820084999855972],[-84.585659000058584,45.822173999856098],[-84.584073999994885,45.822990000276803],[-84.583995000352147,45.823045000102788],[-84.583350999921606,45.823494999768101],[-84.581417999703362,45.824845000101796],[-84.580774999996009,45.825295999946817],[-84.576818000221209,45.82475500013814],[-84.56926000032378,45.823311000121919],[-84.56900500005564,45.827831000097511],[-84.569137000300117,45.827996000087467],[-84.569467999837912,45.827963000128612],[-84.569600000082374,45.827698999753387],[-84.569666000204634,45.827367999733177],[-84.569863999673046,45.827236000169037],[-84.571119000023856,45.831363999973597],[-84.573792999858753,45.838067000202528],[-84.57882699970915,45.848841999997099],[-84.582294999762411,45.85499000002612],[-84.58265299996269,45.856625999882297],[-84.583675999611614,45.85769900000551],[-84.58664099969964,45.863425999761468],[-84.587408000153829,45.864396999842015],[-84.588225999763353,45.866697999779959],[-84.588891000110294,45.867260000182384],[-84.591293999783531,45.869050000136632],[-84.591959000130487,45.870584000284374],[-84.593237000047523,45.871708000015936],[-84.596871999607046,45.874303000002477],[-84.614761999694267,45.89185300001602],[-84.618084999982557,45.89353999981023],[-84.62329999958294,45.896914000087371],[-84.624884999646639,45.897426000165474],[-84.628310999867111,45.897477000294423],[-84.633168000165497,45.897885999916703],[-84.638893000302147,45.898498000179949],[-84.6442619998883,45.899062000211373],[-84.652875000120048,45.898714999880255],[-84.655654000435206,45.897716000139972],[-84.659489999836197,45.896536999819276],[-84.663663000419362,45.893237999963297],[-84.668248999657791,45.887091999754489],[-84.668708000140413,45.886220999694579],[-84.668248999657791,45.884752999844224],[-84.667332000314076,45.88099199971132],[-84.666780999769955,45.879158000277208],[-84.666460000277894,45.878057000072069],[-84.666506000308658,45.877093999908595],[-84.668570000048163,45.873883999749296],[-84.669165999899818,45.872690999923933],[-84.669303999992081,45.871912000267855],[-84.669762999576392,45.870902999910143],[-84.670771000055026,45.869985000295259],[-84.671413999762336,45.868471999928069],[-84.671458999968195,45.867509000051278],[-84.671183999608587,45.866361999826175],[-84.67100100020879,45.865720000120049],[-84.672238999942877,45.862876999916566],[-84.672192999912127,45.862097000043832],[-84.672238999942877,45.860996000269637],[-84.671917999552505,45.86012500025916],[-84.672284999973627,45.859528999945383]]]},"properties":{"BASENAME":"Mackinac Island"}},{"type":"Feature","geometry":{"type":"Polygon","coordinates":[[[-87.066572000396249,45.832092000055816],[-87.066423000433332,45.832147000277871],[-87.065923999767719,45.832334000125435],[-87.061993999757107,45.833795000083846],[-87.061908000441704,45.832763000052616],[-87.061294000148365,45.83283499981696],[-87.061294999973285,45.834133000021559],[-87.058450000434178,45.833522000055844],[-87.056733999950907,45.832831999854726],[-87.056580999790029,45.831885000144126],[-87.056241000031392,45.830788999907362],[-87.056825000187487,45.829731000188396],[-87.055975999717518,45.829738000072815],[-87.050690999796956,45.829781000237432],[-87.049499000093633,45.829794999992714],[-87.049477000352326,45.829794999992714],[-87.046815000213002,45.829811999869705],[-87.044928000025507,45.829823000118694],[-87.044671000107556,45.829824999993022],[-87.044532000190372,45.829824999993022],[-87.04417999983788,45.829826000243131],[-87.044158999921478,45.829824999993022],[-87.043968999950692,45.829823000118694],[-87.043902999828433,45.829823000118694],[-87.04370799983478,45.829823000118694],[-87.04364300043575,45.829823000118694],[-87.041008000060629,45.829808000119996],[-87.033102999833545,45.829766000227423],[-87.030469000181625,45.829751999838905],[-87.025323000178233,45.82972300005121],[-87.024729999801309,45.829719999921224],[-87.017397000034762,45.829739999950185],[-87.012714999638533,45.829751999838905],[-87.009885000168055,45.829759999971927],[-87.007700000054712,45.829766000227423],[-87.007606000343372,45.829926999747862],[-87.006216000273341,45.832326999941628],[-87.006090999701556,45.832550000178202],[-87.005000000280575,45.834496999728891],[-87.001353000127168,45.841009000303167],[-87.000137999959307,45.843180000107104],[-86.998649999979975,45.845765999884037],[-86.994186000041964,45.853527999908714],[-86.992698999887537,45.856115000154027],[-86.991200000037551,45.85871899997602],[-86.986705000137405,45.86653499988472],[-86.985207000112325,45.869139999769025],[-86.989549999676512,45.869160000015029],[-87.000134999586251,45.869209000118232],[-87.002580999815493,45.869255999844711],[-87.00692500010291,45.869340000028771],[-87.00684399991205,45.869394000169464],[-87.006606000260689,45.869640000007337],[-87.006580000321406,45.86963700015319],[-87.006346999794587,45.86961899977382],[-87.006299999938946,45.869665999779116],[-87.005642000162979,45.870160000012454],[-87.005639999614843,45.870338000246164],[-87.005639999614843,45.870373999907848],[-87.005622000071511,45.870550999938246],[-87.00613500008248,45.870654000233607],[-87.007105000027963,45.870848999984617],[-87.007253000165989,45.870884999940813],[-87.007299000196738,45.870896000200759],[-87.00857799993868,45.871203999715426],[-87.00864400006094,45.871110999897681],[-87.008674000198155,45.871070000042927],[-87.008746999993079,45.870971999947216],[-87.00952399959472,45.871356000138483],[-87.009674000280867,45.871431999881359],[-87.009722999786348,45.871461999948806],[-87.01004400017672,45.871659000239418],[-87.010198000162504,45.871752999887526],[-87.011107000008622,45.871318000228051],[-87.012820999943756,45.870472999951879],[-87.013057999770226,45.870316000128668],[-87.013475000420058,45.870382999976009],[-87.01390600041529,45.870497000296126],[-87.014068999723591,45.870317999798559],[-87.014150999739343,45.87022999987019],[-87.01428299998382,45.870072999986029],[-87.01467899981894,45.869606000191204],[-87.014811999888337,45.869449999958753],[-87.016333000377955,45.869495999944505],[-87.017493000294223,45.86952100024714],[-87.017617000142778,45.869518999923081],[-87.017988999688455,45.86951399973821],[-87.01811400026024,45.869513000201565],[-87.018891999686787,45.869514999900289],[-87.021229000136088,45.869524000107553],[-87.022008000285851,45.869526999967839],[-87.022466999870161,45.869529999827918],[-87.022646999795214,45.86953099998977],[-87.022990999751798,45.869525000269498],[-87.023061999896925,45.869524000107553],[-87.023303999746247,45.869529999827918],[-87.02348500039453,45.869529000291571],[-87.023934999757998,45.869528000129691],[-87.026464999652859,45.869540999730546],[-87.027919000195325,45.86955600027666],[-87.02901999966204,45.869568999870964],[-87.029278000303222,45.869563999690541],[-87.02939600030399,45.86954400021542],[-87.029409999649374,45.869539000032745],[-87.035138000159051,45.869670999950365],[-87.035185000014707,45.869666999938516],[-87.035242999741044,45.869658999913952],[-87.035563000306482,45.869668000097846],[-87.035708999896357,45.869673000268911],[-87.036032999761446,45.869669999791036],[-87.037006000079998,45.869653000207506],[-87.037330999769992,45.869657999754416],[-87.037705999688711,45.86965200004785],[-87.043407000434215,45.869691000005297],[-87.044185999685652,45.869693999856523],[-87.051468000296907,45.869557999973843],[-87.051623999932502,45.869555000115263],[-87.057243999588835,45.869448999795459],[-87.058245000394763,45.8694309999807],[-87.063405999568459,45.869352000134057],[-87.063468000391055,45.869352000134057],[-87.063459000170212,45.869297999952607],[-87.06345099977429,45.869225999837568],[-87.063381000352422,45.868596999878662],[-87.063172000115031,45.86671100004272],[-87.063102999619758,45.866082999996685],[-87.062211000390406,45.866104999913006],[-87.059535000007386,45.866173000054324],[-87.058643999704614,45.866196000156876],[-87.058586999803197,45.866193999713154],[-87.058585999978305,45.866177999914242],[-87.058572999559502,45.864460000181964],[-87.061865999710591,45.864399999978957],[-87.062905000151346,45.864381999780335],[-87.062895000105613,45.864300000122277],[-87.062890000082746,45.864266000167575],[-87.062880000036984,45.864196000305725],[-87.062865999793289,45.864101999762781],[-87.062860999770422,45.864065999792253],[-87.062843000227076,45.863931999801366],[-87.06283700037929,45.86388600021548],[-87.062823000135594,45.863782999889708],[-87.062792999998365,45.863490000221184],[-87.062770000432138,45.863263999930098],[-87.061940000228731,45.863274999821613],[-87.061873000281579,45.862429000220537],[-87.062674000172677,45.862427999930901],[-87.062661999578793,45.862319999825239],[-87.062654000081181,45.862255000228174],[-87.062630999616658,45.862062999992943],[-87.062628000141899,45.862036000121734],[-87.062623999943952,45.861998999767188],[-87.062586000309139,45.861651000299915],[-87.062546999951067,45.861288000260281],[-87.062474000156129,45.860609000108511],[-87.062437000346222,45.860261999776704],[-87.062380000444804,45.859765000027451],[-87.062312999599342,45.859163999743757],[-87.062269000116714,45.858922999726808],[-87.062173999682159,45.858628000005268],[-87.062063000252408,45.858390000003254],[-87.062028999917203,45.858323000089705],[-87.06194400042672,45.858155000082149],[-87.061780000395188,45.857891000296014],[-87.061609999617559,45.857674000016658],[-87.061202999911771,45.857196000069877],[-87.062132999674276,45.857175999898772],[-87.062457000437689,45.857165999810547],[-87.062710999982599,45.857152999818261],[-87.062820999587444,45.858420000227852],[-87.062840999678926,45.85865199983327],[-87.063829000066065,45.858639000188397],[-87.063823000218292,45.858411999835901],[-87.063820999670156,45.858335000070817],[-87.063834000088946,45.856092000260325],[-87.063860999853119,45.855097999979868],[-87.063095999947052,45.855113000043765],[-87.062628000141899,45.855122999875519],[-87.062548999600878,45.85512400029657],[-87.062310999949531,45.855128999898859],[-87.062202999994483,45.855134000126398],[-87.062170000382508,45.855137999932673],[-87.061982000061533,45.855158000211112],[-87.061920000137263,45.855165999819945],[-87.06151599990622,45.855188000302476],[-87.060258000080651,45.855205999723879],[-87.059842999978969,45.855213000157711],[-87.059463000037354,45.855211999738259],[-87.058883000079206,45.855211999738259],[-87.057079999557317,45.855177000062319],[-87.056025999946243,45.855155000201108],[-87.055969000044826,45.855162000015696],[-87.055379999865863,45.855231999990082],[-87.055193000268105,45.855253999820839],[-87.055118999749951,45.855273000264866],[-87.055075000267323,45.855285000278521],[-87.054734999610389,45.855288000281554],[-87.053716999984346,45.85529899987413],[-87.053378000050628,45.855303000294192],[-87.053251999653924,45.855303000294192],[-87.052875999910313,45.855303000294192],[-87.052751000236825,45.855303000294192],[-87.051832000344973,45.85530499987847],[-87.049078000144149,45.855313000091833],[-87.048160000077203,45.855316000093303],[-87.048160000077203,45.855072000276635],[-87.048164000275165,45.854343000088058],[-87.04816599992499,45.8541000001957],[-87.048164000275165,45.853972999924736],[-87.048160999902123,45.853591999874368],[-87.048160999902123,45.853464999694623],[-87.048160000077203,45.853351999936301],[-87.048158000427392,45.853013999742643],[-87.048158000427392,45.852902000154621],[-87.048155999879256,45.85263799983106],[-87.048153000404525,45.85184900028942],[-87.048151999681295,45.851585999831926],[-87.048146999658414,45.85055800014932],[-87.048139000160802,45.848513999695285],[-87.048134999962841,45.847473999730937],[-87.04813300031303,45.846446999715191],[-87.048134999962841,45.846095000077945],[-87.048145000008603,45.845041000270605],[-87.048148000381644,45.84468999985458],[-87.048149000206564,45.844610999894172],[-87.048154000229431,45.844375999942919],[-87.048155999879256,45.844298000152399],[-87.048158000427392,45.844208999720315],[-87.048145999833508,45.843934000101221],[-87.048102000350895,45.842843000067127],[-87.048088000107199,45.842479999905571],[-87.048083000084318,45.842356000085175],[-87.048069999665529,45.841984000217387],[-87.048066000365878,45.841860999951145],[-87.048056000320145,45.84158599999013],[-87.048026000182901,45.840762000140685],[-87.048016999962073,45.840487999812659],[-87.048238999719928,45.840548000159757],[-87.048248999765676,45.840532999922594],[-87.049120999801858,45.840514000075281],[-87.050612999979151,45.840487999812659],[-87.053200999600321,45.840482000087292],[-87.05333500039292,45.840482000087292],[-87.053532999861318,45.840482000087292],[-87.053859000274571,45.840484000204427],[-87.055834000325618,45.840493000104779],[-87.056492999926476,45.840496999712364],[-87.056825000187487,45.840497999770669],[-87.057317000282083,45.84050099994549],[-87.057463999696864,45.840502000003724],[-87.057487999986307,45.839952999750174],[-87.058160000005941,45.839961999736424],[-87.058185000120304,45.840093999785097],[-87.058602999696745,45.840085999885879],[-87.058504999787459,45.83692500030957],[-87.064121000144127,45.836835999974127],[-87.064664000292339,45.83682700010808],[-87.064818000278123,45.83644500014028],[-87.066572000396249,45.832092000055816]]]},"properties":{"BASENAME":"Gladstone"}},{"type":"Feature","geometry":{"type":"Polygon","coordinates":[[[-86.679211999980168,46.410363999707272],[-86.679288000148148,46.402378999894232],[-86.677756999612782,46.402354999810633],[-86.669985000353421,46.402248999882808],[-86.658188999575458,46.402069999946271],[-86.657605000317659,46.398694000196897],[-86.652187000327714,46.398615000147394],[-86.650309000361034,46.398589999755046],[-86.650271999652801,46.39858899986303],[-86.64883399990218,46.398564999970766],[-86.648243999898298,46.398557000210786],[-86.641847999566934,46.398460000008136],[-86.637408999743286,46.39838399992685],[-86.638059999846533,46.401824000137751],[-86.637854999807132,46.401823000305001],[-86.629579999684196,46.401715000293557],[-86.619866999810611,46.401591000200376],[-86.615019999557958,46.401527999900175],[-86.615005000387683,46.405316999806075],[-86.615684000080009,46.405318999962979],[-86.618464000220101,46.405289999849003],[-86.625423999717754,46.405256000251072],[-86.625427000090795,46.405578999911697],[-86.625376999862084,46.412180000290491],[-86.622960999770072,46.412154000277035],[-86.622697000179414,46.412142999862624],[-86.618799999780776,46.412109000200587],[-86.616105000029492,46.412081999889182],[-86.614959000356919,46.412083000153281],[-86.614991000143974,46.413180999745599],[-86.615022999931028,46.414241999905073],[-86.615056000441299,46.41535699975779],[-86.615067000311953,46.415751000075048],[-86.615106999596605,46.417099999934095],[-86.61508999987818,46.418516999930375],[-86.61508700040342,46.418879000211369],[-86.615134000259104,46.419871000088669],[-86.608292999688828,46.41987999994064],[-86.605167999767247,46.419822999820958],[-86.605070999682852,46.422002000084468],[-86.605275999722281,46.422211000136031],[-86.605303000384765,46.422249000003049],[-86.605310000057457,46.422294999839224],[-86.605310999882377,46.423812999905188],[-86.605313000430499,46.425397999944011],[-86.605294999988857,46.428698000288108],[-86.605298000361898,46.429193000197799],[-86.605294000163937,46.429769000073826],[-86.605309000232552,46.431713999739962],[-86.605032000223119,46.440080999821511],[-86.604879000062255,46.444680000258266],[-86.604578999588284,46.453737000122906],[-86.604617999946328,46.459070999815545],[-86.605371000156822,46.458138000256312],[-86.608481000009803,46.456144000099791],[-86.623108999908084,46.448989999978515],[-86.627558999602371,46.447331000092092],[-86.634534999891869,46.446778999876699],[-86.634525999671027,46.443824000194226],[-86.634820000297225,46.442096000204707],[-86.653505000427742,46.432831999815157],[-86.655129999776094,46.432821999741101],[-86.655728000175898,46.432821999741101],[-86.666995000151047,46.432895999750066],[-86.670797999940049,46.432920999897732],[-86.678898999985719,46.432973999801384],[-86.67901199996362,46.42682800030785],[-86.679037999902889,46.425396999924139],[-86.679083000108719,46.421197999930776],[-86.679114000070882,46.418629000075619],[-86.679211999980168,46.410363999707272]]]},"properties":{"BASENAME":"Munising"}},{"type":"Feature","geometry":{"type":"MultiPolygon","coordinates":[[[[-84.498664000072608,45.627388000112255],[-84.498660999699567,45.627175000233905],[-84.498489999995343,45.627166999930701],[-84.498330999986678,45.627166999930701],[-84.490348999766695,45.627024000051087],[-84.48796799983478,45.626865999865281],[-84.48801399986553,45.625091999979624],[-84.487981000253569,45.623902000045334],[-84.487997000147089,45.62192700022154],[-84.488028999934158,45.620043000185248],[-84.4880320003072,45.619887999911718],[-84.488038999979892,45.61952900016599],[-84.486372999725319,45.61950099999293],[-84.485454999658387,45.619485999961832],[-84.48524299994628,45.619480999950554],[-84.485051000325655,45.619475999938835],[-84.484192999634843,45.619445999859146],[-84.48418699978707,45.621056000299077],[-84.484180999939298,45.622294000063093],[-84.484181999764218,45.623038000096038],[-84.480640999915991,45.622956999712585],[-84.479846999697628,45.624124000076606],[-84.4789570001181,45.624429999986098],[-84.4789570001181,45.624500000206972],[-84.478695000177268,45.624581999780176],[-84.478583999849192,45.624497999878805],[-84.478474000244319,45.625745999816623],[-84.479059000225348,45.625806000128499],[-84.479060999875173,45.6257239998328],[-84.480269000370342,45.625771999729295],[-84.480210999745694,45.626503000312077],[-84.479742999940555,45.626489999898567],[-84.47838600038078,45.626459000301693],[-84.477665999782246,45.62643300007943],[-84.476710999905393,45.626459000301693],[-84.475067000290451,45.626449000265978],[-84.474851000380383,45.626373999941109],[-84.474606000157991,45.626400999692663],[-84.474549000256573,45.626468000206678],[-84.474192999706119,45.626453000154825],[-84.473997999712452,45.626435999839892],[-84.47257199965739,45.626313000105476],[-84.472339999853801,45.626272999847643],[-84.472021999836471,45.626244999901466],[-84.4707280000259,45.626230999923173],[-84.469649000300493,45.626221999980146],[-84.469062999596261,45.626218000074765],[-84.46872500038576,45.626168000291543],[-84.465679000106888,45.62595400003687],[-84.463606999971446,45.625839999878842],[-84.453196999963907,45.625288999721022],[-84.451179000255138,45.625126999687652],[-84.448567000344539,45.624992000244582],[-84.44707199979419,45.624907999701101],[-84.444868000312596,45.624776000208193],[-84.443511999679416,45.624694999822886],[-84.441762999584185,45.624576000060657],[-84.440672999988109,45.624508000262551],[-84.438313999797501,45.624359000139492],[-84.43318799988559,45.624051000126514],[-84.43317000034223,45.625956000313089],[-84.433145000227881,45.628310000187561],[-84.433139000380095,45.62887600021196],[-84.433109000242865,45.632143000028805],[-84.433100000022037,45.63588400019534],[-84.433100999846957,45.639398000298719],[-84.433053000166367,45.644517999720357],[-84.433027000227099,45.64469199976017],[-84.43317100016715,45.6456539999282],[-84.433428000085087,45.645874000277779],[-84.433707999569265,45.645947000065853],[-84.433796000331128,45.646160999971755],[-84.433981000279047,45.646351999863441],[-84.434253000265613,45.646475999980439],[-84.434406000426492,45.646707000200784],[-84.434886999752123,45.647157999799326],[-84.435327999793088,45.647349000059521],[-84.435271999716576,45.647472999853484],[-84.434919000437489,45.647484000287918],[-84.434845999744226,45.64796800030701],[-84.434942000003701,45.648119999694003],[-84.43522300021111,45.648008000152622],[-84.435342999861703,45.64787299993116],[-84.435576000388522,45.647827999994391],[-84.436770999566576,45.64810400004238],[-84.43831100032277,45.649286000154284],[-84.438928000090826,45.650074000186763],[-84.439385000025297,45.650513999840989],[-84.439801999776819,45.651306999864161],[-84.439826000066276,45.651453999938283],[-84.439810000172756,45.651797000076002],[-84.43976099976895,45.651859000107379],[-84.439866000249239,45.652044999789794],[-84.440057999869865,45.652197000043863],[-84.440161999626952,45.652371000092693],[-84.440122000342285,45.652528999957418],[-84.440138000235805,45.652714999926381],[-84.440266000282321,45.652889000249687],[-84.440273999779933,45.653159999701764],[-84.440233999596956,45.653424000307496],[-84.440250000388801,45.653660999876806],[-84.440538000268901,45.653992999902528],[-84.440811000080359,45.65408900020882],[-84.441011999921827,45.654392999883946],[-84.441428999673349,45.65438700021614],[-84.441918000293199,45.654758999753],[-84.442000000308965,45.654803999772533],[-84.442247000181169,45.654939000241939],[-84.442728000405097,45.655028999955512],[-84.44332199970863,45.655000999934522],[-84.443827000222015,45.654921999777507],[-84.444550000295266,45.654753000124408],[-84.444807000213231,45.654634999763324],[-84.446147000054566,45.654521999807095],[-84.446588000095531,45.654657999954338],[-84.446876999800523,45.654583999961353],[-84.447148999787089,45.654595999882012],[-84.44768699991242,45.654247000250074],[-84.448200999748323,45.654065999784173],[-84.448513999742772,45.653881000174358],[-84.449075000332655,45.653739999928966],[-84.449909999660605,45.653577000231643],[-84.450544000045412,45.653616000194667],[-84.450920999613956,45.653846999853734],[-84.451120999630504,45.654032999840837],[-84.45165899975585,45.653992999902528],[-84.451987999643819,45.653801999693172],[-84.452750000075142,45.65370100005228],[-84.45350400011057,45.653741000199147],[-84.453696999556101,45.653750999760476],[-84.454058000129436,45.653627000050534],[-84.454355000230336,45.653655000130591],[-84.454731999798895,45.653598999956493],[-84.454675999722411,45.653401999885922],[-84.454636000437745,45.652957000149669],[-84.455197999954223,45.652821999925742],[-84.456168999724596,45.6526649999212],[-84.456586000374443,45.65279400005717],[-84.456864000208782,45.652808000307203],[-84.457316000120414,45.652832999937573],[-84.457491999847505,45.652725999959223],[-84.457797000344343,45.652742999834459],[-84.45819800020233,45.652601999863613],[-84.458928999773221,45.652162999956751],[-84.459281999950633,45.652107000174588],[-84.459659000417489,45.652124000237727],[-84.459972000411938,45.652005999988603],[-84.460067999773088,45.65214599990545],[-84.460301000299907,45.652314999890564],[-84.46067000037084,45.652371000092693],[-84.460749999838484,45.652573999885036],[-84.461006999756421,45.652642000167532],[-84.461535999660939,45.65244499987022],[-84.461841000157776,45.652540000026796],[-84.462098000075741,45.652472999913286],[-84.462194000335202,45.652664000259684],[-84.462322000381718,45.652810000252906],[-84.46259500019319,45.652928999720693],[-84.462899999791716,45.652946000162252],[-84.463405000305102,45.653344999809526],[-84.463469999704117,45.65357000020316],[-84.46363799993361,45.653963999725292],[-84.463853999843678,45.654904999935781],[-84.463884999805813,45.655284999856804],[-84.464284999838881,45.655702999868446],[-84.464662000305736,45.656357999984934],[-84.464710999811246,45.656416999950977],[-84.464663999955562,45.656474000040063],[-84.464677000374351,45.657133999721012],[-84.465258000157405,45.657145000141611],[-84.466060999698314,45.657038000239474],[-84.466863000312614,45.657059999860479],[-84.467248000277081,45.657026999797814],[-84.46790600005302,45.657145000141611],[-84.468018000206015,45.657363999732254],[-84.46880499985339,45.657459999910678],[-84.469373999940885,45.657459999910678],[-84.469792000415609,45.657341000024815],[-84.47014499969471,45.657008999755419],[-84.470384999894236,45.65673300026473],[-84.470722000178128,45.656446000113725],[-84.471051000066083,45.65674400013625],[-84.471292000090514,45.656698999792056],[-84.471573000297923,45.656592000293394],[-84.472021999836471,45.65661500030852],[-84.472183000393287,45.656727000219782],[-84.472062000019449,45.656964000252081],[-84.471965999759988,45.657695999780458],[-84.472206999784405,45.657847999765949],[-84.472053999623526,45.65800500030911],[-84.471942000368855,45.658404999887409],[-84.472086000308892,45.658556999831845],[-84.472735999688922,45.658618999913791],[-84.472937000428686,45.658770999905137],[-84.473009000398719,45.658995999845423],[-84.473210000240158,45.659248999931727],[-84.473289999707788,45.659458000287273],[-84.473586999808717,45.659368000157698],[-84.473868000016125,45.659321999868169],[-84.474156999721117,45.659390000119018],[-84.474316999554674,45.659210000124446],[-84.474478000111475,45.659350000240003],[-84.474838999786499,45.65931700027118],[-84.475176000070391,45.659119000049998],[-84.475432000163423,45.659181000137465],[-84.475736999761949,45.659017999952901],[-84.476283000283217,45.658832000198757],[-84.476243000100254,45.658628999859793],[-84.475826000348718,45.658528000134538],[-84.475489000064826,45.658292000004188],[-84.475015000411901,45.658364999932608],[-84.474662000234474,45.658184999782293],[-84.474597999762082,45.657711999831399],[-84.474669999732086,45.657290000175671],[-84.474894999862983,45.656896000194415],[-84.474878999969476,45.656647999986099],[-84.474622000051511,45.656208999772723],[-84.474494000004995,45.656147000161752],[-84.474485999609072,45.656095999853065],[-84.474574000370936,45.656084999854301],[-84.474673999930047,45.656123999954445],[-84.474894999862983,45.656158000148395],[-84.47534400029987,45.656489999812266],[-84.475648999898411,45.656664999926548],[-84.475889999922828,45.65669299974342],[-84.476395000436199,45.656664999926548],[-84.476612000171187,45.656710000298112],[-84.476934000386464,45.656858999805138],[-84.477213999870642,45.656828000054169],[-84.477567000048055,45.656478999890894],[-84.477808000072471,45.656444999891811],[-84.477967999906042,45.656652999821397],[-84.478273000402879,45.656552000299214],[-84.478697999652013,45.656500999731527],[-84.478931000178832,45.656438999816004],[-84.478994999752928,45.656546000234883],[-84.47893899967643,45.656595999914515],[-84.478931000178832,45.656698000202553],[-84.479091000012389,45.656849999757689],[-84.47949299969531,45.657097000116899],[-84.479708999605378,45.657372999697138],[-84.479757000184264,45.657558999902655],[-84.47969299971183,45.65769999995058],[-84.479732999894807,45.657946999699824],[-84.479886000055672,45.658070999890107],[-84.479966000421626,45.658324999949187],[-84.479958000025704,45.658752000242742],[-84.479870000162165,45.659157999920623],[-84.479982000315161,45.659349000070002],[-84.479973999919224,45.659602999982454],[-84.480029999995736,45.659782999969295],[-84.480793000251978,45.659687000006478],[-84.480993000268526,45.65968100027802],[-84.48117800021646,45.659827000185039],[-84.48145900042384,45.659822000005285],[-84.481851999885905,45.659855000304333],[-84.482277000033349,45.660153999920077],[-84.482486000270725,45.66049099987017],[-84.482605999921319,45.660845999745824],[-84.482533999951286,45.661139000147699],[-84.482414000300693,45.661391999968259],[-84.482347000353542,45.661454000050114],[-84.482261000139829,45.661532999781578],[-84.482277000033349,45.661791999835884],[-84.482068999620893,45.662006000101506],[-84.482101000306258,45.662085000309709],[-84.482358000224195,45.662152000224097],[-84.482952000426039,45.662163000286704],[-84.483754000142042,45.662512000180961],[-84.484227999794967,45.662613000253529],[-84.485053999800385,45.662917000112088],[-84.485463000054295,45.66297899976081],[-84.485952999600769,45.663001000186703],[-84.486340999938278,45.663019000186296],[-84.486500999771835,45.663026000289229],[-84.486724000252906,45.663265999700783],[-84.487038000072275,45.663305999921214],[-84.487096999623503,45.663312999988264],[-84.487469999892411,45.663360999706804],[-84.487854999856879,45.663388999942157],[-84.488384999586302,45.663378000120439],[-84.489306999851209,45.66343899978947],[-84.489853000372463,45.663676000291524],[-84.490535000437859,45.66385500027846],[-84.491250000115201,45.664102999956476],[-84.491828000423524,45.664558999858954],[-84.492229000281512,45.664992000110239],[-84.492630000139499,45.665561000184908],[-84.492855000270396,45.66600500015484],[-84.492655000253862,45.666247000072367],[-84.492374000046468,45.666353999953976],[-84.492533999880038,45.666658000214824],[-84.49280699969151,45.666973999859387],[-84.493135999579479,45.667248999689591],[-84.493583000366542,45.66751299978732],[-84.493842999759224,45.667666000137245],[-84.494308000089632,45.667980999725501],[-84.494941999576128,45.668245000137439],[-84.495479999701487,45.668509999938316],[-84.495945999856815,45.668835999805843],[-84.496227000064195,45.668947999753492],[-84.496853000053079,45.669257999695446],[-84.497678000233606,45.669848999967392],[-84.497652000294337,45.668894999806234],[-84.497667000362952,45.667711999848869],[-84.497704000172888,45.666856000141216],[-84.497903000364502,45.661173999945376],[-84.497955000243039,45.659958999996888],[-84.497929000303785,45.659549999977195],[-84.498027000213071,45.658241999955294],[-84.498069000045859,45.655238999980426],[-84.498141000015892,45.648652999999229],[-84.498157999734318,45.646360999714041],[-84.498192000069494,45.644336000031601],[-84.498218000008777,45.643543999739343],[-84.498218000008777,45.6425249999809],[-84.498233000077391,45.641468000160394],[-84.498258000191754,45.636378000087539],[-84.498324000313985,45.634233000132411],[-84.498331999811583,45.634028999831123],[-84.498664000072608,45.627388000112255]]],[[[-84.484192999634843,45.619445999859146],[-84.484160000022896,45.61768700004982],[-84.484151999626974,45.617292000192023],[-84.48355400012548,45.615848999760246],[-84.478927999805776,45.615656000180806],[-84.478971000361796,45.616820000182301],[-84.479014000019504,45.616887999880227],[-84.478973999836526,45.616899999707478],[-84.478977000209582,45.616929000221852],[-84.479108999555748,45.617144000036127],[-84.478984999707194,45.617181999935141],[-84.478989999730047,45.617318999919348],[-84.478639000100785,45.617430999859579],[-84.478712999720614,45.617558000127033],[-84.478969999638565,45.617956999862756],[-84.477778999760162,45.618306000017064],[-84.478157000051922,45.619127000155409],[-84.478392000228567,45.619601999721183],[-84.47840399992414,45.6196349998418],[-84.478548999689096,45.619641000090105],[-84.478711999895708,45.619646000087108],[-84.479676999818324,45.61967999980358],[-84.479706000130619,45.619319000098059],[-84.48268899976199,45.619403000219599],[-84.484192999634843,45.619445999859146]]],[[[-84.460018000442687,45.653364000050736],[-84.459921000358307,45.653272000243923],[-84.458779999810289,45.653090000112527],[-84.457085000141731,45.653113000310142],[-84.45688900032313,45.653204000098434],[-84.457019999844405,45.653455999706459],[-84.459399000126496,45.653591999930804],[-84.459789999938749,45.653547000193271],[-84.459985999757322,45.653478000106823],[-84.460018000442687,45.653364000050736]]]]},"properties":{"BASENAME":"Cheboygan"}},{"type":"Feature","geometry":{"type":"Polygon","coordinates":[[[-87.697856000163213,46.507017000153127],[-87.697748000208179,46.504098000162479],[-87.697738999987351,46.503919000158753],[-87.69775200040614,46.503645999857611],[-87.697732000314645,46.50309499970129],[-87.69771800007095,46.50168900000925],[-87.697590999849353,46.499163999764207],[-87.697588000374608,46.499002999750907],[-87.697580999803591,46.498597000100808],[-87.69756099971211,46.497479999842589],[-87.697508000008654,46.496341999860988],[-87.697249000440905,46.493128999885002],[-87.697247999717661,46.492613999740861],[-87.697276000205079,46.489096999851405],[-87.697273999656943,46.488909999830042],[-87.69728000040304,46.488592000225935],[-87.697230999999235,46.485544000225325],[-87.697249000440905,46.484412999722458],[-87.697249000440905,46.483789999824154],[-87.697220999953487,46.482742999893247],[-87.697205000059967,46.482309999923473],[-87.697265000334411,46.482193000298828],[-87.697367000441659,46.482112000173352],[-87.697381999611963,46.481431999893324],[-87.697412999574098,46.478172999715774],[-87.697407999551245,46.474455999778158],[-87.697483999719225,46.467967000172401],[-87.697502000160881,46.466453000099747],[-87.697502999985801,46.466312000013716],[-87.697522000252377,46.463944000090486],[-87.689622999873052,46.463894999721838],[-87.689370999977967,46.463826000024518],[-87.689309999878631,46.463807999981476],[-87.689119000082911,46.463810999782822],[-87.687766999647693,46.463814000202746],[-87.68673499977794,46.463815000136435],[-87.686313000003551,46.463860000227072],[-87.68613599955323,46.463863000025512],[-87.678755999931013,46.463841000262072],[-87.678600000295404,46.463841000262072],[-87.660815999615082,46.463720000166695],[-87.657900999755782,46.463714999870597],[-87.65535699961724,46.463694999919113],[-87.645293000114407,46.463414999827272],[-87.63726200038893,46.463149999960862],[-87.633816999901896,46.463117999826629],[-87.633888999871928,46.466985000167803],[-87.633899999742567,46.467558999897143],[-87.633976999735467,46.47066500026736],[-87.633977999560386,46.470921999773708],[-87.633980999933428,46.471469999875566],[-87.633984000306469,46.471629000149292],[-87.634083999865595,46.47689199980276],[-87.634138000292268,46.478535000271044],[-87.634247999897113,46.48376500013508],[-87.634289999729901,46.485049000162178],[-87.634309999821411,46.486000000053785],[-87.634335999760651,46.487803000245378],[-87.634421999974393,46.490971000170859],[-87.634468999830048,46.493200000182824],[-87.634478999875796,46.493446000166806],[-87.63445999960922,46.495960999792281],[-87.634533000302469,46.4976550003],[-87.634592999678617,46.499052000047378],[-87.634597999701498,46.499324000019534],[-87.634669999671502,46.50355199998701],[-87.634751999687268,46.506305999898245],[-87.634780000174672,46.506741999807765],[-87.635797999800744,46.506735999991577],[-87.646162999602439,46.506673999791133],[-87.648773999688146,46.506657999847619],[-87.648894000237064,46.506665999819965],[-87.649351000171535,46.506662999907732],[-87.651029000121682,46.506659999995385],[-87.651220999742307,46.506659999995385],[-87.653292999877735,46.506638999985839],[-87.654497000174928,46.506625000181039],[-87.654544999855517,46.506623999797391],[-87.655534000067576,46.506646999960978],[-87.655446000204023,46.513726000189052],[-87.655905999613239,46.513733999739358],[-87.656856000365551,46.513734999992145],[-87.657613999700615,46.513743000159351],[-87.659515999956724,46.513736000244968],[-87.660676999697927,46.51373100021722],[-87.66071699988089,46.51373100021722],[-87.661013999981805,46.513736999879505],[-87.665416999820451,46.513817999892098],[-87.666324999841649,46.513827000298214],[-87.666401999834534,46.510165000287479],[-87.66639099996388,46.509386000070741],[-87.666438999644441,46.508000000228932],[-87.666440000367686,46.507685000197903],[-87.666555999820318,46.507531999912821],[-87.666530999705969,46.507437999960551],[-87.666346999582942,46.50673800013648],[-87.671408000095852,46.506780999833502],[-87.671536000142353,46.51020999976366],[-87.67160499973933,46.511878000182755],[-87.671618000158119,46.512189999799588],[-87.671665000013803,46.513336999924633],[-87.671665000013803,46.513888000126308],[-87.671665999838694,46.513915000068899],[-87.671697999625763,46.513915000068899],[-87.674390999727194,46.513930999730903],[-87.674832999593079,46.513936999989326],[-87.677011999858635,46.513947000006418],[-87.67699799961494,46.510621000179647],[-87.677006000010863,46.509859999970665],[-87.677006000010863,46.509643000302546],[-87.677006000010863,46.50683900024805],[-87.68011500003891,46.506865999982843],[-87.697856000163213,46.507017000153127]]]},"properties":{"BASENAME":"Ishpeming"}},{"type":"Feature","geometry":{"type":"MultiPolygon","coordinates":[[[[-87.944291000040664,45.823961000234213],[-87.944312999781985,45.822556999874351],[-87.944147000100628,45.818664999720149],[-87.944060000061995,45.816007999843109],[-87.944050000016261,45.815859999763845],[-87.943978999871149,45.813501999900339],[-87.943926999992613,45.812521999703044],[-87.94387299956594,45.809850000020305],[-87.943840999778885,45.809315999726152],[-87.943833000281273,45.808810999999409],[-87.943718999580156,45.803996000025229],[-87.943679000295489,45.802152000200955],[-87.943634000089659,45.800038999932951],[-87.943625999693722,45.799659999763229],[-87.94363300026474,45.799278999801665],[-87.943593000081762,45.797428999820639],[-87.943579999662973,45.797143999927485],[-87.94292400043517,45.784006000283291],[-87.942906999818419,45.783524000247191],[-87.942726000068447,45.780457000136906],[-87.94256000038709,45.77630800027962],[-87.936670000394045,45.776346999894443],[-87.9363220002395,45.776347999852064],[-87.935159999775067,45.776356000139039],[-87.935149999729333,45.775840000268275],[-87.935082999782182,45.773113999888253],[-87.93498300022307,45.769003999815453],[-87.919310999861153,45.76916400008988],[-87.910956000270588,45.769087000273601],[-87.910711999873115,45.769233999830668],[-87.910459000153139,45.769394000071962],[-87.910056999571907,45.769699999983615],[-87.909520999994712,45.770274999840908],[-87.909257000404054,45.770681999739082],[-87.909105999893001,45.770975000030255],[-87.909042000318905,45.771234000248448],[-87.908955000280258,45.77168600003445],[-87.908946000059444,45.772021999714269],[-87.908939000386752,45.772452000032764],[-87.908971000173807,45.77387999969725],[-87.90900999963354,45.77641999988731],[-87.911034000088392,45.776408999740013],[-87.915787999556329,45.776364999755621],[-87.91945999982407,45.776343000063704],[-87.928237999912255,45.776293000275906],[-87.928454999647229,45.776298000068742],[-87.929110999773357,45.776314999987591],[-87.929952999672309,45.776316999903962],[-87.930577000011397,45.776320999736555],[-87.930966000173797,45.776314999987591],[-87.933558999817834,45.776193999899689],[-87.933477999626987,45.776793999845232],[-87.937749999944373,45.77802999969731],[-87.936432999669265,45.780434000295571],[-87.909619999728903,45.78033899992429],[-87.909447000374868,45.78033899992429],[-87.908401000261392,45.780197000261097],[-87.906131999584161,45.780080000015374],[-87.904942000428974,45.780057999909651],[-87.903683999705095,45.780032000229085],[-87.903595000016637,45.779156999910647],[-87.903513000000871,45.778345999688085],[-87.903435000183052,45.777635000009845],[-87.903379000106568,45.776849000180292],[-87.900595999593421,45.776839000066474],[-87.89834000023329,45.776861000189257],[-87.898346999905968,45.777447000094178],[-87.89837399967017,45.78032199997925],[-87.891969000016289,45.78033899992429],[-87.886797000073614,45.780348000151058],[-87.883129000003834,45.780354000092593],[-87.883103000064565,45.782955000082886],[-87.883112000285408,45.783174999968558],[-87.882585000030701,45.783212000123164],[-87.880790999729612,45.783016000260609],[-87.879830000004972,45.782690000107294],[-87.879393000161954,45.782540999988626],[-87.879135000419097,45.782666000089854],[-87.880368000130318,45.782993000222],[-87.882020000141182,45.783332000184728],[-87.88243900044084,45.783397999732635],[-87.883115999585044,45.783529999846941],[-87.883114999760124,45.783745000218289],[-87.883115999585044,45.784316999907738],[-87.883108000087446,45.785377000156963],[-87.88310100041474,45.785981999815803],[-87.883108000087446,45.786522000043483],[-87.883108999912338,45.786661999712614],[-87.883078999775108,45.788184999749568],[-87.883086000346125,45.788620999766913],[-87.883058999683641,45.795542999948509],[-87.883001999782223,45.801458000167251],[-87.882981999690742,45.802893999913124],[-87.882974000193144,45.803115000113444],[-87.882964999972302,45.803393000086707],[-87.882766999605579,45.809192999893369],[-87.882673999719174,45.82032299973617],[-87.88259699972626,45.823625999703559],[-87.888920000262701,45.823599999688312],[-87.889656999681335,45.823598999952338],[-87.892285000383794,45.823582999792173],[-87.897990000428933,45.823472000158574],[-87.901223000305549,45.823427000024132],[-87.903825999995306,45.823439000021807],[-87.908245999552378,45.823475999737546],[-87.909849999882681,45.823498999971392],[-87.911341000235055,45.823498000233606],[-87.91357900005184,45.823511999691107],[-87.915289999613947,45.823491000190501],[-87.916411000070482,45.823462000270943],[-87.918509000145178,45.823398000071236],[-87.920401000355554,45.823347000182217],[-87.922823000295352,45.823292000028559],[-87.923990999709233,45.823279999999194],[-87.928432999905937,45.82344899991358],[-87.934279000416367,45.823695999924965],[-87.936550999670018,45.823749999946237],[-87.937091000343514,45.823771999707994],[-87.937948000311096,45.823794000087084],[-87.939513000283313,45.823848000013299],[-87.941722999612693,45.823903000243639],[-87.944291000040664,45.823961000234213]]],[[[-87.91433899993504,45.77996599982901],[-87.914303999774944,45.778929999827376],[-87.913912000137785,45.778933000187777],[-87.91379800033495,45.778936999832695],[-87.913793000312069,45.778786999794484],[-87.913809000205617,45.778686000255597],[-87.913810000030523,45.778523999893658],[-87.913897999894075,45.778522000056405],[-87.91429000042956,45.778517999755202],[-87.914277999835662,45.778168000167341],[-87.909059999862237,45.778222999773696],[-87.90910300041827,45.77851499999899],[-87.909227000266839,45.778918000263658],[-87.909393999773101,45.7795630002473],[-87.909485999834601,45.779842999729183],[-87.909531000040445,45.780010000104419],[-87.912036999645835,45.779987000078684],[-87.912024000125371,45.779602999990864],[-87.912020999752315,45.779538000236357],[-87.913428000439097,45.779546000065665],[-87.913695000402797,45.77954299973824],[-87.913788000289216,45.779586999720998],[-87.913800999809695,45.779970999918973],[-87.91433899993504,45.77996599982901]]]]},"properties":{"BASENAME":"Norway"}},{"type":"Feature","geometry":{"type":"Polygon","coordinates":[[[-87.457918999826035,46.571685000169353],[-87.457908999780287,46.571269999957778],[-87.45717900003433,46.571276000057843],[-87.45713300000358,46.57103500004434],[-87.45716599961554,46.570877999802839],[-87.457101000216525,46.570636000050875],[-87.45706900042947,46.570517999861899],[-87.456972000345104,46.570402000305094],[-87.456799999917635,46.570317999960089],[-87.456515000410604,46.570128999943279],[-87.456358000051765,46.569951999761656],[-87.456249000271811,46.569699000111072],[-87.456234000203196,46.569555000132034],[-87.456315000394071,46.569489999831895],[-87.456506000189776,46.569390999776054],[-87.456729999597442,46.56933700006244],[-87.457064000406618,46.56930599987092],[-87.457319999601324,46.569219000135249],[-87.457431999754306,46.569120000202361],[-87.457384999898665,46.569031999698637],[-87.456811999613208,46.569039999750288],[-87.456558999893204,46.568950999880741],[-87.456433000394824,46.568818999895434],[-87.456226999632207,46.568697000025765],[-87.455973000087312,46.568662000032738],[-87.455855999911435,46.568698999742345],[-87.455829000147247,46.567461999756716],[-87.45500599961656,46.567465999898516],[-87.454238000235762,46.567470000039975],[-87.454207000273612,46.566236000147974],[-87.453003999801325,46.56583099997119],[-87.452983999709829,46.56502500013265],[-87.452980000410179,46.564861000285426],[-87.457750999596541,46.564777000006004],[-87.457738000076063,46.564221999876111],[-87.452681999586048,46.564215000290041],[-87.452660999669646,46.56424199992373],[-87.449149999958692,46.564184000259331],[-87.446194000091509,46.564180999817111],[-87.437157000435548,46.564185000200823],[-87.434614999946817,46.564157999921107],[-87.433537999871234,46.564154000153017],[-87.432887999592879,46.564148999824852],[-87.431874000164797,46.564104999881906],[-87.430150000183914,46.564141000287073],[-87.429326999653227,46.564130000303038],[-87.428745999870159,46.564123000087491],[-87.42717099985218,46.564135999957699],[-87.427146999562751,46.564136999900121],[-87.427129000019391,46.564136999900121],[-87.427144999912926,46.563204999899995],[-87.427144000088006,46.562507000173802],[-87.427144000088006,46.562342000150885],[-87.42713800024022,46.561383999764459],[-87.42713800024022,46.56085100019915],[-87.42713800024022,46.560534000194913],[-87.427134000042273,46.559579000082394],[-87.427143000263101,46.559059999967829],[-87.427149999935793,46.55869299974087],[-87.427148000285968,46.557381000112088],[-87.427148000285968,46.556871000045348],[-87.427149000110873,46.555035000021917],[-87.426961999614818,46.55141900023002],[-87.42697099983566,46.551347999988643],[-87.426986999729166,46.550528999938692],[-87.426986999729166,46.549626999835162],[-87.427271000309631,46.54963400006762],[-87.428061000330032,46.549643000100424],[-87.428790000251098,46.549638999880088],[-87.429403999646112,46.549622000021543],[-87.429894999915774,46.549599999724251],[-87.430909000242195,46.549599000131771],[-87.431319000321011,46.549619000009642],[-87.431715000156146,46.549623999823488],[-87.432270999824837,46.549656999942599],[-87.432285999893438,46.549318000234656],[-87.432285999893438,46.549307999932317],[-87.432280999870585,46.54924900014958],[-87.432587000192328,46.549240000051441],[-87.432596000413156,46.548998000147797],[-87.432927999775856,46.54898299991401],[-87.432928999600776,46.548741000100165],[-87.433167000150476,46.548400999999146],[-87.433315000288474,46.548180000088827],[-87.43383900017011,46.547395999950609],[-87.4359360004199,46.548341000232689],[-87.435958000161207,46.548330999750291],[-87.436565999708421,46.548071999774592],[-87.436763000250252,46.547981999863417],[-87.436144999758952,46.547345999738958],[-87.43661599993716,46.547064999916763],[-87.436863999634255,46.547056999713639],[-87.436860000334619,46.546524000283149],[-87.4368650003575,46.546385999717934],[-87.43686299980935,46.54603200015594],[-87.436861999984444,46.545967000091927],[-87.436861999984444,46.545958000067451],[-87.436114999621722,46.545956999790043],[-87.436097999903296,46.545078000283254],[-87.436081000184856,46.544131999726943],[-87.436077999811801,46.544042000079664],[-87.436080000359937,46.54376699988984],[-87.436085000382818,46.543254999745862],[-87.436070000314203,46.541878000065488],[-87.436054000420683,46.540511000133172],[-87.436041999826784,46.54005500020525],[-87.435014999979913,46.540069000048668],[-87.435035000071395,46.538930000240498],[-87.435039000269342,46.538687000306197],[-87.435010999781952,46.538245000203382],[-87.434136000271039,46.538249999829048],[-87.430346000002487,46.538274000003049],[-87.428982999696629,46.53828300006559],[-87.428986000069671,46.535889999910992],[-87.428996999940324,46.534562999736053],[-87.429464999745463,46.53455900025839],[-87.432378999779871,46.534536000166156],[-87.432378999779871,46.534451999907759],[-87.432367000084298,46.531533000140541],[-87.432367000084298,46.530234000234174],[-87.43235799986347,46.525748000132097],[-87.432353999665509,46.522920000125438],[-87.432350000365858,46.521936999784877],[-87.432336999947069,46.52011799983287],[-87.43232500025151,46.519732000009348],[-87.427088000011523,46.519783999972447],[-87.427092000209484,46.514008999947599],[-87.427092000209484,46.513687999836208],[-87.427082000163722,46.513312999858478],[-87.427093999859295,46.512744000079152],[-87.42710899992791,46.510516000283197],[-87.427092000209484,46.507566999761472],[-87.427088999836414,46.506248000151594],[-87.427089999661334,46.506167999759882],[-87.412629999992561,46.506164999820179],[-87.407232999918989,46.506163000272487],[-87.396923000368844,46.506235999791201],[-87.39592099973801,46.506243999825649],[-87.390255000050928,46.506284999751941],[-87.387899000233375,46.506302000194879],[-87.385438999760424,46.506319999785205],[-87.38529900001835,46.506329000196388],[-87.382599000244213,46.506508000302468],[-87.382368000265515,46.506514000143824],[-87.367273000387002,46.506966000097485],[-87.36668900023092,46.506981999950341],[-87.365889000164742,46.507004999962504],[-87.364340999910951,46.506950999999269],[-87.363996000129461,46.520682999787887],[-87.36347399989765,46.540994000018465],[-87.363416000171327,46.543247999926407],[-87.363227000025447,46.549488000150561],[-87.363135999788824,46.552486999971713],[-87.362173000414359,46.58421199980824],[-87.361765999810288,46.60086199973518],[-87.401767000248455,46.60136499999696],[-87.404609000312831,46.601400999739681],[-87.404989000254417,46.596616999746658],[-87.405036999935007,46.59027999991774],[-87.405057999851394,46.586758000039616],[-87.405206999814311,46.582638000060193],[-87.405210000187367,46.582568999742335],[-87.405205999989391,46.582482000290142],[-87.405207999639217,46.582420000098587],[-87.405206999814311,46.582410999945381],[-87.405199000316713,46.58235100012071],[-87.405206999814311,46.582238000003045],[-87.405222999707831,46.581883000073617],[-87.405225000255967,46.581834999998691],[-87.405226000080887,46.581778000240419],[-87.405237999776446,46.581481000140322],[-87.405241000149502,46.581412000202228],[-87.405272000111637,46.580464000215308],[-87.405273999761462,46.580409000152819],[-87.405308999921559,46.579340000184537],[-87.405318999967307,46.579040000075658],[-87.405328000188135,46.578757000157729],[-87.405825000305583,46.578757999830572],[-87.406731999603579,46.578763999719669],[-87.407360000140599,46.578763000046941],[-87.407944000296695,46.578768000262841],[-87.408474999851023,46.578776999785887],[-87.412321000196059,46.578838999821173],[-87.412502999770936,46.578838000149823],[-87.416091000373115,46.578815999965727],[-87.416092000198034,46.578368000057147],[-87.416124999809995,46.576384000251245],[-87.416128000183051,46.576185000089154],[-87.416134000030823,46.57581200002123],[-87.416142000426746,46.575199999912385],[-87.418521999635445,46.575190000057063],[-87.420546000090297,46.575185000128691],[-87.421033000162012,46.575194999984937],[-87.421537999777073,46.57520600019518],[-87.421541000150128,46.575154000192143],[-87.421550000370971,46.574908000167028],[-87.421551000195862,46.574777000222866],[-87.421541000150128,46.574221000143709],[-87.421552999845687,46.574198000182001],[-87.421617000318122,46.570954999946586],[-87.421629999838586,46.570288000158236],[-87.421632000386708,46.570166999718552],[-87.421679000242392,46.567824999841676],[-87.425032999594507,46.567858000009672],[-87.425193000326388,46.567858999883434],[-87.425690000443865,46.567863999869637],[-87.429510999776227,46.567901999996558],[-87.430110000000951,46.567910000214916],[-87.431081999596231,46.567917999814505],[-87.432001000386407,46.567926000030511],[-87.432500000153681,46.567925000157985],[-87.432500000153681,46.567940000096897],[-87.432494000305894,46.569551999986899],[-87.432486999734905,46.571556000079127],[-87.432485999909971,46.571622000177975],[-87.432716999888669,46.571622999982402],[-87.435312999905747,46.571534000028329],[-87.435657999687237,46.571537999869832],[-87.43632800005706,46.571553999850316],[-87.436586999624836,46.571558000307903],[-87.437092999963113,46.57156800021535],[-87.441173999586482,46.571644999997098],[-87.441289000112519,46.571644999997098],[-87.450921999620149,46.571669000227509],[-87.45229300032193,46.571672000255553],[-87.454695000170261,46.571677999693641],[-87.457436999777187,46.571683999748558],[-87.457918999826035,46.571685000169353]],[[-87.456779000001234,46.570722999983964],[-87.456759999734686,46.570899000302028],[-87.456645999931851,46.570952999695614],[-87.456584000007567,46.57097299973185],[-87.456239000226077,46.570881999692674],[-87.456151000362539,46.570732000224567],[-87.456048000430371,46.570663000194116],[-87.45607699984437,46.570531000052306],[-87.45650299981672,46.57048800017067],[-87.456644000282026,46.570498000275443],[-87.456779000001234,46.570722999983964]]]},"properties":{"BASENAME":"Marquette"}},{"type":"Feature","geometry":{"type":"Polygon","coordinates":[[[-87.655446000204023,46.513726000189052],[-87.655534000067576,46.506646999960978],[-87.654544999855517,46.506623999797391],[-87.654497000174928,46.506625000181039],[-87.653292999877735,46.506638999985839],[-87.651220999742307,46.506659999995385],[-87.651029000121682,46.506659999995385],[-87.649351000171535,46.506662999907732],[-87.648894000237064,46.506665999819965],[-87.648773999688146,46.506657999847619],[-87.646162999602439,46.506673999791133],[-87.635797999800744,46.506735999991577],[-87.634780000174672,46.506741999807765],[-87.634751999687268,46.506305999898245],[-87.634669999671502,46.50355199998701],[-87.634597999701498,46.499324000019534],[-87.634592999678617,46.499052000047378],[-87.634533000302469,46.4976550003],[-87.63445999960922,46.495960999792281],[-87.634478999875796,46.493446000166806],[-87.634468999830048,46.493200000182824],[-87.634421999974393,46.490971000170859],[-87.634335999760651,46.487803000245378],[-87.634309999821411,46.486000000053785],[-87.634289999729901,46.485049000162178],[-87.634247999897113,46.48376500013508],[-87.634138000292268,46.478535000271044],[-87.634083999865595,46.47689199980276],[-87.633984000306469,46.471629000149292],[-87.633980999933428,46.471469999875566],[-87.633977999560386,46.470921999773708],[-87.633976999735467,46.47066500026736],[-87.631526000381669,46.470695999870138],[-87.629194999780154,46.470724999841792],[-87.627623000135216,46.470743999878863],[-87.62736700004217,46.470747999723002],[-87.62572599990196,46.470772000019053],[-87.6133729996304,46.470911000082083],[-87.613359000285016,46.470911000082083],[-87.593366000100232,46.471126999862797],[-87.593001000227247,46.4711280002808],[-87.591797999754945,46.471142999743684],[-87.591335999797593,46.471147999976189],[-87.560831000396306,46.471469000082486],[-87.55217999963142,46.471559999737352],[-87.55205199958489,46.471561000147446],[-87.552068000376735,46.475806000187426],[-87.552063000353868,46.476014000186488],[-87.552055999782851,46.477396999785618],[-87.552114000407499,46.482213999853442],[-87.552125000278139,46.485581000307782],[-87.55216299991298,46.491891999968047],[-87.552160000438263,46.49381499991167],[-87.552212000316786,46.499176999732974],[-87.552229999860131,46.5038590000878],[-87.552251999601452,46.505904000104998],[-87.552269000218203,46.510064000173422],[-87.552314000424033,46.513768000287833],[-87.552311000050992,46.514087000052292],[-87.55231799972367,46.516400000041052],[-87.552319000446914,46.517025000153886],[-87.55223800025604,46.520707000307915],[-87.552265999845147,46.520706000183452],[-87.552382000196104,46.520660000000717],[-87.552501999846697,46.520629999941185],[-87.552654000182656,46.520608000257859],[-87.553494000431797,46.52061399977903],[-87.556080000403128,46.520588000200895],[-87.557939000103218,46.520579999805129],[-87.561849000022377,46.520543000045727],[-87.562054000061778,46.52055999973782],[-87.563961000340768,46.52055400021073],[-87.565490000327983,46.5205480000648],[-87.578841999959025,46.520660000000717],[-87.585879000347887,46.520482000270398],[-87.58643900021454,46.520480000013137],[-87.588939999797063,46.52048500003805],[-87.596441999618023,46.520491999701221],[-87.607489000383438,46.520467000193584],[-87.609245000151361,46.520464999935768],[-87.626505999876642,46.520431999998152],[-87.633669999588804,46.520407999974786],[-87.634257000117941,46.520405999714797],[-87.634693000136039,46.520407999974786],[-87.634799000441262,46.520424000197607],[-87.634874999710931,46.520424999709121],[-87.655363000363351,46.520790000067308],[-87.655366999662988,46.520500000109891],[-87.655446000204023,46.513726000189052]]]},"properties":{"BASENAME":"Negaunee"}},{"type":"Feature","geometry":{"type":"MultiPolygon","coordinates":[[[[-87.157405000331323,45.764120999803033],[-87.157304999873915,45.757237999829748],[-87.15730300022409,45.757148999986839],[-87.157298000201195,45.757030999969317],[-87.15729099963022,45.756870000312979],[-87.153101000226911,45.75695600031176],[-87.152398000245114,45.756970999875293],[-87.143368000261859,45.757156999894022],[-87.141219999958452,45.757185999861314],[-87.13999999976771,45.757191000113487],[-87.139973999828428,45.757210999864213],[-87.139736000177066,45.75739099980531],[-87.139275999869525,45.757662000174363],[-87.138984999616397,45.757804000184521],[-87.138814999737079,45.757875999716184],[-87.138587000131437,45.757973999730254],[-87.138166000181968,45.758153000059934],[-87.137689999980893,45.758338999899237],[-87.136790000355617,45.758690000110612],[-87.136739000301986,45.758872000209863],[-87.137709000247469,45.758775000165443],[-87.141992000435522,45.758344999701777],[-87.141987000412641,45.760820000164912],[-87.135888000182206,45.760804999755898],[-87.135849999649054,45.759115999983102],[-87.134514999830586,45.759660999715024],[-87.134354000172124,45.759722999934922],[-87.13385200003178,45.759931999713764],[-87.131650000200011,45.760831999862503],[-87.131478999597462,45.760760999995263],[-87.131317999938986,45.760686999949137],[-87.131926000384524,45.760415999857173],[-87.133504999702154,45.759788000222876],[-87.134164000201324,45.759510000215478],[-87.135285999584454,45.75907799986765],[-87.136550999981012,45.758515000106243],[-87.137295999795597,45.758200999875662],[-87.138540000275782,45.757677000174837],[-87.139604999757495,45.757199999688837],[-87.121005999840719,45.757054999738145],[-87.120964000007916,45.753505000123027],[-87.120922000175128,45.750043999743149],[-87.110595000008232,45.75008499977406],[-87.110591999635204,45.747326999826505],[-87.110598000381302,45.745774000190259],[-87.110615000099727,45.742761999851055],[-87.110615000099727,45.742644000132735],[-87.10548699963968,45.742664000081298],[-87.105452000377909,45.745756999739605],[-87.105439999784011,45.747631000101968],[-87.105414999669648,45.750055999877603],[-87.100195999871346,45.750071999843961],[-87.100178000327986,45.748731999776368],[-87.100168000282238,45.747982999804265],[-87.100229000381603,45.746486000291547],[-87.100258999620522,45.745764000147048],[-87.100258999620522,45.745746999693388],[-87.100344999834263,45.742577000064813],[-87.100195999871346,45.742205999964227],[-87.100186999650504,45.742086999752843],[-87.100195999871346,45.741970999755644],[-87.100282999909965,45.741832000057734],[-87.100352000405252,45.74162600005841],[-87.100388000390268,45.741206999936161],[-87.100368000298786,45.741016000228569],[-87.100359999902849,45.74093699987624],[-87.100349999857116,45.740634000107107],[-87.10037699962129,45.740402000103423],[-87.100422999652039,45.74015700003126],[-87.100458999637056,45.739931999811262],[-87.100445000291671,45.739820000294408],[-87.100420000177323,45.739705999950957],[-87.10042799967492,45.739148999726964],[-87.100472999880765,45.738400999713591],[-87.100554000071611,45.737065999915501],[-87.100539999827916,45.736904000310204],[-87.100518999911515,45.736327000018946],[-87.100524999759301,45.736158999844648],[-87.100554000071611,45.735429999872899],[-87.100559000094492,45.735411999969926],[-87.101173000387817,45.735410999905504],[-87.103015000369481,45.735407999712059],[-87.103628999764481,45.735407000274527],[-87.103751999788145,45.735407000274527],[-87.103767999681665,45.735407000274527],[-87.103834999628816,45.731982000288376],[-87.100679999570005,45.731987999789133],[-87.100679999570005,45.731977000285909],[-87.100697000186756,45.731399999876992],[-87.100733999996663,45.730165999915883],[-87.100778000377602,45.729013999971173],[-87.100807999616521,45.727941000134045],[-87.100836000103925,45.726937999878139],[-87.100836999928831,45.72690500025957],[-87.100863999693004,45.726746000056814],[-87.100892000180423,45.726523999773946],[-87.100929999815264,45.726210999774466],[-87.10091999976953,45.725121000189283],[-87.100918999944597,45.724938000154147],[-87.100914999746635,45.724507999888381],[-87.101984000324634,45.724500999951474],[-87.103067000248004,45.724494000013685],[-87.106034999810774,45.724473000195076],[-87.109385999688158,45.724449000213525],[-87.111166999570472,45.724437000218913],[-87.112298000072741,45.72445400026281],[-87.117644000092682,45.724533000103854],[-87.117651999590265,45.723873999715657],[-87.117730000306395,45.717392000309538],[-87.111198000430917,45.717298999982823],[-87.100797999570773,45.717267999839486],[-87.10078900024827,45.714007999750265],[-87.100786999700119,45.713198000079323],[-87.100668999699352,45.709929000006042],[-87.099891000272805,45.709947999859445],[-87.099821999777518,45.709950000272862],[-87.096603999969517,45.710087999768774],[-87.096095999981401,45.710109999865985],[-87.095916999881254,45.710118000241394],[-87.095870000025585,45.710114999943912],[-87.095444000053249,45.710130000174978],[-87.089549999862214,45.710161999776304],[-87.0893599998914,45.71016300029283],[-87.084813999937637,45.710228999842734],[-87.084707999632442,45.709901999741014],[-87.084694000287044,45.709745999766625],[-87.084614999746023,45.709598999705896],[-87.084547999798872,45.70950500030937],[-87.084411000429824,45.709391000188461],[-87.08423999982729,45.709299000251534],[-87.084121000001602,45.709213000228061],[-87.084049000031584,45.70916100006216],[-87.083936999878588,45.709092000153362],[-87.083854000037917,45.709067999837849],[-87.083776000220098,45.709084000258457],[-87.082833999863723,45.70947099990147],[-87.08216100001917,45.709514000044869],[-87.082140000102768,45.709522999778969],[-87.081993999614582,45.709590999883559],[-87.081478999953774,45.709594000209123],[-87.079996999822228,45.709606000255256],[-87.079681000353048,45.709608999952721],[-87.07971800016297,45.709436000197918],[-87.079714999789914,45.708895000290454],[-87.079708999942142,45.707273999770656],[-87.079689999675551,45.706745000299613],[-87.079688999850646,45.706736000118269],[-87.079667999934244,45.706585999809811],[-87.079619000428764,45.704550000279383],[-87.079176999664568,45.704669000173659],[-87.078559000071593,45.704816000025438],[-87.078153000190738,45.704870999793791],[-87.077199000138791,45.704946999772488],[-87.076262999630188,45.705055000290848],[-87.076158999873101,45.705068000037123],[-87.074836999575126,45.705319000191672],[-87.074063000346541,45.705499999923653],[-87.07330500011318,45.705543999957079],[-87.072929000369541,45.705658999738425],[-87.072304000205563,45.705756999829077],[-87.071561000040802,45.705794999856387],[-87.070427000063788,45.706124000069565],[-87.069481000407762,45.706233000155578],[-87.067806999757266,45.706599999780366],[-87.066445999999544,45.706927999699907],[-87.06594499968412,45.707081000178434],[-87.065414000129792,45.70715199994666],[-87.064460000077844,45.707360000268139],[-87.063991000447785,45.707469999763397],[-87.06159700009708,45.708032999949779],[-87.061260999638094,45.70814900018167],[-87.060463000120066,45.708619000085342],[-87.060100999721826,45.708865999701146],[-87.059889000009719,45.708905000035969],[-87.059256000348128,45.709020999712841],[-87.059044999562616,45.709060999848411],[-87.057642999796997,45.709327000084699],[-87.053438000325087,45.710124000208531],[-87.052037000384388,45.710391000289412],[-87.050808999797738,45.714744999917883],[-87.050274999870339,45.716641999739963],[-87.049074999771094,45.722874000050105],[-87.047261000276848,45.72780699974922],[-87.047199000352563,45.727976999733407],[-87.045614000288865,45.729913000031708],[-87.044241999762164,45.731140999720964],[-87.04049199967659,45.734499000138214],[-87.035816999851377,45.73868800022538],[-87.03576300032303,45.746298000073047],[-87.036744999964071,45.747011000243205],[-87.040818999914734,45.749968000294132],[-87.046029000390547,45.752706999773288],[-87.047683999876142,45.753577999926243],[-87.047437999828844,45.769366000266508],[-87.047346999592264,45.775252999788748],[-87.048943000424941,45.775264000164078],[-87.053732999877866,45.775299999953305],[-87.055329999637152,45.775312000295614],[-87.055526000354035,45.775312000295614],[-87.056116000357918,45.775315000224133],[-87.056319999674116,45.775316000200249],[-87.056316000374466,45.775338000297332],[-87.05625100007714,45.775445000104718],[-87.056260000297982,45.775646000118819],[-87.062819999762539,45.775549999762944],[-87.063579999645739,45.775539000070594],[-87.06455799998713,45.77552399986002],[-87.064654000246605,45.775522999887627],[-87.065134999572237,45.775517000052758],[-87.06805399962947,45.775479999803892],[-87.068107000231237,45.77547899983071],[-87.069149000146737,45.775470000071138],[-87.069176999735831,45.775469000097729],[-87.069873000044922,45.775453999868375],[-87.069919000075672,45.775452999894682],[-87.070413999644998,45.775433999765092],[-87.075414000058515,45.775332999791914],[-87.076608000309989,45.775340000248789],[-87.077331000383268,45.775341000224508],[-87.07737099966792,45.775341000224508],[-87.078066000152091,45.775345000127068],[-87.078085000418668,45.775346000102651],[-87.078559999896513,45.775351999955916],[-87.079662000086472,45.775369000163117],[-87.079664999561203,45.77547899983071],[-87.080304999793796,45.775475999911009],[-87.080876000429413,45.775471000044476],[-87.080998999554737,45.775470000071138],[-87.08137099999874,45.775469000097729],[-87.081494999847308,45.775469000097729],[-87.081733000396994,45.775464000230563],[-87.082089000049137,45.775458999736436],[-87.082449999724162,45.775461000310059],[-87.082689999923673,45.775463000257091],[-87.08273000010665,45.775465000204058],[-87.082853000130299,45.775472999991159],[-87.082894000138168,45.775475999911009],[-87.082982000001721,45.775485000296179],[-87.083150000231214,45.775504999754624],[-87.08324599959235,45.775492000107455],[-87.083334000354242,45.775481999750241],[-87.083352999722479,45.775821000270533],[-87.083376000187016,45.776216000276982],[-87.083371999989055,45.776840999964051],[-87.083370000339229,45.777182000253077],[-87.083370000339229,45.777701999969921],[-87.083372999813975,45.779262000097518],[-87.08337399963888,45.779782999734792],[-87.083371999989055,45.780343999980808],[-87.083371000164149,45.781145999864599],[-87.083336000004053,45.78202799991049],[-87.083314000262746,45.782589999966483],[-87.083228000049019,45.783660999822253],[-87.083146999858172,45.784094000060932],[-87.083038999903124,45.784573000123743],[-87.08290199963578,45.785182000187881],[-87.082863000176033,45.785325000106596],[-87.082649999740696,45.786114000076111],[-87.0840850000166,45.786120000023573],[-87.084415999554381,45.786125999970388],[-87.084444999866705,45.786125999970388],[-87.084940000334342,45.786132999698701],[-87.085078000426591,45.786134999889356],[-87.086975999586457,45.786162000264113],[-87.087609999971249,45.786171000177283],[-87.088144999723553,45.786174000148023],[-87.089179000141456,45.786180000089026],[-87.089752000426898,45.786186000029382],[-87.090067000071159,45.786189999780433],[-87.090081000314868,45.786189999780433],[-87.090083999789584,45.786309999696172],[-87.090129999820348,45.788070000101797],[-87.093356999849178,45.788070999849218],[-87.094932999692077,45.786313000285823],[-87.095371000258297,45.786323999732133],[-87.097046999660293,45.784533000187096],[-87.097702999786421,45.783806999981984],[-87.099036999779969,45.782406999714155],[-87.099472999798053,45.782002999751889],[-87.099824000325654,45.781726999911918],[-87.100511000413917,45.78122799992444],[-87.10122899956599,45.780746000303758],[-87.102457000152654,45.779992000166821],[-87.103841000374914,45.779092000262743],[-87.104864000023838,45.778405999975753],[-87.105120000116884,45.778230999791667],[-87.105452000377909,45.777994999719006],[-87.105854000060802,45.777729000043237],[-87.106305000147515,45.777437000087602],[-87.106844000097766,45.777065999890851],[-87.107327999796425,45.776758999717664],[-87.108110000319257,45.776231000301372],[-87.108573000101515,45.77591900009056],[-87.10956800016136,45.775281999748323],[-87.110672000001145,45.774554000024786],[-87.111621999855132,45.773931999770795],[-87.111811000001012,45.773821000181606],[-87.112086000360634,45.773660000102687],[-87.112574000257254,45.773398999851189],[-87.112924000061625,45.773234999766814],[-87.113267000193304,45.773096000230851],[-87.113969000350167,45.772861999769752],[-87.114677000354831,45.772651000134829],[-87.115060999596082,45.772539999875789],[-87.116300999878291,45.77218300013579],[-87.116473000305731,45.77213599985059],[-87.119349999631879,45.771312999703049],[-87.120527000164913,45.770979000245966],[-87.122920999617307,45.770401999998612],[-87.124240000440565,45.770122000105694],[-87.12567300016832,45.769855999845397],[-87.127372999859745,45.769478000030567],[-87.128895000174268,45.76919500025447],[-87.130154999649662,45.768956999984432],[-87.132193000348224,45.768564000140678],[-87.135199000444118,45.767983000171746],[-87.139056999586415,45.767244999837871],[-87.142260000224113,45.766619000257968],[-87.146016000157474,45.76590700006296],[-87.147890999751098,45.765553000306561],[-87.15046400020195,45.765215000195305],[-87.152850000156718,45.764906000257653],[-87.154550999673091,45.76468599973154],[-87.154588000381324,45.764131999867359],[-87.157405000331323,45.764120999803033]],[[-87.106793999869041,45.75361500028805],[-87.106793000044135,45.760764999690075],[-87.101382999551788,45.760781999956592],[-87.101380999901963,45.753678999805629],[-87.106793999869041,45.75361500028805]]],[[[-87.115730000140985,45.742623000241757],[-87.115725999943024,45.738934999849612],[-87.110841000055544,45.738954999872888],[-87.110625000145475,45.738955999873873],[-87.110615000099727,45.742644000132735],[-87.115730000140985,45.742623000241757]]]]},"properties":{"BASENAME":"Escanaba"}},{"type":"Feature","geometry":{"type":"Polygon","coordinates":[[[-84.466262000438078,46.463943000159162],[-84.466910000168284,46.463173999894494],[-84.458723999733806,46.463092999921436],[-84.455413999864277,46.463052000225261],[-84.454336999788694,46.463042000128688],[-84.447654000300474,46.462976999765438],[-84.445172000086217,46.462952999744971],[-84.444090999812644,46.462942000299279],[-84.434817000330227,46.462850999849401],[-84.434541000145714,46.462847999995148],[-84.432689000118316,46.462830000247529],[-84.428354999876632,46.462786999829461],[-84.427631999803367,46.462780000161111],[-84.42581300028624,46.46275899991312],[-84.424309000413388,46.462731999935919],[-84.424070999863687,46.46272700016786],[-84.420752999598264,46.462702000083112],[-84.418118999946344,46.462611999806605],[-84.416707999959897,46.462584999756537],[-84.411048000120601,46.462519000127763],[-84.405235000120442,46.46254299972076],[-84.395204000229569,46.462875999865766],[-84.392306000088695,46.462897000068622],[-84.389638999926518,46.462916999694471],[-84.38781700003635,46.46291599974429],[-84.387487000323446,46.462910999993085],[-84.386867000182349,46.462900999870605],[-84.38571800013672,46.462898999969674],[-84.38560900035678,46.462897000068622],[-84.383888999675548,46.462894000216913],[-84.383539999696069,46.462887999894242],[-84.38313700018827,46.462883000140522],[-84.380750000408568,46.462880000288081],[-84.379650999693339,46.462888999844949],[-84.377298000248828,46.462886999943571],[-84.376387999679494,46.462875999865766],[-84.375914000026569,46.462874999914824],[-84.375579000290827,46.462881000238923],[-84.374301000373762,46.462865999736806],[-84.372757000317932,46.46284999989799],[-84.370059000193621,46.462834000054478],[-84.369194999655008,46.462829000295798],[-84.367345000175746,46.462818000206219],[-84.366422999910867,46.462812999827271],[-84.365765000134914,46.462808000066659],[-84.36472599969413,46.46280099978226],[-84.363304999661963,46.462798999877613],[-84.359694000391883,46.462846000092263],[-84.354934000177877,46.462933000132395],[-84.354010000263145,46.462956000212216],[-84.350018000328248,46.463019000085183],[-84.343375999949586,46.463124000123948],[-84.33789100001249,46.463069999899481],[-84.335709000272203,46.463044999972198],[-84.334111999614606,46.463027000289721],[-84.333222000035079,46.463013999724694],[-84.330287999909189,46.462971000070709],[-84.327446999669732,46.462928999713924],[-84.322277000275207,46.462867000306709],[-84.321454999569411,46.462860999981054],[-84.313849999816313,46.462822000014057],[-84.310692000282742,46.462775999731448],[-84.309099999648026,46.462747999809444],[-84.301201999991946,46.462690000013588],[-84.30104200015839,46.462695999739289],[-84.29787700005383,46.462688000104862],[-84.290942999597121,46.462652999834127],[-84.290413999692618,46.462641999709035],[-84.28941399960992,46.462653999789147],[-84.284269000329743,46.462607999983383],[-84.282916000069619,46.462603000203899],[-84.292740000271266,46.476175999914624],[-84.293135000281467,46.476722000303745],[-84.29814099964446,46.483626000120232],[-84.299568000422752,46.485662999748904],[-84.300175000145074,46.48649199971593],[-84.303224999723582,46.490731999909535],[-84.303741000107607,46.491450000061008],[-84.306943999847007,46.495900000252419],[-84.312882000418966,46.497227999925997],[-84.325371000234654,46.500020999805194],[-84.329466000101718,46.501862000199452],[-84.341959000115367,46.507504999890557],[-84.360639000222989,46.50845599973669],[-84.360764999721383,46.508461999981314],[-84.373990000029139,46.50909900023526],[-84.375040000340576,46.508599000131255],[-84.375040000340576,46.508669000286673],[-84.388295999712128,46.50233700001052],[-84.39314299996478,46.500021999691974],[-84.394724999655452,46.499242000148492],[-84.397226999961205,46.499421999989806],[-84.40137200005698,46.499714000292641],[-84.405748999956344,46.500021999691974],[-84.420273999922458,46.501076999889904],[-84.422227000232198,46.500021999691974],[-84.445148999621679,46.489016000109601],[-84.463321999566105,46.467434999802023],[-84.466106999729064,46.464127000205977],[-84.466262000438078,46.463943000159162]]]},"properties":{"BASENAME":"Sault Ste. Marie"}}]}