{"type":"FeatureCollection","features":[{"type":"Feature","geometry":{"type":"Polygon","coordinates":[[[-87.487541000218798,44.691627000209536],[-87.487643000326045,44.691597000014795],[-87.487192000239332,44.691114999736726],[-87.486988000024837,44.69089800008274],[-87.487143999660447,44.690894999834597],[-87.487364999593382,44.690894999834597],[-87.487424999867841,44.690893000307753],[-87.487391000430975,44.690846000230323],[-87.487233000247201,44.690630000294405],[-87.487350000423078,44.69062800011973],[-87.487480000119433,44.690623999770253],[-87.487395999555531,44.690528000239809],[-87.486979999628915,44.690068000228578],[-87.486946000192034,44.69005699979904],[-87.486922999727497,44.690042000254927],[-87.486906000009071,44.690024999872833],[-87.486895000138404,44.68999999997807],[-87.486878000419978,44.689971999776553],[-87.486853000305629,44.689813999936824],[-87.486818999970438,44.689625000261678],[-87.486746000175515,44.689443000086193],[-87.486675999855294,44.689332000147566],[-87.486566000250434,44.689168999915402],[-87.486389999625032,44.688971999763105],[-87.486309000332497,44.688883000233183],[-87.486088000399562,44.688602999872963],[-87.485943999561201,44.688416999816077],[-87.485777999879858,44.688224000176305],[-87.485707999559651,44.68811299981752],[-87.485623999894045,44.687976000260903],[-87.485529000357815,44.687785000063265],[-87.485515000114106,44.68764700023074],[-87.485514000289214,44.687556999801835],[-87.485515000114106,44.687501999719267],[-87.485522999611717,44.687421999854315],[-87.485536999855427,44.687336000291381],[-87.485555000297083,44.687257999849578],[-87.485638000137769,44.68701000026892],[-87.485802999994206,44.686700000257929],[-87.485821000435848,44.686663000252963],[-87.485849000024956,44.686581000192149],[-87.485865999743396,44.686496000177968],[-87.485873000314413,44.686388000182909],[-87.485866999568287,44.686321000244412],[-87.484869000033726,44.686313000227521],[-87.484329000258569,44.686313000227521],[-87.483928000400581,44.686313000227521],[-87.483826000293334,44.686313000227521],[-87.483621000253919,44.686313000227521],[-87.483521999621402,44.686317000236109],[-87.483406000168756,44.686145999782219],[-87.483205000327303,44.685847999741895],[-87.483148000425899,44.685750999788119],[-87.483129999984243,44.68574500003583],[-87.483123000311537,44.685728999841835],[-87.483115999740534,44.685710999937648],[-87.483100999671919,44.685679999699246],[-87.483085999603318,44.685665000299025],[-87.482477000231157,44.684582999680678],[-87.482474999683035,44.684566000251159],[-87.482468000010314,44.684555000054033],[-87.482459999614406,44.684539999723825],[-87.482459999614406,44.684527999967784],[-87.482445000444102,44.684505000002694],[-87.482445000444102,44.684490000298233],[-87.482430000375501,44.684467000318058],[-87.482430000375501,44.684456000102145],[-87.482421999979564,44.684443999690004],[-87.482413999583656,44.684428999969754],[-87.482413999583656,44.684417999746628],[-87.482399000413352,44.684394999737862],[-87.482399000413352,44.684380000004921],[-87.482384000344751,44.684356999981077],[-87.482384000344751,44.684345000187122],[-87.482375999948815,44.684329999802536],[-87.482367999552906,44.684319000199309],[-87.482367999552906,44.684306999758839],[-87.482360999880214,44.684296000151242],[-87.482353000382602,44.684280000195692],[-87.482353000382602,44.684268999944273],[-87.482345999811599,44.684257999690757],[-87.482345999811599,44.68424599987636],[-87.482338000313987,44.684231000104838],[-87.482329999918079,44.684219000284784],[-87.482329999918079,44.684208000021826],[-87.482323000245387,44.684196000197019],[-87.48231499984945,44.684180999773844],[-87.48231499984945,44.684170000142338],[-87.482307000351852,44.684158000309694],[-87.482307000351852,44.684147000035111],[-87.482299999780849,44.684132000237952],[-87.482299999780849,44.684119999758693],[-87.482292000283223,44.684109000115598],[-87.482284999712235,44.68409300010844],[-87.482284999712235,44.684081999821508],[-87.482277000214637,44.684071000171215],[-87.482277000214637,44.684059000318015],[-87.4822689998187,44.684043999859369],[-87.4822689998187,44.684032000000627],[-87.482253999750085,44.684010000040224],[-87.482253999750085,44.683994000005683],[-87.482246000252474,44.6839829997],[-87.482246000252474,44.683970999828581],[-87.482238999681485,44.683955999985862],[-87.482238999681485,44.683945000311624],[-87.482231000183859,44.683932999793676],[-87.482231000183859,44.683922000115075],[-87.48222399961287,44.683907000259616],[-87.48222399961287,44.683894999733788],[-87.482216000115258,44.683884000047968],[-87.482216000115258,44.683867999978673],[-87.482207999719321,44.683857000287681],[-87.482207999719321,44.683845999955999],[-87.482201000046643,44.683834000056194],[-87.482201000046643,44.683819000177998],[-87.482192999650735,44.683807000272658],[-87.482192999650735,44.683795999931426],[-87.482185000153109,44.683781000043332],[-87.482185000153109,44.68376900013012],[-87.48217799958212,44.683757999781669],[-87.48217799958212,44.683742999883791],[-87.482170000084508,44.683730999962712],[-87.482170000084508,44.6837200002457],[-87.482161999688572,44.683704000131108],[-87.482161999688572,44.683692999770315],[-87.482155000015894,44.683680999838877],[-87.482146999619957,44.683640999836499],[-87.482155000015894,44.683627000116552],[-87.482148000343187,44.683612000184709],[-87.482141999597104,44.683603000223791],[-87.482135999749318,44.683591000273651],[-87.482131999551356,44.683566999727304],[-87.482124000053744,44.68355599997922],[-87.482124000053744,44.683539999819274],[-87.482117000381052,44.683529000066066],[-87.482117000381052,44.683502000140379],[-87.48210899998513,44.683490999741224],[-87.48210899998513,44.683478999767885],[-87.482100999589207,44.683463999797773],[-87.482100999589207,44.683451999818899],[-87.482100999589207,44.683441000048965],[-87.482093000091609,44.683424999857273],[-87.482093000091609,44.683414000082216],[-87.482086000418917,44.683403000305077],[-87.482086000418917,44.683387000102883],[-87.482086000418917,44.6833759996819],[-87.482078000022995,44.683363999684794],[-87.482078000022995,44.683348999684902],[-87.482078000022995,44.683337999895421],[-87.482069999627072,44.683325999890386],[-87.482069999627072,44.683310999880661],[-87.482069999627072,44.68330000008396],[-87.48206299995438,44.683288000071109],[-87.48206299995438,44.683273000051493],[-87.48206299995438,44.683261000033049],[-87.482054999558443,44.683250000226856],[-87.482054999558443,44.683235000197456],[-87.482054999558443,44.68322300017109],[-87.482047999885779,44.683211999718964],[-87.482047999885779,44.683197000318437],[-87.482047999885779,44.683185000284254],[-87.482040000388167,44.683173999824909],[-87.482040000388167,44.683158000198191],[-87.482040000388167,44.683146999733722],[-87.482040000388167,44.68313499968918],[-87.48203199999223,44.683120000268673],[-87.48203199999223,44.683108999796985],[-87.48203199999223,44.683096999744578],[-87.482025000319553,44.683082000314272],[-87.482025000319553,44.683070999835365],[-87.482025000319553,44.683058999775035],[-87.482025000319553,44.683043999696174],[-87.482016999923616,44.683032000268973],[-87.481964000220174,44.682669999880481],[-87.480452999776304,44.682677999761758],[-87.480376999608325,44.682677999761758],[-87.479223000438154,44.682675999951243],[-87.479245000179461,44.683079999878942],[-87.479292000035116,44.683967999860336],[-87.479297000057997,44.684059000318015],[-87.479297999882888,44.684083000021865],[-87.478086000088098,44.684122999719065],[-87.477742000131499,44.684133999998203],[-87.476372000152935,44.684179000015213],[-87.475817000309178,44.684196999756743],[-87.475237000351029,44.684215000131331],[-87.474445999607383,44.683159999992107],[-87.474358999568736,44.683043000116605],[-87.474154000427646,44.68276800010662],[-87.47410500002384,44.682768999690943],[-87.4721020003837,44.682800999793493],[-87.472056000352936,44.682802000015961],[-87.471560000060407,44.682811999684944],[-87.471604000441332,44.683538000038531],[-87.47210300020862,44.683520000092251],[-87.472149000239369,44.683518000310755],[-87.472242000125775,44.68351700010065],[-87.474001000266767,44.683487000176164],[-87.474078000259652,44.684640999913611],[-87.474079999909492,44.684665000015059],[-87.474090999780145,44.684791999774099],[-87.474690000004856,44.684767000175455],[-87.474700999875509,44.684781999808237],[-87.475170000403878,44.68542000017824],[-87.475377000093104,44.685684999924277],[-87.475401000382561,44.685713999815619],[-87.475517999660099,44.68585699999273],[-87.475598000026054,44.685953000239657],[-87.47584200042354,44.686241000025767],[-87.476116000059903,44.686564000071577],[-87.476126999930571,44.686713999873923],[-87.476135000326494,44.686846999889006],[-87.47541399990304,44.686867999897068],[-87.475455999735829,44.687575999911132],[-87.475463000306831,44.687652000285944],[-87.475509000337595,44.688834999683685],[-87.475517999660099,44.688948000168843],[-87.475540000299731,44.689514000033192],[-87.475511999812326,44.68951500013975],[-87.475129000395981,44.689526000033624],[-87.475125000198034,44.689462000215443],[-87.475121999824992,44.689415999723678],[-87.47498700010577,44.689420000156645],[-87.47489500004427,44.689422999842542],[-87.474890999846309,44.689333000257271],[-87.474890000021389,44.68929100010493],[-87.474196000260434,44.689310999755513],[-87.474074999886611,44.689314000085652],[-87.474084999932359,44.689488999917856],[-87.47408900013032,44.689556000023821],[-87.473484000057823,44.689574000010474],[-87.473485999707634,44.689602999870793],[-87.473515999844878,44.690136999856477],[-87.473451000445863,44.690137999952285],[-87.473427999981325,44.69013900004807],[-87.471949000222821,44.690168999720811],[-87.471277000203173,44.690184999965616],[-87.470940999744201,44.690193000086381],[-87.47093700044455,44.690720999865917],[-87.470944999942162,44.693281999968171],[-87.470948000315204,44.694110999713999],[-87.470965999858564,44.697178000000733],[-87.471322000409018,44.697176000052195],[-87.47883599992555,44.697099000066487],[-87.479724999680172,44.697083999791971],[-87.479733999901001,44.696934000026012],[-87.479738000098962,44.696709999950016],[-87.479724999680172,44.695961000048335],[-87.479704999588677,44.695318000169415],[-87.48204500041102,44.695328000232124],[-87.484596000222268,44.695339000299093],[-87.484592999849227,44.695120999859192],[-87.484576999955678,44.693868000257616],[-87.484572999757717,44.6935500002566],[-87.484557999689102,44.69184399968659],[-87.484547999643368,44.691731999810806],[-87.484525999902075,44.691019999823425],[-87.486038000170836,44.690997999962462],[-87.486244000035171,44.690994000277129],[-87.486341000119552,44.691097000228936],[-87.486861999628147,44.691649999901259],[-87.486906999833991,44.691699000102588],[-87.486983999826876,44.691802000077857],[-87.487253000338711,44.691717000061907],[-87.487541000218798,44.691627000209536]]]},"properties":{"BASENAME":"Forestville"}},{"type":"Feature","geometry":{"type":"Polygon","coordinates":[[[-87.630532000146744,44.559686999692069],[-87.630529999598593,44.55873500028359],[-87.630527999948768,44.557871999772765],[-87.630517999903034,44.557734999767128],[-87.630348999848636,44.557737000045186],[-87.630134999588392,44.557738999683082],[-87.629911000180726,44.557738999683082],[-87.627965000441989,44.55774499987659],[-87.627974999589398,44.556695000125053],[-87.627981000335495,44.555462000007999],[-87.627404999677026,44.555569000084681],[-87.627290000049285,44.555568000228455],[-87.626657000387709,44.555565000019548],[-87.626139000353831,44.555561999810458],[-87.626016000330196,44.55556099995411],[-87.625331999716678,44.555556999888445],[-87.625326999693783,44.556019000215592],[-87.622898000081292,44.556004999774672],[-87.622897000256401,44.555671000052335],[-87.622897000256401,44.555475999939496],[-87.622894999708265,44.554754000178313],[-87.62289300005844,44.554332000283715],[-87.622888999860464,44.553122000253623],[-87.622886000385748,44.552369000293638],[-87.622883999837612,44.551443000256882],[-87.622848999677487,44.548688000148495],[-87.622837999806862,44.546260000037492],[-87.620459000423082,44.546246999826032],[-87.620373000209355,44.5462479998424],[-87.620374000034261,44.546399000196551],[-87.617836999568397,44.546387000030073],[-87.617838000291641,44.546475999925299],[-87.617856999659907,44.548643000000752],[-87.617858000383109,44.548713000144417],[-87.617049999921022,44.548711000196313],[-87.616500999925037,44.548708000274111],[-87.615715999927488,44.548702999763222],[-87.615362999750062,44.548701999788989],[-87.613730999830679,44.548694999969179],[-87.612878000061073,44.548707000300006],[-87.612953000404147,44.553791999929473],[-87.612987999665933,44.555965999900181],[-87.607988000150741,44.555955000275524],[-87.608035000006382,44.559493999813547],[-87.608035000006382,44.559539999680162],[-87.608036999656207,44.559601000156881],[-87.609981999570039,44.559604000157734],[-87.610749000024242,44.559601999943851],[-87.61105899964565,44.559602999730771],[-87.611737000411381,44.559596999728839],[-87.618624999939016,44.559623999732473],[-87.618826999605375,44.559623999732473],[-87.618824999955535,44.560122000111825],[-87.618818000282857,44.560665999685611],[-87.619521000264641,44.560672999985833],[-87.619512999868704,44.560829999914681],[-87.61948699992945,44.561174000267144],[-87.622745999745348,44.56118800010443],[-87.622851000225651,44.56118800010443],[-87.622845000377851,44.561341000255567],[-87.622768000384966,44.563268999760552],[-87.624062000195536,44.563279000198918],[-87.624205000310667,44.563277999835144],[-87.629638000369255,44.56332199982424],[-87.629867999624693,44.563323999910224],[-87.63039300022956,44.563328000081995],[-87.630403000275308,44.563058000030587],[-87.630404000100228,44.563011999745221],[-87.630414999970867,44.562745999719112],[-87.630466999849418,44.56137800021498],[-87.630532000146744,44.559686999692069]]]},"properties":{"BASENAME":"Casco"}},{"type":"Feature","geometry":{"type":"MultiPolygon","coordinates":[[[[-88.044131000392809,45.097835000042117],[-88.044129999669593,45.097780999688304],[-88.044112000126233,45.09584100002963],[-88.044106000278461,45.094224999688528],[-88.044035000133348,45.09247299979473],[-88.044011999668811,45.092161000091792],[-88.043931000376276,45.090719999929348],[-88.043923999805259,45.090591000049642],[-88.038843000099206,45.090559999725407],[-88.038668000197006,45.086922999690984],[-88.036805000298955,45.086906000142122],[-88.033697999920719,45.086878000314485],[-88.033660000285877,45.086877000116509],[-88.031322000011656,45.086855999760736],[-88.028475999749347,45.086830000306229],[-88.028541000046658,45.088308999912371],[-88.028609999643649,45.090463000013727],[-88.023482000081913,45.090398000069001],[-88.023670000402873,45.0940270002096],[-88.0236929999691,45.095204000164493],[-88.023725999581075,45.0976289996864],[-88.028813999858144,45.097718999853207],[-88.028883000353431,45.103007000149113],[-88.028885999828162,45.103220000140553],[-88.028932999683832,45.106568000310418],[-88.028962999821061,45.108651999821859],[-88.029033999966174,45.10865499990561],[-88.02919499962465,45.108662999705643],[-88.030761000320098,45.108737000021435],[-88.031126000193098,45.108754999860963],[-88.031166000376061,45.108757000124605],[-88.033964999884418,45.108893000133001],[-88.034001999694325,45.108438999809913],[-88.034000999869406,45.107261000201717],[-88.033978000303193,45.106796999820105],[-88.033973000280326,45.10668900016303],[-88.033949999815803,45.105748000099624],[-88.033960999686443,45.10453699999664],[-88.033955999663576,45.103629999902253],[-88.033954999838656,45.103568000077757],[-88.033923999876521,45.101852999769484],[-88.03392100040179,45.101652000290656],[-88.033914999655693,45.101349000145902],[-88.035271000288873,45.100839000157158],[-88.0390260003973,45.099804000256867],[-88.039012999978524,45.097800999825296],[-88.044131000392809,45.097835000042117]]],[[[-88.027518000397734,45.108903000158108],[-88.027586999994696,45.108640999935965],[-88.02427399975214,45.108632000315914],[-88.023889999612607,45.108630999864914],[-88.023779000182813,45.108630999864914],[-88.021224000173632,45.108623999877572],[-88.021019999959137,45.109292999771291],[-88.020885000239929,45.109729000114868],[-88.021035999852671,45.109769000252953],[-88.021948000071816,45.110174000310131],[-88.022573000235795,45.110420000097193],[-88.023124999706539,45.110593999940335],[-88.02348999957951,45.11066800028857],[-88.023927000320825,45.110084999914648],[-88.024334000026613,45.109523999997371],[-88.027032000150939,45.109609999966239],[-88.02739799984883,45.10932100002141],[-88.027410000442714,45.10931199987462],[-88.0274449997045,45.10918099990154],[-88.027479000039676,45.109051999881103],[-88.027503000329148,45.108958999759231],[-88.027518000397734,45.108903000158108]]]]},"properties":{"BASENAME":"Pound"}},{"type":"Feature","geometry":{"type":"Polygon","coordinates":[[[-87.536765999910685,45.695128999990359],[-87.536746999644109,45.694812999949313],[-87.536497000297175,45.69143599993523],[-87.536397999664644,45.690098000227522],[-87.536399000387888,45.690073999915235],[-87.536391999816871,45.690015999902386],[-87.536382999596029,45.68990599995081],[-87.536349999984083,45.689445000059735],[-87.536299999755357,45.688768000180922],[-87.535684999637127,45.680704000041814],[-87.531359999616285,45.680719999793311],[-87.530297999609289,45.680733999964389],[-87.530239999882994,45.680734999752318],[-87.526176999802985,45.680719000005112],[-87.516254999692052,45.680772999839625],[-87.516550000143141,45.684365999965046],[-87.51709800031422,45.691146000056378],[-87.517121999705367,45.69160900017468],[-87.517068000176991,45.693020000042367],[-87.517068000176991,45.693193999967178],[-87.517008999727437,45.694521000301698],[-87.517005000427801,45.694566999900367],[-87.517002999879665,45.694727999766535],[-87.516998999681704,45.694879000053767],[-87.51701799994828,45.695316999914247],[-87.518115999940278,45.69525700000721],[-87.518532999691786,45.695234000182637],[-87.519736000164087,45.695210999721134],[-87.52044099979571,45.695207999878527],[-87.521968999958005,45.695202999722099],[-87.522209999982422,45.695194000192402],[-87.522384000059702,45.695162000179607],[-87.522608000365693,45.695087000234722],[-87.522636999779692,45.695127999832245],[-87.524470000438825,45.6951799998753],[-87.524640000318144,45.695185000033788],[-87.524784000258194,45.695189000034723],[-87.526134000145262,45.695178999718117],[-87.52636400029904,45.695178000188271],[-87.526642999958298,45.695177000031038],[-87.526687000339223,45.695175999873733],[-87.529381000265602,45.695163999867219],[-87.529562000015559,45.695163999867219],[-87.536765999910685,45.695128999990359]]]},"properties":{"BASENAME":"Powers"}},{"type":"Feature","geometry":{"type":"Polygon","coordinates":[[[-87.620334999676203,45.4063589997577],[-87.620334999676203,45.406185999765768],[-87.619293999585608,45.406181999956559],[-87.616152999770492,45.406171000164377],[-87.615105999832124,45.406167999991354],[-87.615065999649147,45.406167999991354],[-87.615019999618397,45.406167999991354],[-87.61494599999854,45.406167999991354],[-87.614906999640496,45.406167999991354],[-87.614244999666582,45.406164999818181],[-87.613965000182418,45.406164999818181],[-87.612259999569787,45.406159999739394],[-87.611599000319131,45.406159000101994],[-87.611441000135372,45.406159000101994],[-87.611251000164572,45.40615799983393],[-87.610210000073991,45.406155000290873],[-87.609863999569257,45.406155000290873],[-87.609630000115843,45.406152999754525],[-87.608931000332021,45.406148999942978],[-87.608697999805202,45.406148000305386],[-87.608117000022148,45.406145999768796],[-87.607106999893702,45.406143999862785],[-87.606373999774704,45.406141999956752],[-87.605792999991635,45.406140999688333],[-87.604741999855321,45.406138999782144],[-87.604546000036734,45.406138000144374],[-87.604489000135317,45.406138000144374],[-87.602293000151334,45.406056000144993],[-87.602227999853994,45.406054000235848],[-87.602175999975472,45.406051999695883],[-87.600075000426031,45.406007999782481],[-87.599384000139807,45.405984000216634],[-87.599380999766765,45.406273000276357],[-87.599440000216305,45.411275999859846],[-87.599461000132706,45.413428000253326],[-87.599502000140589,45.417001999958309],[-87.598351000445149,45.41699199982726],[-87.594315000129299,45.416979000095644],[-87.594290000014951,45.416980000172138],[-87.594306999733377,45.420604000178606],[-87.594653000238111,45.420609000239757],[-87.595608000114979,45.420621999766198],[-87.598475000293718,45.420661000219113],[-87.599430999995477,45.42067499974462],[-87.599530999554574,45.420675999755609],[-87.599831999853464,45.420678999788528],[-87.59993300013582,45.420680999810429],[-87.600108999862911,45.420681999821298],[-87.600311000427581,45.420683999843085],[-87.600637999767429,45.420684999853904],[-87.600815000217722,45.420686999875542],[-87.601072000135687,45.420686999875542],[-87.601846000262597,45.420687999886354],[-87.60210400000544,45.420688999897145],[-87.602519000107137,45.420690999918641],[-87.603766000062066,45.420700000014563],[-87.603805000420095,45.42070100002514],[-87.60402899982779,45.420702000035654],[-87.604181999988668,45.420702000035654],[-87.604247000285994,45.420702000035654],[-87.604279000073035,45.420702000035654],[-87.604339000347494,45.42070100002514],[-87.604813000000419,45.420696999982745],[-87.604971000184179,45.420696999982745],[-87.605018000039834,45.420696999982745],[-87.605158999606829,45.420696999982745],[-87.605206000360823,45.420696999982745],[-87.605257000414426,45.420696999982745],[-87.605409999676993,45.420697999993379],[-87.60546199955553,45.42069900000395],[-87.605620999564195,45.420700000014563],[-87.606100000138298,45.420704000056737],[-87.606259999971869,45.420706000077701],[-87.60634500036069,45.420707000088179],[-87.606430999676107,45.420707000088179],[-87.606947000060146,45.420711000129813],[-87.607118999589275,45.420713000150577],[-87.607291999841635,45.420714000160878],[-87.607810999700405,45.420718000202072],[-87.607984999777671,45.420720000222538],[-87.608243000418852,45.420718000202072],[-87.608852999615891,45.420716000181535],[-87.609020000020479,45.420715000171214],[-87.609116000279954,45.420715000171214],[-87.609278999588255,45.420713000150577],[-87.609478999604789,45.420710000119449],[-87.61030399978533,45.420716000181535],[-87.610620999977726,45.420718000202072],[-87.61157599985458,45.420725000273457],[-87.611893999871896,45.420728000303782],[-87.611935999704698,45.420728000303782],[-87.612062999926295,45.420729000313827],[-87.612105999584003,45.420729999693357],[-87.612267000140804,45.420730999703416],[-87.612750999839463,45.420735999753319],[-87.61291300022117,45.420737999773138],[-87.613078999902527,45.420738999783055],[-87.613576999844909,45.42074499984205],[-87.613744000249483,45.420746999861564],[-87.613771000013656,45.420745999851839],[-87.613853999854342,45.420745999851839],[-87.613882000341746,45.420745999851839],[-87.613982999725764,45.42074499984205],[-87.614287000397695,45.420743999832247],[-87.614388999606632,45.420743999832247],[-87.614525000049085,45.42074299982248],[-87.614935999952806,45.420740999802774],[-87.615073000220164,45.420740999802774],[-87.615224999657798,45.420741999812634],[-87.615680999767392,45.420745999851839],[-87.615833000103351,45.420747999871317],[-87.616033999944804,45.420749999890717],[-87.616637000367476,45.420755999948547],[-87.616839000033835,45.420757999967712],[-87.617531000144965,45.42076400002469],[-87.619606999580057,45.420783000200892],[-87.62026100005636,45.420790000264219],[-87.620281999972747,45.415041000225116],[-87.620287999820533,45.413492999815809],[-87.620287999820533,45.413468000138465],[-87.62032100033079,45.409572000290254],[-87.62032100033079,45.409477000033348],[-87.62032100033079,45.409393000044851],[-87.620329999653322,45.408279999755656],[-87.620332000201458,45.407545999838696],[-87.620334999676203,45.4063589997577]]]},"properties":{"BASENAME":"Stephenson"}},{"type":"Feature","geometry":{"type":"Polygon","coordinates":[[[-88.062196000382215,44.948976000090312],[-88.062244000062776,44.947695999745577],[-88.054379999843576,44.947559000117707],[-88.049167999717952,44.947469000096056],[-88.048950000158044,44.947464000267296],[-88.048944000310271,44.94565299982969],[-88.04783600027254,44.945634000004254],[-88.047570000133746,44.945629000015693],[-88.047566999760704,44.945869999732125],[-88.047560999912918,44.946035999821582],[-88.046960000038396,44.946024999796037],[-88.04695400019061,44.946232999806654],[-88.046951999642488,44.946323999971639],[-88.046938000297075,44.946813999749807],[-88.046936999573859,44.94686899973631],[-88.046124999812136,44.946858999973905],[-88.046115999591294,44.947343999796544],[-88.046253999683543,44.947345999986581],[-88.046252000033732,44.947410999767115],[-88.04351899974931,44.947376999744371],[-88.04276300006407,44.94737899993325],[-88.041844999997139,44.94738300031085],[-88.041884000355196,44.946582999994078],[-88.041948999754212,44.94397400021758],[-88.04188199980706,44.943945999720675],[-88.039288000338132,44.94715999981662],[-88.039171999987175,44.947329999735885],[-88.038545000173372,44.948253000151134],[-88.0385059998153,44.948593000005573],[-88.038495999769566,44.948669999874262],[-88.038381999966745,44.949562999946217],[-88.038284999882379,44.950316999991273],[-88.038218999760133,44.950871999689738],[-88.038095999736498,44.950871999689738],[-88.038039999659972,44.950871999689738],[-88.037480999618253,44.950872999723273],[-88.037309999914015,44.950871000291912],[-88.036798999552857,44.950866000123767],[-88.036628999673539,44.950865000090069],[-88.03660399955919,44.950864000056349],[-88.036564000274524,44.950864000056349],[-88.036530999764267,44.950863000022665],[-88.036507000373135,44.950863000022665],[-88.036339999968547,44.950858999887593],[-88.036267000173595,44.950856999819976],[-88.03617400028719,44.950854999752295],[-88.035741999568756,44.950846000082549],[-88.035549000123211,44.950840999912224],[-88.035309999748605,44.950836999775667],[-88.034821000027065,44.950837999809814],[-88.033354999789026,44.950844000014477],[-88.03286699989242,44.950846000082549],[-88.032806999617947,44.950846000082549],[-88.032496999996553,44.950847000116575],[-88.032221999636931,44.950848000150536],[-88.031684000409925,44.950849000184533],[-88.031619000112585,44.950850000218516],[-88.031594999823142,44.950850000218516],[-88.031592000348411,44.950917999943925],[-88.031285000201748,44.958058000158587],[-88.035407999657906,44.958121999978438],[-88.035732000421305,44.958121999978438],[-88.036344000166508,44.95812999987146],[-88.041234999901761,44.958199999682272],[-88.044025999912506,44.958239999717428],[-88.044538999923503,44.958246999688924],[-88.046053999667024,44.958268000233979],[-88.046529000043165,44.958279999724695],[-88.047422999820654,44.958285999786931],[-88.049125000060243,44.958305999778041],[-88.049262000327602,44.958308000221734],[-88.049634999698185,44.958314000281085],[-88.049987999875611,44.95831699999264],[-88.050397999954413,44.958324999858469],[-88.059407999846201,44.95842899991959],[-88.060019999591375,44.95843599986803],[-88.061081999598386,44.958448999860856],[-88.061891999710284,44.958459000146718],[-88.061922999672419,44.957603999923521],[-88.062013999909027,44.954937999773307],[-88.062085000054125,44.952874000188714],[-88.062102999597471,44.952352999780345],[-88.06211600001626,44.951961999863158],[-88.062141000130609,44.951269000199915],[-88.062196000382215,44.948976000090312]]]},"properties":{"BASENAME":"Lena"}},{"type":"Feature","geometry":{"type":"Polygon","coordinates":[[[-87.620589999944315,45.461619999894538],[-87.620640000173026,45.456593000219151],[-87.620465000270855,45.456598000242806],[-87.619883999589504,45.456604000270644],[-87.618992000360137,45.456613000311172],[-87.61863400015983,45.456615999694215],[-87.618580999558091,45.45661699969861],[-87.618538999725288,45.45661699969861],[-87.618166000354705,45.456620999715888],[-87.61786699970564,45.456627999745415],[-87.617619000008517,45.456625999737057],[-87.615433000070269,45.45664799982498],[-87.615396000260361,45.45664799982498],[-87.615361000100251,45.45664799982498],[-87.615195000418908,45.45664999983255],[-87.614976000135783,45.456651999840055],[-87.614128000389044,45.456660999872931],[-87.607275999948101,45.456730000077179],[-87.605921999863071,45.456744000108316],[-87.605596000348157,45.456746000112481],[-87.604604999587963,45.456756000132231],[-87.604324000278893,45.456759000137794],[-87.60418600018663,45.456760000139646],[-87.603951000009985,45.45676200014325],[-87.60390300032941,45.456763000145003],[-87.603685999696111,45.456765000148494],[-87.603616000274215,45.45677200016015],[-87.603509000144101,45.456766000150246],[-87.601878000049652,45.456782000175288],[-87.601622999781512,45.456780000172444],[-87.601504999780744,45.456785000179522],[-87.59940800042925,45.456805000203403],[-87.599148000138257,45.456818000215158],[-87.59898699958147,45.456811000209214],[-87.598177000367869,45.456822000218175],[-87.595787000215125,45.45685500023216],[-87.595381000334257,45.456861000232649],[-87.594069999906921,45.456872000231819],[-87.58883600003999,45.456929000193334],[-87.588795999857027,45.461018000218665],[-87.588774999940625,45.463492999769841],[-87.588774999940625,45.463512000052546],[-87.588774000115706,45.463640999813151],[-87.588732000282917,45.467432000017865],[-87.590771999732979,45.467411000170522],[-87.591298999987671,45.467405999845745],[-87.594157999770474,45.467378000034621],[-87.598518999776317,45.467323999999692],[-87.598903999740784,45.467320000111691],[-87.603803999696893,45.467269000097538],[-87.60479999958163,45.467258000236683],[-87.605124000345057,45.467263999760178],[-87.605691999709308,45.467249000005296],[-87.606720000279424,45.467245000112015],[-87.607136000206026,45.467239999772467],[-87.60906900042427,45.467218000037292],[-87.615080999717762,45.46714900006755],[-87.619762000289072,45.467093999994688],[-87.620537000240859,45.467084999737118],[-87.620570999677739,45.463559000160707],[-87.620589999944315,45.461619999894538]]]},"properties":{"BASENAME":"Daggett"}},{"type":"Feature","geometry":{"type":"Polygon","coordinates":[[[-87.573805999560506,45.594759000019806],[-87.573808999933533,45.594652999840839],[-87.573736999963515,45.594650000265744],[-87.573700999978513,45.594650000265744],[-87.568497000248797,45.594603000196884],[-87.563342000024576,45.594557000158268],[-87.563340000374737,45.594748999987779],[-87.563311999887333,45.597583000241528],[-87.56330600003956,45.5981449999353],[-87.560104000125079,45.598120999795],[-87.5596630000841,45.598117999776761],[-87.558066000324843,45.598106999708442],[-87.558066000324843,45.598058000006468],[-87.558063999776707,45.595565999686208],[-87.558088000066135,45.595409000166519],[-87.558128000249113,45.595142000094853],[-87.558118000203379,45.594966000094495],[-87.558110999632362,45.594843999906018],[-87.558118000203379,45.594129000177695],[-87.558125999700977,45.5934099997801],[-87.558132000447074,45.587655000104292],[-87.55842000032716,45.587607000270538],[-87.558811000139428,45.587542000233839],[-87.559109000065249,45.587491999912558],[-87.55909999984442,45.586950999686493],[-87.559095999646459,45.586738999809825],[-87.55915900029396,45.586728000025651],[-87.559406999991069,45.586684000238861],[-87.559401000143282,45.586316999973334],[-87.558909999873606,45.5863919998081],[-87.558108999982537,45.586517999732457],[-87.558139000119766,45.583046000260609],[-87.558139999944672,45.582652000047098],[-87.55842000032716,45.581737000146887],[-87.558663999826322,45.581193999799311],[-87.559138000377573,45.580328000164705],[-87.558838999728493,45.580320999788718],[-87.558764000283745,45.580318999770917],[-87.558458999786907,45.580310999699137],[-87.558413999581063,45.580310000004481],[-87.55706399969398,45.580297999894434],[-87.555065000251815,45.580279999724546],[-87.553192000308002,45.580254999793425],[-87.552987000268587,45.580281000048529],[-87.552959999606088,45.580254000097781],[-87.552895000207073,45.580215000006255],[-87.552794999749665,45.580188000023732],[-87.552629999893227,45.580175999887651],[-87.550859999881567,45.580196999809772],[-87.549243000030813,45.580188999720598],[-87.547797999709189,45.580175000190543],[-87.547744000180813,45.580175999887651],[-87.54774800037876,45.580219000049112],[-87.54774800037876,45.583193000209668],[-87.547741999632677,45.584123999959907],[-87.547744000180813,45.584628999708741],[-87.547738000333027,45.58726499971705],[-87.54773699960981,45.587423000213342],[-87.540443000201307,45.587264000146178],[-87.540242000359868,45.587259999976588],[-87.537612000007599,45.587211999805064],[-87.537611000182679,45.587252999836267],[-87.537597999763889,45.590791000251407],[-87.53827900000438,45.590797999950503],[-87.538600000394737,45.590801999868013],[-87.539402999935646,45.590805999785175],[-87.541813000179872,45.590818000163665],[-87.542617000443997,45.590823000215835],[-87.542619999918742,45.590854000026447],[-87.542624999941594,45.591249000007529],[-87.542619999918742,45.59712800007707],[-87.542619000093822,45.597998000172012],[-87.546323999973538,45.598059000013663],[-87.547728000287293,45.598088000213913],[-87.547735999784891,45.601287000051606],[-87.547724999914237,45.601646000305344],[-87.547856000333809,45.601651000021263],[-87.548252000168929,45.601665999794982],[-87.548384000413407,45.601672000080441],[-87.549078999999267,45.601673999965946],[-87.549726999729472,45.601655999736799],[-87.551218999906766,45.601630999897779],[-87.552831999559572,45.601676999794101],[-87.552959999606088,45.601718999885065],[-87.556232999665681,45.601737000093998],[-87.558042000035385,45.601708999836326],[-87.558042000035385,45.601785999725692],[-87.558042000035385,45.601819000274396],[-87.55803899966233,45.601998999897575],[-87.558042000035385,45.603231999732778],[-87.558047999883172,45.605296999821022],[-87.560092000429506,45.605307999736681],[-87.563234000069528,45.605321999911823],[-87.568566999670693,45.605341999976453],[-87.569161999697428,45.60534399973114],[-87.569160999872508,45.604549999760927],[-87.568533000233813,45.604548999869465],[-87.568386999745613,45.604548999869465],[-87.568461000263781,45.598183000136423],[-87.568499999723542,45.598183000136423],[-87.573639999879134,45.598221000311817],[-87.573654000122843,45.59823599974542],[-87.573711000024247,45.598293999947977],[-87.573712999674072,45.598275999891548],[-87.573721999894914,45.598194000189849],[-87.573726999917781,45.59799000010544],[-87.573727999742701,45.597942000310574],[-87.573805999560506,45.594759000019806]]]},"properties":{"BASENAME":"Carney"}},{"type":"Feature","geometry":{"type":"Polygon","coordinates":[[[-87.972622999922507,45.383024999719552],[-87.972557999625181,45.383013999835683],[-87.972432999951707,45.382981000171235],[-87.972371000027422,45.382970000278803],[-87.972324000171767,45.382931999716156],[-87.972277000316097,45.382881999800389],[-87.972246000353948,45.382838000140772],[-87.972244999630732,45.382690000116661],[-87.97223700013312,45.382634999719052],[-87.972213999668597,45.382575000256779],[-87.972190000277465,45.382530999727273],[-87.97212800035318,45.382453999822417],[-87.972088999995108,45.382409999829704],[-87.972042000139467,45.382371000094317],[-87.971986999887875,45.382350000128596],[-87.97178400039661,45.382206999764016],[-87.971720999749095,45.382185000306798],[-87.971658999824811,45.38215799990008],[-87.971596999900541,45.382135999792816],[-87.971541999648949,45.382107999930703],[-87.971494999793279,45.382074999737419],[-87.971432999868995,45.382070000050589],[-87.971363000447113,45.38204300021993],[-87.971299999799612,45.381998999907346],[-87.971245000446331,45.381970999977383],[-87.971191000019672,45.381948999797359],[-87.971144000164003,45.381906000109097],[-87.971082000239718,45.381861999689896],[-87.97101100009462,45.381800999969833],[-87.970964000238936,45.381757000099881],[-87.970905999614303,45.381695000196309],[-87.970847000063074,45.381648000030744],[-87.970800000207433,45.381608999769753],[-87.970683000031542,45.381494000234845],[-87.970636000175887,45.38145000012593],[-87.970605000213752,45.38140599998281],[-87.970558000358082,45.381373000010747],[-87.97051900000001,45.381335000267605],[-87.970472000144355,45.381302000254102],[-87.970425000288685,45.381257999995817],[-87.970361999641185,45.381213999703277],[-87.970314999785529,45.381175999853262],[-87.970268999754765,45.381142999746906],[-87.970221999899096,45.381103999768541],[-87.970150999753983,45.381065999844594],[-87.970097000225635,45.381027999895117],[-87.970033999578135,45.381000000115243],[-87.969995000118374,45.380956000252908],[-87.969948000262718,45.380923000018143],[-87.969902000231968,45.380879000095874],[-87.969855000376299,45.380841000020709],[-87.969822999690919,45.380802999920007],[-87.969784000231186,45.380753000014259],[-87.969768000337652,45.380708999959694],[-87.969722000306902,45.38067600021175],[-87.969667000055338,45.380642999813603],[-87.969611999803732,45.380621999837025],[-87.969549999879462,45.380599999763056],[-87.969487000130258,45.380589000038299],[-87.969416999810065,45.380566999951483],[-87.969347000388183,45.380556000220352],[-87.969268999672053,45.380556000220352],[-87.969206999747783,45.380566999951483],[-87.969020000150039,45.380617000021708],[-87.968937000309353,45.380636999911253],[-87.968873999661838,45.380682000110006],[-87.968656000101959,45.380775000028699],[-87.968485000397735,45.380792000234791],[-87.9683289998638,45.380710000047358],[-87.96813999971792,45.380544999856106],[-87.968046999831515,45.380512000012487],[-87.967944999724253,45.380516999837035],[-87.967593000270057,45.380728999816647],[-87.967681999958529,45.378051999883461],[-87.962551000023737,45.377993000110294],[-87.9626740000474,45.374362999883175],[-87.957539999739566,45.374299999874282],[-87.957635999999027,45.370538000045997],[-87.957708999793965,45.366978000127659],[-87.953628000170596,45.366919000161005],[-87.953222000289742,45.366913000064677],[-87.952910999945118,45.366909000000099],[-87.950949000312846,45.366879999839],[-87.949666000372943,45.366860999834238],[-87.949375999944706,45.366854000030173],[-87.947446999924395,45.366811999925361],[-87.944645999867916,45.366747000302716],[-87.942290000050349,45.366711999940968],[-87.942095000056696,45.373985000038999],[-87.941929000375339,45.377610999982203],[-87.941797999955767,45.380434999881757],[-87.941762999795671,45.381289999957602],[-87.944126000184227,45.381332000037709],[-87.944980999603658,45.381358000131783],[-87.946878999661834,45.381392000188214],[-87.94686500031645,45.381831000119689],[-87.946863999593219,45.381875999999089],[-87.946836999829031,45.382427000175085],[-87.946830000156339,45.382573000147403],[-87.946740999569585,45.385000000045267],[-87.955542999947198,45.385160999817828],[-87.958328000110157,45.385196000119166],[-87.961413999673695,45.385228999752499],[-87.962282000410212,45.385237999821236],[-87.96226399996857,45.385705000159732],[-87.962133000447309,45.388853999820533],[-87.967149999680956,45.388898999787699],[-87.967640999950632,45.388903000189593],[-87.968985999814834,45.388915000131853],[-87.971899999849228,45.388941999834955],[-87.972191000102384,45.388943999719004],[-87.972287000361845,45.387539999999376],[-87.972423999730864,45.385422000281451],[-87.972472000309779,45.385432999696789],[-87.972622999922507,45.383024999719552]]]},"properties":{"BASENAME":"Wausaukee"}},{"type":"Feature","geometry":{"type":"Polygon","coordinates":[[[-88.049388999650887,45.057592999719795],[-88.049427000184025,45.056272000152291],[-88.049021000303171,45.056266000191798],[-88.048574000414433,45.056259000131277],[-88.049088000250322,45.054625999857407],[-88.044971999568531,45.054545999721462],[-88.044617999566213,45.054544000097387],[-88.044348999952703,45.054542999968021],[-88.044364000021318,45.054159999904201],[-88.044385999762639,45.053587999806545],[-88.04440300037939,45.053129000089569],[-88.044454000432992,45.051432000250642],[-88.044460000280779,45.051135000110762],[-88.044463999580415,45.05095399989095],[-88.04446500030366,45.050932000102151],[-88.044139999715327,45.050926000215988],[-88.042865999996238,45.050903999781859],[-88.042477999658715,45.050897999892712],[-88.037422999891916,45.050811000160749],[-88.036153000370803,45.050789000316982],[-88.034284999551545,45.05075699977909],[-88.034237999695875,45.052843999883933],[-88.03420400025901,45.054374000065522],[-88.035611999872401,45.054395999799489],[-88.042887999737559,45.054511000261364],[-88.043440999931505,45.05451900003105],[-88.04343900028168,45.054545999721462],[-88.044062999722442,45.055793000158829],[-88.044293999701111,45.056159000261118],[-88.044292000051286,45.056216999750184],[-88.044239000347844,45.057980999981787],[-88.044235999974802,45.058091999945269],[-88.044184999921157,45.059336999745398],[-88.044165999654595,45.059725000229555],[-88.039120999933544,45.05964799973286],[-88.039063000207236,45.061654999909081],[-88.038891999604687,45.061651999894046],[-88.036878999918798,45.061628999773617],[-88.035432999772254,45.061595000213138],[-88.035217999687106,45.06159000018274],[-88.034508999857536,45.061580000120678],[-88.033928000074482,45.061573000076159],[-88.028936999881793,45.061507000249073],[-88.023691000319275,45.061447999771886],[-88.023672999877618,45.061735000251787],[-88.023605999930467,45.063190000276478],[-88.023558000249892,45.0644519999952],[-88.023558000249892,45.064503000269433],[-88.023555999701756,45.064717999743515],[-88.022855000268109,45.064727999891197],[-88.022845000222375,45.06498300021088],[-88.023554000051931,45.064968999685377],[-88.023554000051931,45.065101000152943],[-88.023538999983316,45.06519100018167],[-88.02238499991482,45.065182000058243],[-88.022382000440089,45.06556100015041],[-88.023512000219142,45.06556799970658],[-88.023497999975433,45.067139000240871],[-88.023491000302741,45.067846999991033],[-88.022524999656909,45.067841999872975],[-88.022518999809122,45.068527999799706],[-88.023484999556658,45.068516999797382],[-88.023482999906818,45.068714000268066],[-88.023465000363473,45.070705999789887],[-88.023451999944669,45.071504999839142],[-88.023451000119763,45.071992000022853],[-88.023450000294858,45.072326999769714],[-88.028434999741449,45.072363000195672],[-88.028581000229636,45.072364999830988],[-88.028491999642853,45.07583000007412],[-88.028490999817961,45.075926000138693],[-88.028481999597119,45.076089999743672],[-88.028438999939411,45.077848999712295],[-88.028393999733581,45.079597000312667],[-88.028448999985173,45.07959800000377],[-88.029192999974825,45.079606999760166],[-88.032113999681911,45.079643000040335],[-88.032353000056503,45.079639999700667],[-88.032493999623526,45.079637999685623],[-88.032554999722876,45.079639000010296],[-88.032040000062068,45.083262000296408],[-88.033538000087148,45.083262000296408],[-88.038474000028245,45.083306999984281],[-88.038585000356349,45.083306999984281],[-88.038513000386317,45.081497999953257],[-88.033688999699876,45.081453000109057],[-88.033477999812689,45.081451999816096],[-88.033467999766927,45.080604999759082],[-88.033476999987769,45.079789000309638],[-88.033478999637595,45.07965399980425],[-88.033550999607627,45.079655000128682],[-88.033749999799255,45.079657000143129],[-88.035455000411872,45.079655999818776],[-88.038018999743585,45.079692999757462],[-88.039147999697718,45.079710999873299],[-88.042475000183998,45.079731999684071],[-88.043076999883439,45.079739999730798],[-88.043799999956704,45.079751000110321],[-88.043861000056069,45.078116000267464],[-88.043814000200399,45.078116000267464],[-88.038664999823951,45.078067000156928],[-88.038670999671766,45.077848999712295],[-88.038757999710384,45.074923999887702],[-88.038772999778999,45.074419999855316],[-88.03882399983263,45.072618999892178],[-88.038828999855497,45.072492999818103],[-88.04356399995514,45.072543000082135],[-88.043943000071835,45.072547999788959],[-88.043943999896754,45.072142000095504],[-88.043947000269796,45.071074999748497],[-88.043947000269796,45.070930999738636],[-88.043948999919621,45.070086999998971],[-88.043950999569446,45.068833000001248],[-88.043953999942502,45.06765399993926],[-88.043953999942502,45.067072999860351],[-88.043954999767408,45.066697999943081],[-88.044023000437775,45.066699999776539],[-88.044548000144317,45.066719000094793],[-88.044540999573329,45.066192999771062],[-88.044537000273692,45.065896000156975],[-88.044538999923503,45.065360999778761],[-88.044221999731093,45.065349999801469],[-88.043953000117583,45.065340999703075],[-88.044020000064734,45.064453999907251],[-88.044047999653827,45.063440999947694],[-88.044056999874655,45.063054999896437],[-88.045036999865872,45.063081000017917],[-88.045024000345407,45.063456000186406],[-88.04498300033751,45.064604000093588],[-88.044963000246028,45.065252999794687],[-88.048648999859182,45.06537600014812],[-88.049156999847298,45.065392999758345],[-88.049197000030276,45.064160000024707],[-88.049211000273957,45.063726999971571],[-88.049217999946677,45.063538999828623],[-88.049238000038144,45.062926999711721],[-88.04926900000028,45.061999999952839],[-88.049260999604357,45.061959999980914],[-88.049263000152507,45.061870999942926],[-88.048951999807883,45.0618629999327],[-88.048863000119425,45.061860999929962],[-88.048760000187258,45.061866999937955],[-88.048678000171492,45.061864999935352],[-88.048585000285073,45.061861999931345],[-88.048511999591838,45.061858999927217],[-88.048279999788235,45.061851999916854],[-88.048108000259106,45.061846999908937],[-88.047981999862415,45.061842999902332],[-88.04446600012858,45.061743000279883],[-88.04408500036206,45.061732000240944],[-88.043907000086818,45.061731000237295],[-88.043724999613644,45.061728000226246],[-88.04351799992439,45.061728000226246],[-88.043896000216165,45.061430000248713],[-88.044097999882538,45.06127099987858],[-88.044553000167198,45.060806000161534],[-88.044691000259462,45.060664999729362],[-88.045482999929717,45.059940999940373],[-88.04492100041324,45.058969000209252],[-88.044949999827239,45.058148999945722],[-88.045349999860306,45.058158999973301],[-88.046241000163093,45.058174999760048],[-88.046746999603059,45.058184999783094],[-88.047493999965766,45.058200000131727],[-88.04825100037425,45.058214999841809],[-88.049370000282622,45.058237000001775],[-88.049388999650887,45.057592999719795]]]},"properties":{"BASENAME":"Coleman"}},{"type":"Feature","geometry":{"type":"Polygon","coordinates":[[[-88.02470300009756,45.232971000054263],[-88.024741999557293,45.231812000149191],[-88.024580000073911,45.231795000122062],[-88.022579000083567,45.23173599976522],[-88.022221999708222,45.231725999773758],[-88.022105000430656,45.231726999962788],[-88.021819000200395,45.231776999901768],[-88.020238000334629,45.231739999887878],[-88.019668000422243,45.23174400001021],[-88.019665000049187,45.231830999912958],[-88.01801899988611,45.231829999725811],[-88.017613999830161,45.231826999796759],[-88.017490999806498,45.23182600024213],[-88.017386000224533,45.23182600024213],[-88.017550000256051,45.231646999968874],[-88.01760899980728,45.231344000299678],[-88.017565000324666,45.231059000101112],[-88.017478000286047,45.23085399969618],[-88.017393999722131,45.23065300001624],[-88.017212000147254,45.230416999805783],[-88.017113000413062,45.230300999761333],[-88.016903000350766,45.230109000083779],[-88.016710000006924,45.229985999771593],[-88.016518000386284,45.229925000258667],[-88.016023999743581,45.229951000297611],[-88.015693000205772,45.230025999686298],[-88.015489999816182,45.230148999911918],[-88.015369000340684,45.230363999929388],[-88.0152300004235,45.230481000056201],[-88.015033999706617,45.230835000238443],[-88.014868999850165,45.230959000181166],[-88.014464999619122,45.231009000163134],[-88.0141459997769,45.231073999947462],[-88.013908999950445,45.230928000220842],[-88.013884999660974,45.230925999814652],[-88.013774000231223,45.230866000249492],[-88.013537000404753,45.230801000227281],[-88.013076000272321,45.230788000087408],[-88.012656000147743,45.230789000292944],[-88.012313000016064,45.230760000019309],[-88.012163000228227,45.230746999870064],[-88.011724999662022,45.230600999936094],[-88.011626999752707,45.230536999820792],[-88.011434000307176,45.230401000206399],[-88.011031999725972,45.230054999701736],[-88.010835999907371,45.229802000180904],[-88.010845000128214,45.229505999864656],[-88.010975999649474,45.229084999706799],[-88.011189999909718,45.228882000252085],[-88.011527000193595,45.228671000028633],[-88.011814000248776,45.228612999835917],[-88.012173000273975,45.228589999917666],[-88.012583000352805,45.228625000229727],[-88.012912000240775,45.228776000117776],[-88.013302000228123,45.228956000180901],[-88.01374999994178,45.22910199991184],[-88.013944000110541,45.22915400009812],[-88.014212999724052,45.229165999744986],[-88.014412999740586,45.229114000202358],[-88.014528000266637,45.229084000103946],[-88.0146949997729,45.229007000263877],[-88.015011999965296,45.228785999995651],[-88.015143000384867,45.228553999971894],[-88.015150999882479,45.228202000003748],[-88.0149330003226,45.228203000254794],[-88.014404000418068,45.22820599974245],[-88.007894000283912,45.22818399991084],[-88.005663999964739,45.228175999797429],[-88.00472099978343,45.227351999799836],[-88.004438999751102,45.227104999992797],[-88.004321999575254,45.227006999987168],[-88.004172999612337,45.226871999793055],[-88.004473000086307,45.226468999748235],[-88.004788999555501,45.226071000187325],[-88.005121999641418,45.225681000203586],[-88.006079000066421,45.224560999976021],[-88.004021000174689,45.224552999985427],[-88.000205999791802,45.224525999692432],[-87.999149999632593,45.224519999695907],[-87.998958999836873,45.224519000012776],[-87.998759999645245,45.224515999697843],[-87.998742000101913,45.224515999697843],[-87.998742999926804,45.224424999982553],[-87.998681000002534,45.223402999746256],[-87.998533999689442,45.223239000169457],[-87.997401000435659,45.223230999992822],[-87.997125000251131,45.223226999904107],[-87.99692000021173,45.223224000153721],[-87.996998000029535,45.221928999901429],[-87.99701300009815,45.221688999971441],[-87.997078000395476,45.220135000236297],[-87.997080999870207,45.219915000041212],[-87.997070999824459,45.219638000169766],[-87.997034000014537,45.21933799971648],[-87.996974999564998,45.218984000069142],[-87.99696399969433,45.218932000071149],[-87.996854000089485,45.21842400002285],[-87.996714000347396,45.217775000154361],[-87.996596000346628,45.217226000048647],[-87.996495000064286,45.21722699986001],[-87.996428000117135,45.217196999816125],[-87.996322999636845,45.216905000207547],[-87.996263000260697,45.21665499984104],[-87.993897000397382,45.216601999789177],[-87.993902000420277,45.217249999946212],[-87.993883000153687,45.217300999773975],[-87.993867000260153,45.217896999879876],[-87.993825000427364,45.219581000021932],[-87.993791000092173,45.220933999833363],[-87.993509999884779,45.220933000087179],[-87.992647000069425,45.220936999704577],[-87.992595000190903,45.220935999958449],[-87.992543000312338,45.220898000100981],[-87.992421000113609,45.220808000037572],[-87.992112000317135,45.220579000246232],[-87.991470000434731,45.220274000274479],[-87.991401999764335,45.220217000131498],[-87.991045000287272,45.22005000030498],[-87.990506000337021,45.21985200031466],[-87.990068999595692,45.219701000133441],[-87.988747000196042,45.219581000021932],[-87.988684000446852,45.219578000079174],[-87.988660999982329,45.220770999843658],[-87.988620999799352,45.222883999789232],[-87.988599000058031,45.223983999980263],[-87.988589999837188,45.224451000006475],[-87.988711000211026,45.2244519996908],[-87.989025000030381,45.224453999692116],[-87.99171800013184,45.224473000017419],[-87.992098999898332,45.224475999701902],[-87.992103000096293,45.224380000229438],[-87.992119999814747,45.223620999701303],[-87.992130999685401,45.223215999974926],[-87.992719000039443,45.223226999904107],[-87.993743000411584,45.223246999712266],[-87.993729999992823,45.223905999864847],[-87.993726999619753,45.224487999703648],[-87.993716999574019,45.226640000182137],[-87.99371800029725,45.226945999807924],[-87.993622000037774,45.226952000181136],[-87.993345000028341,45.226968000118681],[-87.993341999655286,45.226531999734824],[-87.993340999830394,45.226296999780722],[-87.992950999843046,45.226294999844242],[-87.991691000367652,45.226287999749708],[-87.989318999758254,45.226274999842971],[-87.988589999837188,45.226270999968442],[-87.988589999837188,45.226166999967589],[-87.988590999662108,45.225464999888651],[-87.987332000011634,45.225457999691905],[-87.987337999859406,45.224515999697843],[-87.987337000034515,45.224447000003551],[-87.987219000033733,45.224447000003551],[-87.987080999941469,45.224445999686417],[-87.987080999941469,45.224515000014641],[-87.987076999743493,45.22545700002528],[-87.987074000268777,45.225916000173477],[-87.987065999872854,45.227346999734998],[-87.987322999790791,45.227349999900468],[-87.98732100014098,45.227671999872364],[-87.987318999592844,45.227903999700047],[-87.987865000114112,45.22807000024455],[-87.988590999662108,45.228073999992546],[-87.989385999705405,45.228077999740208],[-87.990446999887467,45.228085999867417],[-87.991304999679954,45.228088999993922],[-87.991299999657087,45.227268999805119],[-87.992400000197208,45.22720499973407],[-87.993031000208987,45.227167999907252],[-87.9936239996876,45.227134000233242],[-87.993719999947061,45.227127999879286],[-87.993743000411584,45.229942999800237],[-87.993739000213637,45.230148999911918],[-87.992416000090756,45.22974699991601],[-87.988589000012297,45.228580000005309],[-87.988589000012297,45.231078000116675],[-87.988587000362458,45.232460000294331],[-87.988587000362458,45.233335999781012],[-87.988592000385339,45.233945000120507],[-87.988589999837188,45.235339999901349],[-87.993251000317017,45.235365999993476],[-87.99378100004644,45.235370999985484],[-87.996233000123468,45.235385999958929],[-87.996225999552451,45.235429000240359],[-87.996120000145552,45.236072999812194],[-87.996021000411361,45.236496000289286],[-87.995988999725995,45.23663899995379],[-87.996208000009091,45.236642000261376],[-87.996623000110816,45.23665300012275],[-87.997017000296097,45.236654999694785],[-87.99726599981814,45.235393000198222],[-87.998997000370025,45.235404000301365],[-87.99899900001985,45.239053000162279],[-88.000321000317825,45.239068999856116],[-88.004211000145489,45.239075000214527],[-88.006012999944176,45.239088999783355],[-88.007829999811477,45.239076999701332],[-88.008012000284666,45.239074000154865],[-88.008023999980253,45.239279000006206],[-88.007993999843009,45.242721000275338],[-88.009130000368174,45.242722000270859],[-88.009527999853105,45.242723000266309],[-88.009527000028186,45.242773000018254],[-88.00952500037836,45.243029999946337],[-88.009660999922488,45.243029999946337],[-88.014154999997729,45.243037999866402],[-88.014149999974848,45.246157999797447],[-88.014146999601806,45.246350000277715],[-88.014380000128625,45.246344999986839],[-88.014386999801317,45.249949000089543],[-88.019576000360729,45.249941999746305],[-88.019634000087052,45.246332000240486],[-88.019665000049187,45.246316000062073],[-88.019728999623297,45.246266000266033],[-88.019757000110701,45.246193000042069],[-88.019767999981354,45.245975999948676],[-88.019717999752643,45.244947999765635],[-88.019663000399362,45.243704999989568],[-88.0196440001328,45.243293999875313],[-88.019622000391493,45.24282399971991],[-88.019603000124917,45.24241100018773],[-88.019552000071286,45.241139999917664],[-88.01948799959888,45.239859999898542],[-88.019455999811825,45.239169000054488],[-88.019711000079937,45.239217000289663],[-88.020043000340962,45.239307000304954],[-88.020395999620078,45.239441000007403],[-88.022974000093782,45.240658999937189],[-88.024282999972982,45.241278999829532],[-88.024583000446952,45.241418000033825],[-88.024623999556525,45.241436999748679],[-88.024543000263975,45.239933000037539],[-88.024566999655107,45.237161999948235],[-88.024570000028149,45.237038000255488],[-88.024573000401205,45.23690000018744],[-88.024640000348356,45.235008000306927],[-88.02470300009756,45.232971000054263]]]},"properties":{"BASENAME":"Crivitz"}},{"type":"Feature","geometry":{"type":"Polygon","coordinates":[[[-87.32485800040493,45.074089999895619],[-87.324912999758212,45.032206999704357],[-87.322670999743465,45.032235000288772],[-87.321749000376883,45.032244999768658],[-87.320140000023727,45.032264999992819],[-87.318576999701321,45.032286999977416],[-87.318467999921381,45.032411999902429],[-87.318389000278657,45.03250100007876],[-87.317517000242461,45.03356299984933],[-87.316487000022533,45.0348300000162],[-87.316262999716557,45.035102000083228],[-87.315405999748961,45.036136999716796],[-87.314923999700127,45.036718999731669],[-87.314331000221515,45.0374280001624],[-87.313983000066983,45.037857000259471],[-87.31378100040061,45.038105000061869],[-87.313635999737343,45.038290999843028],[-87.311987999924426,45.038290000064251],[-87.311973999680731,45.037828000099786],[-87.311981000251748,45.037246999735189],[-87.311997000145254,45.036931999962285],[-87.312008000015922,45.036576999772237],[-87.312023000084537,45.036343000250497],[-87.312018000061656,45.036227000263054],[-87.311984999551385,45.036129999731877],[-87.311904000258835,45.036052999840983],[-87.31169900021942,45.036009000219593],[-87.311500999852726,45.035998000308965],[-87.310167999684069,45.035999999946597],[-87.309965000192804,45.036013999947414],[-87.309623999710936,45.035988000215241],[-87.306903000020398,45.036003999856526],[-87.306927000309855,45.036107000138045],[-87.306942000378456,45.036310999883426],[-87.306953000249109,45.036506999787761],[-87.306919999738852,45.036576999772237],[-87.306918999913933,45.038878000279269],[-87.306954000074029,45.039626999736988],[-87.304267999645276,45.03961700027746],[-87.301809999720447,45.039599999986208],[-87.301825999613996,45.040732999759818],[-87.301863000322214,45.043198999801866],[-87.300808999812844,45.043194999760196],[-87.299078999984175,45.043190999718263],[-87.296897000243874,45.043185000289512],[-87.296704999724952,45.043185999982768],[-87.293395999680342,45.043210000232392],[-87.293338999778939,45.043216999985908],[-87.293018000286892,45.043239999895469],[-87.292768000041633,45.043247000280054],[-87.291843000301995,45.043272000195834],[-87.291105000160115,45.043293999757203],[-87.290974999565464,45.043297999791939],[-87.290784999594649,45.043289999722191],[-87.289657000363746,45.043243000241745],[-87.288382999746332,45.043254000029087],[-87.287726999620219,45.043258000066615],[-87.287559000289036,45.043258000066615],[-87.287047999927879,45.04326200010388],[-87.286560000031244,45.043266000140846],[-87.286238999640887,45.043270000177593],[-87.286209000401968,45.043270000177593],[-87.286163000371218,45.043270000177593],[-87.286163000371218,45.043219999698664],[-87.283546000437752,45.043280999959691],[-87.282932000144413,45.0432959997746],[-87.282286000064033,45.043311000220321],[-87.281618000242375,45.043326999718147],[-87.280997000276358,45.04334200015569],[-87.280997000276358,45.043369000044763],[-87.280707999673012,45.043373999764256],[-87.27991299962973,45.043389000189471],[-87.278145000166219,45.043422000095624],[-87.278079999868908,45.043379999807868],[-87.277725999866576,45.043146000179142],[-87.277670999614998,45.04310900006611],[-87.277346999749895,45.042862000070997],[-87.276911999556702,45.042536999889172],[-87.276754000271282,45.042370999812391],[-87.277102000425813,45.04195200024111],[-87.277379000435246,45.041610000273657],[-87.277679000010906,45.041259000085574],[-87.27797699993674,45.040889000273928],[-87.278727999599099,45.039992999827142],[-87.278809999614865,45.039891999694504],[-87.280111999821358,45.040713999692514],[-87.279951000162882,45.041135999900746],[-87.279921999850558,45.041217999841791],[-87.28096799996402,45.041191000207043],[-87.280968999788925,45.040720999751471],[-87.280967000139114,45.040615000309025],[-87.280962000116233,45.040354999874886],[-87.280952000070499,45.039706999793616],[-87.28141200037804,45.039708000182415],[-87.282943000015067,45.039664999952407],[-87.282927999946452,45.039020000241514],[-87.282898999634142,45.03813100010175],[-87.282029000146096,45.038137999841879],[-87.280922999758189,45.038148000194674],[-87.280433000211715,45.038151999954408],[-87.28035700004375,45.038149999757181],[-87.28025999995937,45.038154000151607],[-87.280222000324528,45.038200000223554],[-87.279926999873425,45.038543000035908],[-87.279865999774074,45.038616999796098],[-87.279018999852241,45.039641999875144],[-87.278930999988688,45.039747000097378],[-87.27877799982781,45.039749000238785],[-87.278709000230847,45.039749000238785],[-87.276442999926658,45.039793999910721],[-87.275781999777649,45.039806000113501],[-87.275780000127824,45.040213000051992],[-87.275785999975611,45.040341000301382],[-87.27579799967117,45.040637999995106],[-87.275790999998492,45.04076000024542],[-87.275794000371519,45.040899999879109],[-87.275826999983508,45.041337000313483],[-87.275822999785547,45.041437000075753],[-87.275308000124724,45.041439000158071],[-87.275502000293486,45.041827000207931],[-87.275807999716932,45.041825000139177],[-87.275794000371519,45.042656999858799],[-87.275795000196453,45.04284900017533],[-87.274771999649204,45.04286099973735],[-87.274769000174473,45.042762000260481],[-87.274749000082977,45.042010999887644],[-87.274130999591705,45.042017999787909],[-87.274152000406417,45.042773999840755],[-87.274169000124857,45.043330999750573],[-87.273681000228208,45.043322999685387],[-87.273368000233788,45.04343000014692],[-87.272246999777238,45.043434000172198],[-87.272246999777238,45.042790000123496],[-87.272240000104546,45.042037999770173],[-87.271726000268657,45.042043000240703],[-87.270675999957248,45.042057000032493],[-87.270699000421772,45.043487999850761],[-87.270699000421772,45.043736000000443],[-87.270705000269544,45.04400000028879],[-87.270713999592076,45.044640000104891],[-87.272460000212575,45.044621000065696],[-87.27247600010611,45.044621000065696],[-87.274253999615354,45.04460099971697],[-87.274620000211556,45.044598000076633],[-87.274863999710718,45.044594999801419],[-87.275040000336134,45.044594000132797],[-87.275040000336134,45.044646999683437],[-87.275176999705153,45.044642999743026],[-87.275175999880261,45.04479899975113],[-87.275176999705153,45.044883000116393],[-87.275176999705153,45.045095999786845],[-87.275176999705153,45.045386999717493],[-87.27518400027617,45.04586399998756],[-87.275871000364432,45.045856000276636],[-87.275871000364432,45.045939999724467],[-87.275888999907778,45.047127000299255],[-87.275894999755565,45.047411000178847],[-87.275913000197235,45.048207999753998],[-87.274635000280185,45.048210000234292],[-87.274612999640539,45.047139000233287],[-87.274523999952095,45.04714100011627],[-87.273902999986078,45.047139000233287],[-87.272312999899484,45.047146000140764],[-87.270774999691426,45.047154000305973],[-87.269869000218364,45.04716300009386],[-87.269801000446307,45.04716399971759],[-87.26784399993862,45.047175000020346],[-87.266726999680031,45.047171999880284],[-87.265718000274816,45.047178000160237],[-87.265628999688033,45.047178999783711],[-87.265601999923859,45.047178000160237],[-87.265606000121821,45.047478000027539],[-87.265616999992474,45.048319999885784],[-87.265639999558687,45.050436999761899],[-87.266669999778628,45.050433999792929],[-87.266674999801509,45.050890999809752],[-87.26670800031178,45.053587999806545],[-87.266487000378831,45.053587999806545],[-87.266494000051537,45.054362999878101],[-87.26650200044746,45.054456000069344],[-87.266207999821262,45.054457999696488],[-87.265637000083956,45.054458999827347],[-87.263769999987943,45.054463999846739],[-87.263153000219887,45.054464999977483],[-87.261353000071011,45.0544699999963],[-87.260547999981981,45.0544699999963],[-87.260558999852634,45.058097000281577],[-87.262998000409169,45.058091999945269],[-87.265709000053988,45.058086000175742],[-87.265709999878894,45.058443999707841],[-87.265723000297669,45.061391999897147],[-87.265724000122589,45.061717000184437],[-87.264877000200769,45.061717000184437],[-87.263641000116507,45.061721000199896],[-87.260573999921249,45.061729000229953],[-87.260580999593927,45.06213300029286],[-87.259589999732071,45.062137000279222],[-87.258552000014518,45.062141000265257],[-87.257873000322178,45.062141000265257],[-87.255560999987253,45.062152000225545],[-87.255442999986457,45.062151000229242],[-87.255442000161551,45.061833999886332],[-87.255437999963604,45.061155999686491],[-87.255436000313779,45.060823999881158],[-87.250312000051693,45.060844000268041],[-87.250312000051693,45.0617520003102],[-87.249472999627457,45.061755999688685],[-87.249450000061245,45.06360199993528],[-87.247741000148963,45.063605999818868],[-87.247726000080348,45.065443999827558],[-87.247711999836653,45.069131999964902],[-87.248613000185145,45.069136000095952],[-87.250285000287505,45.069151000109201],[-87.250288999587156,45.06754599984616],[-87.249999000057244,45.067538999897728],[-87.250000999707069,45.066070999834331],[-87.251550999610686,45.066077999962545],[-87.252871000258835,45.066092000216436],[-87.25286799988578,45.067301999777534],[-87.255407999826375,45.067314999825676],[-87.255396999955707,45.069171000120662],[-87.259472999556195,45.069133999713266],[-87.260629999997732,45.06913799984418],[-87.260665000157829,45.068749999797625],[-87.260763999892049,45.068704000183239],[-87.260748999823434,45.067980000051783],[-87.260833000387336,45.06798299973476],[-87.260864000349457,45.066891999963794],[-87.260787000356572,45.066839000088898],[-87.26070299979267,45.065428000171558],[-87.264022999707933,45.065409000058636],[-87.264015000210335,45.064652999692697],[-87.264647999871912,45.064542999731131],[-87.264724000039905,45.063257000041219],[-87.265936999659615,45.063027999782172],[-87.266699999915858,45.063050999974351],[-87.267823000022219,45.063989000064375],[-87.26863099958598,45.063477000260136],[-87.269146000145113,45.06317200003275],[-87.270020999656026,45.062700999994483],[-87.271633000382238,45.061852999918386],[-87.271886000102228,45.061720000196061],[-87.271915000414538,45.061704000132274],[-87.272544999703072,45.061702000123987],[-87.273727000258987,45.061698000107185],[-87.274055000322036,45.061698000107185],[-87.274368000316471,45.061698000107185],[-87.2746650004174,45.061698000107185],[-87.275160999811632,45.061698000107185],[-87.275633999639652,45.061695000094403],[-87.276107000365982,45.061695000094403],[-87.276092000297368,45.062526000152822],[-87.276602999760215,45.062530000111643],[-87.277080999611101,45.062507999699996],[-87.276996999945524,45.062689000152979],[-87.276936999671065,45.062930000294322],[-87.276806999974724,45.063222000202337],[-87.276740000027559,45.063409000144468],[-87.276649999615884,45.063811999789358],[-87.276586000041775,45.064121000256883],[-87.276548000406947,45.064364999944857],[-87.276550000056758,45.064393999976318],[-87.276561999752332,45.064532000230933],[-87.27660399958512,45.064649999834977],[-87.276627000049658,45.064699000029158],[-87.276469999690832,45.064698000077414],[-87.27635300041328,45.064700999932612],[-87.276277000245301,45.064701999884313],[-87.276259999628536,45.064720000280801],[-87.276212999772881,45.064771000315979],[-87.276008999558385,45.064989999837827],[-87.276007999733466,45.065096999739517],[-87.275975000121505,45.068896999861913],[-87.275883000059991,45.072773999909394],[-87.279948999614732,45.072812000307863],[-87.279920000200747,45.073002999824439],[-87.279842000382942,45.073512999720386],[-87.280719000441991,45.073654000183424],[-87.280726000114683,45.073725000181419],[-87.281033000261345,45.073735000022168],[-87.281055999827572,45.073719000149261],[-87.281105000231378,45.073713999910531],[-87.281168999805473,45.07371699992693],[-87.281460999883521,45.073747000082477],[-87.281505000264445,45.073741000052642],[-87.281546000272343,45.073709000305712],[-87.32485800040493,45.074089999895619]]]},"properties":{"BASENAME":"Egg Harbor"}},{"type":"Feature","geometry":{"type":"Polygon","coordinates":[[[-87.723680999716407,44.556917999806195],[-87.723684999914397,44.556115000313788],[-87.723571999936468,44.556116000160614],[-87.719429000388843,44.556142000012827],[-87.718570999698031,44.556133000114521],[-87.718603000383411,44.552495999760225],[-87.717321000268399,44.552507000038702],[-87.712016000256341,44.552532000314685],[-87.711724000178293,44.552528999949217],[-87.711607000002417,44.552529999857704],[-87.70958599992062,44.552519000223725],[-87.709149999902522,44.552516999766304],[-87.707724999672379,44.5525099997651],[-87.707727000220515,44.552465999921289],[-87.707734999718127,44.551987000313382],[-87.709335999675375,44.551987000313382],[-87.709496000407242,44.551990000066631],[-87.710825000377937,44.551366000056937],[-87.71204499967034,44.550794999710469],[-87.712479999863532,44.550590999787943],[-87.713520000129193,44.550103999871723],[-87.714161000186721,44.549803000024632],[-87.714789999650321,44.549805999890395],[-87.714999999712617,44.549807999800827],[-87.715096999797012,44.54980899975601],[-87.71607900033635,44.549817000037123],[-87.716153999781113,44.546392000099743],[-87.717098999612233,44.546393000113618],[-87.717107999833061,44.545692000253986],[-87.716168999849728,44.545690000202129],[-87.716179999720381,44.545223000296154],[-87.71718499982596,44.545221000228182],[-87.717574999813309,44.545220000194178],[-87.717568999965522,44.544199000039526],[-87.71871200016335,44.544194999833159],[-87.718763000216981,44.542021000013825],[-87.718768000239834,44.541811000157963],[-87.718772000437795,44.541613000057424],[-87.718788000331344,44.540918999737094],[-87.718789999981155,44.540824000293156],[-87.71879199963098,44.540730000165119],[-87.718806999699609,44.540108000056968],[-87.718810999897556,44.53991499991298],[-87.718827999615996,44.539149000172635],[-87.718841999859706,44.538531999926796],[-87.718842999684597,44.538497999976364],[-87.718844000407827,44.538461000196115],[-87.718701000292697,44.538453000275169],[-87.718293999688612,44.538453000275169],[-87.718295000411828,44.53849500016814],[-87.718296000236734,44.538525000164626],[-87.717079000419062,44.538510999997406],[-87.716737000112303,44.538507000040532],[-87.714666999626687,44.538484999952431],[-87.714540000303387,44.538483999802708],[-87.714413999906697,44.538482000143532],[-87.713980000436734,44.538478999694128],[-87.71121199999223,44.538447000013562],[-87.711216000190177,44.538301999799863],[-87.711218999664908,44.538163000156835],[-87.711282000312409,44.538164000312065],[-87.712474000015746,44.538179000077378],[-87.713821000428084,44.5381979998172],[-87.71398200008656,44.538200000126452],[-87.714675999847515,44.538208000082207],[-87.714680999870382,44.537992000251357],[-87.714761000236336,44.534354000105708],[-87.714844999901928,44.530705000098507],[-87.717832999556151,44.5307120001603],[-87.71787699993709,44.528700999766734],[-87.718986999624661,44.528749999946569],[-87.719081000234297,44.528753999933294],[-87.719102000150698,44.527770999738578],[-87.719117000219313,44.527101999978846],[-87.719128000089967,44.526619000307122],[-87.71916800027293,44.524951000295324],[-87.719195999862009,44.523478000278828],[-87.717911000272281,44.523479000045803],[-87.714167000034493,44.523481000220201],[-87.713813999857067,44.523479000045803],[-87.70895800028191,44.523468000046186],[-87.703968999739033,44.52345400010195],[-87.703963999716152,44.52375400000124],[-87.703960000416515,44.524026999783906],[-87.703953999670418,44.524383000133362],[-87.703757000026926,44.524394999711447],[-87.702006000281855,44.524393000208939],[-87.701904000174608,44.52439199981719],[-87.701324000216459,44.52439100006584],[-87.701249999698319,44.524468999830368],[-87.700952999597376,44.524777999891022],[-87.703058000243104,44.524782000150459],[-87.703049000022276,44.525217000151621],[-87.703045999649234,44.525297000203039],[-87.703001000341686,44.525297000203039],[-87.703001000341686,44.52530799985729],[-87.702594999562521,44.525297999938836],[-87.702586000240004,44.525924000235875],[-87.702581000217123,44.52620400005943],[-87.702571000171389,44.526775000169565],[-87.702566999973428,44.526988999925251],[-87.702566000148508,44.527077000308921],[-87.702565000323602,44.527090000317941],[-87.702525999965545,44.527892000288496],[-87.702633000095645,44.527888000242569],[-87.702679000126423,44.527886000219539],[-87.702657000385116,44.528238999704051],[-87.702775000385884,44.528236999693064],[-87.703315999985961,44.528238000018789],[-87.703304000290402,44.528913999817291],[-87.703305000115307,44.52908300014208],[-87.702729000355134,44.52908500012407],[-87.702726999806998,44.529164000317166],[-87.702724000332267,44.529323999715324],[-87.70328199965077,44.529325000022368],[-87.703283000374,44.529426999871831],[-87.70328199965077,44.529605000148131],[-87.703874000202788,44.529607999773965],[-87.703870000004827,44.529919000064858],[-87.703869000179907,44.529978000258005],[-87.703868000355016,44.530023999759273],[-87.703310000138188,44.530025999708954],[-87.703109000296735,44.530028000298906],[-87.703110000121626,44.529945000092226],[-87.702705000065677,44.529939000234748],[-87.702591000262871,44.529937999938248],[-87.702583999691853,44.530244000212917],[-87.702334000344919,44.530242999921661],[-87.699679999703207,44.530244000212917],[-87.699488999907501,44.530244000212917],[-87.699483000059729,44.530701999888763],[-87.699653999763939,44.530701999888763],[-87.701031000313506,44.530701999888763],[-87.701134000245673,44.530701999888763],[-87.701106999583189,44.531419999780049],[-87.701561999867849,44.531429000297791],[-87.701552999647006,44.532051999883628],[-87.701554000370237,44.532102999684106],[-87.698756999613408,44.532061999923364],[-87.698672000122883,44.534338999995484],[-87.696163999969372,44.534337000193915],[-87.696083999603431,44.536638999739218],[-87.696036999747761,44.537968999810104],[-87.697745999660043,44.537972999803998],[-87.697745999660043,44.538263999741524],[-87.697615999963702,44.541489000188314],[-87.697508999833573,44.54160399983315],[-87.695847999601881,44.543370000050523],[-87.69584400030223,44.543490000140174],[-87.695830000058535,44.54387899994677],[-87.695779999829824,44.543942999721871],[-87.695203000244732,44.544541000022818],[-87.694785999594913,44.544984000009535],[-87.694634999982156,44.545145000155095],[-87.694614999890675,44.545166000252614],[-87.694573999882806,44.5452099998531],[-87.694609000042888,44.545210999887281],[-87.694711999975056,44.54522799982557],[-87.695554999698928,44.545225999757776],[-87.695722999928407,44.54522899985944],[-87.695717000080634,44.545377000202066],[-87.695619999996239,44.550369000133024],[-87.695603000277814,44.552499000127341],[-87.697321000410909,44.552495999760225],[-87.697448999559114,44.552499000127341],[-87.698104999685242,44.552491000214886],[-87.698101000385591,44.552833000131457],[-87.698067000050415,44.556115000313788],[-87.692948999636101,44.556130999781317],[-87.692935000290717,44.557343000267863],[-87.691005000445514,44.557330999797415],[-87.690980000331152,44.559142999925761],[-87.69097799978303,44.559762000195136],[-87.685040000109382,44.559724999848058],[-87.685044000307329,44.560647000238021],[-87.684787000389377,44.56064099970375],[-87.682538999628534,44.560615999711139],[-87.682540000351764,44.560813999818997],[-87.684787000389377,44.560829999914681],[-87.685044000307329,44.560829999914681],[-87.68504699978206,44.561140999860086],[-87.68504699978206,44.561310000098473],[-87.685049000330196,44.561647999742668],[-87.685940999559548,44.56166099971437],[-87.684585999649613,44.563258999960496],[-87.682692999614318,44.563247000070106],[-87.682608999948727,44.563247000070106],[-87.682551000222418,44.563244999981478],[-87.682552000047338,44.563418999755314],[-87.682745000391193,44.563418999755314],[-87.683496999878457,44.563431000250212],[-87.683793000154466,44.563489000047213],[-87.685040000109382,44.563915000226956],[-87.685231999729993,44.563982000147121],[-87.685455000211064,44.56403100007811],[-87.685574000036752,44.564040000034815],[-87.685866000114814,44.56404299980673],[-87.687688999829888,44.564049999700622],[-87.688231000153209,44.564062999775622],[-87.688463999781703,44.564066999896575],[-87.68861299974462,44.564066999896575],[-87.688611999919701,44.564026000243786],[-87.688611999919701,44.563984999922027],[-87.688611999919701,44.563960999798347],[-87.688616999942582,44.56335899980381],[-87.689427000054494,44.563362000250876],[-87.689788999554409,44.563363999695454],[-87.689821000239789,44.563363999695454],[-87.689807999820985,44.563321000101226],[-87.689796000125426,44.563203999749369],[-87.689803999623024,44.563123999931285],[-87.689822999889614,44.563077999698116],[-87.68996799965457,44.562885999918116],[-87.690092000401435,44.562749999930624],[-87.690314000159276,44.562547999785913],[-87.690398999649773,44.562467999705795],[-87.690575000275203,44.562364999752702],[-87.690708000344586,44.562299000271025],[-87.690783999614254,44.562260999876024],[-87.690492000434517,44.562258999753496],[-87.6905180003738,44.561344000166656],[-87.690519000198691,44.561302999874897],[-87.690903000338238,44.561304000272642],[-87.690923000429748,44.560790000307293],[-87.691248000119757,44.560791999840269],[-87.691418999823966,44.560791999840269],[-87.692024999721383,44.560439999689613],[-87.692545000303369,44.560134999784488],[-87.692690000068339,44.560134999784488],[-87.692902999605352,44.560136999980031],[-87.692902999605352,44.560094999699331],[-87.692902999605352,44.55977199995619],[-87.693392000225202,44.559771000172177],[-87.693746000227534,44.55976699975583],[-87.694161000329217,44.559763999763433],[-87.694656999723463,44.559592000153543],[-87.694739999564135,44.559547000115856],[-87.694820999754995,44.559511000060688],[-87.694866999785759,44.559480000208673],[-87.694926000235299,44.559442999682325],[-87.695016999573568,44.559353999772952],[-87.695091000091736,44.55929000030055],[-87.695180999605114,44.559211999808284],[-87.695281000062536,44.559136000081502],[-87.695374999773875,44.559060000255442],[-87.69543500004832,44.559016000243389],[-87.695558999896889,44.558918000213346],[-87.695610999775411,44.55888400000763],[-87.695660000179217,44.558829999941203],[-87.695676000072737,44.558813999935644],[-87.695722000103487,44.558775999824711],[-87.695836999731227,44.558690000223187],[-87.695999999937854,44.558616999866267],[-87.696087999801392,44.558596999945394],[-87.696200999779293,44.558573999963883],[-87.696339999696463,44.558571999714594],[-87.696355999589997,44.558570999909975],[-87.696573000223282,44.558538999751974],[-87.696830000141233,44.558478999888294],[-87.696942000294229,44.55843400026999],[-87.697062999769727,44.558291000170861],[-87.697203000410155,44.558167999795522],[-87.697480000419574,44.558057000123483],[-87.697706000375376,44.557992000049985],[-87.697939000003885,44.557946000239646],[-87.698005999951036,44.557943999968771],[-87.698082999943921,44.557941999697817],[-87.69809800001255,44.557941999697817],[-87.698133000172632,44.557940000066907],[-87.69836699962606,44.557968000014306],[-87.698463999710427,44.557988999966021],[-87.698638999612626,44.558034999742375],[-87.698973000421773,44.558121000312013],[-87.699209000423323,44.558136000055931],[-87.699725999733971,44.558126999825987],[-87.699776999787602,44.558123999749029],[-87.699802999726856,44.558112999892202],[-87.699772999589641,44.559176999980146],[-87.699759000244242,44.559718000073865],[-87.699852999955567,44.559718000073865],[-87.699985000200058,44.559718000073865],[-87.702816000393753,44.559706000093179],[-87.703084000182386,44.55970800030348],[-87.703096999702836,44.560446000244617],[-87.703100000075892,44.56063900016558],[-87.705834000185234,44.560656000078168],[-87.706106999996706,44.560658000255813],[-87.706092999752997,44.559741000243235],[-87.707001999599115,44.559754999785262],[-87.708462999814273,44.55976699975583],[-87.709132000359176,44.55977199995619],[-87.709930999702124,44.559778999723889],[-87.712857000330388,44.559810000056665],[-87.713171000149742,44.559816000036612],[-87.713367999793235,44.559809000273304],[-87.713407999976212,44.559809000273304],[-87.713503000410768,44.559809000273304],[-87.716476999821296,44.559806000283082],[-87.719712000246048,44.559792999896892],[-87.721570999946152,44.559795000104209],[-87.722003999591209,44.559792000113255],[-87.722580000249678,44.559787999698351],[-87.722582999724438,44.558976000029027],[-87.722586999922399,44.558842999902517],[-87.723672000393904,44.558839999862478],[-87.723672000393904,44.558622000165443],[-87.723679999891516,44.557121000124795],[-87.723680999716407,44.556917999806195]],[[-87.714601000402766,44.53070399981511],[-87.714507999618036,44.534354999686052],[-87.714449000066807,44.537034000266843],[-87.713981000261668,44.537037000150342],[-87.713849999842083,44.537037999684635],[-87.713916999789234,44.534360000148723],[-87.713106999677322,44.534352000304693],[-87.711180000205175,44.53434900028283],[-87.708831999885206,44.534328000125569],[-87.708903999855238,44.532307999976062],[-87.708913999900972,44.532051999883628],[-87.708058999583216,44.532051000263756],[-87.707711000326995,44.532050000003522],[-87.707235999950854,44.532048999743274],[-87.707227999554917,44.530701999888763],[-87.707711000326995,44.530701999888763],[-87.708128000078517,44.530701999888763],[-87.708963000304777,44.530701999888763],[-87.708959000106816,44.530803999888299],[-87.708942000388376,44.531262000283526],[-87.709728000210845,44.531262999916905],[-87.710319999864552,44.531264000190646],[-87.710322000412688,44.531336000003783],[-87.71131999994725,44.531336000003783],[-87.711324999970131,44.53114300024194],[-87.711210000342376,44.53114300024194],[-87.711220000388138,44.530701999888763],[-87.713942999728502,44.530701999888763],[-87.713987999934332,44.530701999888763],[-87.714001000353136,44.530701999888763],[-87.714601000402766,44.53070399981511]]]},"properties":{"BASENAME":"Luxemburg"}},{"type":"Feature","geometry":{"type":"Polygon","coordinates":[[[-87.46487099982609,44.603082000292986],[-87.464875000024051,44.600650000067347],[-87.464109000293078,44.600650999788236],[-87.464105000095117,44.60099900012807],[-87.464109000293078,44.601248999960454],[-87.459882000181523,44.601253999792632],[-87.459851000219388,44.601253999792632],[-87.459743000264353,44.601251000021321],[-87.459744999914179,44.601012000258429],[-87.459754999959912,44.599569000009993],[-87.459758000332968,44.599143999774554],[-87.459759000157874,44.597388000086063],[-87.459771999678352,44.595773999748431],[-87.459789000295103,44.593853999880309],[-87.45985700006716,44.590944000294925],[-87.459893000052176,44.590104999979687],[-87.459918999991459,44.589199000125816],[-87.459950999778513,44.588480000290524],[-87.456194000020233,44.588481000220852],[-87.45364700040696,44.588469999706888],[-87.450730999824444,44.588467999845896],[-87.448561999604621,44.588462000262361],[-87.447344999786949,44.588449999814017],[-87.446912000141879,44.588467999845896],[-87.445784999837585,44.588468999776374],[-87.445219999948065,44.589309999869293],[-87.443475000050782,44.591959999743786],[-87.442853000259845,44.5929310001845],[-87.441827000237865,44.594252999709148],[-87.441464999839624,44.59458500022658],[-87.440696999560515,44.59535199997655],[-87.440449999688298,44.595634999843746],[-87.440258000067686,44.59589399987275],[-87.440212000036937,44.596015999990342],[-87.440120999800328,44.596555000076172],[-87.44011099975458,44.596747000006332],[-87.440227000105551,44.596976000282858],[-87.440205000364244,44.59714299981767],[-87.44006499972383,44.59808900013428],[-87.439902000415543,44.59885400018495],[-87.439797999760145,44.599652000079928],[-87.439610000337481,44.600414000205355],[-87.439397999727063,44.60102199996313],[-87.439231000220786,44.601426999988867],[-87.439089999755467,44.601863000054166],[-87.438883000066241,44.602330999792748],[-87.438532000436965,44.603029999688005],[-87.438253999704301,44.603537000243207],[-87.437948000280869,44.603949000213497],[-87.437749000089255,44.604564000206636],[-87.437493999821115,44.605067000306903],[-87.436661999967896,44.605980999882384],[-87.436086000207709,44.606392999787467],[-87.435727000182524,44.606478000222353],[-87.435651000014545,44.606500000186706],[-87.435431999731435,44.606643000071891],[-87.435276000095811,44.606574999799193],[-87.434944999659706,44.606532999797878],[-87.434585999634507,44.606495999786866],[-87.434411999557241,44.606661999842281],[-87.434209999890868,44.606771999872002],[-87.434101000110928,44.606828000062933],[-87.433870999957165,44.606688000123953],[-87.433528999650392,44.606488000265315],[-87.433342000052647,44.606441000176247],[-87.433300000219859,44.606436999772285],[-87.433289000349191,44.606466999917274],[-87.433294000372058,44.606492000026243],[-87.43332000031134,44.606495999786866],[-87.433381000410719,44.606502000066797],[-87.433424000068413,44.606512999725688],[-87.43355700013781,44.60657999981256],[-87.433800999636958,44.606745000011884],[-87.434096999912967,44.60695899995607],[-87.434128999700022,44.606983999853298],[-87.434333999739422,44.607167999789041],[-87.433845999842802,44.607617999789952],[-87.433463000426485,44.607962000307509],[-87.433405999626757,44.607956999773549],[-87.433317999763204,44.608008999805449],[-87.433096000005349,44.608013000101145],[-87.433096999830255,44.607958000008296],[-87.432348999642628,44.607454999999007],[-87.432255999756222,44.607509999928581],[-87.432214999748325,44.607498000215841],[-87.432017000279927,44.607490000192776],[-87.431917999647411,44.607543999847408],[-87.431859000096182,44.607638999721928],[-87.431861999570913,44.607713000183004],[-87.431915999997599,44.607818000234673],[-87.431899000279159,44.607950000048604],[-87.431811000415607,44.608640000036672],[-87.431742999745225,44.608713000279828],[-87.431663000277595,44.608814999782552],[-87.431624999744443,44.608881000192959],[-87.431630999592244,44.609081999701885],[-87.431653000231847,44.609164000036735],[-87.431676999622994,44.609272000020347],[-87.431683000369091,44.609376000241156],[-87.431623000094632,44.609446999780666],[-87.431469999933739,44.609588000311255],[-87.431125999977169,44.609828999731711],[-87.430673000240631,44.610099000059996],[-87.430448000109735,44.610210000171932],[-87.429892000441058,44.610529999958466],[-87.429449999676862,44.610803999689523],[-87.429300999713945,44.61089799980364],[-87.428930999818107,44.611104999810948],[-87.428676000448277,44.611251999942837],[-87.428402999738481,44.61138400026622],[-87.427749000160503,44.611793999880746],[-87.427380999914476,44.611985999971687],[-87.426970000010741,44.612179000229432],[-87.426763000321515,44.612281000040312],[-87.426297999991078,44.612416999935789],[-87.426087000103891,44.612503000025114],[-87.425758000215936,44.612662999896983],[-87.42545600009214,44.612804999805732],[-87.425199000174189,44.612970999736298],[-87.424774000026744,44.613277999717447],[-87.424584999880864,44.613373999947129],[-87.423833000393586,44.613743999947374],[-87.423418000291889,44.613966000094948],[-87.423147999955148,44.614082999986749],[-87.422670999929167,44.61424699984827],[-87.422260999850351,44.614381000007356],[-87.421926000114595,44.614491000126385],[-87.421514000385955,44.614626999962269],[-87.421342999783406,44.614722999880321],[-87.421234999828386,44.61478400002558],[-87.420982000108381,44.614958999803648],[-87.420850999688824,44.615105000300204],[-87.420729000388391,44.615302999686364],[-87.420653000220412,44.615508999874926],[-87.42061600041049,44.615593999758367],[-87.420567999831604,44.61570099983345],[-87.420532999671508,44.615752999966084],[-87.420414999670712,44.615926999923779],[-87.420361000142364,44.616037000311572],[-87.420285999799304,44.616191000120779],[-87.420211000354541,44.61629600019252],[-87.420007000140046,44.616578000267552],[-87.419870999697594,44.616790000265773],[-87.419853000154248,44.616832999965851],[-87.419763999567479,44.617012000278756],[-87.419715999886904,44.617161000318475],[-87.419678000252077,44.617271999721858],[-87.419658999985487,44.61739799999723],[-87.419655999612431,44.617482000242099],[-87.419636000419274,44.617674000071361],[-87.419597999886136,44.617774999756705],[-87.4195610000762,44.617839000086839],[-87.419498000327025,44.617966999895998],[-87.41943399985459,44.618067999711137],[-87.419354000386974,44.618178999938387],[-87.419293000287595,44.618272000207376],[-87.419164000416174,44.618392999956257],[-87.419028999798641,44.618479000147602],[-87.419022999950869,44.618498999935944],[-87.419877000443705,44.618566000263634],[-87.420259000035117,44.618594999847076],[-87.420279999951504,44.618567000315622],[-87.420532999671508,44.618098000242796],[-87.42082300009973,44.617666000171056],[-87.421083000390723,44.617664000035973],[-87.423375999560776,44.617639999688265],[-87.427590999976758,44.617596999946301],[-87.428807999794429,44.617583999690929],[-87.430526999752473,44.617627000081924],[-87.43355700013781,44.61767500013876],[-87.435139999653387,44.617697999765575],[-87.437437999744631,44.617734000247495],[-87.437506000414999,44.617727999849009],[-87.437697000210704,44.617736999807065],[-87.439045000447962,44.617750000028224],[-87.439066000364349,44.617802000244254],[-87.439021999983424,44.617869000097379],[-87.439033999678983,44.617910000150701],[-87.439081000432978,44.617963999708877],[-87.439090999580401,44.618010000003359],[-87.439063999816227,44.618099000302898],[-87.439076000410097,44.618159000039874],[-87.439084999732614,44.618196000294354],[-87.439094999778348,44.618233999943598],[-87.439110999671868,44.61828599972619],[-87.43917900034225,44.618299999881025],[-87.439271000403764,44.618308999750461],[-87.439365000115089,44.618332999821646],[-87.439392999704197,44.618367999854421],[-87.439391999879291,44.618453000028815],[-87.439381000008623,44.618561000003275],[-87.439375999985742,44.618630999772805],[-87.439421000191601,44.618645999895129],[-87.439483999940791,44.618665000215039],[-87.439530999796446,44.618709999904617],[-87.439612999812212,44.618721999858629],[-87.439669999713615,44.618722999907931],[-87.439712000444729,44.618722999907931],[-87.439775000193919,44.618761999900393],[-87.439883000148967,44.618831000019561],[-87.439925999806661,44.618862000203961],[-87.43993400020257,44.618945000203652],[-87.439943000423412,44.618972000147188],[-87.439951999745929,44.618999000078134],[-87.440217999884709,44.619079999795673],[-87.440278000159168,44.619092999716095],[-87.44029800025065,44.619147000092369],[-87.440302000448611,44.619165000206614],[-87.440310999771143,44.619214999713193],[-87.440380000266416,44.619277999695143],[-87.440410000403631,44.619294999729306],[-87.44052300038156,44.619259000215251],[-87.440660999575513,44.619216999794851],[-87.440728000420961,44.619242000170566],[-87.440747999614132,44.619257000135036],[-87.440817999934339,44.619307000201779],[-87.440908000346013,44.619314999875989],[-87.441094000118852,44.619313999836841],[-87.441125000081001,44.619312999797707],[-87.441233000036021,44.619299999926497],[-87.441288000287614,44.619299999926497],[-87.441336999793094,44.619341000248163],[-87.441347999663762,44.619349999956206],[-87.441408999763127,44.619372000160276],[-87.441478000258414,44.619371000122101],[-87.441556000076218,44.619381999901506],[-87.441598999733927,44.619427000314232],[-87.441689999970521,44.61944499970226],[-87.441761000115633,44.619427999712023],[-87.441790000427957,44.619420000053374],[-87.441831000435826,44.619408000243673],[-87.441864999872706,44.619434999971922],[-87.441914000276526,44.619457000143733],[-87.441950000261514,44.619455000070339],[-87.441971000177901,44.619452999996881],[-87.441997999942089,44.619450999923309],[-87.442024999706277,44.619448999849709],[-87.442055999668412,44.619446999776045],[-87.442148999554831,44.619482999812945],[-87.442242000339562,44.619502999894827],[-87.442347999746474,44.619549000248909],[-87.442365000363225,44.619551999714716],[-87.44242599956425,44.619558999959658],[-87.442469999945189,44.619598000029974],[-87.442547999763008,44.619592999858483],[-87.442589999595796,44.619603000201032],[-87.442655999718042,44.619629999838594],[-87.442691999703058,44.619644000308782],[-87.442757999825275,44.619640000174769],[-87.442791000335575,44.619589999755377],[-87.442777999916785,44.619509000109893],[-87.442776000266946,44.619497999715165],[-87.442794999635211,44.619479000307258],[-87.442859000107632,44.61949600028256],[-87.442909000336329,44.619490000066158],[-87.442943999598128,44.619444000304767],[-87.442900000115515,44.619396999829817],[-87.442840999665975,44.619371000122101],[-87.44280899987892,44.619370000083954],[-87.442784999589463,44.619369000045744],[-87.442768999695943,44.619369000045744],[-87.442731000061102,44.619372000160276],[-87.442731000061102,44.619341000248163],[-87.4427929999854,44.619288000091991],[-87.442811000427042,44.619278999734931],[-87.442825999597346,44.619271000055754],[-87.442837000366325,44.619278999734931],[-87.442859000107632,44.619295999768788],[-87.44291699983394,44.619312999797707],[-87.442940000298492,44.619281999854103],[-87.442957000016918,44.619227000202166],[-87.442966000237746,44.619156999872303],[-87.442998999849706,44.619096999887795],[-87.443076999667511,44.61902800008469],[-87.443136999941984,44.619004999705844],[-87.443191000368657,44.619029000128769],[-87.443206000437257,44.619031000216836],[-87.443151000185679,44.6189099998793],[-87.442926999879703,44.618408000140072],[-87.442770000419173,44.618004000272833],[-87.442736999908888,44.617943000312927],[-87.442648000220444,44.617721000022755],[-87.443223000155712,44.617716999756261],[-87.443557999891453,44.617715000262365],[-87.443587000203763,44.617743000204619],[-87.443928999612226,44.618066000229284],[-87.44438200024706,44.618511999986445],[-87.444666999754091,44.618779000085624],[-87.444793999975715,44.618897999964197],[-87.444867999595559,44.61888500000007],[-87.444939999565577,44.618873000079802],[-87.444978999923634,44.618869999939491],[-87.445031999627076,44.618866999799017],[-87.445095000274577,44.618878000313295],[-87.445175999567141,44.618951999882356],[-87.445241999689372,44.618964999831476],[-87.445325000428355,44.61894999979156],[-87.445456999774535,44.618904000241777],[-87.445521000246927,44.618837000304062],[-87.445518999698791,44.618782000230638],[-87.445522999896752,44.618705000296089],[-87.445516000224075,44.618672999977662],[-87.445518999698791,44.618627000208427],[-87.445556000407052,44.618589000176947],[-87.445578999973264,44.618595999898567],[-87.445683999555257,44.618642999743095],[-87.445762000271358,44.618670999877274],[-87.445831999693254,44.618659999963207],[-87.445855999982697,44.618609999978702],[-87.445846999761855,44.618542999701738],[-87.445845999936935,44.618493000255903],[-87.445879000447235,44.618482999722175],[-87.445938999823369,44.61848200030812],[-87.44597300015856,44.618448999812799],[-87.445977000356521,44.618408000140072],[-87.445964999762651,44.618365999743475],[-87.445979999831266,44.618326000068322],[-87.446049000326539,44.618307000276914],[-87.44609799983202,44.618303000050787],[-87.446118999748421,44.618267999978883],[-87.44616099958121,44.618238000174436],[-87.446196999566226,44.618174999703484],[-87.4462719999093,44.618153999744415],[-87.446375999666387,44.618210999889627],[-87.446496000215291,44.618508999827483],[-87.446553000116694,44.618545999858938],[-87.446712000125359,44.618470999718824],[-87.446767000376923,44.61839199990122],[-87.446820000080393,44.618345999909373],[-87.44691600033984,44.618301999994252],[-87.447005999853232,44.618280000024185],[-87.447189999976246,44.61829500023719],[-87.447254000448652,44.618278999967202],[-87.447302000129227,44.618253999816289],[-87.447332000266456,44.618204000121594],[-87.447353000182858,44.618151000206389],[-87.447348000159991,44.61804799977434],[-87.447317000197856,44.617991000108546],[-87.447292999908413,44.617925999882935],[-87.447286000235721,44.617869000097379],[-87.4472219997633,44.61768899980148],[-87.447440000221505,44.617692000002812],[-87.447522000237271,44.617687000306617],[-87.447935999615723,44.617685000172209],[-87.451135999880393,44.617676000206103],[-87.451760000219465,44.61767500013876],[-87.452270999682298,44.618527000139522],[-87.452396000254097,44.618752000052382],[-87.452771999997722,44.619347999879125],[-87.452961999968537,44.619658000136184],[-87.453170000380993,44.619958999765259],[-87.454032000371427,44.619957999737203],[-87.454219999794091,44.620297999968798],[-87.454360000434477,44.620570000255057],[-87.454377999977837,44.620605000218148],[-87.454967000156799,44.620488000039622],[-87.454947000065332,44.620093000170947],[-87.456008000247408,44.620075999730979],[-87.455987000331007,44.620002999703551],[-87.455732000062881,44.619593999892793],[-87.455686000032117,44.619521999934307],[-87.455486999840488,44.6192049999432],[-87.455465999924087,44.619170999817165],[-87.455450999855472,44.619053999946004],[-87.455439000159913,44.618944000158166],[-87.455198999960416,44.618559999951131],[-87.455043000324793,44.618310999863333],[-87.454803000125281,44.617926999945993],[-87.45462599967496,44.617648000231547],[-87.454812000346109,44.617647000163686],[-87.455739999560492,44.617642999892126],[-87.456808000313572,44.617630000286454],[-87.457234000285908,44.617624999945491],[-87.457918000001129,44.6176390002597],[-87.458425000164326,44.617659999765593],[-87.45892899995448,44.617666000171056],[-87.458939999825134,44.617245000266699],[-87.459061000198972,44.615799000093801],[-87.459186999697351,44.61401600024152],[-87.459369000170526,44.611441000022417],[-87.459347000429233,44.611377999851072],[-87.459446000163425,44.610367000025732],[-87.459592999578206,44.606763000133213],[-87.459688000012761,44.606763000133213],[-87.459703999906282,44.60492399973991],[-87.459720999624722,44.60376799995614],[-87.459730999670469,44.603072000303243],[-87.460314000001659,44.60306800030687],[-87.463566999969757,44.603076000299339],[-87.464758999673094,44.603082999972067],[-87.46487099982609,44.603082000292986]]]},"properties":{"BASENAME":"Algoma"}},{"type":"Feature","geometry":{"type":"Polygon","coordinates":[[[-87.151303999552766,45.200219999809924],[-87.151302999727861,45.19226200017274],[-87.151280000161634,45.19089899985152],[-87.151294000405329,45.18864700006236],[-87.151282999636365,45.185012000229065],[-87.151281999811459,45.184918999856436],[-87.151220999712081,45.184810999947899],[-87.150855999839109,45.184158999688762],[-87.15082599970188,45.184109000296786],[-87.150551000240583,45.183848999964532],[-87.15018100034473,45.183612000102897],[-87.150073000389682,45.183581000288491],[-87.149957999863659,45.183475999688689],[-87.149890000091588,45.183402999863112],[-87.149865999802145,45.183377000067388],[-87.149747999801377,45.183237999764984],[-87.149530000241484,45.183005000277845],[-87.149270999775396,45.1827610003145],[-87.149085999827463,45.182597000042094],[-87.148891999658701,45.18244299972686],[-87.148833999932393,45.182406999691779],[-87.148606000326751,45.182265000175661],[-87.148141999821249,45.181965999947302],[-87.14791000001766,45.181830000033258],[-87.147770000275585,45.181747999881587],[-87.147174000423917,45.181393999925163],[-87.146875999599771,45.181217000071378],[-87.146744000253619,45.181186000219206],[-87.146511999551691,45.181133999857401],[-87.146283000121144,45.181083999708257],[-87.146211999976032,45.181068999971529],[-87.146251000334104,45.181014999873526],[-87.146269999702369,45.18091100005644],[-87.14627399990033,45.180821999855077],[-87.145570999918547,45.179898000266583],[-87.144843999647307,45.178930999692987],[-87.144020000190011,45.177823999702618],[-87.143768000294926,45.177499000267559],[-87.143555999684509,45.17728799999005],[-87.143278999675076,45.177072000144484],[-87.142856999900687,45.176796999741903],[-87.141988000237561,45.176271000107967],[-87.140603000190382,45.175471000114719],[-87.13946199964235,45.174827999857399],[-87.137829999722982,45.173955999888179],[-87.137104000174972,45.173569000159326],[-87.136211000222389,45.173098999806044],[-87.135555999921181,45.172729999871954],[-87.133135999631222,45.171266000124284],[-87.133043999569693,45.17121500018925],[-87.132852999773988,45.171109000227922],[-87.132778000329225,45.171067000057242],[-87.13274700036709,45.171050000235653],[-87.13270499963599,45.171026999835725],[-87.132692000115497,45.171021999885177],[-87.132667000001149,45.171024999855547],[-87.132506000342673,45.171020999895042],[-87.132406999710156,45.171019999904878],[-87.132189000150262,45.171019999904878],[-87.131822999554061,45.1710189999147],[-87.131379000038351,45.171017999924459],[-87.131223000402741,45.171012999973186],[-87.130404999894907,45.171009000011836],[-87.129679000346911,45.171014999953776],[-87.128697999632465,45.171023999865454],[-87.128496999791025,45.171022999875348],[-87.12721999969888,45.171012999973186],[-87.125653999901729,45.171016999934253],[-87.124820000398685,45.171014999953776],[-87.12398799964717,45.171012999973186],[-87.122945999731655,45.171001000088289],[-87.122236000077194,45.170993000163627],[-87.120739999701939,45.170980000283663],[-87.11762099962813,45.170973999704763],[-87.114356999789379,45.170955999864127],[-87.111888999818817,45.170953999881505],[-87.111877999948163,45.173038000066001],[-87.111868999727335,45.177011000227402],[-87.111857000031776,45.178305999934402],[-87.111852000008881,45.178881999994196],[-87.111851000183989,45.180671999720268],[-87.111843999612972,45.181981000080846],[-87.10668099989114,45.181968000176383],[-87.106669000195581,45.18562499985071],[-87.108250000061332,45.185631999885729],[-87.109864000437369,45.185638999919888],[-87.110353000158909,45.18564100001997],[-87.110803000420702,45.185643000119953],[-87.111202999555459,45.185643999853326],[-87.111359999914313,45.185645999953238],[-87.111400999922182,45.186470000301149],[-87.110916000398589,45.186470000301149],[-87.110966999553909,45.187494000161415],[-87.110845000253491,45.187496000196276],[-87.10953899984905,45.187502000300491],[-87.109275000258378,45.187503000001222],[-87.106757999884039,45.18751500020754],[-87.104926999773028,45.18751500020754],[-87.101600000185073,45.187486999722232],[-87.101503000100692,45.185605999841755],[-87.100174999954945,45.185610999778085],[-87.100230000206508,45.186736000244103],[-87.098302999836051,45.186741000081184],[-87.098420999836833,45.189286999736382],[-87.101692000246587,45.189280000150816],[-87.101786999782831,45.191144000023392],[-87.104346999814894,45.191140000209955],[-87.104441000424529,45.192978000100048],[-87.105469000096335,45.192987999943284],[-87.105385000430729,45.191138000303098],[-87.106919000440826,45.191135000126181],[-87.106895999976288,45.190660999940782],[-87.109632999560375,45.190682000084685],[-87.109697000032781,45.192034000274923],[-87.110557000373404,45.192031000145249],[-87.112195999965479,45.192038000025583],[-87.11220099998836,45.1922470002159],[-87.11221699988188,45.192938000076445],[-87.112144000086943,45.193223999785516],[-87.112166999653155,45.193614000180261],[-87.112176999698903,45.193811000137977],[-87.112196999790399,45.19415600005992],[-87.112220000254922,45.1945450001881],[-87.112227999752534,45.194758999800186],[-87.112242999821149,45.194937999736197],[-87.112266000285686,45.195353999814074],[-87.112266000285686,45.195388000133391],[-87.112281000354301,45.195671000252894],[-87.112288999851899,45.195804000086838],[-87.112327000385051,45.196433999807766],[-87.112334999882663,45.196577999777517],[-87.112341999555355,45.196753999808337],[-87.112365000019878,45.19709699991553],[-87.112380000088493,45.197437000009536],[-87.112402999654705,45.197779999797767],[-87.112419000446565,45.198120000241808],[-87.112442000012777,45.198501000001109],[-87.11246399975407,45.198833000123628],[-87.112479999647618,45.199160999692282],[-87.112503000112142,45.19948899990208],[-87.112518000180771,45.199817000120042],[-87.112533000249385,45.200129999935143],[-87.112540999746983,45.200218999699565],[-87.112874999657819,45.200218999699565],[-87.113386999843883,45.200209999971555],[-87.113900999679785,45.200219999809924],[-87.114051000365933,45.200209999971555],[-87.114961000036956,45.200211000082071],[-87.115373999590517,45.200218000222186],[-87.115714000247451,45.200213999780516],[-87.116661999553315,45.200228000059191],[-87.11724200040976,45.200225999838743],[-87.117848000307163,45.200241000224452],[-87.118512999755794,45.200236000307292],[-87.118886000024716,45.200239000004458],[-87.119957000252512,45.20022300014093],[-87.121579999951081,45.200148000048088],[-87.134731999565588,45.200194000099863],[-87.151303999552766,45.200219999809924]]]},"properties":{"BASENAME":"Sister Bay"}},{"type":"Feature","geometry":{"type":"Polygon","coordinates":[[[-87.773692999954008,45.052225999769732],[-87.773691000304183,45.052011000281709],[-87.772305000432084,45.052003999700325],[-87.771488999574089,45.052000000274354],[-87.770891000072595,45.051997999926627],[-87.770866999783152,45.05313899972586],[-87.768454999889101,45.053125000107642],[-87.768460999736874,45.052834999720744],[-87.768479000178544,45.052000000274354],[-87.7685260000342,45.049650999973849],[-87.768531000057081,45.049435000107046],[-87.768536000079962,45.049194999791929],[-87.76854399957756,45.048812999683243],[-87.768551000148562,45.048452000076871],[-87.768551999973482,45.048415999824151],[-87.768552999798374,45.048377999709167],[-87.76855500034651,45.04827999986388],[-87.76855500034651,45.048239000209072],[-87.768556000171429,45.048144000214876],[-87.768556999996335,45.048018999748322],[-87.76855899964616,45.047760000207184],[-87.76643399980729,45.046757999987584],[-87.766295999715027,45.046690999930206],[-87.764139999914022,45.045529000027408],[-87.763457999848626,45.04517700010598],[-87.762511000367681,45.044686999707025],[-87.761327999986861,45.044075999963262],[-87.760413000292971,45.043564000205407],[-87.75998800014554,45.043340000139885],[-87.759347999912947,45.043522000021909],[-87.758972999994199,45.043627999791006],[-87.758371000294773,45.043798999711093],[-87.75836399972377,45.04353499976466],[-87.758360000424119,45.043511000286095],[-87.753375000079203,45.044898000145928],[-87.753337000444375,45.04483499974144],[-87.752744999892357,45.044998999692559],[-87.752627999716495,45.045005999861893],[-87.7509399997206,45.045097000081412],[-87.750680000327932,45.045110999760581],[-87.74988199991158,45.045153999705732],[-87.748413000198838,45.045216000101156],[-87.745577999807153,45.045338000109822],[-87.744700999748105,45.045375999705563],[-87.744247000186647,45.045386000062713],[-87.744008999636975,45.045404000193301],[-87.740585999789531,45.045530999966665],[-87.739897000051471,45.045567000130994],[-87.739536000376447,45.045574000230829],[-87.73943599991901,45.045140000037129],[-87.740224000289615,45.04501899990214],[-87.740073999603453,45.044684000071193],[-87.740008000379547,45.04455400004418],[-87.739970999671314,45.044488000249416],[-87.739931000386647,45.04442300005018],[-87.739887999830628,45.044359000084519],[-87.739841999799879,45.044295000047256],[-87.737815999695187,45.044332999701162],[-87.737845000007525,45.045095999786845],[-87.737860999901031,45.045607999796914],[-87.734360000235824,45.045676000137803],[-87.729930999559599,45.045759000201684],[-87.729671000166931,45.045761999781142],[-87.729678999664515,45.045973000063164],[-87.729702000129052,45.046244000201114],[-87.730045000260731,45.051135000110762],[-87.730085000443694,45.051494999735922],[-87.730092000116386,45.051667999980126],[-87.728936000398079,45.05202100011347],[-87.727112999784666,45.052645999773397],[-87.726761000330484,45.052766000114552],[-87.726424999871497,45.052906999717692],[-87.72651299973505,45.052959000293718],[-87.72659099955284,45.053020999844762],[-87.726640999781566,45.053068999696706],[-87.726689000360452,45.053127999935455],[-87.726455000008727,45.053183000135476],[-87.726020999640454,45.053299000014718],[-87.725596000391334,45.053432000286968],[-87.725317999658671,45.05352900004236],[-87.723104000131343,45.054366999773443],[-87.720929000063734,45.055188999933598],[-87.720179000226295,45.055473999875574],[-87.720197999594561,45.05568999978049],[-87.720201999792508,45.055745000054877],[-87.720211000013322,45.055851000019132],[-87.720228999556696,45.056049999924205],[-87.720281000333543,45.056645999833805],[-87.720391999763308,45.057924999884158],[-87.720596999802709,45.06061299981522],[-87.720606999848471,45.060749000271734],[-87.720620000267246,45.06092399984194],[-87.720632999787725,45.061107000262702],[-87.720636000160781,45.061149000224596],[-87.720713999978585,45.062224999908125],[-87.720848999697793,45.064073000164434],[-87.720877000185197,45.0644519999952],[-87.721981000024982,45.064413999748815],[-87.722656000417672,45.064390000147917],[-87.723510999837103,45.064360000156711],[-87.726131000143639,45.064298000209646],[-87.730557000446794,45.064190000120824],[-87.730898999855256,45.064182999761414],[-87.731048999643079,45.064178999918198],[-87.732766999776189,45.064137000278706],[-87.736106999782919,45.06405800008767],[-87.736881999734734,45.064039000153919],[-87.739753999936326,45.063970000107737],[-87.739847999647665,45.064367999817527],[-87.740032999595584,45.064361000114381],[-87.740487999880258,45.064349999944668],[-87.740733000102637,45.064344000197259],[-87.741401999749229,45.06464000030816],[-87.741616000009472,45.067243000205231],[-87.741610000161685,45.067473999882218],[-87.74276300040529,45.067404000270926],[-87.743277000241179,45.067374999863027],[-87.74498399960531,45.067265000063585],[-87.745349000376606,45.067239999848951],[-87.746657000430886,45.067160000230622],[-87.746659000080712,45.067083000230525],[-87.749455000114324,45.066920999982266],[-87.750440000128421,45.066867000220448],[-87.750511000273534,45.067435999741321],[-87.750560999603934,45.068220000203638],[-87.750758999970628,45.070423999829984],[-87.750815999872046,45.070422999978376],[-87.752416000004388,45.070371999910392],[-87.75242199985216,45.07047499985152],[-87.752986999741694,45.070444999881673],[-87.756505000023665,45.070263000023047],[-87.757787000138677,45.070197000077535],[-87.757823999948599,45.066519999887753],[-87.757833000169427,45.065551000148446],[-87.757861999583426,45.062833999972767],[-87.759194999752083,45.062869000049183],[-87.760881999923043,45.062875999935024],[-87.761459000406447,45.062885999770394],[-87.760922999930912,45.063261999925828],[-87.760942000197488,45.063385000121599],[-87.761062999672987,45.0640459998965],[-87.764348000326478,45.064109000078936],[-87.764356999648982,45.062935000207524],[-87.766231000316012,45.062967000276117],[-87.76772599996805,45.0629929998031],[-87.768306999751104,45.063003000252529],[-87.768310999949051,45.061777999755193],[-87.768377999896202,45.057261000166108],[-87.768393999789723,45.056008000024256],[-87.768402000185645,45.0558100000802],[-87.768403000010565,45.055706000258049],[-87.768787999975032,45.055710000059449],[-87.769613999980464,45.055719999879024],[-87.770414000046614,45.055729000222826],[-87.770460999902298,45.055729000222826],[-87.770625999758721,45.055730999805469],[-87.771610999772818,45.055741999729733],[-87.772071000080373,45.055747999745257],[-87.772742000275102,45.055754999868327],[-87.773220000125988,45.055760999882487],[-87.773656000144072,45.055765999788036],[-87.773658999618817,45.055454000148629],[-87.773660000342034,45.055405000280423],[-87.77366399964167,45.054902000228914],[-87.773665000364915,45.054822999968955],[-87.773667000014726,45.054638000122004],[-87.773671000212687,45.05417200026659],[-87.773672999862512,45.054007999961577],[-87.773672999862512,45.053955999704755],[-87.773678999710285,45.05336000031636],[-87.773678999710285,45.053330999764945],[-87.77368399973318,45.052806000172318],[-87.773686000281302,45.05256300018344],[-87.773686000281302,45.052531000003491],[-87.773688999756033,45.052278999864683],[-87.773692999954008,45.052225999769732]]]},"properties":{"BASENAME":"Peshtigo"}},{"type":"Feature","geometry":{"type":"Polygon","coordinates":[[[-88.163086999972364,44.8801780001655],[-88.163126000330408,44.8801140000365],[-88.162885000305991,44.880050999830004],[-88.16239200038649,44.879963000315271],[-88.161897999743772,44.879945999756963],[-88.161604999840804,44.879976000252057],[-88.16160800021386,44.879809000204098],[-88.161617000434703,44.879308999704627],[-88.161620999734339,44.879143000276372],[-88.161625999757206,44.878967000244494],[-88.161643000373957,44.878440000123071],[-88.161649000221743,44.878264999875256],[-88.161675000161011,44.876540000052842],[-88.161696000077399,44.875320999983487],[-88.161730000412604,44.873266000149187],[-88.161767000222511,44.871471999813295],[-88.161789999788738,44.869808999940744],[-88.161819000101048,44.868138000071824],[-88.161819000101048,44.868125000007296],[-88.161841999667274,44.867292999954969],[-88.161896999918852,44.865372999974582],[-88.161901000116814,44.864755999788322],[-88.1619069999646,44.863910999688024],[-88.162116000201976,44.857964000040262],[-88.16199999985102,44.857959999803562],[-88.16193999957656,44.859709999768448],[-88.157017000054239,44.859556999932806],[-88.156951999756913,44.861332999774199],[-88.156822999885478,44.861330000090668],[-88.151869000401021,44.861183000122402],[-88.151718999714888,44.864701000132804],[-88.151162000221291,44.864701000132804],[-88.150946000311222,44.864701999756548],[-88.149679000264811,44.864660000262788],[-88.149208999911536,44.864648000310837],[-88.147318000424391,44.864594000177803],[-88.146638999833726,44.86457500028402],[-88.146639999658646,44.864538000104226],[-88.146642000206782,44.864497000118114],[-88.146664999773009,44.863813000111776],[-88.146735999918107,44.861762999708994],[-88.146760000207564,44.861080000016315],[-88.146761000032456,44.861043000137215],[-88.146761999857375,44.861031000068074],[-88.141738999877631,44.860937999765753],[-88.141707000090577,44.861495999963097],[-88.141651999838999,44.861579000038205],[-88.141624000249905,44.861622999860714],[-88.141577000394236,44.861695000134482],[-88.141261000026759,44.861608000243365],[-88.140392000363605,44.861370000103683],[-88.139881999827352,44.861177000102735],[-88.139463000426019,44.860945999825034],[-88.138598999887421,44.860547000288271],[-88.137932999715574,44.860119000229567],[-88.137469000108382,44.85979900003516],[-88.13700499960288,44.859367999724356],[-88.136802000111615,44.859131000233759],[-88.13670599985214,44.859019000229083],[-88.136664000019351,44.858969000077046],[-88.136494000140033,44.858811000279168],[-88.136248000092749,44.858582000157156],[-88.136038999855373,44.858430999973308],[-88.135857000280481,44.858299999826166],[-88.135497000430391,44.858079000039844],[-88.135422000087317,44.858032999940228],[-88.135407000018688,44.858027999968705],[-88.135270999576264,44.857984999686323],[-88.135244999636981,44.85797600011184],[-88.134965999977723,44.857875999863296],[-88.134683000120503,44.857836999712916],[-88.134166999736479,44.857828000115312],[-88.133459999556734,44.857818000136241],[-88.133037999782331,44.857798999916511],[-88.132338000173618,44.857756000099897],[-88.132138999981976,44.857724999738323],[-88.131697999941011,44.857649999718845],[-88.131687999895263,44.857843999823466],[-88.131518000015944,44.862420000057305],[-88.131447999695766,44.864289999851152],[-88.131446000045926,44.864332000251579],[-88.131291000235237,44.864330999984688],[-88.126325999981802,44.864296000183117],[-88.126332999654508,44.864121999853197],[-88.126052000345425,44.864152999954179],[-88.125843999932954,44.864168000181849],[-88.125761000092282,44.864286999684964],[-88.124858999918857,44.864430999846213],[-88.125479000059983,44.86483699974098],[-88.12589900018456,44.865087000055212],[-88.125970000329659,44.865128999874152],[-88.126309000263362,44.865325999722543],[-88.126305999890334,44.865538000040864],[-88.126295000019681,44.86645300004416],[-88.126325999981802,44.86673399969154],[-88.126306999715226,44.867255000032749],[-88.126293000369841,44.867682999885197],[-88.126284000149013,44.867947000248179],[-88.124899000101834,44.867950000223665],[-88.124211000188666,44.867950999790999],[-88.123020000310248,44.867953000198945],[-88.122736999554732,44.867953000198945],[-88.122179000236216,44.867956999741352],[-88.120984000159822,44.867954999970209],[-88.120548000141738,44.867956000174125],[-88.120262999736397,44.867956000174125],[-88.120249000390999,44.868853999926145],[-88.120235000147289,44.869752999847258],[-88.120193000314487,44.869759000246432],[-88.120188000291634,44.87005199977218],[-88.120164000002177,44.871570999861021],[-88.117619000038729,44.871548999935854],[-88.117561000312421,44.875232000159706],[-88.118017000421986,44.875234000314613],[-88.123608999590914,44.875235999832846],[-88.123644999575916,44.874164999909333],[-88.124956000003252,44.874164999909333],[-88.125962999758656,44.874200000076279],[-88.126079000109613,44.874203999821148],[-88.126072000436906,44.874413999724482],[-88.126050999622194,44.875042999848411],[-88.126044999774408,44.875253999950132],[-88.12603700027681,44.875507999872958],[-88.126223999874568,44.875513000236104],[-88.126488000363523,44.875332000181039],[-88.129677999684105,44.875365000124482],[-88.129866000005094,44.875366000199627],[-88.130057999625706,44.875368999788428],[-88.1310490003859,44.875381000051689],[-88.13111200013509,44.875382000126564],[-88.131149999769917,44.875382000126564],[-88.131061999906379,44.877886000063825],[-88.131037999616922,44.878563000116962],[-88.131035000142205,44.87862600004307],[-88.131036999792016,44.878759999818165],[-88.126141000033869,44.878723999861769],[-88.125930999971601,44.878724999878543],[-88.125906999682158,44.879786000247158],[-88.125905999857238,44.879826000166332],[-88.125884000115931,44.880876000192551],[-88.125862000374624,44.881964999896034],[-88.125848000130915,44.882495999997914],[-88.126044999774408,44.882508999998855],[-88.126895999894188,44.882509999949839],[-88.127612000294775,44.882516000291965],[-88.129703999623388,44.882535999942533],[-88.129691999927815,44.883281000273044],[-88.129985999655688,44.883283000148161],[-88.130736000391451,44.883301000294189],[-88.131246999854312,44.883295999971317],[-88.131222999564869,44.883827999809789],[-88.132840000313934,44.883843000001896],[-88.135764000394076,44.88387899993787],[-88.135838000013905,44.883876000156242],[-88.135905999785976,44.883877000083473],[-88.135966000060435,44.883874000301688],[-88.135971000083302,44.883946000112338],[-88.135973999558047,44.883979000207553],[-88.135977999755994,44.88404000008304],[-88.135975000281263,44.884181000069326],[-88.135961999862474,44.884787999765756],[-88.135959000387743,44.884990999877168],[-88.135956999839607,44.88505299985929],[-88.136670999692043,44.885064000105778],[-88.138081999678477,44.885081999694549],[-88.138081999678477,44.885100999820068],[-88.138080000028665,44.885211000189173],[-88.138068000333092,44.885770999732806],[-88.138064999960051,44.885958999921165],[-88.137938999563346,44.886240999688226],[-88.135923000402727,44.886222999825634],[-88.135923000402727,44.886234999734619],[-88.135921999679496,44.886295999763774],[-88.135893000265497,44.887432999902529],[-88.135863999953187,44.888618000050784],[-88.135863999953187,44.888658000193757],[-88.135973999558047,44.888659000037869],[-88.140963000100911,44.888733999752425],[-88.140922000093028,44.890360999730412],[-88.140912000047294,44.890767999804375],[-88.140908999674224,44.89117399974355],[-88.142201999659903,44.891195999802619],[-88.1425189998523,44.89120400011128],[-88.142491000263206,44.89204400023565],[-88.142483999692217,44.892340000186664],[-88.142591999647252,44.892341999746847],[-88.143005999924029,44.892358000044254],[-88.142989000205588,44.893490999682449],[-88.143165999757599,44.893497999911851],[-88.145872000277834,44.893548999739622],[-88.145866000430061,44.893431000044522],[-88.145954000293614,44.890417000135081],[-88.146006999997056,44.888698000308963],[-88.146072000294396,44.887670999837148],[-88.146103000256531,44.88657799978813],[-88.146100999708395,44.886543000149146],[-88.146099999883475,44.886532000185433],[-88.146105999731247,44.886321000070069],[-88.150132999826255,44.886442999881247],[-88.151202000404254,44.886475999817023],[-88.156143000368246,44.886624999869923],[-88.156297000354016,44.886629000024065],[-88.156366999775912,44.886630999782803],[-88.156647000158387,44.886639999969184],[-88.156693000189136,44.88664099984836],[-88.157431000331044,44.886661999853139],[-88.157457000270284,44.886043000253657],[-88.157190000306613,44.886038000169108],[-88.157078999978509,44.886033999973876],[-88.156933000388662,44.886029999778351],[-88.156938000411529,44.885845000137572],[-88.156960999977755,44.885846999923558],[-88.157029999574718,44.885435999797174],[-88.157046000366563,44.885342000198115],[-88.156888000182803,44.885297000146068],[-88.156381000019607,44.885152999997636],[-88.156211999965208,44.885105000080237],[-88.15585200011509,44.884992999692848],[-88.155431999990526,44.884839000315758],[-88.155410000249219,44.884830999758243],[-88.154867999925912,44.884562000253879],[-88.154502000228035,44.884341000086657],[-88.154204000302201,44.884114000168609],[-88.153405000060943,44.883447999790668],[-88.152772000399338,44.882921999920384],[-88.152803000361502,44.882922999864199],[-88.152757000330737,44.882885000077607],[-88.156396999913127,44.883000999883521],[-88.157632000172484,44.883039000230006],[-88.161499000433906,44.883158000181098],[-88.161526000198094,44.883151999905976],[-88.161531000220961,44.882950000250055],[-88.16158999977219,44.880689999907702],[-88.161590999597109,44.880597000176294],[-88.161689000404706,44.88059900014472],[-88.161773999895203,44.880600000128901],[-88.161865000131797,44.8806080000018],[-88.161954999645175,44.880621999776608],[-88.162041999683808,44.880643000069071],[-88.162125000422805,44.880671000234841],[-88.16220499989042,44.880704000299097],[-88.162279000408589,44.880742000253221],[-88.16234700018066,44.88078600006822],[-88.162538999801285,44.880922999840834],[-88.162702000007883,44.880809000261898],[-88.163086999972364,44.8801780001655]],[[-88.126278000301227,44.868100000070754],[-88.126269999905318,44.868324000184288],[-88.126248000163997,44.868964999711686],[-88.126247000339092,44.868986999987904],[-88.126222000224729,44.869755000192583],[-88.126106999698692,44.869754000019924],[-88.124868999964605,44.869744999738494],[-88.124884000033219,44.868839000282854],[-88.124895999728793,44.868101000272155],[-88.126278000301227,44.868100000070754]]]},"properties":{"BASENAME":"Oconto Falls"}},{"type":"Feature","geometry":{"type":"Polygon","coordinates":[[[-87.53194100029765,44.444689000020588],[-87.531947999970356,44.443641999962729],[-87.525524999874804,44.443720000022225],[-87.524922000350458,44.443728999973061],[-87.523498999770126,44.443746999870541],[-87.521773000139419,44.443759999864341],[-87.513411999802756,44.443798999828331],[-87.506149000356416,44.44382600028149],[-87.506355000220722,44.442833999928901],[-87.506375000312218,44.442725000186456],[-87.504877000287138,44.442729000304176],[-87.50233200032369,44.442735000159509],[-87.502288999767657,44.443628000089049],[-87.502287999942766,44.443733999873857],[-87.502286000292941,44.446509000014082],[-87.502221999820506,44.446761000190989],[-87.502158000246411,44.447218000013407],[-87.501800999871037,44.448179999992114],[-87.501581999587913,44.448772999959715],[-87.501486000226777,44.449230000072802],[-87.501486000226777,44.449324000314988],[-87.501482999853707,44.45126500012757],[-87.501131000399525,44.4524079999591],[-87.500779000047018,44.453002000298319],[-87.500736000389324,44.453092000191887],[-87.500651000000502,44.453276999929372],[-87.500619000213447,44.454009000100235],[-87.500505000410655,44.454877999972659],[-87.500082999737927,44.455380000177072],[-87.499844000261646,44.455782999815149],[-87.499768000093667,44.455919999835146],[-87.499593000191481,44.45620800026127],[-87.499474000365794,44.456427000155564],[-87.499131000234129,44.456794999817674],[-87.498836999607931,44.457094999742864],[-87.498655999857959,44.457270999836538],[-87.498618000223132,44.457307999876164],[-87.498486999803561,44.457520000257844],[-87.498412000358798,44.457720000033319],[-87.498286999787027,44.457989000318058],[-87.498099000364348,44.458319999737775],[-87.497931000134869,44.45851999997894],[-87.497781000347047,44.458614000015977],[-87.497724000445629,44.45865200008344],[-87.497724000445629,44.458707999901634],[-87.498612000375346,44.458916000038386],[-87.498681999797228,44.458930000094952],[-87.498767000186049,44.459310999750436],[-87.498887999661562,44.459597000320251],[-87.498886000011723,44.459608999771007],[-87.498869000293297,44.459619000059433],[-87.498860999897374,44.459643999811291],[-87.498902999730163,44.459667999973377],[-87.499014000058253,44.4597180000656],[-87.499055999891041,44.459734999946143],[-87.499089000401341,44.459801999842028],[-87.499069000309831,44.460077000150065],[-87.499030999776693,44.460177000232356],[-87.498981000446292,44.460314999769736],[-87.498931000217581,44.460415000085554],[-87.498918999623697,44.460565000238134],[-87.499019000081134,44.460789999744435],[-87.498968999852423,44.460927000198829],[-87.498718999607163,44.461401999682572],[-87.498368999802793,44.462126999981159],[-87.497719000422777,44.463115000289427],[-87.497080999840009,44.463839999831428],[-87.49653100001909,44.464326999740742],[-87.496156000100342,44.464464999726687],[-87.495581000165103,44.464552000135555],[-87.49545899996636,44.464529000194837],[-87.495344000338633,44.464464999726687],[-87.494694000060292,44.463526999861998],[-87.494480999624955,44.463564999937525],[-87.494218999684151,44.463639999862224],[-87.493781000016213,44.463826999818991],[-87.493281000424034,44.464089999951369],[-87.492893999911416,44.464376999689719],[-87.492643999666171,44.464739999868797],[-87.492419000433586,44.465164999871583],[-87.492268999747438,44.465551999946065],[-87.492281000341308,44.466002000041883],[-87.492431000129159,44.466340000294316],[-87.492705999590441,44.466864999713202],[-87.492980999950063,44.467127000170109],[-87.493330999754434,44.467440000069857],[-87.493781000016213,44.467652000203707],[-87.494519000158107,44.467865000288569],[-87.494822000106794,44.467903000104585],[-87.494843999848115,44.46801499989089],[-87.494678000166758,44.468303000277771],[-87.494647000204623,44.469081000081637],[-87.494551999770067,44.469378000182097],[-87.49410499988133,44.469972999739184],[-87.49410499988133,44.470042000150791],[-87.492862000124362,44.471894000183902],[-87.492862000124362,44.472009000030987],[-87.492702000290805,44.47216899994293],[-87.49260699985625,44.472352000129781],[-87.492381999725339,44.472722000050659],[-87.492288000014014,44.472877999955351],[-87.492128000180443,44.473084000267121],[-87.492128000180443,44.47317499996479],[-87.491682000116612,44.473907000035588],[-87.491554000070082,44.474044999808406],[-87.491395000061445,44.474455999832266],[-87.490980999784654,44.475073999823657],[-87.490856000111179,44.475352999788278],[-87.490726000414838,44.475646000235749],[-87.490533999895902,44.47596600019012],[-87.490343000100182,44.476399999904238],[-87.490152000304491,44.476788999696161],[-87.490024000257961,44.477224000259426],[-87.489948000089967,44.477688000148895],[-87.489866000074201,44.478482000128217],[-87.489803000325011,44.479029999939122],[-87.489686000149163,44.479531000265098],[-87.494961000023977,44.479512999859608],[-87.495087000420668,44.479501999894012],[-87.494700999732984,44.480282000125293],[-87.493843999765417,44.482001999940387],[-87.496368999637369,44.481997000111278],[-87.496399999599518,44.481647000114386],[-87.496397999949693,44.480107000052129],[-87.496443000155537,44.480112000043206],[-87.496534000392117,44.480108999792272],[-87.498985999570849,44.480100000320341],[-87.498988000118985,44.479916000201023],[-87.498994999791677,44.479586000045224],[-87.499286000044819,44.479585000166196],[-87.501512000166031,44.479605000306833],[-87.501531000432621,44.47858700021105],[-87.501553000173928,44.477495000241056],[-87.496088000328299,44.477489000110815],[-87.496462000422113,44.476738000195745],[-87.496556999958344,44.4764720002063],[-87.499141000279863,44.476449999767318],[-87.501574000090315,44.476456999937042],[-87.502133000132062,44.476462000240858],[-87.509397000301632,44.476482000169987],[-87.510580999609047,44.476484000034368],[-87.51074600036381,44.476475999935587],[-87.510757000234449,44.476313999783095],[-87.510775999602714,44.476241999927083],[-87.510787000371693,44.476170999919724],[-87.510798000242346,44.476105000160423],[-87.510805999739944,44.476023999945923],[-87.510819999983639,44.475964000308025],[-87.510826999656331,44.475918999737864],[-87.510830999854292,44.47589699973139],[-87.510847999572746,44.475850999807591],[-87.510851999770694,44.475800000128366],[-87.510851999770694,44.475726999693009],[-87.510859000341711,44.475666999749748],[-87.510898999626363,44.475610000227263],[-87.510911000220247,44.475543999833462],[-87.510913999694978,44.475494999784154],[-87.510911000220247,44.47543600019344],[-87.510907999847177,44.475361999992337],[-87.510910000395327,44.475318000192104],[-87.510948000030155,44.475278000170093],[-87.510993000235999,44.475113999985496],[-87.511031999695746,44.474954999772962],[-87.511055999985203,44.474940999713318],[-87.511095000343246,44.47485599996601],[-87.511173000161051,44.474632000151992],[-87.511205999773026,44.474528999934627],[-87.511319999575846,44.474326000143918],[-87.511392000444175,44.474179000009457],[-87.511568000171266,44.473971999741615],[-87.511707999913355,44.473685999724268],[-87.511747000271413,44.473630000170871],[-87.511839000332941,44.473562000137328],[-87.511860000249328,44.473557000225988],[-87.511953000135733,44.473533000004657],[-87.511989000120749,44.473520000227865],[-87.512076000159396,44.473483000206237],[-87.512205000030818,44.473443000208434],[-87.512353000168829,44.473404000168173],[-87.512506000329708,44.473398000258307],[-87.512646999896688,44.473425999832514],[-87.51277900014118,44.473467999809614],[-87.512877000050466,44.473490000090855],[-87.512924999731041,44.473456000002422],[-87.512930999578813,44.473432999723968],[-87.512934999776775,44.473418999940222],[-87.512925999555947,44.473379999883917],[-87.512860000332026,44.473290999838639],[-87.512786999638777,44.473228999978971],[-87.512775999768124,44.473155000184292],[-87.51276499989747,44.473114999961723],[-87.512712000194014,44.473031000110119],[-87.51273099956228,44.472984999850169],[-87.512927000279177,44.472977999904984],[-87.512990000028381,44.472948000130387],[-87.513888000003817,44.472933000237326],[-87.514940999789971,44.472915999712789],[-87.517154000390718,44.4729009998115],[-87.520116999930593,44.472878999949252],[-87.521681000077933,44.472872999985412],[-87.527237999985047,44.472821000272724],[-87.527990000370636,44.472814000307856],[-87.528397000076424,44.47280999968654],[-87.528490999787735,44.47280699970112],[-87.529700999932729,44.472798999739325],[-87.529871999636967,44.472796999748702],[-87.530850999803263,44.472792999767258],[-87.531048000345066,44.472785999799036],[-87.531715000341848,44.472779999825576],[-87.531716000166767,44.47202300015293],[-87.531723999664365,44.471978999758228],[-87.53172200001454,44.471218999885416],[-87.531735000433329,44.467522000104083],[-87.53173799990806,44.467059000252618],[-87.531731000235368,44.46561699998194],[-87.531794999809463,44.461907000125727],[-87.531825999771598,44.460434000177479],[-87.531900000289767,44.451041999922879],[-87.531894000441994,44.450661999912931],[-87.531896999916711,44.450227999914837],[-87.531933999726647,44.450135000228521],[-87.531927999878874,44.44823999997385],[-87.531939999574433,44.444881000189227],[-87.53194100029765,44.444689000020588]]]},"properties":{"BASENAME":"Kewaunee"}},{"type":"Feature","geometry":{"type":"Polygon","coordinates":[[[-87.194725000363633,45.156295000204437],[-87.194711000119938,45.155968000298117],[-87.194579999700366,45.152678999798709],[-87.194441999608102,45.149065999787503],[-87.19432399960732,45.1459169997826],[-87.194239000116809,45.141842999757017],[-87.192503000440368,45.14187199974365],[-87.191855999636758,45.14188300019358],[-87.19164200027484,45.141887000299072],[-87.191561999908885,45.141889999902745],[-87.191489999938881,45.141890999770595],[-87.191397999877367,45.141890999770595],[-87.190039999594376,45.141913999894804],[-87.189384000366573,45.141928999805536],[-87.189358000427305,45.141927999938311],[-87.189338000335795,45.141928999805536],[-87.189201000068465,45.141928999805536],[-87.189067000174163,45.14193200004064],[-87.189032999838972,45.141932999907795],[-87.189025000341374,45.141830000195185],[-87.189025000341374,45.141807000037083],[-87.189025000341374,45.141674000153131],[-87.189025000341374,45.141655000053817],[-87.189025000341374,45.141635000075908],[-87.188995000204145,45.139861999878313],[-87.188971999739607,45.138777999831326],[-87.188964000242009,45.138282000020219],[-87.188771999723059,45.138284999813564],[-87.188308000115867,45.138293999826381],[-87.185378000187953,45.138344000153353],[-87.183928999668368,45.138370000230012],[-87.183829999934176,45.138373999948293],[-87.183574999666035,45.138376999736799],[-87.182121000021894,45.138397000223939],[-87.181479999964395,45.138403999727409],[-87.180755000241291,45.138416000141618],[-87.18050099979807,45.138398000153039],[-87.180289999910897,45.138419999856673],[-87.180038000015813,45.138424000205077],[-87.178699999824303,45.1384420001854],[-87.178704000022265,45.139463000257997],[-87.178710999694943,45.142108999693463],[-87.173522999858761,45.142189000165317],[-87.168494999856165,45.142128000275065],[-87.165976999656891,45.142097000056566],[-87.164360999631029,45.142135999817746],[-87.163865000236783,45.142102999875355],[-87.163832999551431,45.142100000282831],[-87.163681000113769,45.142084999783499],[-87.163326000286531,45.142064000091587],[-87.162990999652465,45.142069999913808],[-87.162855999933257,45.142075999735432],[-87.162657999566534,45.142072000276848],[-87.1619510002851,45.142036999933204],[-87.16167000007772,45.142031999972886],[-87.161274000242585,45.142009999762081],[-87.161107999662917,45.141997000238334],[-87.160697999584087,45.14199400000664],[-87.160430999620402,45.141998999970291],[-87.159999999625185,45.141998000104294],[-87.159623999881561,45.142002000201714],[-87.159212000152891,45.141994999872658],[-87.158787000005461,45.141976999746745],[-87.156837000068762,45.141913000027365],[-87.155328000173014,45.141889000034887],[-87.154842999751139,45.141889000034887],[-87.153702000101433,45.141875999849908],[-87.153215999854623,45.141876999717994],[-87.153225999900371,45.143214000316391],[-87.153229000273413,45.143800999881151],[-87.153225000075452,45.145450000051802],[-87.151549999600064,45.145450000051802],[-87.151554999622945,45.143187000069062],[-87.151557000171067,45.14274500027976],[-87.151557000171067,45.142695999864166],[-87.151569999691546,45.141870000007231],[-87.150961000319413,45.141869000139017],[-87.150281999728747,45.141868000270748],[-87.148756999939479,45.141864000163963],[-87.148183999654037,45.141874999981802],[-87.148057000330752,45.141870999875472],[-87.148055999607521,45.14274500027976],[-87.148055999607521,45.143256999956421],[-87.148055999607521,45.145506999704274],[-87.146170999968163,45.145511000189046],[-87.142845000205128,45.145505000095362],[-87.142936000441722,45.149153000084326],[-87.144338000207341,45.14913899991442],[-87.145941999639305,45.149133999943409],[-87.146724999987029,45.14913100008733],[-87.148803999795163,45.149136000058597],[-87.149977000130235,45.149134999684257],[-87.151546000300414,45.149143000144342],[-87.152953000088885,45.149141000029417],[-87.153211999656662,45.149162000282196],[-87.153206999633781,45.149763000074017],[-87.153215000029704,45.152203999688666],[-87.153220999877504,45.153395999907339],[-87.153216999679543,45.154134000185593],[-87.153225999900371,45.155782000182576],[-87.15322199970241,45.156477000197633],[-87.153213000379893,45.157187000301278],[-87.153220999877504,45.158105999898886],[-87.153218000402759,45.159766000032285],[-87.153228000448493,45.161340000172572],[-87.153230000098333,45.162323000240981],[-87.153240999968986,45.163443999882489],[-87.153240000144081,45.163748999901522],[-87.152517999895721,45.163740000107069],[-87.150870999907724,45.163737999871024],[-87.150092999582853,45.163734000032186],[-87.148079000072059,45.163731000311209],[-87.148078000247153,45.164553999761786],[-87.148078000247153,45.165389999882258],[-87.148078000247153,45.166224999693704],[-87.148078000247153,45.16644200021689],[-87.148065999653284,45.167402999744994],[-87.153218000402759,45.167437999713094],[-87.153203000334159,45.168893000077148],[-87.153210000006851,45.169936000234955],[-87.153203000334159,45.17293099974124],[-87.153208000357026,45.174260000051426],[-87.153203000334159,45.17591200013959],[-87.15320599980889,45.176516999809571],[-87.153206999633781,45.176991999876542],[-87.153209000181931,45.17730499984927],[-87.153230999923252,45.178122000288006],[-87.153224000250546,45.178282000069302],[-87.153215999854623,45.178465999831943],[-87.153200999786009,45.179472000245489],[-87.153210000006851,45.180299999985529],[-87.15320499998397,45.181351999741366],[-87.153230000098333,45.181725000003112],[-87.153240000144081,45.181747999881587],[-87.153230000098333,45.182000000033334],[-87.153160999603045,45.184011000272037],[-87.15323799959593,45.185236999909804],[-87.15326899955808,45.186776999908133],[-87.153301000243445,45.187908000184194],[-87.153256000037601,45.189672000307581],[-87.153255000212681,45.191398999896201],[-87.153259000410657,45.192869000048724],[-87.15326899955808,45.200150999749852],[-87.153646999849855,45.200152999972943],[-87.19320300004911,45.200065999698431],[-87.192961000199773,45.192878000304795],[-87.192731000045995,45.187126999853199],[-87.192057000376522,45.170312999926757],[-87.191803999758235,45.163993000261158],[-87.191499999984615,45.156361000109058],[-87.194358999767417,45.156302000044398],[-87.194725000363633,45.156295000204437]]]},"properties":{"BASENAME":"Ephraim"}},{"type":"Feature","geometry":{"type":"Polygon","coordinates":[[[-88.055831999837906,44.464872000015376],[-88.055603000407345,44.464791000237653],[-88.053460000126819,44.464012000167351],[-88.053403000225416,44.463991000306329],[-88.053229999973041,44.463921000287627],[-88.050905999942529,44.463123000296356],[-88.050983999760348,44.463046000023837],[-88.051181000302151,44.462853999942737],[-88.051305000150705,44.462733999811853],[-88.051327999716932,44.462710999796023],[-88.051466999634115,44.462574999851533],[-88.051748999666401,44.462299999768966],[-88.051864000192438,44.462187999916708],[-88.05152799973348,44.462068999878291],[-88.051623999992941,44.461949000057267],[-88.04986900004991,44.461355999874584],[-88.04024099966685,44.457937999777691],[-88.040299000291483,44.457853999884342],[-88.040483000414497,44.457589000001327],[-88.041152999886023,44.456623000020301],[-88.041981000439577,44.455428999801079],[-88.042852999577448,44.454184000203846],[-88.041510000261368,44.45371600004249],[-88.040203999856928,44.45325699974336],[-88.038880999734019,44.452790999882993],[-88.038072000345352,44.452506000305981],[-88.03779699998573,44.452410000007063],[-88.037566000007047,44.452329000253314],[-88.034560999736058,44.451277000008027],[-88.031510000332645,44.450207999967219],[-88.030477999564582,44.449846000244534],[-88.029952999858025,44.449663000041063],[-88.024133000185159,44.447639999948152],[-88.02039700034328,44.446314000001436],[-88.016944000358649,44.445109999799044],[-88.016867000365764,44.445082999939338],[-88.016805000441465,44.44506199968351],[-88.016773999581019,44.445051000279463],[-88.016580000310583,44.445143999723385],[-88.016511999640201,44.445189000290746],[-88.016243999851596,44.445478000229301],[-88.01608099964497,44.44568699985102],[-88.015921999636305,44.445895000192778],[-88.01570699955117,44.446143999738872],[-88.015637000129274,44.446270000109195],[-88.015596000121405,44.446327999872786],[-88.015525999801199,44.446360999922646],[-88.015473000097742,44.446436000141503],[-88.015343000401401,44.446514000318309],[-88.015166999776,44.446603999948863],[-88.014664999635656,44.446719000236982],[-88.014322000402316,44.44670700006138],[-88.014141999578939,44.446681999901337],[-88.01387499961524,44.446610999850186],[-88.013596999780887,44.446548999870437],[-88.013380000045927,44.446499999850261],[-88.013089999617691,44.446455000292836],[-88.012735999615373,44.446450999788937],[-88.012538000146961,44.446503999709492],[-88.012461000154076,44.446535999856017],[-88.012450000283408,44.446547000263088],[-88.012389000184044,44.446607999800975],[-88.01231700021404,44.446687000190707],[-88.012231000000298,44.446752000065956],[-88.012157000380455,44.446832999858607],[-88.012200000038163,44.446893999739146],[-88.012229000350487,44.446933999973183],[-88.012293999749474,44.447022999802385],[-88.012357000396989,44.447030000294809],[-88.012456000131195,44.447049000252939],[-88.012499999613809,44.44709799981262],[-88.012583000352805,44.447144999744289],[-88.01260199972107,44.44716400030628],[-88.012667999843302,44.447230999876098],[-88.01270999967609,44.447277999700752],[-88.012753000232124,44.447328000141283],[-88.012816999806219,44.447407000198517],[-88.01291300006568,44.447531000194765],[-88.012990999883499,44.44764599994047],[-88.013091000340921,44.447746999931866],[-88.013201999770686,44.447829999832194],[-88.013246999976531,44.447872000269946],[-88.013340999687841,44.447960000173047],[-88.013419000403971,44.448015999984051],[-88.013503999894482,44.448050999918827],[-88.01365700005536,44.448073999937868],[-88.013704999735921,44.448077999689311],[-88.013753000314821,44.448082000081747],[-88.013908999950445,44.448099000143451],[-88.014033999623891,44.448111999810024],[-88.014108000142059,44.448125000115006],[-88.014190000157825,44.448130000280884],[-88.014257999929882,44.448125000115006],[-88.014389000349468,44.448139999970017],[-88.014509999824952,44.448150000298753],[-88.014627000000829,44.448165000147362],[-88.014744000176705,44.448165000147362],[-88.014847000108858,44.448177999799242],[-88.014893999964514,44.448185000153238],[-88.015078000087556,44.448193000281954],[-88.015093000156142,44.448194000057498],[-88.015259999662419,44.448205999927602],[-88.015324000134839,44.448211000086559],[-88.015401999952644,44.448208999894746],[-88.015433999739699,44.448225999919494],[-88.015464999701834,44.448228999885607],[-88.015571999831948,44.448237000008255],[-88.015694999855597,44.448257999763918],[-88.015724000167921,44.448260999728433],[-88.015751999757001,44.448263999692756],[-88.015791000115073,44.448268000072495],[-88.015802999810631,44.448274000000254],[-88.015865999559821,44.44828299989075],[-88.015961999819282,44.448324000229512],[-88.016108000307483,44.448344000180953],[-88.016278000186801,44.448395000122339],[-88.01647400000536,44.448456000295572],[-88.016496999571572,44.448465999928899],[-88.016675999671733,44.448538000060061],[-88.016828999832597,44.448621000119005],[-88.016956999879127,44.44869999971008],[-88.017038999894893,44.448767999848876],[-88.017084999925643,44.448805000145811],[-88.017173999614116,44.448893999689375],[-88.017277000444594,44.449043999939072],[-88.017334000345983,44.449145000078261],[-88.017393999722131,44.449285000191949],[-88.017439999752881,44.449383999762865],[-88.017479000110939,44.449505999903671],[-88.017494000179553,44.44959899995024],[-88.01750099985226,44.449721000283247],[-88.017490999806498,44.449821000145405],[-88.01746999989011,44.449925000102567],[-88.017440999577786,44.45002199974158],[-88.017406000316015,44.450093000135503],[-88.017387999874359,44.450125000239645],[-88.017337999645619,44.450252999839698],[-88.017299000185886,44.450351999693709],[-88.017253000155137,44.45044399993877],[-88.017202999926425,44.450570000011311],[-88.017171000139356,44.450687000293357],[-88.017146000025022,44.450814000213633],[-88.017139000352302,44.450949000250212],[-88.017177999812077,44.451046000112349],[-88.017238999911427,44.451142999813399],[-88.017305999858579,44.451239000271222],[-88.017377000003691,44.45132099997619],[-88.017448000148804,44.45139200007349],[-88.017535000187436,44.451463999804034],[-88.01756299977653,44.451474999924294],[-88.01759200008884,44.451486999761649],[-88.017652000363299,44.451538000164966],[-88.017747999724463,44.451593999751822],[-88.017777000036773,44.451604999847596],[-88.017875999770979,44.451642000271036],[-88.017986000274163,44.451701000187228],[-88.018102999551701,44.451748999977227],[-88.018203999834043,44.451784999954171],[-88.018327999682612,44.451813999990762],[-88.018345000299348,44.451818000127304],[-88.0184619995769,44.451829999894194],[-88.018622000308767,44.451843000012893],[-88.01876100022595,44.451851000281799],[-88.018921000059535,44.451860999975146],[-88.019059000151785,44.451867999887732],[-88.019208000114702,44.451890999686199],[-88.019332999788176,44.451914000116872],[-88.019435999720329,44.451940000313989],[-88.019573999812607,44.451980000298704],[-88.019691999813361,44.452034000042183],[-88.019769999631166,44.452073999962515],[-88.019836999578317,44.452115000205083],[-88.019918999594083,44.4521740002847],[-88.019979999693462,44.452242000226427],[-88.020036999594879,44.452332000008695],[-88.020044000165882,44.45235500026569],[-88.020080000150898,44.452457000153075],[-88.020076999777842,44.45260799992969],[-88.020069000280245,44.452644999717691],[-88.020048000363829,44.452722000241273],[-88.019998000135132,44.452803000091201],[-88.01994200005862,44.452874000310544],[-88.01991299974631,44.452906000173485],[-88.0197510002629,44.453040999863106],[-88.019713999554682,44.45306799989185],[-88.019582000208516,44.453161000037696],[-88.019542999850444,44.453185999989643],[-88.019446999590983,44.453247000289032],[-88.01934399965883,44.453322999689966],[-88.019229999856009,44.453412000043826],[-88.019095000136787,44.453509000303939],[-88.018950000371831,44.453623000139224],[-88.018803999883659,44.453760999777053],[-88.018661999593434,44.453880000076488],[-88.018551000163654,44.453975999882658],[-88.018418999919191,44.454092999753719],[-88.01830599994129,44.454184999876787],[-88.018279000177117,44.454208999717814],[-88.018206000382179,44.454276000183548],[-88.018160000351415,44.454319999815944],[-88.018070999764646,44.45442400009771],[-88.018007000190551,44.454515000032046],[-88.017940000243385,44.454593999986898],[-88.017879000144035,44.45467800008133],[-88.017823000067523,44.454771999891143],[-88.017772999838812,44.454879000274943],[-88.01771900031045,44.454977999982027],[-88.017701999693699,44.455064000122455],[-88.017676999579351,44.455167999720445],[-88.017676999579351,44.455260000073629],[-88.017665999708683,44.455339000303034],[-88.017664000058872,44.455354999881955],[-88.01762700024895,44.455457999951747],[-88.017616000378297,44.455485999796132],[-88.017587999890878,44.455639000014031],[-88.017552999730782,44.455755999759255],[-88.017530999989475,44.455860000048503],[-88.017508000423263,44.455930999757264],[-88.017488000331781,44.455987000261459],[-88.017474000088086,44.456025000114956],[-88.017428000057322,44.456109000074626],[-88.017402999942959,44.456203000145777],[-88.01737500035388,44.456281999740661],[-88.01732699977498,44.456383999822464],[-88.017279999919324,44.456487000000834],[-88.017248999957175,44.456537999884965],[-88.017216000345215,44.456586999819706],[-88.017197999903544,44.456612999859956],[-88.017149000398078,44.45674099998805],[-88.017094000146471,44.456842999909291],[-88.017018999803398,44.456966999749561],[-88.016937999612551,44.457072999693835],[-88.016831000380748,44.457172000169692],[-88.01674500016702,44.457253999879796],[-88.016623999793211,44.457359999944281],[-88.016498000294817,44.457453000308135],[-88.016366999875245,44.457572000137112],[-88.016217999912314,44.457675999756773],[-88.01608300019312,44.457776000104175],[-88.015811000206554,44.457953999926893],[-88.015669999741235,44.458043999882868],[-88.015523000326453,44.458138000044968],[-88.015350000074093,44.458238999845925],[-88.015211999981858,44.458309999868007],[-88.0150899997831,44.458372999788224],[-88.014958000436934,44.458439999964675],[-88.014836000238205,44.458507000064245],[-88.014730999757901,44.45857200025003],[-88.014623999627787,44.458634000290765],[-88.014533000289504,44.458698999694022],[-88.014409000440935,44.458802999871075],[-88.014314999831299,44.458894000034313],[-88.0142860004173,44.458922000154644],[-88.014266000325819,44.458950999852938],[-88.014242999861281,44.458972000244565],[-88.014214000447268,44.459025999934489],[-88.014181999761902,44.459072999885166],[-88.0141459997769,44.45918900021551],[-88.014118000187793,44.459302000276956],[-88.014118000187793,44.459435999703274],[-88.014134999906247,44.459544000098475],[-88.01415800037077,44.459646999832081],[-88.014191999807665,44.459740999978244],[-88.014300999587604,44.459883000130311],[-88.014386999801317,44.459993999701595],[-88.014482000235873,44.460099999921248],[-88.01463000037387,44.460177999802738],[-88.014811000123842,44.46023700007126],[-88.014991000048894,44.460323000160351],[-88.015179000369869,44.460413000311696],[-88.015345999876146,44.460487999797614],[-88.015489999816182,44.46053000010874],[-88.015658999870595,44.460587999817122],[-88.015821000252288,44.46065000028176],[-88.015991000131606,44.460728000069601],[-88.016103000284602,44.460809999915071],[-88.016222999935195,44.460921999846263],[-88.016288000232535,44.461035999956344],[-88.016269999790865,44.461129000235587],[-88.016258999920211,44.461139999817597],[-88.016201000193888,44.461201000143227],[-88.016109999957294,44.461245999880127],[-88.016095999713585,44.461252999950048],[-88.015970000215205,44.461310000030316],[-88.015925999834266,44.461331999765257],[-88.015736999688386,44.461377000042305],[-88.01565700022077,44.46139700001185],[-88.015607999816964,44.46141100011468],[-88.015393999556721,44.46145399995153],[-88.015354000272055,44.461459999806969],[-88.015134000164039,44.461512000024271],[-88.014863000002379,44.461588999755449],[-88.014602999711386,44.46166499984016],[-88.014406000067893,44.461733000270783],[-88.014166999693302,44.46178999988242],[-88.013909999775336,44.461851999711755],[-88.013672000123975,44.461905999943845],[-88.013494999673654,44.46193399990198],[-88.013333000190258,44.461960000125927],[-88.013194000273089,44.46197100019252],[-88.013017999647658,44.461978000175513],[-88.012826999851953,44.461978000175513],[-88.012616999789685,44.461957999763854],[-88.012460000329156,44.46193399990198],[-88.012219000304725,44.461897999770137],[-88.012021999762922,44.46185500026025],[-88.011783000286641,44.461795999703327],[-88.011528999843421,44.461743000195405],[-88.011313999758272,44.461701000115724],[-88.011081000129778,44.461657999819643],[-88.010923999770924,44.461625000077881],[-88.010780999655807,44.461582999913261],[-88.010729999602162,44.461561999819651],[-88.01069100014243,44.461560000085079],[-88.010650999959466,44.4615680003051],[-88.010538999806457,44.461551999863964],[-88.010423000353825,44.461537000247887],[-88.010342999987884,44.46152700028793],[-88.010265000170079,44.461499999682289],[-88.010157000215045,44.461486999789948],[-88.010065000153546,44.46148099993728],[-88.010024999970568,44.461485000052861],[-88.009984999787591,44.461489000168115],[-88.00991700001552,44.461509000099298],[-88.009902999771839,44.461517999873749],[-88.009856999741075,44.461550000129108],[-88.009825999778926,44.461572999961227],[-88.009799000014766,44.461596999971491],[-88.009732000067615,44.461640999857849],[-88.00968799968669,44.461680000064511],[-88.009686999861771,44.461705999760419],[-88.009686000036851,44.46173200008586],[-88.009656999724527,44.461844999713655],[-88.009614000066819,44.461900000134236],[-88.00946199973086,44.462103999726189],[-88.009440999814458,44.462128999696311],[-88.009420999722977,44.462153000119159],[-88.009335000407575,44.462249999964527],[-88.009265000087368,44.462333999944967],[-88.00920900001087,44.46245700013332],[-88.009194999767175,44.462481999952274],[-88.009131000193065,44.462610000037223],[-88.00869099997702,44.463393000208001],[-88.008612000334296,44.463638000198884],[-88.008478000439993,44.463870999948092],[-88.008448000302778,44.46393700007949],[-88.008394999701011,44.464043999696827],[-88.008317999708126,44.464214999930455],[-88.008268000377711,44.464259999908684],[-88.008259999981789,44.464272999824701],[-88.008169999570114,44.464423999820681],[-88.008086999729443,44.464556000040673],[-88.008009999736544,44.464729999816356],[-88.008001000414026,44.464746000027617],[-88.007951000185301,44.464833000017713],[-88.007889000261031,44.464978999842273],[-88.00785499992584,44.465133000315468],[-88.007837000382494,44.465279000030854],[-88.007814999742862,44.465405000150362],[-88.007813000093051,44.465425000022243],[-88.007797000199517,44.46558500003249],[-88.007820999590635,44.465758999946566],[-88.007839999857225,44.465897999866371],[-88.007853000276015,44.466004999735979],[-88.00785499992584,44.466021999709177],[-88.007865999796493,44.466112000050572],[-88.007851999552798,44.466212000053439],[-88.0078380002074,44.466333000193245],[-88.00780899989509,44.466423000055087],[-88.007777000108035,44.46651499998417],[-88.00776399968926,44.466599999699213],[-88.007755000366728,44.466627999970385],[-88.007724000404593,44.466728999829677],[-88.007701999764961,44.466781999939819],[-88.007695999917189,44.466798999686773],[-88.007669999977907,44.466835000001844],[-88.007671999627732,44.466884999725927],[-88.007638000190866,44.466928000018555],[-88.007608999878528,44.466978000304074],[-88.007567999870659,44.467024000169928],[-88.007546999954272,44.467066000266627],[-88.00751000014435,44.467109999877628],[-88.007409999686914,44.467207999911892],[-88.007346000112818,44.467320999838705],[-88.007310999952708,44.467393999890746],[-88.007296999709013,44.467427000218024],[-88.00728400018852,44.467460999972289],[-88.007275999792611,44.467475999989595],[-88.007239999807595,44.467547000318334],[-88.007300000082068,44.467616999835542],[-88.007411000410144,44.467731999775921],[-88.007433000151437,44.467744000118991],[-88.007470999786278,44.467762999748984],[-88.007505999946389,44.467784000176309],[-88.007548999604083,44.467809000278351],[-88.007593999809941,44.46783399972859],[-88.007613999901409,44.467844999970552],[-88.007639000015772,44.467858999809209],[-88.007729000427446,44.467910000017383],[-88.007813999917957,44.467938999738813],[-88.007839999857225,44.467951000039328],[-88.007958999682913,44.467987999721664],[-88.008127999737312,44.4680139998136],[-88.008317999708126,44.468025000021633],[-88.008511999876873,44.468021999790253],[-88.008711000068502,44.468005999835889],[-88.008804999779812,44.467995000265354],[-88.008932999826342,44.467982999973884],[-88.009065000070834,44.467969000164963],[-88.009094000383158,44.46796700000877],[-88.009229999927271,44.467964999852569],[-88.009429999943819,44.467988999799402],[-88.009553999792359,44.468009000068037],[-88.009638000356262,44.468020999713119],[-88.009715000349175,44.468031999919795],[-88.00977999974819,44.468045000277975],[-88.009794999816805,44.468047999867082],[-88.009957000198497,44.468085000129015],[-88.01014299997135,44.468131999838825],[-88.010318999698441,44.468183999882861],[-88.010479000430323,44.468233999733542],[-88.010618000347492,44.468280999964449],[-88.01077099961006,44.468335000019344],[-88.010938999839539,44.468400000161651],[-88.011128999810339,44.468483000198638],[-88.011153999924701,44.468494999746234],[-88.011316000306408,44.468568999679945],[-88.011467999744056,44.468647999852166],[-88.011613000407323,44.46872200023293],[-88.011740999555528,44.468786999944264],[-88.011880000371022,44.468865999821432],[-88.012046000052379,44.468968999776536],[-88.012162000403308,44.469052999704992],[-88.012299999597289,44.469159000144273],[-88.012404000252658,44.469239000215289],[-88.012470000374904,44.469294000080339],[-88.01255200039067,44.469372999912309],[-88.012677999889036,44.469494999962144],[-88.012872000057797,44.469722999812994],[-88.012954000073563,44.469832999861147],[-88.013026000043595,44.469943999746235],[-88.013092000165827,44.470049999849493],[-88.013150999717055,44.470153000279467],[-88.013210000166609,44.470310000037436],[-88.013251999999412,44.470467000014189],[-88.013257000022264,44.470488000109697],[-88.01327700011376,44.470626000274713],[-88.013274999565624,44.470659000056784],[-88.013270000441054,44.470748000269595],[-88.013243999603489,44.470888999904012],[-88.013238999580608,44.470913999958249],[-88.013195000097994,44.471035999992168],[-88.013154000090125,44.4711420000353],[-88.013130999625588,44.4711760001898],[-88.013075000447387,44.471258000103802],[-88.013006999777019,44.471349000084544],[-88.012993000431621,44.471366999803323],[-88.012979000187926,44.471383000118458],[-88.012917000263656,44.471453000163564],[-88.012814000331488,44.471542999823484],[-88.012708999851199,44.471630999955046],[-88.012570999758921,44.471726000050154],[-88.012456000131195,44.471813999905777],[-88.012354000023947,44.471896000205469],[-88.012280000404104,44.471958000199194],[-88.01218900016751,44.472027000187211],[-88.012121000395439,44.472086000019281],[-88.012036000006617,44.472169999948981],[-88.01195399999088,44.472253999757775],[-88.011906000310276,44.47230099995673],[-88.01188799986862,44.472319000022878],[-88.011868999602058,44.472338000086708],[-88.011789999959333,44.472413000278237],[-88.011758000172279,44.472442999686812],[-88.011655000240125,44.472547999739049],[-88.01154399991205,44.472667000210855],[-88.011472999766937,44.472734000008835],[-88.011464000444406,44.472740999983287],[-88.01139900014708,44.472812000317752],[-88.0113229999791,44.472891999868878],[-88.011270000275658,44.472963000019632],[-88.011201999605277,44.473028000136068],[-88.01113499965814,44.473091000199595],[-88.011061000038268,44.473152000216608],[-88.010994000091117,44.473217000122581],[-88.010923999770924,44.473286999891052],[-88.010850999976,44.473347999703201],[-88.010775999632926,44.473419999924857],[-88.010665000203161,44.473503999857577],[-88.010646999761491,44.473518000261912],[-88.010536000331726,44.473602000053567],[-88.010409000110116,44.473672999981517],[-88.010271999842772,44.4737570001911],[-88.010128999727627,44.473832999818583],[-88.009949999627494,44.473908000011868],[-88.009747999961121,44.473982000133766],[-88.009717999823891,44.473992999857998],[-88.009604000021085,44.474035000068064],[-88.009579999731642,44.474043999834421],[-88.00946299955578,44.47408000016803],[-88.009436999616511,44.474087999954278],[-88.009284000353944,44.474128000150962],[-88.00911699994937,44.474166999707386],[-88.008971000359494,44.474199000080034],[-88.008953999742744,44.474202999965115],[-88.008588000044853,44.474241000141838],[-88.008537999816141,44.474247999935528],[-88.008379999632396,44.474253999758055],[-88.008321999906087,44.474260000220937],[-88.008268000377711,44.474267000012354],[-88.008244000088283,44.474271999862864],[-88.008117999691578,44.474303000208394],[-88.007948999637165,44.474352999945268],[-88.007813999917957,44.47438700015207],[-88.007782000130902,44.474399999735773],[-88.007762000039421,44.474408000119119],[-88.007669000153001,44.474445000195296],[-88.007542999756311,44.474466000141426],[-88.007377000074953,44.474500000282447],[-88.007346000112818,44.474507000045072],[-88.007188999753993,44.474552999746344],[-88.007022000247716,44.474610000301269],[-88.006827000254049,44.474655999921353],[-88.006693000359746,44.474698000295255],[-88.006510999886558,44.474773000017869],[-88.006368999596319,44.474833000239329],[-88.006238999899978,44.474886000041806],[-88.006226000379513,44.474890999839232],[-88.006093000310116,44.474955999731264],[-88.005962999715464,44.475018000320169],[-88.005951000019905,44.475023000106326],[-88.005936999776182,44.475029999806225],[-88.00575799967605,44.475114999941091],[-88.005654999743896,44.475172999901723],[-88.005530000070408,44.475240000027625],[-88.005417999917427,44.475295000006504],[-88.005270999604335,44.475342000320346],[-88.005217000075973,44.475359000138155],[-88.005140000083074,44.475377999853201],[-88.0050210002574,44.475386000102525],[-88.004903000256618,44.4754100002028],[-88.00449700037575,44.475493999835031],[-88.0043530004357,44.475524000223793],[-88.004349000237738,44.475627999913812],[-88.004344000214871,44.475732000059423],[-88.00434199966675,44.475791999935865],[-88.004334999994043,44.475943000259917],[-88.004302000382083,44.476054000062206],[-88.004231000236985,44.476236000308951],[-88.004208999597353,44.476300000049505],[-88.004117000434164,44.47653399982547],[-88.004093999969626,44.476592000298652],[-88.004035000418398,44.476793000044715],[-88.003878000059558,44.477138999991737],[-88.003811000112407,44.477244999846519],[-88.003663999799315,44.477439999771853],[-88.003467000155823,44.477796000107695],[-88.003416999927097,44.477875999877085],[-88.00303199996263,44.478484999821887],[-88.002915999611673,44.478716000127356],[-88.002869999580923,44.478823000214241],[-88.002810000204789,44.478961999788474],[-88.002783000440616,44.479025999743939],[-88.002733000211904,44.479171000074345],[-88.002719999793115,44.479206999808795],[-88.002713999945328,44.479229999734336],[-88.002704999724486,44.47940099970468],[-88.002725999640887,44.479668000320359],[-88.002733000211904,44.479743999940943],[-88.002780000067546,44.479793000267883],[-88.002781999717385,44.479805000053901],[-88.002804000357017,44.479954999734815],[-88.002841000166924,44.480112999913203],[-88.002886000372783,44.480272000171844],[-88.002909999763901,44.480386000308307],[-88.003006999848282,44.480728999881492],[-88.003105999582488,44.480903000155365],[-88.003153000336454,44.481005000163066],[-88.003207999689721,44.481106000139484],[-88.003252999895579,44.481186999708683],[-88.003348000330121,44.481299000280799],[-88.003361999675533,44.481313999946252],[-88.003406000056458,44.48138100007121],[-88.003508000163691,44.481458999718029],[-88.003529999905012,44.481478000010583],[-88.003671000370318,44.481557000013858],[-88.003714000028026,44.481573999943805],[-88.003801000066645,44.4816130002921],[-88.003928000288269,44.48166700018907],[-88.004063999832397,44.481725000046467],[-88.004170000137606,44.481761999969578],[-88.0043109997046,44.481806000038105],[-88.004434999553155,44.48186399975733],[-88.004603999607568,44.481918000062905],[-88.004690999646186,44.481942999878811],[-88.004771999837047,44.48196299985208],[-88.004897000408832,44.482000000265131],[-88.005242000190336,44.48208599969692],[-88.00542799996316,44.482138000126497],[-88.005585000322,44.482201999802783],[-88.005716999668152,44.482257000269605],[-88.005874000027006,44.482311000211432],[-88.006049999754097,44.482377000001229],[-88.006101999632648,44.48239800029738],[-88.006197999892109,44.482429000171429],[-88.006242000273033,44.482442999716319],[-88.00629400015157,44.482460999858709],[-88.006606000321113,44.482572000080062],[-88.006638999933074,44.482582000280175],[-88.006712999552903,44.48260999993412],[-88.007052000384945,44.482730000221416],[-88.007109000286349,44.482752000215321],[-88.00739799999134,44.482897000258603],[-88.007490000052854,44.482945000038825],[-88.007583999764179,44.483016000135386],[-88.007669000153001,44.483083000228511],[-88.007761000214501,44.483168000168952],[-88.007819999765744,44.483252999985503],[-88.007869999994455,44.483352000286843],[-88.007904000329646,44.483457999749938],[-88.007927999720764,44.483582000098799],[-88.00790199978151,44.483716999998052],[-88.007876999667161,44.483839000184211],[-88.007828999986572,44.483951999955657],[-88.007774999559885,44.484063999706009],[-88.007731000077285,44.484161000311708],[-88.007659000107267,44.484273000301705],[-88.007582000114354,44.484403000260805],[-88.007501999748428,44.48452300006447],[-88.007435999626196,44.484607999829464],[-88.007302999556785,44.484807999730492],[-88.007203999822579,44.484912999964827],[-88.007126000004789,44.485017000224239],[-88.007048000186984,44.485104000120117],[-88.007028000095488,44.485125999859619],[-88.007014999676713,44.485137999830499],[-88.006927999638066,44.485214000016363],[-88.006900999873892,44.485237999919555],[-88.006834999751646,44.485284999914981],[-88.006751000086055,44.485346000002544],[-88.006614999643617,44.485427999872748],[-88.006561000115255,44.485459000059357],[-88.006480999749314,44.48550500009916],[-88.006190000394497,44.485609999719827],[-88.006063000172887,44.48564899993363],[-88.005920000057756,44.485696000238811],[-88.005811000277816,44.485728999830464],[-88.005699999949726,44.485750000201776],[-88.005593999644518,44.485773999884451],[-88.005509999978926,44.48578700013568],[-88.005401000198987,44.485795000239555],[-88.005340000099622,44.485796999784682],[-88.005272000327551,44.485781000217266],[-88.005253999885895,44.485761000271161],[-88.005195000334666,44.485733999980575],[-88.005124000189554,44.485702999940095],[-88.005129000212435,44.485731999792392],[-88.005149000303902,44.485765999777684],[-88.005154000326783,44.485801999928967],[-88.005138000433249,44.485826000231143],[-88.005104000098058,44.485846000154964],[-88.005048999846494,44.485866999843253],[-88.004979000424598,44.485893000301417],[-88.004938000416715,44.485899999979068],[-88.004741999699831,44.485947000082014],[-88.00460600015569,44.485977999992826],[-88.004480999583905,44.486006999708401],[-88.004319999925428,44.486046000297662],[-88.004181999833165,44.486080999867603],[-88.004043999740915,44.486113999882356],[-88.00391400004456,44.486151000226265],[-88.003772999579255,44.486179999855842],[-88.00355300036955,44.486228000139221],[-88.003360999850599,44.486280000081244],[-88.003038999635336,44.486337000075295],[-88.0028600004335,44.486331000213461],[-88.00281299967952,44.486329999809193],[-88.00274999993033,44.486345000103746],[-88.002657000043911,44.486351999727212],[-88.002604000340455,44.486342999936511],[-88.002556999586474,44.4863189998471],[-88.002502000233207,44.486283000014843],[-88.002508999905899,44.486323999946642],[-88.002534000020262,44.486364999849627],[-88.002548000263971,44.486394999775982],[-88.002554000111758,44.486445999807692],[-88.002508999905899,44.486498000196228],[-88.002446000156709,44.48653699981633],[-88.002384000232439,44.486579999728775],[-88.002373000361786,44.486587999723895],[-88.00229100034602,44.486634999913335],[-88.002230000246641,44.486671000169203],[-88.002219000376002,44.486693999715811],[-88.002232999721386,44.486756000008704],[-88.002241999942214,44.486792999945393],[-88.002211999804985,44.48684099972435],[-88.002202999584156,44.486855000133112],[-88.002094999629136,44.486873000195949],[-88.002011999788436,44.486889999858533],[-88.001919999726937,44.48687199980094],[-88.001827999665423,44.486857000282782],[-88.00173700032714,44.486857000282782],[-88.001685000448617,44.486876000099052],[-88.001616999778236,44.486884999807501],[-88.001509999648107,44.486944999750797],[-88.00140800043917,44.487006000025161],[-88.001261000126078,44.487062999950673],[-88.001143000125296,44.487119999820472],[-88.001025000124542,44.487157000167151],[-88.000831999780701,44.487211000059396],[-88.000724999650572,44.487238000307194],[-88.000554999771254,44.487289000242697],[-88.00041800040222,44.48732700022849],[-88.000264000416422,44.487363000057321],[-88.00019300027131,44.487373999822545],[-88.000116000278425,44.487393000111275],[-88.000052999630924,44.487423000149811],[-87.999994000079695,44.487445000296461],[-87.999902999843073,44.487468000178723],[-87.999860000185393,44.487483000180632],[-87.999783000192508,44.487471000051215],[-87.99970799984942,44.48750899991844],[-87.999654000321058,44.48755300013854],[-87.999594999871519,44.487568999860798],[-87.999506000183061,44.487588000086021],[-87.999430999839973,44.487608000046592],[-87.999342999976434,44.487642000220127],[-87.999271000006431,44.487662999902724],[-87.999178000119997,44.487690999681391],[-87.99912100021858,44.487702000025628],[-87.999077999662575,44.487704999886134],[-87.99904599987552,44.487729999785607],[-87.999024000134199,44.48774399998095],[-87.998978000103463,44.487758000172974],[-87.998872999623146,44.487763000149165],[-87.998846999683892,44.487776999695754],[-87.998782000284876,44.487815000004503],[-87.998706999941788,44.487837999740869],[-87.998658000436322,44.487846999941723],[-87.998609000032516,44.487881999712791],[-87.998566000374808,44.487892000284347],[-87.998358999787257,44.487994000248918],[-87.998162000143765,44.488079999816549],[-87.997777000179298,44.488249000020772],[-87.997581000360711,44.488334000124219],[-87.997310000199064,44.488452999804601],[-87.997285999909622,44.488496000227158],[-87.997224999810257,44.488536000159591],[-87.997182000152534,44.488590999781557],[-87.997157000038186,44.488627000111954],[-87.997097999588632,44.488668000318725],[-87.997038000212498,44.488729999795147],[-87.996880999853673,44.488864000236958],[-87.996865999785058,44.488878000160163],[-87.996808000058721,44.488928999943461],[-87.996885000051634,44.488962000269524],[-87.997063000326861,44.489039000316907],[-87.997203000068936,44.489092000032471],[-87.997225999635162,44.48909999968307],[-87.997562000094149,44.48922000007795],[-87.997678000445106,44.489260999867895],[-87.998990999623928,44.489727999911906],[-87.999756000428306,44.490001000172228],[-88.002580999875931,44.491000000012711],[-88.004181999833165,44.491566000049225],[-88.005405000396948,44.491999000043819],[-88.008047000444776,44.492932999966307],[-88.009048000352408,44.49328700003322],[-88.009813000258461,44.493557000095123],[-88.010872999717307,44.493932000207685],[-88.013737000421301,44.49494499974471],[-88.015146999684518,44.495444000025991],[-88.01797200003044,44.496443000183895],[-88.018059000069087,44.496471000232965],[-88.019373999796045,44.496938000213198],[-88.020797000376376,44.49744199988676],[-88.021464000373143,44.497677999863683],[-88.021726000313976,44.497769999856565],[-88.022620000091464,44.498083000068704],[-88.022953000177395,44.498201999720784],[-88.023265000346925,44.498311999904679],[-88.023752000418639,44.498483999881188],[-88.024125999614142,44.49861599995117],[-88.024755999801002,44.496471999822525],[-88.025122000397204,44.495229999751572],[-88.02512900006991,44.495211000093491],[-88.025741999640005,44.494552999750908],[-88.025770999952314,44.494525999685422],[-88.027781999988406,44.492385000023624],[-88.027027999952978,44.492125000148725],[-88.026328000344236,44.491881000217418],[-88.029269000142804,44.489952999789473],[-88.029403000037107,44.489864999732774],[-88.029566000243733,44.489764000181324],[-88.029584999611998,44.489747000074694],[-88.029933999591449,44.489517000217845],[-88.030526999968373,44.489126999697291],[-88.031527000051099,44.488028999931778],[-88.031549999617312,44.488002999784833],[-88.032047999559666,44.487455000302084],[-88.032148999842008,44.487360999924995],[-88.032569999791491,44.486884000053571],[-88.03355700035371,44.485798000198088],[-88.033942000318191,44.485546999713762],[-88.034186999642259,44.485374000252548],[-88.034284999551545,44.48530899978892],[-88.034480000443537,44.485176999719009],[-88.034609000314958,44.485089999932008],[-88.035188000448187,44.484699999933213],[-88.03614400014996,44.48405500020327],[-88.037653000045694,44.483038000021388],[-88.038672000394968,44.482353000202806],[-88.039491999654302,44.48179899986922],[-88.039534000385416,44.481746999778373],[-88.039603999807298,44.481660999846916],[-88.040409999721248,44.480663000150201],[-88.040466999622666,44.480594999979893],[-88.04063300020232,44.480473999923966],[-88.040767000096636,44.480377000238157],[-88.041089000311899,44.480143999719481],[-88.041112999703046,44.480116000163939],[-88.041972000218735,44.479080000112425],[-88.042267999596447,44.478723000025234],[-88.042758000041218,44.478132000196744],[-88.042778000132685,44.478108999838341],[-88.04280999991974,44.478069999711629],[-88.043577000373929,44.477511000158067],[-88.044281000180646,44.476156000214083],[-88.044321000363624,44.476064000097566],[-88.044927000261012,44.47574000026016],[-88.045035000216046,44.475682000222079],[-88.045123000079599,44.475635000182088],[-88.045617999648911,44.475369000292574],[-88.047644999578509,44.474282000203559],[-88.048046000334807,44.474257000310061],[-88.048078000121862,44.474236000288677],[-88.048701999562624,44.473781000320301],[-88.0490510004404,44.473527000108],[-88.049253000106773,44.473419999924857],[-88.049274999848066,44.473407000122904],[-88.049301999612254,44.473371000015156],[-88.049360000236888,44.473328999968189],[-88.049424999635903,44.473282999943144],[-88.049465999643772,44.473226000015089],[-88.049504000176924,44.473197999703899],[-88.051141000119188,44.472006000004399],[-88.051495999946425,44.471395999730227],[-88.052281999768866,44.470045000278333],[-88.052614000029891,44.469474000150363],[-88.052973000055104,44.468856999897596],[-88.053142000109503,44.468562999914042],[-88.055831999837906,44.464872000015376]]]},"properties":{"BASENAME":"Allouez"}},{"type":"Feature","geometry":{"type":"Polygon","coordinates":[[[-87.664444000400223,45.115579999760143],[-87.663697999862435,45.114848000064789],[-87.663541000401906,45.114699000258355],[-87.662090000232482,45.113320000287729],[-87.661296000014104,45.112565999972375],[-87.661106000043304,45.111866000235011],[-87.661215999648164,45.109648999754555],[-87.661213999998353,45.109072999683114],[-87.661210999625283,45.108339999757057],[-87.661210999625283,45.108278999799047],[-87.661049999966821,45.108180999927548],[-87.660526000085184,45.107861999743463],[-87.660001000378614,45.107541999842546],[-87.659951999974808,45.107512000314649],[-87.659237000297466,45.107525999927219],[-87.658704000195002,45.107536000191821],[-87.658171000092523,45.107547000290715],[-87.657135000024809,45.107568000012414],[-87.65674300038765,45.107679999877192],[-87.654451999969098,45.108331999911755],[-87.652512000078147,45.108633000132848],[-87.651412000436324,45.108557999863955],[-87.650569999639046,45.107916000072898],[-87.64899299997127,45.106887999965437],[-87.648291999639312,45.106432999690078],[-87.648191000255267,45.106368000169887],[-87.647881999560468,45.10633700016777],[-87.645756999721598,45.106123999759575],[-87.642395999798453,45.106262999910669],[-87.640172000225377,45.106471999747129],[-87.640035999782924,45.106484999760191],[-87.638286999687679,45.106551000268666],[-87.638033000142784,45.106477000288983],[-87.636109999970273,45.105918000144719],[-87.635807999846477,45.105870000287688],[-87.635765000188755,45.105862999961708],[-87.634801000091073,45.10571500002473],[-87.634087000238637,45.10583999988102],[-87.633195000110959,45.106059999749526],[-87.632975000002943,45.106113999881593],[-87.632754999894914,45.106167999962622],[-87.632716000435167,45.10617799983109],[-87.631534999704172,45.106223999710835],[-87.630681000109661,45.106043000190525],[-87.630007000440187,45.105607000222676],[-87.629582000292743,45.105326999807744],[-87.628876999762824,45.104052999822549],[-87.627716999846541,45.103349999935325],[-87.626526999793029,45.103127999941094],[-87.626491999632947,45.103120999912939],[-87.625190000324764,45.102962000129637],[-87.625121999654382,45.102950999781321],[-87.622624000444915,45.102561999876862],[-87.621940999656303,45.102454999741553],[-87.621645000278605,45.102408999995035],[-87.619236999684205,45.101572999964283],[-87.614952999671246,45.100078000059838],[-87.60831399966564,45.09853300001928],[-87.604110999843542,45.097555000189828],[-87.603305999754511,45.097367999732192],[-87.598302000041343,45.096203999807734],[-87.595854999987182,45.095625999687876],[-87.593411000306062,45.095050000168833],[-87.592802000035633,45.094905999698369],[-87.592191999940241,45.094762000133073],[-87.591879999770725,45.094689000153096],[-87.59020799966838,45.095264000091525],[-87.590158000337979,45.09528000027283],[-87.585485999987498,45.096890999816537],[-87.585609999836052,45.097368999746408],[-87.586152999984293,45.09724299971549],[-87.589227999677149,45.09652899999562],[-87.590253999699129,45.096292000251943],[-87.590269999592635,45.096406000106946],[-87.590818999588649,45.096862999810682],[-87.591694999822778,45.09739800015204],[-87.593434999697195,45.098462999772401],[-87.59485499990447,45.09944599979189],[-87.595630999681191,45.099902999895392],[-87.596082999592809,45.10004000004075],[-87.596505000265523,45.100124999748147],[-87.596535000402739,45.100131000177761],[-87.596824999932664,45.100336999750098],[-87.59689000022999,45.10047400012229],[-87.597310000354568,45.100863000303562],[-87.597665000181806,45.101250999790508],[-87.597665000181806,45.101388999815612],[-87.597727000106062,45.101443999870462],[-87.597874000419168,45.101574999845454],[-87.597840000083977,45.101629999721176],[-87.597886000114727,45.101728999997967],[-87.598072999712471,45.101753999707661],[-87.598461000049994,45.101984000074147],[-87.598541000415935,45.102032999960848],[-87.598618000408848,45.102121000298702],[-87.598664000439598,45.102153999914904],[-87.598898999717932,45.102104000200789],[-87.599092999886665,45.102167000277269],[-87.599796999693382,45.102728000217368],[-87.600026000022226,45.102928999712361],[-87.600180999832929,45.103175000288971],[-87.6003409996665,45.103390000105271],[-87.600534000010342,45.103516999793278],[-87.600669999554469,45.103602000030754],[-87.600970999853345,45.103925000159428],[-87.600979000249268,45.104022999729111],[-87.600983000447229,45.104041999684462],[-87.601016000059204,45.104177000252903],[-87.601115999618301,45.104259999720654],[-87.601257999908526,45.10433099972721],[-87.601795000208952,45.104865999839475],[-87.602081000439227,45.10524399998922],[-87.602076000416346,45.105257000281988],[-87.602052999951823,45.105284000100198],[-87.60205700014977,45.105306999770853],[-87.60207499969313,45.10539900026302],[-87.602105999655265,45.105431999886555],[-87.602274999709678,45.10552599992004],[-87.602360000098486,45.105536999772184],[-87.602513000259364,45.105709000181982],[-87.604022999980003,45.107400000120222],[-87.604472000416877,45.107902999751715],[-87.604513000424774,45.108077000293946],[-87.60448300028753,45.108198999942459],[-87.603514999991901,45.108664999972454],[-87.602556999741978,45.107834999876616],[-87.600412999636532,45.105978000226209],[-87.600026000022226,45.106202000269192],[-87.602832000101586,45.108671000138514],[-87.603267000294778,45.109054000134279],[-87.603418999732412,45.109187000013357],[-87.604848000160516,45.108560999952672],[-87.60512900036791,45.108655999722181],[-87.605259999889171,45.108713000015221],[-87.6052840001786,45.108723000071855],[-87.605222000254344,45.10875300023131],[-87.60535299977559,45.108825000169283],[-87.605471999601278,45.108805000089944],[-87.605548999594177,45.108839000093845],[-87.606191000374906,45.109470999723527],[-87.606567000118545,45.109971000110029],[-87.606757000089331,45.110342000279502],[-87.606777000180827,45.110415999686495],[-87.60651900043797,45.110643999826323],[-87.606099000313407,45.11075899996839],[-87.605905999969551,45.11089600005571],[-87.605582999929368,45.110964999864095],[-87.605421000445972,45.111124999953276],[-87.605454000057918,45.111354000199995],[-87.605506999761374,45.111406999993264],[-87.605579999556312,45.111615000249408],[-87.606105000161179,45.111440999715107],[-87.606301999804671,45.111374999789028],[-87.606367999926917,45.111379000132509],[-87.60640999975972,45.111381000304142],[-87.606981000395336,45.111194000118793],[-87.607197000305405,45.111216000172412],[-87.607295000214691,45.111362000255632],[-87.607284000344023,45.111406000224875],[-87.607345000443402,45.111586999856769],[-87.607512999774571,45.1118299999765],[-87.607712999791119,45.111995000235105],[-87.607836999639687,45.112022999793602],[-87.608024999960648,45.11205699978246],[-87.608490000291056,45.112426999955076],[-87.608518999705055,45.112455999685615],[-87.608574999781553,45.112580000247227],[-87.608712999873816,45.1127559999683],[-87.608777000346237,45.112802000252564],[-87.608866999859615,45.112866000310753],[-87.609060000203456,45.113019999800088],[-87.609105000409286,45.113114000016864],[-87.609242999603239,45.113378000094414],[-87.609357000304371,45.113591999789399],[-87.609465000259405,45.113719000236138],[-87.609641999811416,45.113796000149755],[-87.609827999584255,45.113851000296108],[-87.609927000216757,45.113967999762679],[-87.609933999889464,45.113976999809218],[-87.609926000391852,45.114131999824849],[-87.610087000050342,45.114325000098376],[-87.610194000180456,45.114450999832798],[-87.610217999571589,45.114488000054152],[-87.610246000058993,45.114532999862696],[-87.610354999838933,45.114704999790085],[-87.610363000234869,45.114715999775143],[-87.610383000326351,45.114822999750032],[-87.610396999671721,45.114895999979154],[-87.610460000319236,45.114969999820822],[-87.610493999756116,45.115010000089363],[-87.610493999756116,45.115078000291362],[-87.610656000137823,45.115192999740053],[-87.610656000137823,45.11528399981205],[-87.610728999932746,45.115361999848865],[-87.610785000009244,45.115420999813985],[-87.610826999842033,45.11550299971794],[-87.61091399988068,45.115672000176552],[-87.611043999577021,45.11592399975823],[-87.611043999577021,45.116212999865631],[-87.611043999577021,45.11640400007871],[-87.610836999887795,45.116623000123752],[-87.610785999834164,45.116678999757177],[-87.610762000443017,45.116830999752956],[-87.610699999620437,45.116836000021195],[-87.610692000122839,45.116882000186315],[-87.610596999688269,45.116880000207473],[-87.610576999596788,45.116925999703206],[-87.610687999924878,45.117044000141824],[-87.611005999942179,45.11695799996447],[-87.611221000027356,45.11701999982526],[-87.611317000286803,45.117153999825987],[-87.611388000431916,45.11736099975731],[-87.611395000104622,45.117431000286913],[-87.611399000302583,45.117446999961203],[-87.611456000203987,45.117596000199299],[-87.611494999663734,45.117628000084835],[-87.611497000211855,45.117639000140407],[-87.611755999779646,45.117912999917706],[-87.611800000160585,45.118037999684489],[-87.611852999863999,45.118339999710123],[-87.611853999688933,45.119010000084415],[-87.611846000191335,45.11904399971386],[-87.611821999901878,45.119148000281861],[-87.611821999901878,45.119238999751722],[-87.611692000205537,45.119284999881287],[-87.61159400029625,45.119406000031319],[-87.611411999823062,45.11944099968634],[-87.611232999722901,45.1195169998594],[-87.6110700004146,45.119604000241893],[-87.610923000101522,45.119636999893238],[-87.610713999864132,45.11958700027958],[-87.610590999840497,45.119530999696757],[-87.610475000387851,45.11952000000597],[-87.610420999961178,45.11952000000597],[-87.610349999816066,45.119584999761656],[-87.610450000273488,45.119668000278239],[-87.610380999778215,45.119690000234563],[-87.610357000387083,45.119761000064528],[-87.610604000259286,45.119833000060751],[-87.610812999598338,45.119856000207669],[-87.610872000047877,45.119873999709846],[-87.610886000291586,45.119994000260576],[-87.611046999950076,45.120164999959577],[-87.610988000398848,45.120219000058327],[-87.610971999606988,45.120317999789663],[-87.611063999668502,45.120366999785219],[-87.611250000339652,45.12039500030712],[-87.611338000203205,45.120473999939676],[-87.611499999686615,45.120907999965958],[-87.611509999732348,45.121263999757431],[-87.611519999778082,45.121593000166094],[-87.611512000280484,45.121636999853443],[-87.611479999595105,45.121724999760168],[-87.6114019997773,45.121779000283993],[-87.611271000256053,45.121801000060167],[-87.611108000049455,45.121805999892871],[-87.611015000163022,45.121839000172237],[-87.610906000383082,45.121914999686524],[-87.610882000093625,45.122014000278121],[-87.611060000368852,45.121991999950232],[-87.611206999783647,45.122008999829781],[-87.611361999594337,45.122064999881971],[-87.611560999785965,45.122251999941007],[-87.611753000304901,45.122494000076955],[-87.611883000001242,45.122797000172362],[-87.611927000382167,45.123060000258015],[-87.611932000405048,45.123477999747799],[-87.611886000374298,45.123658999754859],[-87.611697000228418,45.124062999936925],[-87.611342000401166,45.124558999825013],[-87.611245000316785,45.1245819999682],[-87.611148000232404,45.124650999708336],[-87.611002999569152,45.1249840002572],[-87.610451999923313,45.125195000312708],[-87.61036200040995,45.125223999892818],[-87.610144999776637,45.125295999966923],[-87.609981999570039,45.12534600028183],[-87.609803000368217,45.125443999833813],[-87.609338999862715,45.12562200011584],[-87.608984000035463,45.125690999865704],[-87.60885099996608,45.125697000143127],[-87.608813000331239,45.125698999812911],[-87.608721000269739,45.125682999917373],[-87.60848799974292,45.125568000060483],[-87.608434000214558,45.125623999788253],[-87.608527999925883,45.1257130000348],[-87.608498999613573,45.125714000186306],[-87.608143999786321,45.125531000051758],[-87.608041999679088,45.125475999754542],[-87.608069000341587,45.125470000087702],[-87.608007000417302,45.125371999946552],[-87.60786000010421,45.125350000279767],[-87.607752000149162,45.125361000114225],[-87.607588999942564,45.125426999710172],[-87.607581000444952,45.125434000171829],[-87.607530000391321,45.125479000221581],[-87.607489000383438,45.12551500010904],[-87.607511999949651,45.125635999722803],[-87.607531000216227,45.12565500008931],[-87.607531000216227,45.125806000108412],[-87.607917999830519,45.12607999996191],[-87.608065000143625,45.126374000034183],[-87.608025999785553,45.126453999765765],[-87.608060999945664,45.126479000054985],[-87.608087999709838,45.126498000140714],[-87.608118999671973,45.126509999891354],[-87.608177000296621,45.126857000304121],[-87.608199999862848,45.126884000044974],[-87.608173999923565,45.127031000100018],[-87.608291000099427,45.127172999780576],[-87.608430999841502,45.127195000011866],[-87.608502999811535,45.127186000148718],[-87.608824000201906,45.127428000269987],[-87.608921000286273,45.127726000197718],[-87.608888999600907,45.128229000044769],[-87.608792000414851,45.128434000150364],[-87.608890000324138,45.129279999961319],[-87.609216999663971,45.130225000184666],[-87.609245999976295,45.13030799979834],[-87.60927799976335,45.130536999747754],[-87.609408000358002,45.130651000295828],[-87.609375999672622,45.130810999691221],[-87.609472999757017,45.130902000204657],[-87.609552000298038,45.131237999916458],[-87.60949600022154,45.131450999755415],[-87.609411999657638,45.131803000120051],[-87.609329999641872,45.132011000178558],[-87.609280000311486,45.132091000242802],[-87.609280000311486,45.132140000266396],[-87.609250000174242,45.132214999962237],[-87.609153999914781,45.132365999726652],[-87.609097999838283,45.132455000227317],[-87.608602000444051,45.132822999897463],[-87.608500000336818,45.132848999956579],[-87.608252999566275,45.132937000312381],[-87.608113999649106,45.133046999774038],[-87.608044000227224,45.133129999717056],[-87.608021999587592,45.133403999877793],[-87.608057999572608,45.133499000116522],[-87.608054000272958,45.133555000296496],[-87.608151000357338,45.134104000291821],[-87.607892999716171,45.134744000158385],[-87.607183000061681,45.135521999692507],[-87.606311000025514,45.136277000164817],[-87.606070999825988,45.13643900017977],[-87.605568999685659,45.1367800000099],[-87.60508400016208,45.137076999917589],[-87.604867000427106,45.137151000140314],[-87.604613999808805,45.137235999712452],[-87.60427700042321,45.137352000072191],[-87.604250999585631,45.137360000284971],[-87.603849999727643,45.137450999853911],[-87.603595000357828,45.137507999899867],[-87.603542999580981,45.137519999868907],[-87.603285999663044,45.137529000002473],[-87.60314699974586,45.137535000301966],[-87.602365999946258,45.137535000301966],[-87.602339000182084,45.137536000246229],[-87.602062999997571,45.137494000038359],[-87.60188700027048,45.137467000250538],[-87.601812999752312,45.137419000314509],[-87.60171099964505,45.137306999884196],[-87.601616999933725,45.137075999965276],[-87.601375999909308,45.136642000006503],[-87.601236000167219,45.136555000259797],[-87.601026999929829,45.136483999785405],[-87.600909999753981,45.136418000309405],[-87.600770999836797,45.136314000173577],[-87.60068700017122,45.136246999900301],[-87.600647999813162,45.136216000286318],[-87.600465000413365,45.136049999756814],[-87.600431999903094,45.135981999835572],[-87.599591999653953,45.135546999809428],[-87.598803000356753,45.135569999957951],[-87.598784999915111,45.135570999936675],[-87.598364999790533,45.135776000268848],[-87.598138999834731,45.136165000026168],[-87.597720000433398,45.137423000099496],[-87.597235000011494,45.137880000301323],[-87.597041999667653,45.137972000244325],[-87.596977000268623,45.138063000103891],[-87.596783000099862,45.138291999964466],[-87.596654000228455,45.138634999969469],[-87.596492999671639,45.138840999980182],[-87.595911999888585,45.139160999892717],[-87.595911999888585,45.139594999688683],[-87.59594399967564,45.139640999879354],[-87.596040999760021,45.139869999738941],[-87.596203000141728,45.140007000266664],[-87.596603000174809,45.140364999781831],[-87.596604999824635,45.140381999888767],[-87.596574999687405,45.140513999726473],[-87.596630999763903,45.140581999946036],[-87.596684000365656,45.140645999892214],[-87.596830999780437,45.140611999830732],[-87.596984999766235,45.140534999989285],[-87.597156000368756,45.140475000123061],[-87.5973339997457,45.140452000051994],[-87.597450000096643,45.140452000051994],[-87.597819000167576,45.140600999769227],[-87.598432999562604,45.141057999845692],[-87.59849700003501,45.141140000287109],[-87.598755999602787,45.141469000114938],[-87.598849000387503,45.141734000024861],[-87.598885000372519,45.141835000173216],[-87.598886000197439,45.142246999771878],[-87.598661000066542,45.142520999846553],[-87.598661000066542,45.142641000278601],[-87.598555999586239,45.14269699971792],[-87.598456000027127,45.142785000083471],[-87.598517999951397,45.142840000163794],[-87.598835999968728,45.142871999828927],[-87.59899900017534,45.142903000259651],[-87.599307000146922,45.143001000059257],[-87.599493999744666,45.143199000110158],[-87.599557000392167,45.143349000094105],[-87.599658999601104,45.143602000182398],[-87.599724999723364,45.143762999826755],[-87.601808999554351,45.143842999878466],[-87.602084999738878,45.143842000044806],[-87.602587999704099,45.143842000044806],[-87.602914999942257,45.143853000114632],[-87.603001999980904,45.143857000081901],[-87.603191000126799,45.143881999712455],[-87.603488000227699,45.143891000109029],[-87.604378999632161,45.143918000022943],[-87.604675999733075,45.14392699978022],[-87.604966000161312,45.143936000169688],[-87.605837000372574,45.143963000062293],[-87.605988999810222,45.14396799985326],[-87.606051999559412,45.143970000149707],[-87.606127999727391,45.143971999812457],[-87.606301999804671,45.143975999771328],[-87.606639000088578,45.143985999984224],[-87.606827000409538,45.14399200023778],[-87.607002000311724,45.143997999857142],[-87.607705000293521,45.144018000273341],[-87.609815999888681,45.144079999871614],[-87.610519999695384,45.144101000088177],[-87.610807999575471,45.144108000158596],[-87.611674999588786,45.144128999731223],[-87.611964000192103,45.144135999798259],[-87.612626000166003,45.144163000229753],[-87.614612000087703,45.14424700029361],[-87.615151000037969,45.14427000010096],[-87.615274999886523,45.144274000038976],[-87.615530999979555,45.144275999691068],[-87.615526999781608,45.144314000037078],[-87.615515000086035,45.144437999789595],[-87.615100999809243,45.148759999982595],[-87.614957999694113,45.150464000210398],[-87.614647000247814,45.150462999859364],[-87.614653999920492,45.150374999942493],[-87.612729999923076,45.150359000000606],[-87.612714000029555,45.150725000002559],[-87.611847000016226,45.150703999692105],[-87.611846000191335,45.150920999781562],[-87.611845000366415,45.151048999829399],[-87.611845000366415,45.151433999849125],[-87.611845000366415,45.151562999710109],[-87.611841000168454,45.151631999751658],[-87.611831999947611,45.151810999717796],[-87.611831999947611,45.151839999701828],[-87.611831999947611,45.151909999733661],[-87.61182899957457,45.152553999920201],[-87.61253800030245,45.15257199987397],[-87.613557999578333,45.152597999797216],[-87.613786999907191,45.152603999777803],[-87.614259999735211,45.152609999757757],[-87.614515000003337,45.152613999744077],[-87.614639999676797,45.152615000057345],[-87.614814999578996,45.152617999730069],[-87.614796000210731,45.152998999961589],[-87.61469900012635,45.154795999831805],[-87.615407000131015,45.154809999879092],[-87.61540499958285,45.155123000128604],[-87.617064000164746,45.155114999874449],[-87.617070999837424,45.154843000067409],[-87.617084000256213,45.154582000128968],[-87.617105000172629,45.154183999924001],[-87.618003999972998,45.154176999823875],[-87.618019000041613,45.153910999817235],[-87.619238000407421,45.153893999943691],[-87.619338999791452,45.153608999966991],[-87.619173999935015,45.153608000304679],[-87.618681000015499,45.153605000050561],[-87.618516999983981,45.153605000050561],[-87.618330000386209,45.153603999754615],[-87.618177000225344,45.153603999754615],[-87.618219000058133,45.151641999888426],[-87.61824300034759,45.151643000218762],[-87.618361000348372,45.151645000245892],[-87.618543999748155,45.151650999693324],[-87.618746000312839,45.151656000077004],[-87.618850999894818,45.151658999800247],[-87.618835000001297,45.15184999980216],[-87.618799999841187,45.152273999906946],[-87.618557999991864,45.152251999847621],[-87.618522000006848,45.153043000128548],[-87.619500000348253,45.153294000301742],[-87.619595999709404,45.153101000095162],[-87.619676000075344,45.152983999796135],[-87.619780999657337,45.152878000119166],[-87.619967000328472,45.152733999835796],[-87.619992000442835,45.15271999991203],[-87.620242999614689,45.152591999815989],[-87.620553999959299,45.152462999750028],[-87.621118999848832,45.152229999779799],[-87.62134800017769,45.152095999816773],[-87.621451999934763,45.152007999887175],[-87.621488999744699,45.151976999973222],[-87.621557000415052,45.151880000092575],[-87.62164699992843,45.151735000126457],[-87.621839000447366,45.151737000150312],[-87.622312000275372,45.151743999916626],[-87.622130999627103,45.155332999905148],[-87.632501000350004,45.155586000016847],[-87.632676000252189,45.152466000064273],[-87.632701000366552,45.152028999717153],[-87.632733000153607,45.151543000040569],[-87.632861000200123,45.148179999732839],[-87.623648999743665,45.14797000020797],[-87.623379000305235,45.14796700029062],[-87.622569000193337,45.147960999821862],[-87.622298999856596,45.147959000299039],[-87.622298000031677,45.14787099968396],[-87.622297000206785,45.1476070001913],[-87.622297000206785,45.147519000299901],[-87.622384000245404,45.146330999873605],[-87.622389000268285,45.146270999771247],[-87.622368000351884,45.146270999771247],[-87.622371999651534,45.146182999718107],[-87.62089299989303,45.146148999790753],[-87.619742000197562,45.146122000299897],[-87.619543999830867,45.146117000064251],[-87.618573000060479,45.146095999956749],[-87.618507999763139,45.14609299994077],[-87.617859000208028,45.146079000286463],[-87.617861999682759,45.145897999830204],[-87.617872999553413,45.145207999736463],[-87.618323999640126,45.145190999801372],[-87.618326000188262,45.1447810002038],[-87.617894000368125,45.1447810002038],[-87.617895000193045,45.144741999717603],[-87.617901000040831,45.144482000229651],[-87.617904000413873,45.144364000153686],[-87.617904000413873,45.144344999683682],[-87.618528999679526,45.144362999695602],[-87.618793000168509,45.144368999909481],[-87.619584999838736,45.144386999913827],[-87.61984900032769,45.14439399994918],[-87.620377000407316,45.144404000088684],[-87.62196400012084,45.144433999863089],[-87.622493000025344,45.144444999818674],[-87.623180000113621,45.144464000255347],[-87.625242000203301,45.144521000260113],[-87.625930000116483,45.144540999859252],[-87.62672299961163,45.144521000260113],[-87.62735199997357,45.144509999685617],[-87.628111999856756,45.144497000098298],[-87.631620000092994,45.144604999796464],[-87.632097000118975,45.144620000266357],[-87.633042999775014,45.14464999992714],[-87.633169000171705,45.144653000019055],[-87.633180999867264,45.144368000085109],[-87.633399000325454,45.140143999831594],[-87.633400000150374,45.140111999902558],[-87.633502000257621,45.138622000309873],[-87.633556999610903,45.137819000236597],[-87.633570999854598,45.137616000164208],[-87.633560999808864,45.137439999816245],[-87.633636999976844,45.135973000091496],[-87.633638999626669,45.135941999694893],[-87.633761999650318,45.133561999760595],[-87.63424299987426,45.126376999820174],[-87.634253999744914,45.126241999788213],[-87.634274999661315,45.1259900001413],[-87.634339000133707,45.125234000225483],[-87.634360999875028,45.124983000092882],[-87.634474999677835,45.123853999865752],[-87.634820000357649,45.12047000023373],[-87.63493300033555,45.119361999891218],[-87.634934999985376,45.119341999701035],[-87.635011000153369,45.118544999855786],[-87.635242000132052,45.116154999770657],[-87.635319000124937,45.115359000117607],[-87.635868000120922,45.115361999848865],[-87.63751500010892,45.115372999707276],[-87.638064999929838,45.115376999770575],[-87.638837000406909,45.115384999896257],[-87.641156000414554,45.115411999995175],[-87.641928999818205,45.115420999813985],[-87.641820999863185,45.116120000001757],[-87.641799000121878,45.116270999901715],[-87.643759000104311,45.116055000102357],[-87.643812999632658,45.116049999765679],[-87.644063999702837,45.115445999866765],[-87.644101000411084,45.115445999866765],[-87.64421500021389,45.115447000198316],[-87.644231000107425,45.115447999895864],[-87.644253999673637,45.115447999895864],[-87.644524000010392,45.115449000227379],[-87.64522399961912,45.115453000285299],[-87.645336999597021,45.115453000285299],[-87.645607999758681,45.115453999982783],[-87.645832999889578,45.115455000314149],[-87.646418999695484,45.115458000040348],[-87.64642299989346,45.115573999686518],[-87.646437000137155,45.115998000168624],[-87.645857000179006,45.116012000235457],[-87.645595000238188,45.119031000025743],[-87.647216000286932,45.119055000130309],[-87.647268000165454,45.119055999764704],[-87.655412999693752,45.119160999943318],[-87.655850000435052,45.11916700027372],[-87.656182999622686,45.115800000123251],[-87.656187999645539,45.115759999774532],[-87.656220000330904,45.115508000102558],[-87.658704000195002,45.11552900006491],[-87.658915999907109,45.11552999976103],[-87.660090000067086,45.115541000221043],[-87.661068000408477,45.11555000001951],[-87.661304000410027,45.115552000044957],[-87.662728999741859,45.115564000196251],[-87.662931000306529,45.115566000221257],[-87.664444000400223,45.115579999760143]],[[-87.627480000020086,45.149793000195928],[-87.627475999822124,45.149952000008021],[-87.627466999601282,45.150390999879889],[-87.627427000316658,45.151884000130082],[-87.626463000218948,45.15185700018808],[-87.623574000298916,45.151776000285366],[-87.622652999858929,45.151749999987118],[-87.622616000049007,45.151749000292192],[-87.622663999729582,45.149782000005246],[-87.622667999927543,45.149629999744811],[-87.627480000020086,45.149793000195928]]]},"properties":{"BASENAME":"Menominee"}},{"type":"Feature","geometry":{"type":"MultiPolygon","coordinates":[[[[-87.906538000363341,44.878936999859796],[-87.906541999662977,44.878647999809054],[-87.902419000206834,44.878600000193074],[-87.895734000170478,44.878511999732233],[-87.89518900037244,44.878465000024093],[-87.894811999905571,44.878429999904988],[-87.894304999742374,44.878382000107194],[-87.893913999930106,44.878345999914252],[-87.89325199995622,44.878283999706007],[-87.89139200043121,44.878125000057629],[-87.890041999645817,44.878006999910383],[-87.889485999977126,44.877940999852008],[-87.889114000431448,44.877894999708701],[-87.886357999682488,44.877642000172685],[-87.885334000208658,44.877545999858839],[-87.885026000237076,44.877518000081949],[-87.884822999847486,44.877516000006437],[-87.881090000378677,44.877514999968653],[-87.879977000318064,44.877510999817297],[-87.878301000017757,44.877518000081949],[-87.875873000230172,44.87752200023278],[-87.874675999605671,44.877528999859528],[-87.871087999901803,44.877551000044939],[-87.87025900042164,44.877557000267636],[-87.869892000000519,44.877555000193468],[-87.868876999849206,44.87756099977922],[-87.865833000118457,44.877577999769073],[-87.86481899979205,44.877585000025533],[-87.862753000402705,44.877585000025533],[-87.856555000438078,44.8775870000987],[-87.854489000150423,44.877588000135233],[-87.848969000053216,44.877591000244728],[-87.848837999633673,44.87759399971749],[-87.848379999874254,44.877607000189542],[-87.847748000037569,44.877613999805945],[-87.844496999719297,44.877593000317631],[-87.837513999757121,44.877547999933313],[-87.837444000335225,44.877683999742445],[-87.837266999884918,44.877742999859173],[-87.83717700037154,44.877794000288972],[-87.837112999899119,44.877874999717925],[-87.837103999678291,44.877937999760761],[-87.837132999990587,44.878011000027271],[-87.837158000104978,44.878044999736055],[-87.837152000257177,44.878073999921199],[-87.837126000317909,44.878071999865007],[-87.837081999936984,44.878051999935757],[-87.837042999578912,44.878013000085573],[-87.837001999571044,44.877958999759727],[-87.836969999783989,44.877927000061376],[-87.836944999669626,44.877917999784927],[-87.83690899968461,44.877939999821614],[-87.836867999676741,44.877972000149306],[-87.836778999988269,44.877992000106318],[-87.83670500036844,44.878044999736055],[-87.836615999781657,44.878089999731699],[-87.836528999743024,44.878151000122266],[-87.836532999940971,44.878178000201437],[-87.836544999636544,44.878238999862127],[-87.836599000063217,44.878323000009061],[-87.836654000314809,44.878409000077966],[-87.83672100026196,44.878468000087864],[-87.83678400001115,44.878473000193843],[-87.836857999631007,44.878437000057843],[-87.836927999951186,44.878391000311012],[-87.837004999944085,44.878380000061668],[-87.837077999739023,44.87836000023951],[-87.837158000104978,44.878330000174934],[-87.837221999679059,44.878291999900924],[-87.837281999953504,44.878283000318127],[-87.837348999900669,44.878283000318127],[-87.837403000327342,44.878333000245746],[-87.837445000160145,44.878328000127595],[-87.837473999574144,44.8783149998185],[-87.837480000320227,44.87827400009737],[-87.837491000190894,44.878250000138394],[-87.837486999992933,44.878226000169441],[-87.837490000365975,44.878197000060908],[-87.837512000107282,44.878214999888549],[-87.837533999848588,44.878214999888549],[-87.837541000419606,44.878245000013081],[-87.837565999635643,44.878259999751194],[-87.83760099979574,44.878256000288239],[-87.837614000214529,44.878272000048135],[-87.837624000260277,44.878297000022151],[-87.837656000047332,44.878301000118825],[-87.83768100016168,44.878299000070527],[-87.837702999903001,44.878297000022151],[-87.837707000100963,44.878309999698793],[-87.83772899984227,44.878329000151304],[-87.837729999667175,44.878359000216392],[-87.837742000261059,44.878412000144657],[-87.837753999956632,44.878435000014271],[-87.837801999637207,44.878526000017096],[-87.8378719999574,44.878592000041031],[-87.83798199956226,44.878636000227097],[-87.838112000156912,44.878848999914368],[-87.83809100024051,44.87894599997685],[-87.838025000118279,44.879061000075303],[-87.837938999904537,44.87916599985379],[-87.837816999705808,44.879305999684711],[-87.837671999940866,44.879519000074446],[-87.837553999940084,44.879835000144332],[-87.837553999940084,44.879959999692908],[-87.837656999872252,44.88014799977573],[-87.837825000101745,44.880324000014284],[-87.837897000071749,44.880511000195057],[-87.837753000131713,44.880562000081035],[-87.837497000038667,44.880557000156585],[-87.837249000341544,44.880612999921766],[-87.837040999929087,44.88059600019205],[-87.836818000346341,44.880562000081035],[-87.836537999963852,44.880612999921766],[-87.836362000236761,44.880590000286226],[-87.836290000266729,44.88044799978676],[-87.836194000007254,44.880357000277563],[-87.836034000173697,44.880401999738076],[-87.835985999594797,44.88052200003699],[-87.835978000097199,44.880611999937813],[-87.835972000249413,44.880695999803052],[-87.835922000020716,44.880731999798691],[-87.835778000080651,44.88069199987288],[-87.835516000139833,44.880537999803323],[-87.835234999932439,44.880441999865546],[-87.835097999665081,44.880356000289154],[-87.834978999839407,44.880350999710309],[-87.834771000325247,44.880458000290659],[-87.834522999729828,44.880576999851669],[-87.834394999683298,44.880680000080666],[-87.834131000092654,44.880764999827953],[-87.834020999589498,44.880813000183934],[-87.834109000351361,44.880677000132231],[-87.834132999742479,44.880574999882441],[-87.834264000162051,44.880459000277291],[-87.833172999842745,44.880740000289769],[-87.832886999612484,44.880946999957942],[-87.832895000008406,44.881405000220752],[-87.833191000284401,44.881863999982421],[-87.83355199995944,44.882183999729939],[-87.833526000020171,44.882505000194726],[-87.833290999843527,44.882782999923329],[-87.833263000254433,44.882855999771344],[-87.833125000162184,44.882981999700867],[-87.832792999901159,44.883184999820202],[-87.832749000418531,44.883232000128224],[-87.832910999901941,44.883417999832979],[-87.832973999651131,44.883717000048641],[-87.833075999758378,44.883798999978843],[-87.833165000345161,44.883953000230541],[-87.833305999912156,44.883990000022898],[-87.833417000240232,44.883976999720126],[-87.833536000065919,44.883963000125142],[-87.833766000219669,44.883916999704368],[-87.833843000212582,44.883825999953565],[-87.833778999740161,44.884007999947713],[-87.833715999990957,44.884038000234192],[-87.833536000065919,44.884125999881043],[-87.833536000065919,44.884246000050481],[-87.833778999740161,44.884309000118819],[-87.83334899956985,44.884412999949276],[-87.833189999561199,44.884472000167293],[-87.832684999946139,44.884695000293789],[-87.832563999572301,44.884762000154375],[-87.83238799984521,44.884906000008591],[-87.832248000103121,44.885096000290133],[-87.832114000208819,44.885299999853601],[-87.832008999728515,44.885549999754865],[-87.831966000070807,44.88571900011388],[-87.831945999979325,44.885778000265418],[-87.832106999637801,44.885816999943998],[-87.832274000042375,44.88585800001821],[-87.832530000135407,44.885950000264707],[-87.832869999894044,44.886087999722086],[-87.833088000352248,44.886197000226332],[-87.833293000391663,44.886343000075982],[-87.833445999654231,44.886497999763712],[-87.833638000173153,44.886671000034674],[-87.833792000158951,44.886848999799867],[-87.833931999901026,44.887017000288637],[-87.834047000427077,44.887217999796896],[-87.834102999605264,44.887379000143994],[-87.834111000001187,44.887544999994411],[-87.834122999696746,44.887755000215385],[-87.834122999696746,44.88792799988812],[-87.834085000061904,44.888068999891424],[-87.834064999970437,44.888205000289311],[-87.834059000122636,44.888287000186622],[-87.834001000396327,44.888318999850974],[-87.833968999710962,44.888263999800351],[-87.833911999809558,44.888199999756239],[-87.833911999809558,44.888123000275058],[-87.833911999809558,44.888028000120187],[-87.833893000441293,44.887900000072058],[-87.833874000174717,44.887800000253911],[-87.833874000174717,44.887691000241389],[-87.833880000022504,44.887535999949634],[-87.833823000121086,44.887348999690481],[-87.83372400038688,44.887134999777942],[-87.833577000073788,44.886943999992589],[-87.833473000316715,44.886801000024668],[-87.833099000222902,44.886446000165499],[-87.83277799983253,44.886215999983648],[-87.832304000179604,44.886084000166797],[-87.831862000313748,44.88602700010884],[-87.831770000252234,44.886044000143222],[-87.831737999566869,44.88611900008506],[-87.831684000038507,44.886124000162553],[-87.831459999732516,44.886147000131636],[-87.831182999723083,44.886250999821584],[-87.831053999851662,44.886348000134014],[-87.830926999630051,44.886442999881247],[-87.830787999712882,44.886597000056014],[-87.830572999627719,44.886898999920859],[-87.830466000395901,44.887206999962316],[-87.830358000440881,44.887383000245713],[-87.830308000212156,44.887501000257089],[-87.830264999656137,44.887601999821058],[-87.829971999753184,44.888085999958733],[-87.82992599972242,44.888261000247375],[-87.829894999760285,44.888547000205783],[-87.82986399979815,44.888618000050784],[-87.829764000239038,44.888700999839152],[-87.82951800019174,44.888760999956645],[-87.829247000030094,44.888870999691243],[-87.829170000037195,44.888975000184168],[-87.82912499983135,44.889106999731233],[-87.829068999754853,44.889145999698528],[-87.828946999556123,44.8891559999633],[-87.828883999806919,44.889144999862886],[-87.828738000217072,44.889062999915851],[-87.828614000368503,44.888952999912],[-87.828568000337754,44.888877000006296],[-87.828417999651606,44.888767000283174],[-87.828308000046761,44.88867900009862],[-87.828282000107478,44.888694000298699],[-87.828104999657157,44.888881000003835],[-87.828011999770752,44.889100000240191],[-87.828042999732887,44.889187999780646],[-87.828165999756521,44.889385999845423],[-87.82813599961932,44.889649000105422],[-87.828412999628739,44.889913000258012],[-87.828476000276254,44.890000999827464],[-87.828474999553009,44.890109999917456],[-87.82842900042057,44.890242000041823],[-87.828320999567225,44.890424000102271],[-87.827873999678488,44.891011000229874],[-87.827811999754203,44.891230999792441],[-87.827815000127259,44.891431999848919],[-87.827819000325206,44.891546999809137],[-87.827872999853568,44.891700999683451],[-87.827921000432454,44.891845999775001],[-87.827998000425339,44.892000000121513],[-87.828353000252591,44.892504999943064],[-87.828431000070395,44.892767999941547],[-87.828463999682356,44.892948000106273],[-87.828482000124026,44.893044999943712],[-87.828550999721003,44.893412000124911],[-87.828570999812484,44.893518999958715],[-87.828600000124808,44.893668999979376],[-87.828600999949714,44.893845999971496],[-87.828600999949714,44.893931999745867],[-87.828597999576658,44.893943000203485],[-87.828547000421352,44.894104000181478],[-87.828508000063295,44.894223999899587],[-87.828461000207625,44.894371999864582],[-87.828451999986797,44.894389999722577],[-87.828530999629507,44.894349000002542],[-87.828678999767519,44.894243999934289],[-87.828790999920514,44.894152000226043],[-87.828861000240707,44.894152000226043],[-87.828913000119243,44.894177000299642],[-87.828918999967016,44.894185000193637],[-87.828918999967016,44.894233999917788],[-87.828693000011214,44.894658999721806],[-87.828570999812484,44.894847999869938],[-87.828431999895329,44.894989000091044],[-87.828189000221059,44.895148999954834],[-87.828170999779402,44.895158000081118],[-87.827260000283459,44.895629000056921],[-87.825290000255293,44.896607000132434],[-87.824290999997501,44.897112999922498],[-87.823526999916339,44.897513000199538],[-87.822972000072554,44.897796000275441],[-87.822546000100203,44.897993000295294],[-87.822494000221681,44.898035999961159],[-87.822494000221681,44.898067000247842],[-87.822483000351028,44.898071999923047],[-87.822346999908575,44.898127999819017],[-87.822329000365215,44.898178000316321],[-87.822346999908575,44.898202000234164],[-87.82238100024378,44.898208000212065],[-87.822433000122302,44.898208000212065],[-87.822485000000839,44.89818400029673],[-87.822607000199582,44.898127999819017],[-87.82263300013885,44.898135000120313],[-87.825539999602228,44.896633999822448],[-87.826450000171562,44.896168999996249],[-87.827694999578341,44.895532000123325],[-87.828263999665822,44.895243000072867],[-87.828400999933166,44.895172999864158],[-87.828419000374836,44.895165000107653],[-87.828497000192641,44.895129000234874],[-87.828573000360606,44.895094000071786],[-87.828667999896865,44.895013999800838],[-87.82874599971467,44.894946000055739],[-87.828783000422902,44.894897000301931],[-87.828838999601089,44.894716000134913],[-87.828862999890532,44.894677000126293],[-87.828927000362953,44.894569999901556],[-87.829107000288005,44.894245000317675],[-87.829328000220954,44.894522999948066],[-87.829560999849448,44.89481500028279],[-87.829756999668021,44.895073999696272],[-87.8298179997674,44.895153999883746],[-87.829841000231923,44.8951849998151],[-87.829862999973244,44.895257999833795],[-87.829928000270584,44.895514999711388],[-87.829668999804483,44.895704999949629],[-87.829292000235938,44.895945000090073],[-87.829214000418133,44.895994999940257],[-87.829169000212289,44.896023999986149],[-87.828949999929179,44.8961649998692],[-87.828846000172092,44.896231999733097],[-87.828637999759621,44.896352000101516],[-87.828556999568775,44.896398000123284],[-87.828111000403254,44.896639000258602],[-87.827850000287341,44.896784999693438],[-87.827241999841817,44.897110999891851],[-87.826860000250392,44.897329000277701],[-87.826723999807953,44.89738399993216],[-87.82666699990655,44.897398000078752],[-87.826621999700691,44.897392999708643],[-87.826574000020116,44.897375000154263],[-87.826510000446021,44.897348000175832],[-87.826483999608428,44.897325999924789],[-87.826449000346656,44.897342999801374],[-87.826409999988584,44.897381000218466],[-87.826399000117945,44.897416000262226],[-87.82642900025516,44.897453000303571],[-87.826450000171562,44.897497999754158],[-87.82644699979852,44.897532000036918],[-87.826439000300908,44.897552999883324],[-87.826415999836357,44.897575000047517],[-87.826317999927085,44.897634999816184],[-87.825870000213428,44.89787500017389],[-87.825079000368092,44.898301999784017],[-87.824896999894889,44.898393000177698],[-87.824785999566814,44.89844200013426],[-87.824628000281393,44.898495000014258],[-87.824434000112618,44.898549999826109],[-87.824199999760907,44.898603000242886],[-87.823912999705712,44.898648000066181],[-87.823429000007053,44.898707999987877],[-87.822886999683732,44.898765000205486],[-87.822294000205133,44.898838000133743],[-87.821898000370012,44.898884000075753],[-87.821655999622351,44.898897000191077],[-87.821485999743047,44.898901000128014],[-87.821362999719398,44.898910999969281],[-87.821294000122435,44.898931999948395],[-87.821241000418979,44.89897500018472],[-87.821221000327498,44.899051000109374],[-87.821231000373245,44.899079000223736],[-87.821243999893724,44.899117000129884],[-87.821253999939458,44.899128999894117],[-87.821265999635031,44.899143000252167],[-87.821279999878726,44.899160999889389],[-87.821372999765131,44.899194000164144],[-87.8214969996137,44.899194000164144],[-87.821715999896824,44.899160000227852],[-87.821776000171269,44.89912300001231],[-87.821970000340031,44.899053000072556],[-87.822090999815543,44.899013000159606],[-87.822353999581267,44.898947999684914],[-87.82250599991724,44.898929000315462],[-87.822929000414874,44.89888200010671],[-87.823555000403744,44.898802000015067],[-87.823834000063002,44.898763000232286],[-87.82414200003457,44.898731000015516],[-87.824356000294813,44.898702000062151],[-87.824515000303492,44.898671000117815],[-87.824667999566046,44.898634000223936],[-87.824804000008484,44.898590000061155],[-87.824942999925668,44.89852800003495],[-87.824993000154379,44.898504000253183],[-87.825147999965068,44.898430000226696],[-87.825487999723705,44.898244999743731],[-87.825616999595113,44.898178999994933],[-87.825665999998918,44.898153999752168],[-87.825732999946069,44.898119000157571],[-87.825758000060432,44.898107000182598],[-87.826113999712575,44.897917000244853],[-87.826333999820619,44.897800000289024],[-87.826379000026449,44.897776000203393],[-87.826598000309573,44.897652999925519],[-87.826788000280359,44.897546000147472],[-87.826846999831602,44.897511999873039],[-87.8269179999767,44.89747099983348],[-87.826977000426254,44.897437000151051],[-87.827193000336308,44.897313999784323],[-87.827345999598876,44.897250000265451],[-87.827497000109929,44.897163999726011],[-87.827533000094945,44.897144000070497],[-87.827636000027113,44.897081999757788],[-87.827692999928516,44.897047999845306],[-87.827819000325206,44.89697199981854],[-87.827860000333089,44.89694800002367],[-87.827962000440351,44.896890999913879],[-87.828119999725772,44.896803000068864],[-87.828201999741538,44.896756000031331],[-87.828215000160341,44.896751000241757],[-87.828256000168224,44.896734000190143],[-87.828316000442669,44.896700000071895],[-87.828339999833787,44.896695999981837],[-87.828431000070395,44.896650999903571],[-87.828591999728872,44.89656299969127],[-87.828876000309336,44.896387999845025],[-87.829185000105809,44.896204000141402],[-87.829401999840783,44.89607300005239],[-87.829549999978795,44.895987000298049],[-87.829717000383368,44.895888000258779],[-87.829995000217721,44.895716999789549],[-87.830037999875415,44.895691999749005],[-87.830066000362834,44.895670999859327],[-87.830119999891181,44.895631999862005],[-87.83016500009704,44.895604999701533],[-87.830197999708986,44.89558599986384],[-87.830244999564655,44.895580000248707],[-87.830279999724766,44.895592999838236],[-87.830287000295755,44.895608999867527],[-87.830309000037076,44.895627999697616],[-87.830367999588304,44.89564700015783],[-87.830411999969243,44.895652000043455],[-87.830509000053624,44.895656999928583],[-87.83066899988718,44.895688000225149],[-87.830913000284667,44.895745999975638],[-87.831124999996774,44.895809000175923],[-87.831242999997542,44.895861000218503],[-87.831355000150523,44.895931000226085],[-87.831506999588186,44.896019999849024],[-87.83151800035715,44.896028000123003],[-87.83158100010634,44.896111000036086],[-87.831660999573984,44.896151000058772],[-87.831730999894162,44.896166000219168],[-87.8318039996891,44.896220000000639],[-87.831889999902828,44.896273000019725],[-87.831918000390232,44.896319000104697],[-87.831919000215152,44.896328999758637],[-87.831934000283752,44.896336999989579],[-87.831951000002192,44.896424999911424],[-87.831888000253002,44.896490000056495],[-87.831888000253002,44.896529000108274],[-87.831929000260899,44.896585000234239],[-87.832021000322399,44.896601999693495],[-87.832237000232453,44.896540999776192],[-87.8326060003034,44.896794000200032],[-87.832667000402779,44.896886000136035],[-87.832771000159852,44.896928000293023],[-87.832850999627482,44.89697199981854],[-87.832958999582516,44.897036999981651],[-87.833035999575401,44.897121000044365],[-87.83309800039801,44.897207999707298],[-87.833171000192934,44.897321000184718],[-87.833218999873495,44.897420000302247],[-87.833264000079353,44.897519000249332],[-87.833352999767797,44.897622000051932],[-87.833449999852192,44.897713000249134],[-87.833502999555634,44.89776200014883],[-87.833546000111653,44.897808000315358],[-87.833593999792228,44.897885999877296],[-87.833598999815109,44.897905999911082],[-87.833617000256751,44.897933000263805],[-87.833649000043806,44.897981999976018],[-87.833695000074556,44.898055999942777],[-87.833714000341146,44.898089000215379],[-87.833730000234652,44.89814700008948],[-87.833722999663664,44.898190000276514],[-87.833686999678648,44.898206999897624],[-87.833613000058804,44.898212000196992],[-87.833577000073788,44.898236999778241],[-87.833568999677865,44.898289999847194],[-87.833582000096655,44.898330000263115],[-87.833601000363245,44.898397999824553],[-87.833633999975206,44.898463000284671],[-87.833673000333278,44.898491000049063],[-87.833710999968091,44.898502000270916],[-87.833761000196816,44.898498000306169],[-87.833881999672329,44.898475999858782],[-87.833967999886042,44.898461000300962],[-87.834013999916792,44.898461000300962],[-87.834044999878927,44.898475999858782],[-87.834095000107638,44.898520000108796],[-87.83412100004692,44.898563999688811],[-87.834157000031936,44.898625000005353],[-87.834181000321394,44.898690999878553],[-87.834198999864725,44.898761999927544],[-87.834225999628899,44.898846999682604],[-87.834278000405746,44.898912999937323],[-87.834321000063468,44.898971999917691],[-87.834435999691195,44.899094999919392],[-87.834485999919892,44.899162999848734],[-87.834522999729828,44.899220000251617],[-87.834550000392326,44.899289999988063],[-87.834562000087885,44.899340999769699],[-87.834557000065004,44.899381999748485],[-87.83453100012575,44.899392000142377],[-87.834444999912023,44.899414000239283],[-87.834413999949874,44.899466000203439],[-87.834418000147849,44.899523999961161],[-87.834459000155718,44.899562999864088],[-87.834511000034254,44.899608999862409],[-87.834541000171498,44.899685999874116],[-87.834556000240113,44.899742000107096],[-87.834540000346578,44.899793000124085],[-87.834480000072119,44.899840999874165],[-87.834442000437292,44.89986900024018],[-87.834444000087103,44.899904000042156],[-87.834473000399427,44.899940000107144],[-87.834484000270081,44.899992000231912],[-87.834504000361562,44.900053999952092],[-87.834504000361562,44.90013200028514],[-87.834506000011402,44.900175999904192],[-87.834526999927789,44.900209999876012],[-87.834577000156514,44.900247000028372],[-87.834608000118649,44.900293999757622],[-87.834648000301613,44.900323000180627],[-87.834706000027921,44.900328000295978],[-87.834792000241663,44.900351999952726],[-87.834846999594916,44.900373999682309],[-87.834849000143052,44.900390999930345],[-87.834844000120185,44.90042200021999],[-87.834844000120185,44.900454000131958],[-87.834887999602799,44.900503000241045],[-87.834920000288164,44.900537000019497],[-87.834953999725045,44.900554000219337],[-87.834982000212463,44.900554999856638],[-87.83501999984729,44.900547000212498],[-87.83508299959648,44.900528000098788],[-87.835137000023153,44.900505999791868],[-87.835178000031021,44.900503000241045],[-87.83522300023688,44.900510000253199],[-87.835269000267644,44.900540000204806],[-87.835322999795977,44.900605999788802],[-87.835368999826741,44.900664000305447],[-87.83567900034646,44.900938999918147],[-87.835935000439505,44.901166000247933],[-87.836173999915786,44.901371999964944],[-87.836364999711492,44.90154600029372],[-87.836604000086083,44.901758000165508],[-87.836785999660975,44.901918999897028],[-87.836833000414956,44.901982999945687],[-87.836833000414956,44.902071000134804],[-87.836861000004035,44.902169999709429],[-87.836943000019801,44.902258999856286],[-87.837076999914103,44.90233400028778],[-87.83716399995275,44.902365000166022],[-87.837283999603343,44.902460999785724],[-87.837360999596243,44.902511999936017],[-87.837428000441705,44.902601000189733],[-87.837490000365975,44.902690000305718],[-87.837553000115165,44.902798999888269],[-87.837552000290259,44.902880999975075],[-87.837585999727139,44.902975999774206],[-87.837644000351773,44.903030999753554],[-87.8376819999866,44.903050999906576],[-87.837721000344658,44.903108000272582],[-87.837758999979485,44.90322700006206],[-87.837806999660074,44.903335999899063],[-87.8378719999574,44.903448999786228],[-87.837940999554377,44.903510000010257],[-87.838022999570128,44.90361599992228],[-87.838113999806737,44.903698000116293],[-87.838172000431356,44.903739000169452],[-87.838234000355655,44.903813999942706],[-87.838316000371407,44.903875999995279],[-87.83842000012848,44.903990999884954],[-87.838530999558245,44.90414699994303],[-87.838567000441572,44.904199000080432],[-87.838795000047213,44.904537999713078],[-87.838947000383186,44.904763000065955],[-87.839067999858685,44.905007000086776],[-87.839137000353972,44.905132000290799],[-87.839197999555012,44.905244999829002],[-87.83927500044625,44.905331999924591],[-87.839365999784519,44.905434000176108],[-87.839436999929632,44.905505999720752],[-87.839452999823152,44.90553200013504],[-87.839518000120492,44.905662000121445],[-87.839533000189107,44.905684999912182],[-87.83980900037362,44.906099999839903],[-87.839980000077844,44.906102000194082],[-87.840452999905864,44.906106999806838],[-87.843714000269884,44.906159000080017],[-87.844397999985091,44.906171999822845],[-87.853067000293336,44.90630699986594],[-87.855443000202385,44.906342999739024],[-87.864500999774734,44.906490000153376],[-87.865741999881877,44.906482000062603],[-87.867338999641149,44.906488999983026],[-87.86830299973883,44.906480999892104],[-87.869697000006852,44.906480999892104],[-87.872600999995498,44.906476999846213],[-87.873859999645958,44.906476000311883],[-87.873914000072645,44.906476000311883],[-87.874012999806851,44.906480999892104],[-87.87514199976097,44.906475000141285],[-87.876818999886197,44.906473999970665],[-87.876997999986358,44.90647200026568],[-87.877085000024977,44.906475000141285],[-87.877243000208722,44.90647200026568],[-87.877309000330982,44.906473999970665],[-87.878203999933376,44.906469999924333],[-87.878470999897061,44.906469999924333],[-87.883794000350775,44.906454999907012],[-87.88450599965509,44.906457999783548],[-87.885156999758323,44.906461999830775],[-87.886345000162024,44.906458999954445],[-87.889465000060738,44.906453999736101],[-87.889613000198736,44.906453999736101],[-87.889911000124556,44.906453999736101],[-87.890481000036971,44.906453000201331],[-87.891100000353163,44.906453000201331],[-87.89203699978836,44.906450999859359],[-87.894851000263643,44.906446999811372],[-87.89578900042207,44.906446000276524],[-87.897888000321672,44.9064450001054],[-87.900125000313551,44.9064450001054],[-87.902040999915059,44.906473999970665],[-87.903153000150752,44.906482000062603],[-87.90418699967033,44.906490000153376],[-87.906287000293176,44.906506999865393],[-87.906324999928003,44.906509000205453],[-87.906279999722159,44.90497599972435],[-87.906227000018717,44.902871999784999],[-87.906124999911469,44.899047000182819],[-87.906194000406742,44.896590999744511],[-87.906329999950884,44.892053000211476],[-87.906341999646457,44.891147000035637],[-87.906403999570713,44.887221999909798],[-87.906441000278974,44.885091000123282],[-87.906456000347561,44.883975999794636],[-87.906462000195361,44.883659000260259],[-87.906468000043148,44.88329400009664],[-87.906510999700842,44.880606000033637],[-87.906514000073898,44.880373000089776],[-87.906534999990299,44.879089999748381],[-87.906538000363341,44.878936999859796]]],[[[-87.860435000219979,44.859490999728358],[-87.860294999579594,44.857748999978639],[-87.857566000391444,44.857776999821859],[-87.855933999573736,44.857793000180983],[-87.854660999679567,44.857810000279073],[-87.854601000303433,44.857810000279073],[-87.854571000166189,44.857808999898872],[-87.854505000043957,44.857808999898872],[-87.854390000416217,44.857808000155444],[-87.854371999974575,44.85780600003168],[-87.854366999951694,44.857816999756174],[-87.854357999730865,44.857838999835536],[-87.854351999883065,44.857855000177445],[-87.854330000141772,44.857919000227035],[-87.854299000179637,44.858008999818274],[-87.854279999913061,44.858088999973582],[-87.854279999913061,44.858157999723744],[-87.854273000240369,44.858229999873267],[-87.854341999837331,44.858289999929077],[-87.854376999997442,44.858323000092291],[-87.854305000027423,44.85838599988832],[-87.854273000240369,44.858438999744202],[-87.854300999829462,44.858518000207695],[-87.854326999768716,44.858578999693506],[-87.854289000133889,44.858667000069588],[-87.854300999829462,44.858730999853442],[-87.854243999928045,44.85894699979265],[-87.854202999920176,44.859097000175758],[-87.85421299996591,44.859249000241789],[-87.854187000026641,44.859326999876885],[-87.854159000437548,44.859355999942885],[-87.854045999561322,44.859362000152316],[-87.854003999728533,44.859402000259102],[-87.853978999614171,44.859472999775271],[-87.853940999979343,44.859563999834265],[-87.853919000238037,44.859600000314735],[-87.854182000003775,44.859587999944829],[-87.854289000133889,44.85958599988296],[-87.856490000140738,44.859552000093636],[-87.856656999647015,44.859550000030502],[-87.856921999960889,44.859545000190721],[-87.857049000182485,44.859543000127303],[-87.860435000219979,44.859490999728358]]]]},"properties":{"BASENAME":"Oconto"}},{"type":"Feature","geometry":{"type":"MultiPolygon","coordinates":[[[[-87.670018999850711,45.074709000104079],[-87.670003999782082,45.074555999818593],[-87.669945000230854,45.073673999887987],[-87.669894000177251,45.073017000285368],[-87.669859999842046,45.072830999863243],[-87.669860999666952,45.072655000134212],[-87.669812999986377,45.072433999894358],[-87.669848999971393,45.072276000131936],[-87.66973199979553,45.070404000256914],[-87.66954199982473,45.067551999891919],[-87.667204000448848,45.067598999700003],[-87.66443400035449,45.067653000039194],[-87.664548000157311,45.069480000170316],[-87.66421300042154,45.069473999692505],[-87.661234999914754,45.06954399994099],[-87.659430999567917,45.069577999849471],[-87.659478000321883,45.070587000149743],[-87.659490000017456,45.071102999708302],[-87.659490000017456,45.071304999963338],[-87.659476999598681,45.071427000148482],[-87.65781799991511,45.071390999767303],[-87.657182999705384,45.071378000011805],[-87.657001999955412,45.071351999857484],[-87.656825000403416,45.071336999787484],[-87.654728999978545,45.071255999722069],[-87.654646999962765,45.071253000210923],[-87.654742000397334,45.073155999827016],[-87.654816000017163,45.074678000042034],[-87.654826000062897,45.074875999985494],[-87.654832999735603,45.075034000172302],[-87.654876000291623,45.07590599995352],[-87.655007999637789,45.078685999786721],[-87.653902999973099,45.078633999772485],[-87.653688999712841,45.078628000255755],[-87.649978999810273,45.078381000150316],[-87.649941000175431,45.077024999806888],[-87.649753999679362,45.071052000247093],[-87.649755000402578,45.071014999788453],[-87.649751000204617,45.070876999958578],[-87.649654000120265,45.067684000105139],[-87.649562999883656,45.06467100010461],[-87.649300000117918,45.064660999946973],[-87.648890000039103,45.064875000147168],[-87.647069999798745,45.065499000236905],[-87.646788999591337,45.065992999707127],[-87.644823999586038,45.065922000255341],[-87.644866000317151,45.067181000212649],[-87.640087999661475,45.066991000185034],[-87.63999099957708,45.066993000008296],[-87.637956000149885,45.067017999696482],[-87.637963999647482,45.06750799975314],[-87.635564000347316,45.067543000140262],[-87.634874999710931,45.067552999793747],[-87.634893999977507,45.070683999987054],[-87.634376999768548,45.070700000075206],[-87.631005999799683,45.070737999949408],[-87.630511000230356,45.070753000176666],[-87.630558000085998,45.070630999821653],[-87.630595999720839,45.070533999894351],[-87.630661999843085,45.070391000276878],[-87.629624999950465,45.070203999700468],[-87.629624999950465,45.067113000061624],[-87.624494999840579,45.067178999761495],[-87.62449999986346,45.068420999975714],[-87.624483000145034,45.069014000096047],[-87.623544000161672,45.069025000002732],[-87.619336000316721,45.069077999754057],[-87.619337999966532,45.069755000035386],[-87.618107999730071,45.069765999799408],[-87.61763099970409,45.069775999698436],[-87.617629000054251,45.070135999973594],[-87.617548999688324,45.070137999686828],[-87.61755100023646,45.070779999814384],[-87.616693000443973,45.070790000170433],[-87.616693000443973,45.070730999757444],[-87.616695000093799,45.069871999782052],[-87.616660999758622,45.068901000009468],[-87.615488000321861,45.068921000108396],[-87.613975000228166,45.068952999998452],[-87.613736999678466,45.068958000019279],[-87.613699999868544,45.068958999896509],[-87.613674999754195,45.068958999896509],[-87.613576999844909,45.069064000231499],[-87.613485999608301,45.069217999866375],[-87.613308000231385,45.069520999823496],[-87.613186000032655,45.069685999909822],[-87.613058999811059,45.069850000292639],[-87.612919999893876,45.070229999742608],[-87.612907000373397,45.07040800029894],[-87.612842000076057,45.070453999810852],[-87.612777999603665,45.070507999990504],[-87.612796999870213,45.07057699975816],[-87.61269399993806,45.07070499994326],[-87.612616000120255,45.070713999831447],[-87.612531999556353,45.070823999972163],[-87.612625000341097,45.070921000041679],[-87.612635000386831,45.070997999946933],[-87.612635000386831,45.071041000096088],[-87.612635000386831,45.071125999823607],[-87.61253800030245,45.071222000177336],[-87.612447999890776,45.071317999735484],[-87.612421999951493,45.071427000148482],[-87.612370000072957,45.071496000075477],[-87.612293000080072,45.071537000185735],[-87.612130999698365,45.071710000064009],[-87.611933000229953,45.071886000165541],[-87.611847000016226,45.071869999774982],[-87.61181100003121,45.071927999821327],[-87.611821000076972,45.071974999837515],[-87.611744999908979,45.072052000226023],[-87.611607999641635,45.072311000137027],[-87.611575000029674,45.072377000179017],[-87.611549000090406,45.072523999796651],[-87.611533000196872,45.072642999844597],[-87.611491000364083,45.072752000268167],[-87.611452000006025,45.072975999968065],[-87.611405999975261,45.07305400008228],[-87.61127700010384,45.073232000090698],[-87.611234000446146,45.0733139996942],[-87.611194000263168,45.073401000081013],[-87.611173000346767,45.073542999983033],[-87.611139999836496,45.073872000138117],[-87.611087999957945,45.074241999740856],[-87.611016999812833,45.074341999702312],[-87.610853999606235,45.074681000007821],[-87.610851999956409,45.074718999772657],[-87.610841999910662,45.074909000120826],[-87.610724999734785,45.075089000235216],[-87.610621999802632,45.075416000208335],[-87.610563000251403,45.075465000054713],[-87.610569999924095,45.075590000158748],[-87.610537000312135,45.075736000000056],[-87.610434000379982,45.075827000168651],[-87.610400999869682,45.07592300023822],[-87.610302000135491,45.076025999690785],[-87.610246000058993,45.076047000221571],[-87.6100009998366,45.076338999733338],[-87.60965799970495,45.076671999888589],[-87.609663999552723,45.076723000043906],[-87.609574000039345,45.076740999826633],[-87.609199000120611,45.077107000311372],[-87.6089150004385,45.077448999893527],[-87.608747000209021,45.077618000099896],[-87.608676000063909,45.077713999697984],[-87.608320000411737,45.077927999873488],[-87.608093999557624,45.078047000086755],[-87.608043000402304,45.078166000052192],[-87.607834000164942,45.078242999711193],[-87.60776300001983,45.078304000042934],[-87.607686000026931,45.078343000283283],[-87.607573000049015,45.078416000222489],[-87.607589999767455,45.078462999977567],[-87.607543999736706,45.078511999748521],[-87.607451999675192,45.078572999793096],[-87.60692699996865,45.07880499969005],[-87.606341999987649,45.079114000301914],[-87.606033000191147,45.079215000316069],[-87.605859999938787,45.079293000160909],[-87.605782000120982,45.079306000018931],[-87.605731000067365,45.079360999776078],[-87.60558899977714,45.079410999739984],[-87.605576000256661,45.079466000030337],[-87.605507999586294,45.079523000286947],[-87.605145000261444,45.079724999959438],[-87.605059000047717,45.079792999694803],[-87.604915999932587,45.079881000053078],[-87.604819999673126,45.079907999818666],[-87.60470400022048,45.079969999960426],[-87.604616000356941,45.080036000037374],[-87.604387999852975,45.080118000026786],[-87.6043400001724,45.080136999690396],[-87.604242000263127,45.080175000267261],[-87.604124000262331,45.080245000095267],[-87.604068000185848,45.080201999893916],[-87.603966999903506,45.080201999893916],[-87.603930000093584,45.080229000142133],[-87.603873000192166,45.080197000222448],[-87.603863999971338,45.080203999889264],[-87.603841000405112,45.080221000163924],[-87.603854999750496,45.080231999816554],[-87.603921999697675,45.080284999958494],[-87.603811000267896,45.080344999700806],[-87.603802000047068,45.08040199971483],[-87.603734000275011,45.080405000014437],[-87.603605000403576,45.080580999978913],[-87.603607000053401,45.080590999888528],[-87.603607999878292,45.080629999836489],[-87.603614999551013,45.080679000286374],[-87.603557999649595,45.080681999937113],[-87.603508000319195,45.080730999708074],[-87.603513000342062,45.080795999870162],[-87.603469999786057,45.080839999928152],[-87.603082000346845,45.080998000116566],[-87.603043999813693,45.081064000274615],[-87.602797999766395,45.081163999715358],[-87.602340000007004,45.081300000120038],[-87.602262000189199,45.081322999937278],[-87.602125999746761,45.08144200005718],[-87.602002999723098,45.081592000063132],[-87.601964000263365,45.081852999807005],[-87.601969000286232,45.082017999810034],[-87.601871000376931,45.082161999792319],[-87.601786999813029,45.082284000268551],[-87.601668999812262,45.082336000132393],[-87.60158500014667,45.08252399997717],[-87.601438999658498,45.08267800013126],[-87.601187999588333,45.082840000117208],[-87.601093000052089,45.082900999981121],[-87.600647999813162,45.08309500018634],[-87.600042999740651,45.083276999773439],[-87.599509999638187,45.083362999955142],[-87.59941299955382,45.083379000299146],[-87.599283999682385,45.083459000049274],[-87.599154999810963,45.083618999847722],[-87.599138999917415,45.083626999984432],[-87.599020000091741,45.083685999768925],[-87.598824000273154,45.083783999824597],[-87.597575999595023,45.084186000183649],[-87.59720300022444,45.084194000240963],[-87.596871999788334,45.084199999807524],[-87.59673100022134,45.084287000111637],[-87.596710000304938,45.084376999739987],[-87.596613000220557,45.084450999821556],[-87.596444000166159,45.084495999841437],[-87.596140000392538,45.084490000305955],[-87.596075000095226,45.084593999776096],[-87.596066999699289,45.08466000021987],[-87.595978000010831,45.084741999915416],[-87.59597600036102,45.084752999966192],[-87.595886999774237,45.084764000014808],[-87.595829999872819,45.084895999799052],[-87.595732999788467,45.084930000088043],[-87.595596000419405,45.085004000087544],[-87.595386000357138,45.085008999972629],[-87.595286999724607,45.085027000316416],[-87.595233000196259,45.085112000171868],[-87.594982999951,45.08512099969397],[-87.594854000079579,45.085071999882523],[-87.594737999728608,45.085118999870744],[-87.594700999918686,45.085163999998699],[-87.594571000222331,45.085179999838282],[-87.594555000328825,45.085185999935561],[-87.594520999993634,45.085185999935561],[-87.594245999634026,45.08515799989911],[-87.594064999884068,45.085140000230865],[-87.593749000414874,45.085107000295793],[-87.593130000098682,45.085015999684124],[-87.59279299981479,45.084949000054202],[-87.592469999774607,45.084836999995645],[-87.592254999689445,45.084708000148758],[-87.592073999939487,45.084524999807265],[-87.592066000441861,45.084272999874798],[-87.591837000113017,45.083912000239572],[-87.591693999997887,45.083600000073503],[-87.591611999982121,45.083422000012291],[-87.591463000019203,45.083344999721334],[-87.591562999578315,45.083116000021917],[-87.591704000043634,45.083083000186242],[-87.591903000235249,45.0830459999057],[-87.591960999961572,45.08288000006651],[-87.59201600021315,45.08285299980254],[-87.592039999604296,45.082826000160054],[-87.591966999809358,45.082611999934805],[-87.592006999992336,45.082380999915415],[-87.591863000052285,45.082261999848413],[-87.591613999631932,45.08218899974861],[-87.591473999889857,45.08206600005591],[-87.591018999605183,45.081848000280011],[-87.590775000106035,45.081687000307156],[-87.590601999853661,45.081468999719419],[-87.590406999859994,45.081326999849374],[-87.590338000263031,45.081277999955248],[-87.59020500019362,45.081163999715358],[-87.589978000412927,45.080912999848721],[-87.589831000099835,45.080853000068565],[-87.589759000129803,45.080795000200013],[-87.589518000105372,45.080253000070165],[-87.589190999867228,45.080026000030621],[-87.588737000305784,45.079461999987956],[-87.588339999747433,45.079068999848722],[-87.587835000132372,45.078775000286832],[-87.58762000004721,45.078762000307947],[-87.587444000320104,45.078853999802057],[-87.587404000137141,45.078861999971714],[-87.587213000341436,45.079013999810556],[-87.587244000303585,45.079167000212294],[-87.587385999695485,45.079297999911475],[-87.587437999574007,45.079303000295944],[-87.587492999825614,45.079306000018931],[-87.587517999939962,45.079347000235039],[-87.587799999972276,45.079567000056606],[-87.587928999843697,45.080090000043668],[-87.587716000306685,45.080324000115333],[-87.587880000338217,45.081017000121818],[-87.587953999958046,45.081414000088557],[-87.587962000353983,45.081518000084053],[-87.588009000209652,45.08155599974242],[-87.587996999615768,45.08161099987084],[-87.588415999915412,45.081930999856297],[-87.588507999976926,45.082127000111946],[-87.588498999756098,45.082355999969842],[-87.588688999726898,45.08247900030679],[-87.588896000314435,45.082650000134137],[-87.589086000285249,45.082755999688516],[-87.589318000088838,45.082873000093294],[-87.589631999908192,45.083172999808561],[-87.589739000038321,45.083507999975716],[-87.589881000328532,45.083967000002744],[-87.589933000207068,45.084057000135246],[-87.59014300026935,45.084400000221301],[-87.590052000032756,45.08453500029507],[-87.589963000344298,45.084666999974182],[-87.590058999705448,45.084862999723015],[-87.59020600001854,45.085129000254611],[-87.590216000064288,45.085168999869772],[-87.590308000125788,45.085262000055955],[-87.590353000331646,45.085308000296678],[-87.590431000149451,45.085387000292748],[-87.590580000112368,45.085714999902834],[-87.590546999602083,45.085904999840338],[-87.590520999662814,45.08605599975732],[-87.590146999569001,45.086330999773516],[-87.589939999879775,45.086360000076326],[-87.589509999709463,45.086294999902051],[-87.589534999823812,45.086154000187065],[-87.589410999975243,45.086101999992884],[-87.5892949996243,45.086013000124034],[-87.589287000126703,45.085895999807484],[-87.589135999615635,45.08590300004461],[-87.588717000214302,45.086107999993324],[-87.588559000030557,45.08623000028809],[-87.588482000037672,45.086279999948907],[-87.588360999663834,45.086376999787674],[-87.588247999685933,45.086342000152563],[-87.588159999822381,45.08625600001573],[-87.588159999822381,45.086175999742665],[-87.588288999693816,45.086044999957451],[-87.58845899957312,45.085948000189184],[-87.588482999862563,45.085868000119042],[-87.588104999570788,45.085387999882542],[-87.587900000429698,45.084994999912738],[-87.587711000283804,45.084773000226001],[-87.587606999628434,45.084749999894868],[-87.587251999801182,45.084760999944102],[-87.586937000156908,45.084760999944102],[-87.586815999783099,45.084754999802186],[-87.586765999554373,45.08472799979009],[-87.586665000170356,45.084724999717501],[-87.586556000390416,45.084735999771503],[-87.586421999597789,45.08470699991279],[-87.586382000313151,45.084697999691187],[-87.586034999983497,45.084635000003068],[-87.586084000387316,45.084471999792967],[-87.585995999625439,45.084238000219102],[-87.585658000414966,45.08377199996923],[-87.585605999638091,45.08370599976805],[-87.585573999851064,45.083625999729584],[-87.585634999950415,45.08357500002711],[-87.5857179997911,45.083595000065095],[-87.585727000011929,45.083568999760622],[-87.585536000216223,45.083475999989687],[-87.585500000231207,45.083391999861831],[-87.585218000198893,45.083169000025705],[-87.585015999634237,45.08302699994092],[-87.584916000075111,45.082937999721274],[-87.584643000263625,45.082657999772252],[-87.584557999874818,45.082578999808014],[-87.584156000191925,45.082206000066932],[-87.583957999825188,45.08202499988807],[-87.583861999565741,45.081937000294822],[-87.583637000333141,45.081783000046151],[-87.583562999814987,45.081527999829667],[-87.583588999754255,45.081371000132755],[-87.58345999988282,45.081234000234566],[-87.583306999721955,45.081114000016861],[-87.583214999660441,45.081089000151231],[-87.583057000374993,45.081045000285002],[-87.582945000222011,45.08082800008868],[-87.582371000111664,45.080267999702876],[-87.582253000110882,45.080153000303611],[-87.582115999843538,45.079963999949641],[-87.582146999805673,45.079915000155211],[-87.582188999638461,45.079850000259512],[-87.582181000140864,45.079724000270545],[-87.582093000277325,45.079587000229075],[-87.581802999849089,45.079410000045613],[-87.581560999999738,45.079295000188026],[-87.581287000363375,45.079146000193816],[-87.581417000059702,45.078763000013666],[-87.581489000029734,45.078732999954049],[-87.581659999733944,45.07866100012739],[-87.58163399979469,45.078570999740649],[-87.581596000159848,45.078438000220622],[-87.581596000159848,45.07806099994631],[-87.581693000244229,45.077984999761384],[-87.58220000040744,45.07758599998656],[-87.582335000126648,45.077481000083537],[-87.582366999913702,45.077328000241941],[-87.582479999891603,45.077100999999949],[-87.582391000203145,45.076774999894191],[-87.582239999692092,45.076530999894025],[-87.581802000024169,45.076461999702396],[-87.581552999603829,45.076418000079123],[-87.581305999731626,45.076241999978464],[-87.581031000270329,45.07620300020718],[-87.581025000422542,45.076034000256399],[-87.581022999874421,45.075827999925714],[-87.581474999786025,45.07569000029887],[-87.581959000383023,45.075712999836881],[-87.583361000148614,45.075646999841403],[-87.584253000276291,45.07567700025249],[-87.584670000027828,45.075702999707914],[-87.584832000409506,45.075712999836881],[-87.58489299961056,45.075723999723017],[-87.585302999689404,45.075788999871882],[-87.585594999767451,45.075820999722822],[-87.58562200042995,45.075851999799198],[-87.585672999585242,45.075861999902138],[-87.585700000247755,45.075840999937746],[-87.586133999717703,45.075890999810035],[-87.586383000138042,45.075980000223034],[-87.586429000168792,45.075963999709984],[-87.586490000268171,45.075968999751851],[-87.586537999948732,45.076066999723025],[-87.586655000124608,45.076160000135744],[-87.586712999850931,45.076176999710555],[-87.58688299973025,45.076388999804259],[-87.586949999677401,45.076567999953262],[-87.586953000050443,45.076624000185944],[-87.586975999616655,45.076683999966534],[-87.587079000447133,45.076799999744381],[-87.587215999816166,45.076862999825813],[-87.587331000342218,45.076872999751778],[-87.587399000114274,45.076867999789009],[-87.587405999786952,45.076757000122171],[-87.587278999565356,45.07668800020344],[-87.587154999716802,45.076563999707993],[-87.587122000104841,45.076470000206918],[-87.587097999815398,45.076425999955447],[-87.58713499962532,45.076370000163081],[-87.587060000180557,45.076254000146719],[-87.586896999973945,45.076224999788664],[-87.586814999958179,45.076132999867781],[-87.586764999729468,45.075976999691072],[-87.586517000032345,45.075869999856295],[-87.586561000413283,45.075749000033014],[-87.586014999892001,45.075622000121122],[-87.585533999668087,45.075609999820145],[-87.58510100002303,45.075564000017529],[-87.584731000127178,45.075413000281081],[-87.584321999873254,45.07518199970211],[-87.584269999994731,45.075166000234333],[-87.583992000160393,45.075081000171679],[-87.583865999763688,45.07487999971454],[-87.583393999760588,45.074623000217933],[-87.583331999836304,45.074376999710928],[-87.583017000192029,45.074164999765458],[-87.58257699997597,45.073774000208992],[-87.582152999653459,45.073248999902127],[-87.58186999979624,45.072959000075429],[-87.58141399968666,45.072634000260123],[-87.581000000308194,45.072546000160045],[-87.580517000434426,45.072276000131936],[-87.580438999718311,45.072031000130366],[-87.580139999967571,45.071838000249272],[-87.580093000111901,45.071806999898627],[-87.579966999715211,45.071799000010053],[-87.579416000069386,45.071762000035058],[-87.579389000305213,45.071740999832855],[-87.579267000106469,45.071644999716412],[-87.579151999580418,45.071599999725308],[-87.579019000409346,45.07154699977491],[-87.578637999744515,45.071428999816547],[-87.578564000124686,45.071351999857484],[-87.578542000383365,45.071227999837262],[-87.578612999630167,45.071145999778416],[-87.578571999622284,45.070958999768941],[-87.578611999805261,45.070871000261853],[-87.578579000193301,45.070815000101248],[-87.578487000131787,45.070819000114568],[-87.578395000070273,45.070875000271251],[-87.57832200027535,45.07090299969456],[-87.578153000220951,45.070921999884575],[-87.578010999930726,45.070964000248765],[-87.577950999656267,45.071054999768798],[-87.577932000288001,45.071143000261436],[-87.577937000310882,45.071207999911103],[-87.577978000318765,45.071262999849736],[-87.578025000174435,45.071320999877649],[-87.578104999642065,45.071426000314425],[-87.578154999870776,45.071579999929327],[-87.578211999772179,45.071809000187812],[-87.578247999757181,45.071951000238997],[-87.578251999955143,45.072187000294278],[-87.578232999688581,45.072263999762733],[-87.578472999888078,45.072644000291774],[-87.578524999766614,45.073005999878198],[-87.578643999592316,45.07332100020421],[-87.578789000255597,45.073574000026376],[-87.578881000317097,45.073827999789415],[-87.578893000012656,45.073869999921186],[-87.578894999662481,45.073915999818603],[-87.57890800008127,45.074011999926597],[-87.578893999837561,45.074199999882481],[-87.578904999708215,45.074217999825549],[-87.579072000112816,45.074514000190995],[-87.57931599961195,45.074861999979987],[-87.579474999620615,45.075219000000438],[-87.579551999613514,45.075359000295272],[-87.579631000154535,45.0755009997727],[-87.579713000170301,45.075683000079067],[-87.579760999850876,45.075835999884681],[-87.579741999584314,45.07603599976327],[-87.579923000232583,45.076413000076499],[-87.580114000028303,45.076639999879838],[-87.580317000417892,45.076881999937434],[-87.580760000108668,45.077390999741247],[-87.580866000413891,45.077513000255671],[-87.580879999759276,45.077528999700647],[-87.580961999775042,45.0777319998029],[-87.581056000384677,45.077963000223136],[-87.581187999730844,45.078210000232545],[-87.581208999647245,45.078248999902698],[-87.581232999936688,45.078438000220622],[-87.58125600040124,45.078615000243431],[-87.581110999737959,45.078808999778431],[-87.580884999782157,45.07891100003485],[-87.58084399977426,45.079013999810556],[-87.581078000125999,45.07924300009374],[-87.581197999776592,45.079345000209734],[-87.58131900015043,45.079437999727666],[-87.582051000444523,45.080078000046683],[-87.582423999815106,45.080555000205713],[-87.582494000135313,45.080645000004552],[-87.582895999818206,45.081117999943594],[-87.582947999696742,45.081125999796264],[-87.583042000306392,45.081185999924045],[-87.583048999979084,45.081230000315955],[-87.583029999712508,45.081259000036788],[-87.583305999897036,45.081484999959606],[-87.583418999874951,45.08172499985313],[-87.583612000218793,45.081966000291068],[-87.583958999650108,45.082256000078324],[-87.584295999934014,45.08253800000832],[-87.584372000101993,45.08261399984579],[-87.585096000000163,45.083344999721334],[-87.585188999886569,45.083430000176591],[-87.585583000071878,45.083950000208446],[-87.58587299960179,45.084316000183556],[-87.585912999784753,45.084561999764148],[-87.585783999913346,45.084630999688294],[-87.585649000194124,45.084695000251301],[-87.58555700013261,45.084738999843559],[-87.585605999638091,45.084848000028124],[-87.585656999691722,45.084922999731731],[-87.585710000293489,45.085002000260225],[-87.585983999929866,45.085316999787906],[-87.586290000251608,45.085584999915277],[-87.586594999850149,45.085860000296158],[-87.586845000095408,45.086151999765782],[-87.587077999723903,45.086522999973312],[-87.587086000119825,45.086712000193735],[-87.586983000187658,45.086878999878188],[-87.586980999639536,45.086909000100171],[-87.586978999989711,45.086928000042356],[-87.586972000317004,45.087014999997265],[-87.587011999601671,45.087169000095678],[-87.58711700008196,45.087289000279853],[-87.587237999557473,45.087255000126419],[-87.587302000029894,45.087262000197001],[-87.58738300022074,45.087295000155613],[-87.587794000124504,45.087575000209945],[-87.587989999943062,45.087813000159983],[-87.588308999785298,45.088067000052106],[-87.588831999842043,45.088553999887466],[-87.589499999663701,45.08923400013672],[-87.589774000198418,45.089519999841393],[-87.589824000427129,45.089563000005754],[-87.590006999826926,45.08972000002133],[-87.590263999744863,45.090005999829302],[-87.590466000309533,45.090217999982407],[-87.590667000150987,45.090457999971846],[-87.590714999831562,45.090513999908836],[-87.590915999673015,45.090743999889575],[-87.591165999918275,45.091127000294875],[-87.591519000095687,45.091589999812975],[-87.591746999701328,45.092089000064618],[-87.591818999671347,45.092245000008738],[-87.591960999961572,45.09255599978848],[-87.592069999741511,45.092824000197744],[-87.59245899990394,45.09378000009265],[-87.590287000209386,45.094526000095541],[-87.590093000040639,45.094591999844184],[-87.587647999636303,45.095432000186086],[-87.584919000448153,45.096429000183583],[-87.584983000022262,45.096491000151104],[-87.585523999622339,45.096269000120131],[-87.585572000201239,45.096297999816088],[-87.590103000086373,45.094697000007791],[-87.590274999615517,45.094636000057022],[-87.590832000007438,45.094439000166204],[-87.591879999770725,45.094689000153096],[-87.592191999940241,45.094762000133073],[-87.592802000035633,45.094905999698369],[-87.593411000306062,45.095050000168833],[-87.595854999987182,45.095625999687876],[-87.598302000041343,45.096203999807734],[-87.603305999754511,45.097367999732192],[-87.604110999843542,45.097555000189828],[-87.60831399966564,45.09853300001928],[-87.614952999671246,45.100078000059838],[-87.619236999684205,45.101572999964283],[-87.621645000278605,45.102408999995035],[-87.621940999656303,45.102454999741553],[-87.622624000444915,45.102561999876862],[-87.625121999654382,45.102950999781321],[-87.625190000324764,45.102962000129637],[-87.626491999632947,45.103120999912939],[-87.626526999793029,45.103127999941094],[-87.627716999846541,45.103349999935325],[-87.628876999762824,45.104052999822549],[-87.629582000292743,45.105326999807744],[-87.630007000440187,45.105607000222676],[-87.630681000109661,45.106043000190525],[-87.631534999704172,45.106223999710835],[-87.632716000435167,45.10617799983109],[-87.632754999894914,45.106167999962622],[-87.632975000002943,45.106113999881593],[-87.633195000110959,45.106059999749526],[-87.634087000238637,45.10583999988102],[-87.634801000091073,45.10571500002473],[-87.635765000188755,45.105862999961708],[-87.635807999846477,45.105870000287688],[-87.636109999970273,45.105918000144719],[-87.638033000142784,45.106477000288983],[-87.638286999687679,45.106551000268666],[-87.640035999782924,45.106484999760191],[-87.640172000225377,45.106471999747129],[-87.642395999798453,45.106262999910669],[-87.645756999721598,45.106123999759575],[-87.647881999560468,45.10633700016777],[-87.648191000255267,45.106368000169887],[-87.648291999639312,45.106432999690078],[-87.64899299997127,45.106887999965437],[-87.650569999639046,45.107916000072898],[-87.651412000436324,45.108557999863955],[-87.652512000078147,45.108633000132848],[-87.654451999969098,45.108331999911755],[-87.65674300038765,45.107679999877192],[-87.657135000024809,45.107568000012414],[-87.658171000092523,45.107547000290715],[-87.658704000195002,45.107536000191821],[-87.659237000297466,45.107525999927219],[-87.659951999974808,45.107512000314649],[-87.660001000378614,45.107541999842546],[-87.660526000085184,45.107861999743463],[-87.661049999966821,45.108180999927548],[-87.661210999625283,45.108278999799047],[-87.661210999625283,45.108339999757057],[-87.661213999998353,45.109072999683114],[-87.661215999648164,45.109648999754555],[-87.661106000043304,45.111866000235011],[-87.661296000014104,45.112565999972375],[-87.662090000232482,45.113320000287729],[-87.662245000043185,45.108285000005687],[-87.662255000088948,45.108097999820693],[-87.662279000378376,45.108066000297235],[-87.662342999952486,45.10753200021302],[-87.662359999670926,45.107424000044546],[-87.662291000073935,45.107117000093396],[-87.662285000226163,45.107090999718103],[-87.662204999860222,45.106729999745767],[-87.662123999669362,45.106364999965891],[-87.661747000100831,45.104661000009749],[-87.66167799960553,45.104351999998002],[-87.661648000366625,45.104215000054765],[-87.661446999626861,45.103306000096445],[-87.660952999882426,45.100990999857025],[-87.660742999820144,45.100124999748147],[-87.661936000246712,45.100138999904175],[-87.662055000072385,45.101051999994063],[-87.662692999756857,45.101057999692166],[-87.66290500036726,45.102730999978434],[-87.66471999968644,45.102760000196909],[-87.66471999968644,45.102663000282874],[-87.664328999874186,45.099784000187356],[-87.664326000399456,45.099713000232782],[-87.661484000335079,45.099693000131396],[-87.660655999781525,45.09968600031619],[-87.661255999831141,45.094739000019125],[-87.661304000410027,45.09452199983928],[-87.661348999717546,45.094250000147227],[-87.66137999967971,45.093923000157062],[-87.661388000075618,45.093719999874722],[-87.661384999702562,45.093483999970239],[-87.66136200013635,45.093176999887199],[-87.661041999570898,45.090243999797394],[-87.661020999654497,45.090049999770258],[-87.661018000179766,45.090025000009781],[-87.661013000156899,45.089982000193189],[-87.666155999787222,45.089700999739442],[-87.666155999787222,45.0896289997821],[-87.665785000066478,45.08602699993444],[-87.665595000095678,45.086035999946652],[-87.665561999585393,45.086037999737769],[-87.66527000040567,45.086052000176267],[-87.66523900044352,45.086053999966829],[-87.665153000229793,45.086058000181957],[-87.665108000023949,45.086059999972306],[-87.664186999583961,45.086106000204701],[-87.664186999583961,45.086028000147294],[-87.665195999887501,45.085965000023144],[-87.664800999877286,45.085252999921792],[-87.664154999796907,45.084039000120093],[-87.664016999704657,45.084039000120093],[-87.663922000168412,45.082518999874587],[-87.663790999748826,45.082518999874587],[-87.663698999687327,45.081560999929273],[-87.663675000296209,45.081197999688271],[-87.662820999803373,45.081888000289545],[-87.662517000029752,45.082263999771605],[-87.66147099991629,45.083430000176591],[-87.660393000015787,45.083482999889071],[-87.66039899986356,45.083561999871826],[-87.660612000298897,45.086281999731483],[-87.658766000119286,45.086197999924089],[-87.658361999888228,45.086179999949252],[-87.657369000376534,45.086134999987429],[-87.656774000349785,45.086092999991074],[-87.656760999930995,45.086091999779399],[-87.656756999733034,45.085492000254931],[-87.657206000169921,45.08523500028349],[-87.657664999754232,45.085074999936936],[-87.657664999754232,45.085043000194375],[-87.658806000302263,45.084614999694949],[-87.658288000268371,45.083975000090724],[-87.656753000433383,45.084803000285525],[-87.654734999826317,45.085916000301431],[-87.654600000107095,45.085904999840338],[-87.654373000326373,45.085892000215281],[-87.653880000406872,45.085848999824321],[-87.653499999566961,45.085842000214846],[-87.653615000093012,45.085687000125674],[-87.653815000109546,45.085730000004304],[-87.654887999987196,45.085134000128754],[-87.655050000368902,45.085049000306043],[-87.655760999848283,45.084654000067346],[-87.657150999918329,45.083881999712148],[-87.657697000439597,45.083578000160088],[-87.657335000041357,45.082610000023799],[-87.658274999849596,45.082398999818658],[-87.658710999867694,45.082315000010105],[-87.658942999671282,45.082885999771065],[-87.660250999725562,45.08215999986556],[-87.660798999896656,45.081863000128294],[-87.662783000168531,45.080778999766594],[-87.662850000115682,45.080732999684905],[-87.663447999617176,45.080405999691408],[-87.663055000155097,45.080044999724834],[-87.663774000030415,45.079636999995216],[-87.664047999666792,45.080048000043185],[-87.664088999674675,45.080084000045488],[-87.664538000111563,45.079834000195767],[-87.664431999806354,45.079720000246226],[-87.664345999592626,45.079706999848014],[-87.664313999805572,45.079722000258442],[-87.66424799968334,45.079651000099489],[-87.664091000222825,45.079480000176552],[-87.664225000117128,45.079430999967009],[-87.665441999934814,45.078985999920661],[-87.66556599978334,45.078938999961487],[-87.66623000030539,45.078440999989013],[-87.66612099962714,45.078397999698694],[-87.665990000105879,45.078350999890148],[-87.665996999778585,45.078341000222792],[-87.666813999563189,45.077770999799299],[-87.666210000213923,45.077371000068823],[-87.665097000153295,45.0778619998989],[-87.66505000029764,45.077210000167248],[-87.665056999970332,45.07711700019469],[-87.665005999916701,45.07642899982951],[-87.664927000273991,45.075237000256969],[-87.664917000228243,45.075139999900202],[-87.668380000258622,45.075119000304866],[-87.66829599969472,45.073845999849638],[-87.669664999848379,45.07383500023645],[-87.669868000237969,45.073836999820209],[-87.669921999766316,45.074658000054455],[-87.669926999789197,45.074724999699811],[-87.670018999850711,45.074709000104079]]],[[[-87.658828999868476,45.086085000199688],[-87.658862000378747,45.085708000276945],[-87.658462000345651,45.08568100008101],[-87.658421000337782,45.086067999767181],[-87.65874699985271,45.086083999987835],[-87.658828999868476,45.086085000199688]]],[[[-87.670622000273383,45.082400999737096],[-87.670495999876692,45.08105900004427],[-87.670307999555703,45.079045999758456],[-87.667846000331252,45.079011000072185],[-87.666114999779353,45.079973999967237],[-87.665410000147759,45.080227000147715],[-87.665347000398569,45.080169999959104],[-87.665250000314174,45.080082000045948],[-87.662773999947703,45.081460000256321],[-87.66258899999977,45.081656999879932],[-87.661174999640281,45.082437000159658],[-87.660471999658498,45.082817999911178],[-87.660500000145902,45.083162000087839],[-87.660579999613532,45.083211000268982],[-87.660596000405363,45.083213999786835],[-87.661151000249149,45.083081999921824],[-87.661208000150566,45.0830459999057],[-87.661434999931274,45.082909000218422],[-87.661504000426575,45.08286800002125],[-87.661564999627615,45.082810000295424],[-87.662681000061283,45.081606999978625],[-87.662802000435121,45.081477999815419],[-87.664604000233794,45.080477000180771],[-87.664641000043716,45.080524999818351],[-87.664739999777922,45.080600000122836],[-87.664801999702206,45.081289999700203],[-87.665344000025499,45.080986999977092],[-87.665473999721854,45.082492999714717],[-87.668624999582704,45.082437000159658],[-87.670622000273383,45.082400999737096]]]]},"properties":{"BASENAME":"Marinette"}},{"type":"Feature","geometry":{"type":"Polygon","coordinates":[[[-87.417734999988056,44.828329999941111],[-87.417731999615015,44.826544999817095],[-87.417724000117403,44.822937000182392],[-87.417715999721494,44.82139499999829],[-87.417715999721494,44.821208000209083],[-87.417717000444711,44.821095999738247],[-87.41770099965288,44.817830000181559],[-87.417699000003054,44.817480000262464],[-87.412681000046177,44.817401000227171],[-87.412665999977577,44.81375499977424],[-87.407653000043567,44.81368200024081],[-87.407636000325112,44.811878000239716],[-87.407623999731243,44.810877999684237],[-87.407622999906323,44.810051000116879],[-87.402625999865847,44.809915999814514],[-87.402533999804348,44.809913000002503],[-87.402538999827229,44.810387000233838],[-87.402533999804348,44.810825000042172],[-87.401759999677452,44.810806000254843],[-87.397443999877453,44.810707000255263],[-87.397444999702344,44.811015000120648],[-87.397444999702344,44.812258999739683],[-87.397447000250509,44.813424000180326],[-87.397448000075414,44.813885000032762],[-87.397426000334107,44.816894999805776],[-87.397423999785971,44.817144000049183],[-87.397414999565129,44.81792800026254],[-87.397414999565129,44.817954000112962],[-87.392309999569619,44.817954000112962],[-87.392301000247102,44.817809999715472],[-87.392302999896913,44.817504000066236],[-87.392154999758915,44.817503000260444],[-87.389738999666903,44.817497000151072],[-87.38974000039012,44.817801000236216],[-87.387313000427454,44.817809999715472],[-87.387195000426672,44.817811000153121],[-87.387197999901403,44.817455999811479],[-87.387197000076497,44.817130999942798],[-87.387196000251578,44.817038999939456],[-87.389757000108574,44.817039999753298],[-87.389788000070709,44.813667000246625],[-87.389788999895629,44.813405999851476],[-87.387226000388821,44.81339400005394],[-87.387243000107262,44.812092000180066],[-87.387198999726323,44.809680000103747],[-87.387253000152995,44.806120000041986],[-87.387278000267358,44.798908000262749],[-87.385223999675262,44.798902000131029],[-87.383283999784311,44.798893999741942],[-87.382457999778893,44.798895999998678],[-87.38099400008899,44.798885999989139],[-87.371988000395191,44.798892000122528],[-87.360298999747329,44.798907000134619],[-87.356787000211455,44.798918000268472],[-87.356024999780132,44.798921000014886],[-87.351816000110247,44.798888999737208],[-87.351026999914737,44.798929999890575],[-87.350395000078066,44.798953999764734],[-87.34665599986316,44.798973000268866],[-87.342160000138108,44.798972000141866],[-87.341729000142877,44.798959999891053],[-87.341611999967014,44.798974999885466],[-87.341555000065597,44.799000999993964],[-87.341345999828235,44.799005999988978],[-87.341035000381922,44.799000999993964],[-87.340898000114564,44.799005999988978],[-87.34081299972577,44.799010999983565],[-87.34068499967924,44.799004999862554],[-87.340363000362274,44.798997000125148],[-87.340142000429353,44.798998999740867],[-87.339937000389924,44.799002000120502],[-87.339852999826007,44.798983999752735],[-87.339508999869437,44.79898700013311],[-87.339226999837138,44.798972000141866],[-87.338960999698344,44.798966000016797],[-87.338578000282027,44.798972000141866],[-87.338426999770974,44.798964999889627],[-87.336559999674961,44.798936000019388],[-87.336500000298798,44.798934999891742],[-87.336497999750662,44.798482999693036],[-87.336485000230198,44.797941000193191],[-87.336420999757777,44.79379999991766],[-87.336419999932872,44.793705999872913],[-87.336398000191551,44.79186099982013],[-87.334485999889694,44.791867000046537],[-87.331273999929465,44.791855999843513],[-87.330712000412987,44.79185799970675],[-87.32937000002353,44.79186099982013],[-87.328713999897403,44.791862999683197],[-87.327322000177546,44.791867000046537],[-87.324054999965725,44.79186099982013],[-87.320031000243773,44.791840999911052],[-87.317020999949932,44.79185200011694],[-87.316908999796937,44.791847000139533],[-87.316887000055615,44.791834000068754],[-87.31606799972289,44.791829999703083],[-87.314999000043201,44.79183299981797],[-87.314654000261697,44.791834000068754],[-87.314223000266466,44.792148000174805],[-87.314089000372178,44.79225500018611],[-87.313993999937608,44.792352000132176],[-87.313747999890339,44.792546000172713],[-87.313619999843809,44.792667999805097],[-87.313597000277596,44.792691000135335],[-87.313571000338314,44.792737000130899],[-87.313532999805176,44.792761000030893],[-87.313505000216082,44.792757999964245],[-87.313361000276046,44.792702000179204],[-87.312839999869126,44.792488999942599],[-87.31280399988411,44.792453000237977],[-87.312747999807613,44.79241800011399],[-87.312635999654631,44.792360000153316],[-87.312521000026905,44.792307000072334],[-87.3121129995979,44.792153999733841],[-87.311802000151587,44.792021000118368],[-87.311234999713932,44.791786999739386],[-87.310971000123288,44.791691999987698],[-87.310873000214002,44.791665999773379],[-87.310845999551503,44.791663999903548],[-87.310802999893795,44.791725000046668],[-87.312148999582917,44.79227199985985],[-87.313861999693145,44.792954999971599],[-87.314420999734892,44.793178999716218],[-87.314398999993571,44.793206000113372],[-87.314275000145017,44.793327000038119],[-87.314022000425027,44.793510999685104],[-87.314655000086603,44.793955000145381],[-87.315924999607745,44.79484500013973],[-87.318576999701321,44.796662999734032],[-87.323449000068337,44.800003000153538],[-87.325908999642962,44.801689000213486],[-87.326491999974138,44.802090000279804],[-87.326820000037202,44.801849000033691],[-87.326972000373175,44.801733999968754],[-87.328261000160865,44.802617000005398],[-87.329401999810571,44.803400000070418],[-87.329815000262457,44.80368400026547],[-87.331381999884499,44.804759000126481],[-87.333459999867713,44.806184000206564],[-87.333670999754915,44.80618800021449],[-87.336569999720695,44.806221000269318],[-87.336520000390294,44.80783099977387],[-87.336537000108734,44.808455000235412],[-87.336575999568467,44.809890000163762],[-87.336425999780658,44.811875999795781],[-87.336385999597681,44.812138000003969],[-87.336369999704146,44.812634999821107],[-87.336307999779876,44.815018999722916],[-87.336275999992822,44.816312000076636],[-87.336270999969955,44.816472999945013],[-87.336230999786991,44.81664899986071],[-87.336233000335113,44.81680099979004],[-87.336229000137152,44.81776799979729],[-87.336215999718362,44.818511000220767],[-87.336197000350097,44.819656999832226],[-87.33619200032723,44.820174000133413],[-87.336189999779094,44.820475999977418],[-87.335266999689281,44.820473999831734],[-87.333469999913461,44.820460999838915],[-87.331490999664453,44.820447000088457],[-87.33118000021814,44.820444999941778],[-87.330981999851417,44.820444000187024],[-87.330954000262338,44.822194000085389],[-87.331637000152625,44.82218400029145],[-87.332248000072909,44.822192999723789],[-87.332889999955327,44.822203000153294],[-87.333516999769117,44.82221200021975],[-87.334151000153938,44.822222000008836],[-87.334813999952758,44.822231999796131],[-87.33540300013172,44.822240000134464],[-87.336036999618216,44.822249999918682],[-87.336168999862693,44.822258000254507],[-87.336164999664732,44.822677999760757],[-87.336164999664732,44.822779000302184],[-87.336173000060654,44.823710000133531],[-87.336157000167134,44.823920000077322],[-87.336157000167134,44.824059000135193],[-87.332571999938011,44.824028000114652],[-87.332566000090225,44.824927999990607],[-87.334656999593918,44.824951000203278],[-87.336122000007038,44.824967000124175],[-87.336115000334331,44.825590999947998],[-87.336108999588234,44.826159000221026],[-87.336091999869808,44.827671000059986],[-87.33601800024995,44.830047000222677],[-87.336013000227084,44.831288999769136],[-87.335866999738911,44.834891000082422],[-87.337141000356311,44.83489899993792],[-87.341155000032529,44.83495100024593],[-87.340251000209292,44.83528400011366],[-87.340168000368607,44.835314000317204],[-87.340134999858336,44.8362280001774],[-87.340565999853538,44.83622300022386],[-87.340832999817238,44.836218999751118],[-87.341047999902401,44.836217000151649],[-87.341026000161079,44.836768999720547],[-87.342135000023745,44.836779000169464],[-87.342176999856534,44.83678000027794],[-87.344894000247436,44.836807000015654],[-87.344910999965876,44.836268999907361],[-87.34495399962357,44.834993999889406],[-87.345222000310486,44.834997000307773],[-87.346161000293833,44.835006999790131],[-87.346393999922341,44.835009000068588],[-87.346338999670749,44.837430000240907],[-87.346307999708614,44.838471000297652],[-87.346168999791431,44.840137999813209],[-87.346068000407413,44.843284999871287],[-87.346043000293051,44.844102000019191],[-87.346392000272516,44.844103999981918],[-87.346762999993274,44.844107999907216],[-87.347046999675399,44.844107999907216],[-87.351349999954948,44.844133000071068],[-87.35133900008428,44.844734000081125],[-87.351303000099264,44.846433999877412],[-87.35122799975619,44.849736999811924],[-87.348083999568033,44.84974099998297],[-87.347045999850494,44.849723000166385],[-87.346603999984623,44.849735999928356],[-87.346574999672299,44.851044000314623],[-87.346531000189671,44.852301000242157],[-87.346521999968857,44.852985999922758],[-87.346486999808747,44.853632999736284],[-87.347084000383646,44.853638999905293],[-87.347648000448245,44.853661000307284],[-87.347883999551485,44.853666999836499],[-87.348214000162685,44.853645999889352],[-87.348462999684713,44.853645000073641],[-87.348804000166567,44.853623000302385],[-87.349016999703579,44.853593000079691],[-87.349220000093183,44.853548000034799],[-87.349529999714576,44.853473000306344],[-87.349750999647526,44.85339099982918],[-87.350035000227948,44.853272999916193],[-87.350414000344657,44.853091999973749],[-87.350770999821691,44.852933999970617],[-87.351238999626844,44.852755999729965],[-87.352228999663822,44.852380000210971],[-87.35292900017086,44.852115999786399],[-87.352935000018633,44.85195100010057],[-87.352928000345941,44.851530999925117],[-87.352904999881417,44.850642999933186],[-87.35325800005883,44.850642999933186],[-87.35338500028044,44.850642999933186],[-87.35366800013766,44.850642999933186],[-87.353889000070595,44.850642999933186],[-87.353957999667557,44.850642999933186],[-87.354385000363138,44.850642999933186],[-87.354880999757384,44.850642999933186],[-87.355392000118542,44.850642999933186],[-87.355392000118542,44.851013000160755],[-87.355403999814101,44.851177000127919],[-87.356002000213905,44.850941999766093],[-87.356525000270636,44.850736000305254],[-87.356957999915693,44.850564999998355],[-87.357054000175154,44.850525999991369],[-87.357614000041806,44.850300000296272],[-87.357629000110421,44.851213000120339],[-87.357634999958208,44.851559000244393],[-87.357638000331264,44.851730000147477],[-87.35764099980598,44.851907999738138],[-87.357649000201903,44.85333699996378],[-87.357666999745263,44.854276000067081],[-87.357648000376997,44.855091999920262],[-87.357645000003942,44.85512100020874],[-87.360374000090403,44.855136000242432],[-87.36036599969448,44.854861999859807],[-87.361513000090284,44.854870999920976],[-87.361527000333993,44.856374999724352],[-87.361527000333993,44.856404000003515],[-87.360251000066768,44.856396999717852],[-87.360254000439809,44.856944999854953],[-87.361532000356874,44.856952000074003],[-87.361539999854472,44.8575550001907],[-87.361542000402608,44.858751000129487],[-87.361576999664393,44.860286999810697],[-87.361591999733008,44.860570999989044],[-87.36246399976919,44.860589999930824],[-87.363796999937819,44.860606999839867],[-87.364945999983448,44.860616000276643],[-87.366685999857864,44.860637000228962],[-87.366666999591288,44.856978999910098],[-87.366592000146525,44.856978000152253],[-87.366645999674887,44.854210999983472],[-87.367768999781248,44.854216000286428],[-87.371749999845477,44.854216000286428],[-87.371749999845477,44.85424300013181],[-87.371742000347879,44.854879000186408],[-87.371739999799743,44.854910000169752],[-87.375867000352173,44.854938000119851],[-87.376772000000329,44.854944000152855],[-87.376777000023196,44.854289999879533],[-87.376785000419133,44.853847000070012],[-87.376785000419133,44.853603000155637],[-87.376785000419133,44.853426999711353],[-87.376792000091811,44.85272199972875],[-87.376799999589409,44.852218000166246],[-87.376799999589409,44.851977999734146],[-87.376807999985346,44.851455000263641],[-87.376807999985346,44.851214999836188],[-87.376814999658023,44.850851999956269],[-87.376814999658023,44.850661999966626],[-87.376823000053946,44.849975000270739],[-87.376823000053946,44.849809000300667],[-87.377842000403234,44.849800000085281],[-87.377946999985213,44.849746000037143],[-87.37923099975005,44.849742999749921],[-87.379413000223238,44.849740000099466],[-87.379414000048158,44.849785999818181],[-87.379424000093891,44.850323999810009],[-87.379851999716081,44.85032000031633],[-87.380137999946328,44.850317999932535],[-87.380152000190037,44.850342000075649],[-87.380394999864279,44.850343999821732],[-87.380866999867379,44.850339999692565],[-87.380864000392648,44.850411000192516],[-87.380862999669418,44.850451000148603],[-87.381475000312932,44.850427999922488],[-87.381393000297166,44.850744999737508],[-87.381321000327148,44.850986999936701],[-87.381240000136287,44.851254000013519],[-87.381144999701718,44.85156699969626],[-87.381102000044038,44.851693999841359],[-87.380988000241203,44.852045000114629],[-87.380983000218336,44.852061000155892],[-87.384026000124152,44.85207999972156],[-87.390706000137655,44.852095999753153],[-87.393139999772998,44.852126999960895],[-87.393129999727265,44.852056000302689],[-87.393092999917357,44.851752999853588],[-87.392988000335365,44.850851999956269],[-87.392054000374898,44.843298999807665],[-87.397155999997352,44.842153000125379],[-87.397223999769423,44.842127999739255],[-87.397223999769423,44.842037000153141],[-87.397232000165346,44.841747000156168],[-87.397232000165346,44.841644000317721],[-87.397239999662943,44.841449999781808],[-87.397239999662943,44.84138899998721],[-87.397242000211079,44.841261000020332],[-87.397237000188227,44.841085000079211],[-87.397251000431908,44.840781999880207],[-87.397252000256827,44.840342000138627],[-87.397274999823054,44.838964999690432],[-87.397278000196096,44.838227000218737],[-87.397304999960269,44.837960000271984],[-87.39730999998315,44.837476999694282],[-87.397320000028884,44.836894999898718],[-87.397328000424807,44.836450999956774],[-87.397328000424807,44.836403000188568],[-87.397349000341208,44.83559400018936],[-87.397357999663726,44.835183999959575],[-87.397960000261492,44.835196999817398],[-87.398022000185762,44.83519799995338],[-87.398024999660493,44.834462000309905],[-87.398607999991683,44.834462000309905],[-87.398635999580776,44.834461000161191],[-87.398643000151793,44.832097000130339],[-87.398643000151793,44.831995999987974],[-87.39825399998935,44.831988999921073],[-87.397376000105382,44.831971000291261],[-87.397381999953183,44.831615999859842],[-87.397376000105382,44.830944999993513],[-87.397378999580113,44.830525000194967],[-87.397380000303357,44.830229000172992],[-87.397381000128263,44.830110999955672],[-87.397504000151898,44.83011299976701],[-87.397503000326992,44.830229000172992],[-87.397503000326992,44.830275000181501],[-87.398309000240943,44.830292000119925],[-87.398315000088729,44.83049999986018],[-87.398991000306339,44.83049999986018],[-87.398977999887535,44.830901000303733],[-87.398975000412804,44.830977999898039],[-87.399391000339406,44.830977999898039],[-87.399659999952931,44.830986000296782],[-87.399916999870868,44.830989000286742],[-87.399910000198176,44.831583999882206],[-87.400033000221825,44.831588000039673],[-87.400230999690237,44.831592999758286],[-87.40056999962394,44.831602000269996],[-87.400988999923584,44.831617000057925],[-87.401308999590739,44.831624999730884],[-87.402327999940013,44.831643000105878],[-87.402485000298853,44.831643000105878],[-87.403035000119772,44.831630000083379],[-87.403029000271985,44.831678000004878],[-87.403045000165505,44.831679999761846],[-87.403152000295634,44.831679999761846],[-87.403564000024275,44.831691000016555],[-87.403914999653566,44.83169900031627],[-87.403953000186718,44.83169900031627],[-87.404252999762363,44.831705000221859],[-87.404342000349132,44.831706999977854],[-87.404640000274966,44.831714000079003],[-87.404739000009172,44.831714000079003],[-87.405147000438177,44.831722999934748],[-87.405364000173151,44.831728999837836],[-87.40553200040263,44.831732999985199],[-87.405787999597365,44.83173400018125],[-87.405790000145487,44.831496000170645],[-87.405790000145487,44.831259000018591],[-87.405807999688832,44.83083899995993],[-87.405827999780342,44.83061300011498],[-87.405877000184148,44.830033000251717],[-87.406004000405744,44.83003600029128],[-87.406724999930859,44.830007000114556],[-87.407545999913438,44.830021000091833],[-87.407547999563249,44.829585000022036],[-87.406002999682514,44.829558000086045],[-87.405918000192017,44.829553000190899],[-87.405954000177033,44.829156000251331],[-87.40595699965175,44.82912499978633],[-87.40597699974326,44.828888999686413],[-87.405990000162049,44.828734000299129],[-87.405861000290599,44.828731000191738],[-87.405405000181048,44.828718999760838],[-87.405281000332479,44.82871600028983],[-87.405181999699963,44.82871199993302],[-87.404836999918444,44.828708000213098],[-87.404723999940543,44.82870099974685],[-87.404722000290732,44.828662999840432],[-87.404723999940543,44.828429999883433],[-87.404723999940543,44.828182000217772],[-87.404728000138505,44.828083000104655],[-87.40433899997609,44.828073000058019],[-87.404083999707964,44.828066000151765],[-87.403374999878395,44.828049000193907],[-87.403410999863397,44.828150999866025],[-87.40350299992491,44.828411000162554],[-87.403601999659102,44.828680999866286],[-87.403625000123654,44.828757999878029],[-87.40310600026487,44.828746000089808],[-87.402465000207371,44.828731000191738],[-87.402433000420316,44.828729999943569],[-87.402439000268103,44.828624000296074],[-87.402451999788582,44.82802599994308],[-87.402423000374569,44.828024999682683],[-87.401787000339937,44.82802700020347],[-87.401517999828116,44.828007999712675],[-87.397388999625846,44.827937000271064],[-87.397386999976035,44.827852999867602],[-87.397381000128263,44.827203999829045],[-87.398498000386823,44.827198000092075],[-87.398515000105277,44.826814999978914],[-87.398529000348958,44.826526000112061],[-87.398245999593442,44.826519000017939],[-87.398245999593442,44.825945999898458],[-87.397381999953183,44.825923000082732],[-87.397382999778074,44.825823000251063],[-87.397382999778074,44.825727000172961],[-87.397382999778074,44.824906000083303],[-87.397381999953183,44.824797000100105],[-87.39825399998935,44.824817000054004],[-87.39825399998935,44.824320999786792],[-87.398109000224395,44.824316999762139],[-87.398116999721992,44.824207000250098],[-87.397514000197646,44.824195000151605],[-87.397381000128263,44.824191999808022],[-87.397381999953183,44.824121000126219],[-87.397381999953183,44.823911000277455],[-87.39738600015113,44.822226999902696],[-87.39738600015113,44.822111999685198],[-87.398360000294559,44.82214199973636],[-87.398361000119479,44.821933999782736],[-87.398536000021679,44.821940000067627],[-87.398637000303992,44.821942999891235],[-87.400034000046745,44.821987999775416],[-87.40000100043477,44.822665000264891],[-87.400978000052959,44.822692999959592],[-87.401875000203489,44.822719999925411],[-87.401875000203489,44.822806000227736],[-87.400557000103461,44.822773000104661],[-87.40052299976827,44.822771999753101],[-87.398161999927851,44.822710999938209],[-87.398161999927851,44.823168999697572],[-87.398161999927851,44.823581000061829],[-87.398161999927851,44.823913000303911],[-87.398352999723556,44.823913000303911],[-87.398352999723556,44.823986000265748],[-87.398680999786606,44.823982000217889],[-87.398689000182543,44.824332999859053],[-87.398965000367056,44.824340999905814],[-87.399474000180078,44.824352000286893],[-87.40047400026279,44.824377999789164],[-87.402029000189287,44.824419999989587],[-87.402526000306736,44.824432000041234],[-87.404778000367216,44.824488999933898],[-87.405032999737045,44.824498000280641],[-87.405021000041472,44.825640999768176],[-87.40501400036878,44.826735999991669],[-87.405919000016937,44.826795999725746],[-87.405920999666762,44.827078999763835],[-87.405922000389978,44.82752200028682],[-87.405898999925441,44.82810000005253],[-87.406283000065002,44.828115999736525],[-87.406349000187248,44.828118999875869],[-87.407160999948971,44.828133999933193],[-87.407561999806944,44.828145999848829],[-87.407561999806944,44.828059999867392],[-87.407576999875573,44.827369000315606],[-87.40758500027151,44.826820000111567],[-87.407591999944188,44.826270999775801],[-87.407591999944188,44.826094999922674],[-87.407600000340096,44.825721000282257],[-87.407607999837722,44.825176000276301],[-87.407607000012803,44.824555999791507],[-87.411963999820685,44.824623000208447],[-87.412679000396366,44.824613999881173],[-87.412671999825349,44.825512999861537],[-87.412650999908948,44.828170000309669],[-87.412650999908948,44.828258000002641],[-87.417095999580368,44.828313000061065],[-87.417734999988056,44.828329999941111]]]},"properties":{"BASENAME":"Sturgeon Bay"}},{"type":"Feature","geometry":{"type":"MultiPolygon","coordinates":[[[[-88.14077399995503,44.406935999908931],[-88.139865000108912,44.406420000127923],[-88.1348010001213,44.403543000023376],[-88.131513999817983,44.401676000143354],[-88.131409000236005,44.401615999843472],[-88.131876000216238,44.401150000147666],[-88.132596999741367,44.400431000085668],[-88.124139000218634,44.395793999803175],[-88.123464999650864,44.396415999835789],[-88.122877000195118,44.396958000194516],[-88.121737000370331,44.396308000197145],[-88.119173999965227,44.398613000157304],[-88.115342999688792,44.402058000245781],[-88.114068000144812,44.403203999707081],[-88.113885999671595,44.403102999740398],[-88.113448999828606,44.402863000174925],[-88.112738000349196,44.402473000225235],[-88.110553000235868,44.401269999716241],[-88.109358000159489,44.40061099995377],[-88.108994999936328,44.400959000011142],[-88.108388000214021,44.401539999931536],[-88.108275000236119,44.4016490001123],[-88.107803000233005,44.402083000242811],[-88.10753600026932,44.402298999823614],[-88.101959000270696,44.406830999960427],[-88.101047000051551,44.407511999720398],[-88.100518000147034,44.407906000023509],[-88.100142000403395,44.408185999883095],[-88.099824000386093,44.408429999969627],[-88.09957699961555,44.408635000018208],[-88.099301000329348,44.408880999769821],[-88.099106000335681,44.409067000053362],[-88.098568000210335,44.409622999692729],[-88.096753999817764,44.411506000097162],[-88.095280000082127,44.412939999979585],[-88.09478499961449,44.413463000015788],[-88.094571000252557,44.41371300017336],[-88.094474000168191,44.413845000148847],[-88.09431199978647,44.414065000087554],[-88.094166000196608,44.414280999700509],[-88.093642000314972,44.41512900011525],[-88.093462000389906,44.415436000142265],[-88.093265999673022,44.415806999802811],[-88.093127999580759,44.416100000067701],[-88.092956999876534,44.416492999948524],[-88.092570000262242,44.417383999927083],[-88.092487000421571,44.417562999944884],[-88.09239399963684,44.417712999788748],[-88.092346999781157,44.417790000157979],[-88.09220000036639,44.417999000007434],[-88.092037000159763,44.418178999714989],[-88.09179399958721,44.418415000103224],[-88.091694000028099,44.41849200018963],[-88.091662000241044,44.41846099972539],[-88.091590000271012,44.418303000146466],[-88.091535999844353,44.418339000201769],[-88.091433999737092,44.41840900031719],[-88.091389000429558,44.418438999882682],[-88.091231000245813,44.418424000101886],[-88.091157999552578,44.418406000103168],[-88.091083000107815,44.418418999960188],[-88.090965000107047,44.418413999818107],[-88.090898999984788,44.418388000098865],[-88.090575000119699,44.418368999803235],[-88.090497000301895,44.418384000239776],[-88.090425000331862,44.418409999960751],[-88.090360000034536,44.41842000024522],[-88.090288000064518,44.4184360003118],[-88.090237999835793,44.418447999877657],[-88.090201999850805,44.418458999798354],[-88.090185999957271,44.418438000239618],[-88.090169000238831,44.418415000103224],[-88.090016000077952,44.418163999867481],[-88.089412999655295,44.417254999871972],[-88.08919000007252,44.416778000046641],[-88.089143000216865,44.416709999890486],[-88.089158000285465,44.416697000295109],[-88.089385999891121,44.416498000254919],[-88.089974000245164,44.415804999785003],[-88.090098999918638,44.415657000202756],[-88.091107000397258,44.414467000136021],[-88.091253999812039,44.414288999979838],[-88.092424999598975,44.412128999686807],[-88.089973000420258,44.412112000068305],[-88.089946999582665,44.412112000068305],[-88.089924000016438,44.412112000068305],[-88.087138999853508,44.412099000092482],[-88.086414999955323,44.412086000113767],[-88.087379999877911,44.411209000207357],[-88.087503999726479,44.411080000005796],[-88.087640000168918,44.410909999907517],[-88.087753999971724,44.4107319998337],[-88.087830000139718,44.410585000024042],[-88.087904999584453,44.410396999873157],[-88.087948000140486,44.410243000097985],[-88.087980999752446,44.410047999700922],[-88.087989000148369,44.409892000070236],[-88.087979000102621,44.409695999993822],[-88.087953999988272,44.409540000066016],[-88.087901000284816,44.409347999929182],[-88.087589999940207,44.408457999893429],[-88.084603999935794,44.40843699995181],[-88.084742999852963,44.408203000001002],[-88.085132999840312,44.40750699992914],[-88.086061999777897,44.405783999955709],[-88.086337000137505,44.405769000137632],[-88.087943999942524,44.405778000157326],[-88.087936000444927,44.406624000316732],[-88.090192999629963,44.406635999739443],[-88.092181999924733,44.406638999915614],[-88.095533999627023,44.406668999743566],[-88.097172000292517,44.405116000220197],[-88.092850999571311,44.405076000239923],[-88.092729000270893,44.405073999855126],[-88.092663000148676,44.405072999983588],[-88.091883999998885,44.405062000112039],[-88.091961999816704,44.404824999867742],[-88.091827000097481,44.404814999825483],[-88.089209000339096,44.404796000253903],[-88.089219000384844,44.403706999702273],[-88.087187000432394,44.403699999795805],[-88.087169999815643,44.403730999741967],[-88.086621999644549,44.404744000246502],[-88.086603000276284,44.404778999787595],[-88.086456999788112,44.40478299993552],[-88.085097999680201,44.404777999911012],[-88.08014500002065,44.404761000081209],[-88.080001999905505,44.404761000081209],[-88.080015000324309,44.401118000178357],[-88.076003000297916,44.401103999745025],[-88.076009000145689,44.402480000278508],[-88.074937999917893,44.402476999889032],[-88.074935000443148,44.403253999994597],[-88.07491500035168,44.408361999732222],[-88.069334999980001,44.408346000117831],[-88.068341999569995,44.411951999868506],[-88.068238999637842,44.412334000246105],[-88.067342000385594,44.415668999697253],[-88.067304999677376,44.415773999821155],[-88.067123000102498,44.415773000132525],[-88.066886000276028,44.415769000094507],[-88.067037999713676,44.415244999809126],[-88.067190999874555,44.414698999995018],[-88.067344000035419,44.414153000216302],[-88.067497000196298,44.413627999841829],[-88.06775900013713,44.412733000138239],[-88.067953000305877,44.411951000114541],[-88.067968000374506,44.411898000295885],[-88.068135999705675,44.411276999701634],[-88.068409000415471,44.410267999805711],[-88.068549999982466,44.409748000091184],[-88.068933000297093,44.408335000220006],[-88.064912999874792,44.408346000117831],[-88.064862999646081,44.408346000117831],[-88.06482500001124,44.408346000117831],[-88.064787000376413,44.408346000117831],[-88.064785999653182,44.407498000175522],[-88.064783000178451,44.404721999735742],[-88.064169999710046,44.404719999980621],[-88.064147000143819,44.404721999735742],[-88.060489000119773,44.404716999706018],[-88.060494000142626,44.407010000193324],[-88.060500999815318,44.407105000169715],[-88.06011400020104,44.407121000123517],[-88.059977999758587,44.407121000123517],[-88.059834999643456,44.407102999854303],[-88.05970300029729,44.407066000103491],[-88.05972099984065,44.40862599979635],[-88.056920999609062,44.40866299984387],[-88.056195999885986,44.408656999698991],[-88.056303000016101,44.408809999992066],[-88.056434000435658,44.409024999958227],[-88.056549000063384,44.409245000060622],[-88.056599000292124,44.409360000076553],[-88.05664799979759,44.409470000242862],[-88.056729999813356,44.409696999786341],[-88.056763000323642,44.409809999974108],[-88.057093999861436,44.409809999974108],[-88.058120999708308,44.409882000252466],[-88.058098999967015,44.410267000022962],[-88.057950999828989,44.410290999938084],[-88.057014000393806,44.410294999709038],[-88.056862999882753,44.410294999709038],[-88.056876000301543,44.410393999889727],[-88.056891000370172,44.410628999835573],[-88.056891000370172,44.410705000132069],[-88.056893000019983,44.411862000125268],[-88.056893999844888,44.412841000258446],[-88.056682000132781,44.412837999758743],[-88.055482999858455,44.412837999758743],[-88.054291999980023,44.412839999878031],[-88.054271999888556,44.412871999852094],[-88.052922999826393,44.414855000278756],[-88.05278300008429,44.415058999923161],[-88.049576999971862,44.413923999918744],[-88.044926000436092,44.412276999855962],[-88.043575999650727,44.411809999982353],[-88.04221099969503,44.411343999994216],[-88.04049599993499,44.413985000147264],[-88.040386000330116,44.41424100021262],[-88.04041300009429,44.414398999859145],[-88.040551000186568,44.414575999971454],[-88.040798999883677,44.414951000049086],[-88.040818000150239,44.414992000036676],[-88.040992000227519,44.41536499998039],[-88.041019999816612,44.415661000248427],[-88.040992000227519,44.415818999908197],[-88.040387999979941,44.417001999812918],[-88.040140000282818,44.417338000099235],[-88.039618000050993,44.417890000136175],[-88.039211000345219,44.418490000263652],[-88.03912299958337,44.418619999800548],[-88.037529000197139,44.420946999850102],[-88.038315999844514,44.42122299984495],[-88.038627000189138,44.421339000281471],[-88.038956999901998,44.421478000069982],[-88.039276999569154,44.421628000135719],[-88.039585000439047,44.421791000207079],[-88.039857000425599,44.421950999791839],[-88.040018000084089,44.421867000112535],[-88.040315000185004,44.421930000204092],[-88.041595999576785,44.420938999840118],[-88.041923999639849,44.421526999902802],[-88.04200300018087,44.421454999846247],[-88.042085000196636,44.421380000281147],[-88.042342000114601,44.421289000055168],[-88.042583999963938,44.421281999686443],[-88.042816999592432,44.421347999830061],[-88.042854000300665,44.421421000252074],[-88.042888999562464,44.421487999829708],[-88.042948999836923,44.421600999690327],[-88.043466000045854,44.422612000159702],[-88.044113999776044,44.421685999980966],[-88.044861000138781,44.420616999973177],[-88.046221000071597,44.418671000023643],[-88.046549000134661,44.418203000232957],[-88.046611000058931,44.4181129998438],[-88.046698000097578,44.417993000178768],[-88.047191999841971,44.417285999692332],[-88.047531999600608,44.416799999872637],[-88.047734999990197,44.416869000235643],[-88.047919999938117,44.416933999917305],[-88.048141999695957,44.417009999719994],[-88.048345999910481,44.417080999809436],[-88.048556999797682,44.416739999686023],[-88.048627000117861,44.416627999729144],[-88.049269999825199,44.415589000026308],[-88.051803999917993,44.416494000266503],[-88.052384999701033,44.415647999778187],[-88.05617599979449,44.415674000074119],[-88.056898999867769,44.415678999808833],[-88.059581999923466,44.415672999742114],[-88.05984700023734,44.41567200005175],[-88.059872000351703,44.41567200005175],[-88.059836000366687,44.416972999819933],[-88.058761999765835,44.416984999686029],[-88.058721999582858,44.419351999871765],[-88.058708000237459,44.419353999768255],[-88.058540999832886,44.419355000037235],[-88.056878999776274,44.419368999952098],[-88.056874999578312,44.419618999883404],[-88.056821000049965,44.42119599985417],[-88.056821999874856,44.421350999893164],[-88.056831999920618,44.423025999742265],[-88.056539000017636,44.427364000000587],[-88.056522000299211,44.427746999899675],[-88.05652300012413,44.428069999748267],[-88.056534999819689,44.428387999805921],[-88.056571999629611,44.428751999923023],[-88.056622999683242,44.429115999697792],[-88.056692000178515,44.429479000317414],[-88.056779000217176,44.429838999696727],[-88.057086000363839,44.430890999851542],[-88.056517000276344,44.430874999986131],[-88.055417999561115,44.430879999703969],[-88.054312000071519,44.430886000134635],[-88.05207500007964,44.430897000281071],[-88.049614999606689,44.430907999783948],[-88.049370000282622,44.430876000057985],[-88.04909800029607,44.430817999708253],[-88.048208999643109,44.430506999947902],[-88.046087000177295,44.429740999810925],[-88.045799000297194,44.429662000241592],[-88.046540999738738,44.430946999987533],[-88.046462999920934,44.430970999754429],[-88.046426999935917,44.430981999884878],[-88.046324999828656,44.43113199994076],[-88.041943999731345,44.429561999870273],[-88.041404999781079,44.429370000037743],[-88.040228000146357,44.428947000175896],[-88.038217999935213,44.428225000165959],[-88.035739999918931,44.427336000147363],[-88.035164999983664,44.427573000268332],[-88.034908999890618,44.427679000311876],[-88.034429000389892,44.428012999942418],[-88.034239000419106,44.428146999949192],[-88.034553000238461,44.428257000060292],[-88.037937999552739,44.429445000257886],[-88.037237000119092,44.430492000055843],[-88.036846000306824,44.431083999887797],[-88.037410000371452,44.431283000318111],[-88.039547999730814,44.432036000097533],[-88.042204999847243,44.432988000195117],[-88.042500000298361,44.432581000262189],[-88.043216999625528,44.432835000297473],[-88.043533999817924,44.432197999965219],[-88.043705000420459,44.432257000276692],[-88.044252999693228,44.432450999695817],[-88.043696000199645,44.43349800016825],[-88.043758000123901,44.433520000117277],[-88.044188000294213,44.433671000097789],[-88.044503999763393,44.433782000098091],[-88.044916000390359,44.433926999925269],[-88.04530100035484,44.43406299987862],[-88.045651999984116,44.433549000241506],[-88.045979000222246,44.433670000073761],[-88.046017999682007,44.433682999743922],[-88.046273999775053,44.433772999897847],[-88.046226999919369,44.433841000093288],[-88.046210000200944,44.433865999975453],[-88.046139000055831,44.433971000133468],[-88.045928000168644,44.434284000089939],[-88.045375999799589,44.435099999699148],[-88.044594000175096,44.436249000146674],[-88.044162000354945,44.436884000001257],[-88.04388100014755,44.437296999884907],[-88.047504000011529,44.438546000029419],[-88.047179000321492,44.439019000184537],[-88.046826000144094,44.439531999888935],[-88.044287999853324,44.438646999719602],[-88.043210999777742,44.438272000257321],[-88.043167000295128,44.438337999818927],[-88.042640000040436,44.439102000299599],[-88.042593000184752,44.439165999705082],[-88.041774999676932,44.438878999839204],[-88.039552999753681,44.438141000216589],[-88.03842999964732,44.439807000085288],[-88.038125000048794,44.440261000058698],[-88.037760000175822,44.440135000196555],[-88.037466000447949,44.440032999956401],[-88.036139000127093,44.439573999879045],[-88.035633999613708,44.439399000255555],[-88.034744999859086,44.439091999704658],[-88.033348999941254,44.438611999922941],[-88.0307050002436,44.437696000044163],[-88.030245999760979,44.437536999897304],[-88.029269000142804,44.438915999986023],[-88.027904000187121,44.440851999802113],[-88.0276499997439,44.441213000211718],[-88.023296000309074,44.439693000221581],[-88.016919000244286,44.437494999725793],[-88.016819999611769,44.437528000275428],[-88.016811000289266,44.437634000223937],[-88.016801000243504,44.43775300002779],[-88.016802999893329,44.437920999791046],[-88.016877000411498,44.438253999955769],[-88.01691699969615,44.438389000158018],[-88.016973999597553,44.438526999871307],[-88.017022000176453,44.438619000140491],[-88.017073000230084,44.438660000206838],[-88.017120999910659,44.438737999862475],[-88.017211000322334,44.4387950001124],[-88.017324000300249,44.438896000013571],[-88.017413999813613,44.438954000043019],[-88.017503000400382,44.439164999775024],[-88.017498000377515,44.439252000038465],[-88.017480999760764,44.4393259998362],[-88.017442000301031,44.439306000004088],[-88.017412999988707,44.439395999835916],[-88.017288000315233,44.439516999747731],[-88.017124000283701,44.439567999699072],[-88.01696600009997,44.439572999955978],[-88.016816000312133,44.439527000269877],[-88.016677000394949,44.439488000019608],[-88.016504000142589,44.439416000278619],[-88.016375000271154,44.439343999807498],[-88.016269999790865,44.439252000038465],[-88.016157999637883,44.439143000027016],[-88.016059999728569,44.438993000008331],[-88.01597299968995,44.438829999799438],[-88.015969000390299,44.438753000203725],[-88.015894000047226,44.438612999862407],[-88.015673999939182,44.438574000284866],[-88.015533000372216,44.438574000284866],[-88.015232999898245,44.438794000175996],[-88.015123000293386,44.438929999706083],[-88.015063000018927,44.439117999836817],[-88.015031000231872,44.439226999894892],[-88.015007999767334,44.439266000319378],[-88.014849999583589,44.439376000027821],[-88.014703000168808,44.439433000296738],[-88.014658999787883,44.439445999967688],[-88.014549000183024,44.439498999829723],[-88.014355000014262,44.439595000183473],[-88.014257999929882,44.439710000159145],[-88.014242000036361,44.439854000110614],[-88.014274999648322,44.439922000285037],[-88.014303000135726,44.440010999893822],[-88.014354000189371,44.440054000095856],[-88.014375999930664,44.440129999987697],[-88.014364000235105,44.440239000082016],[-88.014355000014262,44.440333000041193],[-88.014266000325819,44.440418999939631],[-88.014171999716154,44.440490999727416],[-88.01398599994333,44.440606999768974],[-88.013929999866832,44.440698999969939],[-88.013886000384218,44.440812999794893],[-88.014001999836836,44.440938000219333],[-88.014089999700388,44.441010000008916],[-88.014258999754801,44.441072999992535],[-88.014417999763452,44.441104000010405],[-88.01469399994798,44.441252999846213],[-88.014904000010262,44.441414999817638],[-88.015018999638002,44.441542000015595],[-88.015144000209787,44.441679000091291],[-88.015162999578038,44.441841000164231],[-88.015175000171908,44.441864000062921],[-88.015108000224771,44.441985999876209],[-88.015037999904578,44.442056999776426],[-88.014955999888812,44.442108000076118],[-88.014841000261086,44.442171000158424],[-88.014724000085209,44.442209000022544],[-88.014662000160925,44.442240999956447],[-88.01450399997718,44.442288999824434],[-88.014278000021378,44.442339000045813],[-88.014028999601038,44.442392999723801],[-88.013934000064793,44.442415000172119],[-88.013790000124729,44.442467000032842],[-88.013682000169709,44.442549999739221],[-88.013621000070344,44.442622999978532],[-88.013619000420519,44.442706000104643],[-88.013688000017495,44.442775999902956],[-88.013773000406317,44.442846000258776],[-88.013888000034044,44.442881999950984],[-88.01392300019414,44.44289299976348],[-88.014181999761902,44.442932000306264],[-88.014540999787087,44.44293499990291],[-88.014642999894363,44.442933000171791],[-88.014717000412531,44.442916999755241],[-88.01485100030682,44.442901999841681],[-88.015033999706617,44.442847000125816],[-88.015062000194007,44.442856000211151],[-88.015108000224771,44.442851000235173],[-88.015181999844614,44.442851000235173],[-88.015254999639538,44.4428650002951],[-88.015315999738917,44.442881000084583],[-88.0153719998154,44.442910000052585],[-88.015432999914779,44.442943000109288],[-88.015449999633205,44.442966000215506],[-88.015471000447917,44.44299199990644],[-88.015485999618221,44.443025999780772],[-88.015495999663969,44.443048999854305],[-88.015503000234972,44.443105999746621],[-88.015511999557503,44.443151999821659],[-88.015511999557503,44.443210999976444],[-88.015490999641102,44.443267999710692],[-88.015464999701834,44.443325000030633],[-88.015421000219206,44.443384999868549],[-88.015362999594586,44.443438999862373],[-88.015329999982612,44.443459000203731],[-88.015194000438484,44.443546999700303],[-88.015151999707371,44.443594999777929],[-88.015068000041794,44.443689999962345],[-88.014958000436934,44.44376799995775],[-88.014941999645089,44.443741000119132],[-88.014939999995264,44.443832999874338],[-88.014871000398301,44.443917999902844],[-88.014862000177487,44.443929000161567],[-88.01482199999451,44.444035999888264],[-88.014818999621454,44.444114000063045],[-88.01485100030682,44.444206999715966],[-88.0149330003226,44.444239999681386],[-88.015020000361218,44.444290000156983],[-88.01510400002681,44.444306000197528],[-88.015216000179805,44.444323999917273],[-88.015350000074093,44.444339999948475],[-88.015463000051994,44.444334000257967],[-88.015586000075643,44.444303000029933],[-88.01568999983273,44.444266999930669],[-88.015807999833513,44.444198999682676],[-88.015914999963627,44.444144999750023],[-88.016015000421049,44.444032999706806],[-88.016119000178122,44.44390999982997],[-88.016159000361085,44.443840999957757],[-88.016118000353217,44.443512000273493],[-88.016167999683617,44.443351000203108],[-88.016224999585035,44.443224999950104],[-88.016243999851596,44.443183000019118],[-88.016453000088973,44.443132000016561],[-88.016631000364185,44.443150999959826],[-88.016852000297149,44.443207999752616],[-88.01696500027505,44.44331500015857],[-88.017058999986361,44.44340399972954],[-88.01718299983493,44.44358900001091],[-88.017231000413815,44.443701000264014],[-88.017253000155137,44.443874000129867],[-88.017249999782081,44.443986999684114],[-88.017243999934308,44.444036999734948],[-88.017237000261616,44.44412900030671],[-88.017186000207985,44.444391000179152],[-88.017110000040006,44.444560999771362],[-88.017019999628317,44.44473500013185],[-88.016908000373633,44.444878999883443],[-88.016773999581019,44.445051000279463],[-88.016805000441465,44.44506199968351],[-88.016867000365764,44.445082999939338],[-88.016944000358649,44.445109999799044],[-88.02039700034328,44.446314000001436],[-88.024133000185159,44.447639999948152],[-88.029952999858025,44.449663000041063],[-88.030477999564582,44.449846000244534],[-88.031510000332645,44.450207999967219],[-88.034560999736058,44.451277000008027],[-88.037566000007047,44.452329000253314],[-88.03779699998573,44.452410000007063],[-88.038072000345352,44.452506000305981],[-88.038880999734019,44.452790999882993],[-88.040203999856928,44.45325699974336],[-88.041510000261368,44.45371600004249],[-88.042852999577448,44.454184000203846],[-88.041981000439577,44.455428999801079],[-88.041152999886023,44.456623000020301],[-88.040483000414497,44.457589000001327],[-88.040299000291483,44.457853999884342],[-88.04024099966685,44.457937999777691],[-88.04986900004991,44.461355999874584],[-88.051623999992941,44.461949000057267],[-88.05152799973348,44.462068999878291],[-88.051864000192438,44.462187999916708],[-88.051748999666401,44.462299999768966],[-88.051466999634115,44.462574999851533],[-88.051327999716932,44.462710999796023],[-88.051305000150705,44.462733999811853],[-88.051181000302151,44.462853999942737],[-88.050983999760348,44.463046000023837],[-88.050905999942529,44.463123000296356],[-88.053229999973041,44.463921000287627],[-88.053403000225416,44.463991000306329],[-88.053460000126819,44.464012000167351],[-88.055603000407345,44.464791000237653],[-88.055831999837906,44.464872000015376],[-88.057358000350391,44.462710000268999],[-88.057770999903937,44.46212400008779],[-88.058435000425987,44.462351999879239],[-88.0592949998683,44.46264800006854],[-88.059557999634023,44.462739000009236],[-88.062560000430295,44.463770999781666],[-88.064416999582235,44.464409000301316],[-88.065026999677613,44.46462400030952],[-88.065384999877892,44.464749999919491],[-88.065481000137353,44.464618000138124],[-88.065590999742227,44.464524000150732],[-88.065732000207532,44.464441999751692],[-88.065841999812392,44.464355999959992],[-88.065990999775309,44.464290999802259],[-88.066137000263481,44.464223999928848],[-88.066267999784728,44.464181000208839],[-88.066429000341515,44.464151999902661],[-88.066553000190083,44.464168999774365],[-88.066647999726342,44.464207000073159],[-88.066712000198763,44.464231999783813],[-88.066995999880874,44.464364999936649],[-88.067104999660813,44.464414999853084],[-88.067317000271245,44.464514000061321],[-88.067446999967586,44.464585000146165],[-88.067626000067733,44.464700999782941],[-88.067845000350857,44.464864999738275],[-88.067996999788491,44.46501100012393],[-88.068323000201744,44.465286999741238],[-88.068494999730873,44.465406999753213],[-88.068744000151213,44.465537000075464],[-88.068806000075483,44.465571000289536],[-88.068862999976901,44.465602000128044],[-88.069156999704774,44.465716000075012],[-88.069236000245823,44.465767000232283],[-88.069493999988666,44.465856999684611],[-88.069584000400354,44.465889000126019],[-88.069754000279673,44.465964000270475],[-88.069987999733073,44.466027999736269],[-88.070224999559528,44.466085000283293],[-88.070406000207825,44.466126000304875],[-88.070583999584741,44.466132999789714],[-88.070634999638372,44.46613799969596],[-88.070744000316623,44.466126999773415],[-88.07095600002873,44.466095000103586],[-88.071209999573625,44.466009000182652],[-88.071443999925364,44.465935000208937],[-88.071689000147728,44.46584900005233],[-88.071986000248657,44.465723999725505],[-88.072180000417418,44.465630000236878],[-88.072403000000179,44.465519999961025],[-88.072567999856616,44.465422000298339],[-88.072750000329819,44.465315000001155],[-88.072852000437067,44.465230999822211],[-88.072967999889713,44.465121000076728],[-88.073069999996946,44.465073999865815],[-88.073254999944879,44.464848000069203],[-88.073357999877047,44.464695999753609],[-88.073444999915679,44.464501000198972],[-88.073470999854948,44.46437399991197],[-88.073478000425965,44.464234000067933],[-88.073491999771349,44.464194000142449],[-88.073491999771349,44.464149000113345],[-88.073500999992177,44.464097999824695],[-88.073501999817083,44.464052999721638],[-88.073491999771349,44.464007000079015],[-88.073507999664869,44.463973000236265],[-88.073506000015044,44.463964000199127],[-88.07348000007579,44.463851999692409],[-88.073475000052909,44.463787000255728],[-88.073459000159389,44.463733999990829],[-88.073412000303719,44.46364799979721],[-88.073382999991409,44.463454000102978],[-88.073346000181488,44.463304999837305],[-88.073357999877047,44.463231999800726],[-88.073382999991409,44.463198000147756],[-88.073382999991409,44.463166000154558],[-88.073418000151506,44.463091000262047],[-88.07347900025087,44.462957999771213],[-88.073538999627019,44.462821999760983],[-88.073582000183023,44.462705000069136],[-88.073630999688518,44.462629000055976],[-88.07363700043463,44.462607000168667],[-88.07363700043463,44.462596000221922],[-88.073644000107322,44.462580000062516],[-88.0737429998415,44.462458999837104],[-88.073845999773667,44.462409999701016],[-88.073879000283952,44.462379000090841],[-88.07439399994476,44.462153000119159],[-88.074420999708934,44.462140999908947],[-88.074613000227885,44.462072999953534],[-88.074717999809863,44.462040999984843],[-88.074921000199453,44.46198299979649],[-88.075075000185237,44.461944999973475],[-88.075202000406847,44.461910000030258],[-88.075291999920225,44.461872999701107],[-88.075405999723046,44.461827000264172],[-88.075532000119736,44.461754999846278],[-88.075623000356316,44.461688999812608],[-88.075737999984071,44.461649000066764],[-88.075854000334999,44.461557999709342],[-88.075880000274282,44.461513000212911],[-88.075907999863361,44.461449999833867],[-88.075897999817613,44.461361999740106],[-88.075865000205653,44.461275999899165],[-88.075826999672515,44.461205999830739],[-88.07577800016702,44.461118000010359],[-88.075746000379979,44.461046000000358],[-88.075727999938309,44.460992999811637],[-88.075700000349229,44.460934000307034],[-88.075688999580251,44.460843000117492],[-88.075686999930426,44.460761999878763],[-88.075707000021907,44.460697999768968],[-88.075737999984071,44.460646000109008],[-88.075824000197784,44.460512000253885],[-88.075896999992707,44.460387000040029],[-88.07596800013782,44.46030500024164],[-88.076045999955625,44.460205999948492],[-88.076113999727681,44.460120999899608],[-88.076183000222969,44.460059999727925],[-88.076235999926425,44.460002999709587],[-88.076296000200884,44.459925000235522],[-88.076306000246618,44.459901999754187],[-88.076327000163033,44.459883000130311],[-88.076352000277382,44.459810000302937],[-88.076396999584901,44.459737999962265],[-88.076459000407496,44.459710999811641],[-88.076503999715015,44.459666000173939],[-88.076537000225315,44.45962599968329],[-88.076599999974505,44.459556000201253],[-88.076652999677933,44.459484000188546],[-88.076703999731578,44.459427999832293],[-88.076749999762328,44.459378000132858],[-88.076806999663731,44.4593169998261],[-88.076849000394844,44.459260999950807],[-88.076895000425594,44.459200999750117],[-88.076949999778861,44.459150999856291],[-88.077011999703132,44.459060000093601],[-88.07708700004622,44.458972999835538],[-88.077158000191332,44.458900000152838],[-88.077219000290697,44.4588219998464],[-88.077251999902671,44.458769999797951],[-88.077313000002022,44.458671999704073],[-88.077396999667627,44.458599000286235],[-88.077477999858459,44.458548999876903],[-88.07757599976776,44.458515000061418],[-88.077631000019338,44.458497000226515],[-88.077769999936521,44.458463999980488],[-88.077902000180984,44.458447999971028],[-88.078050000318996,44.458417999781261],[-88.078181999665162,44.458383999889449],[-88.078271000251931,44.458348999735065],[-88.078353000267697,44.458314000200794],[-88.078416000016901,44.458277999760355],[-88.078472000093385,44.458240000090633],[-88.07852599962176,44.458191000260669],[-88.078543000238511,44.458170000229345],[-88.078586999721111,44.458113999895211],[-88.078625000254277,44.458061000250815],[-88.078674999584678,44.45801700023123],[-88.078787999562564,44.457726999884784],[-88.078831999943503,44.457612999725676],[-88.078852000034985,44.457562000139291],[-88.078930999677709,44.45735699980596],[-88.078945999746296,44.457322999937553],[-88.078956999616963,44.457290000310373],[-88.078999000348063,44.457180999971463],[-88.079057999899305,44.457201000095992],[-88.079278999832241,44.457275000240507],[-88.079473000001002,44.457369999976692],[-88.079667999994669,44.457465999816328],[-88.079887000277793,44.457534000007939],[-88.079966999745409,44.457559000011365],[-88.080007999753306,44.457572000137112],[-88.080073999875538,44.457577999750285],[-88.080170999959932,44.457595999868502],[-88.080239999556895,44.457607999730484],[-88.080315999724888,44.457613999981156],[-88.080396999915735,44.457603999990482],[-88.08049200035029,44.457582999748084],[-88.080567999619944,44.457542000138467],[-88.080622000046631,44.457475000213947],[-88.080628999719323,44.457455999800302],[-88.080644999612844,44.457413999842615],[-88.080659999681473,44.457324999817232],[-88.080659999681473,44.457221999834616],[-88.080632999917285,44.457138999816024],[-88.080638999765071,44.457056999944427],[-88.080641000313207,44.456993999886727],[-88.080642000138113,44.456944000026567],[-88.080673999925168,44.45688599990438],[-88.080704000062397,44.456844000177917],[-88.080743000420441,44.456808000113519],[-88.080801999971683,44.45677300029682],[-88.080856000398356,44.456751999755511],[-88.080888000185411,44.456756000195085],[-88.080920999797371,44.456759999993132],[-88.080974000399138,44.456780000261858],[-88.081017000056832,44.456818000240517],[-88.081063999912502,44.456861999881184],[-88.081142999555212,44.456918999759878],[-88.081187999761056,44.456952999863482],[-88.081256000431438,44.456990000104653],[-88.081350000142777,44.457024999791287],[-88.08140700004418,44.457048000123542],[-88.08143800000633,44.457060999721904],[-88.081574000448754,44.457147000000617],[-88.081709000167976,44.457201000095992],[-88.081740000130111,44.457128999743993],[-88.081762999696338,44.457133000157746],[-88.081812999925035,44.457130000007766],[-88.081945999994446,44.45693700008124],[-88.082322999562976,44.456395000298386],[-88.08247900009691,44.456392999745688],[-88.082763999603955,44.456392000110505],[-88.083148999568408,44.456390999834085],[-88.084512999699186,44.456406999765981],[-88.084506000026479,44.456544000245586],[-88.084499000353802,44.45668799973862],[-88.084494000330935,44.456792000291543],[-88.086378000145388,44.456816999971394],[-88.086753999889027,44.456868000208516],[-88.087123999784879,44.456914999972682],[-88.087251000006489,44.456933000295265],[-88.087753000146819,44.457003999981822],[-88.08781900026905,44.456913000078991],[-88.08786600012472,44.456846999701376],[-88.08794599959235,44.45680499994684],[-88.087959000011139,44.456796999715394],[-88.088015999912557,44.456768000229708],[-88.088017999562382,44.456640000160803],[-88.088206999708248,44.456497000182807],[-88.088273999655414,44.456464999722783],[-88.088385999808395,44.456388000287205],[-88.088911000413262,44.456098000186032],[-88.089304999700261,44.455910999839013],[-88.089488999823274,44.455822999732526],[-88.090884999741093,44.45515700029582],[-88.090934999969804,44.455133000203226],[-88.090984000373609,44.455109000100705],[-88.091068000039201,44.455341999903801],[-88.091083000107815,44.455384000069373],[-88.091124000115684,44.455498999742233],[-88.091309999888551,44.455465000074419],[-88.091283000124349,44.455391999853241],[-88.091261000383057,44.455330000217359],[-88.091235000443774,44.455256999827419],[-88.091148000405155,44.455017000150868],[-88.09122600022296,44.454968000181154],[-88.091302000390925,44.454917999868719],[-88.091375000185877,44.454866000190826],[-88.091446000330976,44.454811999859814],[-88.091514000103032,44.454756000152493],[-88.091579000400358,44.454699000086116],[-88.091642000149562,44.454639999992537],[-88.091700999700791,44.454580000173131],[-88.091757999602194,44.454518000316376],[-88.091811000203961,44.454455000084216],[-88.091864999732323,44.454385999843623],[-88.09191499996102,44.454315999850721],[-88.092099999908953,44.454098000049882],[-88.092337999560343,44.45401799974826],[-88.092728000445987,44.454137000165233],[-88.092859999792154,44.45417800024191],[-88.09308499992305,44.454245999773967],[-88.094065999739186,44.454474000191922],[-88.094936999950448,44.454788999929292],[-88.09506800037002,44.454836999746163],[-88.095125000271423,44.454855999729588],[-88.095183999822652,44.454769000261095],[-88.095253000317953,44.454666999923191],[-88.095309000394451,44.454638000020886],[-88.095398999907829,44.45459000004044],[-88.095417000349471,44.454565000048348],[-88.095427000395219,44.454534000120233],[-88.095434999892817,44.454476999837127],[-88.095429999869964,44.454430000034371],[-88.095446999588404,44.454362000075335],[-88.095454999984327,44.454290999741332],[-88.095486999771381,44.454219000289847],[-88.095516999908583,44.454151000085162],[-88.095555000441735,44.454088000098317],[-88.095566000312388,44.45403199969671],[-88.095567000137322,44.4539699998994],[-88.095562000114441,44.45391099971053],[-88.09554000037312,44.45385800009867],[-88.095521999931464,44.453840000110681],[-88.09549500016729,44.453838000111638],[-88.095413999976429,44.453826999795254],[-88.09536700012076,44.453824999795778],[-88.095224999830549,44.453866999769978],[-88.095152000035597,44.453914999703485],[-88.095053000301419,44.453977000200446],[-88.094998000049827,44.454011999769314],[-88.094889000269887,44.454068000190091],[-88.094813999926799,44.454102000030034],[-88.094747999804568,44.454109000315256],[-88.094731000086142,44.454109000315256],[-88.094628999978895,44.454084999791895],[-88.094561000206824,44.454060999899959],[-88.094500000107445,44.454033000013553],[-88.094460999749387,44.454017000072419],[-88.094403999847984,44.453991999835019],[-88.094324000380354,44.453953999941014],[-88.094270999778587,44.453929999995239],[-88.094218999900065,44.453906000039602],[-88.094189999587741,44.453874999761659],[-88.094172000044381,44.453854000101799],[-88.094132999686323,44.4538069997976],[-88.094116999792817,44.453786999793145],[-88.094117999617708,44.453766000101652],[-88.094119000340953,44.453744999761405],[-88.09412199981567,44.453734000068707],[-88.094129000386687,44.453714000039255],[-88.094146999930032,44.453685000304937],[-88.094166000196608,44.453651999904274],[-88.094177999892182,44.453635000176426],[-88.094198999808583,44.453623999821758],[-88.094228999945798,44.453609000092669],[-88.094291999694988,44.453580000306218],[-88.094341999923699,44.453558000215388],[-88.094382999931582,44.453538000125604],[-88.09442200028964,44.453518000029021],[-88.094481999665788,44.453487000186364],[-88.094529000419769,44.453463000048615],[-88.094565000404785,44.453444000253214],[-88.094608000062493,44.453422000111154],[-88.094634000001747,44.453412000043826],[-88.094654000093243,44.453403999988772],[-88.094681999682322,44.453391999904099],[-88.094710000169741,44.453389000203167],[-88.094757999850316,44.453383000159548],[-88.094777000116892,44.453383000159548],[-88.094860999782469,44.453373999772417],[-88.09487800039922,44.45336900005551],[-88.094946999996196,44.453348000213751],[-88.094993999851866,44.453334000101272],[-88.095002000247788,44.453324999706588],[-88.095035999684654,44.453280000277303],[-88.095053000301419,44.45323799988094],[-88.095060999799017,44.45321799968162],[-88.095060999799017,44.453202000158448],[-88.095061999623923,44.453127999982236],[-88.095061999623923,44.453103999696999],[-88.095050999753269,44.453084000092979],[-88.09502200033927,44.453036999810323],[-88.0950099997454,44.453030000037856],[-88.094967999912598,44.452998999936106],[-88.094875000026178,44.452988000102948],[-88.094794999660223,44.452979999989751],[-88.094738999583726,44.452969999846786],[-88.094630999628706,44.452923999808164],[-88.094556000183943,44.452914000296822],[-88.094444999855867,44.452904000142503],[-88.094408999870851,44.452896000017844],[-88.094382000106663,44.452830000229937],[-88.094365000388223,44.452779000313612],[-88.094355000342489,44.452737999895945],[-88.094306999763603,44.452699999827225],[-88.094274999976548,44.452667000152466],[-88.094228999945798,44.452624000256804],[-88.094182999915049,44.452601000105801],[-88.094151000127994,44.452584999772341],[-88.094120000165859,44.452545000201994],[-88.094057000416655,44.452513000141266],[-88.093965000355155,44.452496999783683],[-88.093869000095694,44.4525009998735],[-88.093809999646155,44.452507999709383],[-88.093783999706872,44.452519999975699],[-88.093757999767604,44.452515999887183],[-88.093725999980549,44.452509999753921],[-88.093695000018414,44.452504999963047],[-88.093667000429321,44.452500000171689],[-88.093638999941916,44.452485999855924],[-88.093618000025515,44.452463999994229],[-88.093592000086247,44.452450000311082],[-88.093568999621723,44.452436999686284],[-88.093481999583076,44.452383000315365],[-88.093469000062612,44.452373999774125],[-88.093453000169077,44.452351000165869],[-88.093439999750274,44.452342000260948],[-88.093433000077596,44.452327999907311],[-88.093427000229823,44.452303999934557],[-88.093428999879649,44.452275000141334],[-88.093438999925382,44.452216999870423],[-88.092775000301657,44.451987999907566],[-88.091853999861669,44.451419999943646],[-88.09176099997525,44.451237999906532],[-88.09176000015033,44.451228000106511],[-88.091315999736324,44.451072999780884],[-88.091179000367291,44.451025000076513],[-88.090833999687476,44.450904000272701],[-88.091006000114916,44.450649000172618],[-88.091782999716557,44.449503000003148],[-88.09183999961796,44.449417999764641],[-88.092053999878203,44.449104000315835],[-88.092308000321424,44.448728999995893],[-88.092616000292992,44.448290000232163],[-88.093431000427785,44.447131999862464],[-88.093575000367821,44.446918000011102],[-88.094007000187958,44.4462790003085],[-88.094809999728838,44.445104000187577],[-88.095234000051377,44.444483000193415],[-88.09563699955919,44.443904000095301],[-88.096783000130074,44.442207000266592],[-88.097279000422631,44.441512000119978],[-88.097825999870494,44.440733999799214],[-88.097952000267185,44.440535000124143],[-88.098183000245868,44.44017100027655],[-88.098517000156718,44.439715999683123],[-88.098769999876694,44.439342999880495],[-88.099318000047788,44.438788999852434],[-88.099629000392412,44.4385069997657],[-88.09998599986946,44.438158999911593],[-88.100160999771646,44.438022999869766],[-88.100400999971171,44.437836000016979],[-88.100897000263714,44.437497000284409],[-88.102027999867673,44.436783999800092],[-88.102174000355859,44.436692999821133],[-88.104386000233362,44.435317999849794],[-88.105054999879968,44.434888000037866],[-88.107730000438067,44.433204999853515],[-88.108439000267637,44.432757999857884],[-88.110057999768244,44.431758999778431],[-88.111782999574032,44.430695000236021],[-88.111339000058337,44.430721999688593],[-88.111256000217651,44.430728000135474],[-88.11105100017825,44.43075099991831],[-88.11071999974213,44.430788000079872],[-88.110527000296585,44.430824000145279],[-88.110583000373111,44.430713000300081],[-88.110482999915661,44.430721000255538],[-88.110422999641216,44.430713999733271],[-88.110318000059237,44.430702000119012],[-88.110286000272183,44.430701000044181],[-88.110107999996941,44.430662000317881],[-88.110089999555271,44.430650000051493],[-88.110062999791097,44.430630999891889],[-88.110046999897577,44.430622999924168],[-88.109964999881811,44.430600000090962],[-88.109918000026155,44.430593000195692],[-88.109875000368433,44.430594999707651],[-88.109834000360564,44.430601000167528],[-88.109795000002492,44.430610000214777],[-88.109754999819515,44.430626000152742],[-88.109719999659433,44.430645999748322],[-88.109239000333801,44.430684000051556],[-88.109105000439499,44.430701000044181],[-88.109047999639785,44.430704999702087],[-88.108578000184821,44.430713999733271],[-88.108573999986859,44.430662999751988],[-88.109237999610585,44.430454999706846],[-88.109654000435498,44.430116000134923],[-88.110519999725597,44.42973399981279],[-88.110841000115968,44.429695000082795],[-88.111867000137934,44.429573999718585],[-88.113011999985602,44.429009999694195],[-88.113622999905886,44.428722999984423],[-88.115132999626525,44.427974999827121],[-88.11580899984412,44.427640999979438],[-88.116407000243925,44.427264999680482],[-88.116630999651591,44.427123999907096],[-88.117065999844783,44.426849999825208],[-88.117582000228822,44.426526000145543],[-88.120363000193805,44.424779000042349],[-88.125704000190879,44.421423000077795],[-88.126361000141898,44.421009000050766],[-88.126517999602413,44.420909999874979],[-88.126849999863438,44.420696999822766],[-88.127173999728555,44.42047999992041],[-88.127491999745857,44.420257999869875],[-88.127803000090481,44.420029999998327],[-88.127910000220609,44.41994800000159],[-88.128107999689021,44.41979800011687],[-88.128400999591975,44.419564999691048],[-88.128687999647155,44.419325999928041],[-88.131229000310952,44.417176999775229],[-88.131439000373234,44.416982000040548],[-88.131810000093992,44.416640000307652],[-88.132436000082905,44.416059000215306],[-88.132533000167271,44.415970000061257],[-88.132799000306051,44.415723000279499],[-88.133092000209018,44.415451000047952],[-88.132824000420413,44.415329999715247],[-88.130410999803118,44.41401200025966],[-88.128942000090362,44.413208999859691],[-88.12860399998155,44.41302500002768],[-88.129038000349823,44.412646999923638],[-88.129896999967229,44.41190100020215],[-88.130288999604389,44.412119000251508],[-88.132060000339251,44.413090000132144],[-88.132451999976411,44.412728999892281],[-88.132725999612816,44.412476999888412],[-88.132927000352581,44.412294000068208],[-88.134131999576368,44.41295499988378],[-88.134505999670182,44.412606999959813],[-88.132997999599368,44.411773999757564],[-88.132015999958327,44.411231999969623],[-88.131589999985962,44.410745999887972],[-88.131365999679986,44.410489999924351],[-88.131952000384231,44.409946999999853],[-88.132857000032359,44.410452999749189],[-88.134500999647329,44.408936999813896],[-88.135908000334112,44.409724999745336],[-88.136151999833274,44.409861999970126],[-88.13634299962898,44.409968000041012],[-88.136791000240947,44.410216999954294],[-88.137078000296128,44.4103559998726],[-88.14077399995503,44.406935999908931]],[[-88.089041000109617,44.416799999872637],[-88.087902000109736,44.417790999812119],[-88.086938000012026,44.418454000301324],[-88.083008999826333,44.421247999991678],[-88.081930999925817,44.421777000230563],[-88.081824999620608,44.421833999701391],[-88.080739000222493,44.422336999882745],[-88.080263000021432,44.422625999936265],[-88.080138000347958,44.42269000006344],[-88.07926299993872,44.423172999716222],[-88.078955999792072,44.423343000093737],[-88.078780000064967,44.423455000019501],[-88.078662000064185,44.423530999686541],[-88.078445000329197,44.423668999842384],[-88.078137000357643,44.423863999730308],[-88.07763699986711,44.424408000210263],[-88.077584999988588,44.424493000269081],[-88.077502999972822,44.424686000260607],[-88.077352000360079,44.425072999786451],[-88.077047999688148,44.42585200028163],[-88.077020000099068,44.425959999908905],[-88.076697999883777,44.426732999916375],[-88.07614100039018,44.427774000072532],[-88.075332000103188,44.428822999866703],[-88.074320000324917,44.42983399988983],[-88.07300700024777,44.43083899995213],[-88.072330000205255,44.431169999928009],[-88.071802000125658,44.431591000260653],[-88.071518000443518,44.432066999778336],[-88.071218999794468,44.432492000241197],[-88.070996000211707,44.43282599995144],[-88.070463000109228,44.433771999875553],[-88.070241000351388,44.434497000028003],[-88.069406999950033,44.436649999711264],[-88.069328000307308,44.436800999942555],[-88.068996000046283,44.437360000023666],[-88.067940999711993,44.436984000031238],[-88.067748000266477,44.436912999738894],[-88.066411999724764,44.436423000247729],[-88.066681000236599,44.43576900010143],[-88.067138999996004,44.434746000046445],[-88.067503000044098,44.433900000028935],[-88.067749999916288,44.433329999876285],[-88.06783699995492,44.433131000001445],[-88.067999000336641,44.432805999818932],[-88.065327000151584,44.43174200009355],[-88.0645410003291,44.432117999817429],[-88.063140000388415,44.432790999875451],[-88.062601000438164,44.433050999847879],[-88.062658000339567,44.432838999809398],[-88.062697999624234,44.43269099972607],[-88.06279200023387,44.432350000200898],[-88.06282499984583,44.432228000152755],[-88.062849000135287,44.432140000285955],[-88.063336000207002,44.431902000026042],[-88.064876000064885,44.431158999832952],[-88.06514200020365,44.431028999952375],[-88.065568000176015,44.430819999853966],[-88.0657099995679,44.430746000189423],[-88.066280000378612,44.430415999816447],[-88.067006999751541,44.430423999812554],[-88.067670000448658,44.430423999812554],[-88.069023999635391,44.430431999807517],[-88.06925600033729,44.42989799982368],[-88.069575000179512,44.429103000294731],[-88.069448999782821,44.428775999949778],[-88.069868999907385,44.428481000113081],[-88.070062000251227,44.428032000311561],[-88.069792999739406,44.427921000296095],[-88.069577999654243,44.427832000235448],[-88.069913000288324,44.427415000294474],[-88.070213999688875,44.427033999778352],[-88.070377999720407,44.42682799993154],[-88.070401000184944,44.426798999679903],[-88.070113000304872,44.426793000112731],[-88.070504999942031,44.426297999698349],[-88.070617000095012,44.426154999853246],[-88.070977999770037,44.425698000147229],[-88.071017999953014,44.425647999799693],[-88.072019999685551,44.424383000131741],[-88.070689000065045,44.423841999995936],[-88.071033000021615,44.423169999746669],[-88.070726999699872,44.423157999866746],[-88.069685999609291,44.423144000217633],[-88.069099999803356,44.423132999895202],[-88.06750399986899,44.423110999885736],[-88.067504999693909,44.422929000189818],[-88.067507000242045,44.422718000217394],[-88.067524999785391,44.421633000002934],[-88.067544999876858,44.420497999922247],[-88.068755999846772,44.420505999992578],[-88.068813999573095,44.42050799984959],[-88.068816999946137,44.420780000296844],[-88.07386000001739,44.420806000235594],[-88.073879000283952,44.419567000221868],[-88.074748999772012,44.419572999889034],[-88.074761000365882,44.419093000187708],[-88.076483999623548,44.419093000187708],[-88.076139999666964,44.419545999777839],[-88.076442999615665,44.419523999701816],[-88.076230999903558,44.419789999949678],[-88.076637999609346,44.41976299993869],[-88.076998000357747,44.419847000074519],[-88.07733999976621,44.419927999953686],[-88.077681000248049,44.419902000266049],[-88.077897000158131,44.419885999959021],[-88.077764000088735,44.419401999829731],[-88.077742000347413,44.419312000002883],[-88.078267999878889,44.419199999839506],[-88.079966999745409,44.418508999878384],[-88.082023999812222,44.418490000263652],[-88.082373999616621,44.418487999695984],[-88.082798999764037,44.418399000030846],[-88.084121999886932,44.418119999950321],[-88.084745000401099,44.417686999757841],[-88.084849999983092,44.417579999903737],[-88.085392000306371,44.41705700011417],[-88.085464000276403,44.416752999913491],[-88.085491999865496,44.416615000115542],[-88.085559999637553,44.41637300016707],[-88.085680000186471,44.416140999891297],[-88.085708999600485,44.416057999889944],[-88.085723999669085,44.415933000144825],[-88.087410999840046,44.415957000301425],[-88.089041000109617,44.416799999872637]]],[[[-88.064784000003357,44.393933000143051],[-88.064784000003357,44.393823000287384],[-88.062110000168488,44.393821000159718],[-88.059728000411653,44.393819000031989],[-88.05972000001573,44.397446999949992],[-88.061750000318369,44.397446999949992],[-88.061666999579387,44.397368999751052],[-88.061649000036041,44.397251999899495],[-88.061658000256855,44.397241999846486],[-88.061674999975295,44.397227999769342],[-88.061695999891683,44.397209000301224],[-88.061725000204007,44.397192000197549],[-88.061766000211904,44.397167000036177],[-88.061792999976078,44.397146999899334],[-88.061844000029708,44.397118999696353],[-88.061865999771001,44.397105000231647],[-88.061878000364899,44.397095000153506],[-88.061912999626671,44.397078000016712],[-88.061935000266303,44.397067999933959],[-88.061967999878277,44.397037000308394],[-88.062012000259202,44.396988999861925],[-88.062034999825428,44.396963000245499],[-88.062050999718934,44.396922999825591],[-88.062100999947646,44.396907000291847],[-88.062126000062008,44.396882000008659],[-88.062141999955543,44.396864999810035],[-88.062155000374347,44.396851000284556],[-88.06219300000916,44.396825999977487],[-88.062223999971309,44.396801000301572],[-88.062237000390084,44.396790000158376],[-88.062275000024911,44.396771999919558],[-88.062300999964194,44.396754000317117],[-88.062337999774115,44.396738000095255],[-88.062388000002812,44.396716999797484],[-88.062419999789867,44.396708999682062],[-88.062470999843512,44.396678999881324],[-88.062511999851381,44.396660000234903],[-88.062543999638436,44.396639999924822],[-88.062567999927893,44.396626999719601],[-88.062625999654202,44.39658200027057],[-88.062649000118725,44.396536000127675],[-88.062676999707833,44.396478999746918],[-88.062755000423962,44.396392000004667],[-88.062798000081656,44.396343000292056],[-88.062834000066673,44.396300000025803],[-88.062895999990928,44.396251000236155],[-88.062938999648651,44.39622899974092],[-88.062993000075323,44.396213000017376],[-88.064782000353532,44.396213000017376],[-88.064784000003357,44.393933000143051]]]]},"properties":{"BASENAME":"De Pere"}},{"type":"Feature","geometry":{"type":"Polygon","coordinates":[[[-88.149879000281359,44.501328999990896],[-88.149868000410692,44.500790000265262],[-88.149863000387839,44.500550000069019],[-88.145991999928441,44.499164999832125],[-88.142432999638586,44.497999999844524],[-88.137623000094166,44.496330999853228],[-88.134808999618897,44.49535500031562],[-88.129696999950681,44.493592999923493],[-88.129702999798468,44.493189999864768],[-88.129803000255905,44.492890000251705],[-88.12978700036237,44.492689000211463],[-88.129712999844216,44.491018000078093],[-88.129713999669121,44.488789000041969],[-88.129713999669121,44.488629999924839],[-88.123097000303133,44.488643000180424],[-88.119590999716735,44.488648999804447],[-88.118002000353385,44.488652000257062],[-88.117743999712189,44.488652999980694],[-88.117535000373138,44.488652999980694],[-88.117458000380253,44.488652999980694],[-88.117382000212274,44.488652999980694],[-88.115490000001898,44.488659000244546],[-88.109639000366897,44.486599000276151],[-88.106814000020961,44.485617000072338],[-88.106767000165291,44.485592999684172],[-88.106690000172406,44.485566999733237],[-88.106598000110893,44.485534999826953],[-88.106660999860082,44.485442999758348],[-88.106803999975213,44.485235999714362],[-88.106844000158191,44.485176999719009],[-88.106969999656584,44.484994999802744],[-88.10728100000118,44.484542999794122],[-88.107418000268538,44.484343000266378],[-88.107571000429417,44.484118999699277],[-88.107593999995629,44.484075999895403],[-88.10759900001851,44.484019000255635],[-88.107571000429417,44.483941000186057],[-88.107549999614704,44.483886000024974],[-88.107496999911248,44.483743000132662],[-88.107486999865515,44.483714999740705],[-88.107465000124208,44.483656999938987],[-88.107460000101327,44.483637999715157],[-88.107466999774033,44.483629000146664],[-88.107485000215689,44.483626000076534],[-88.107495000261423,44.483619999935904],[-88.107521000200705,44.483612999984629],[-88.107547999964893,44.483606000032502],[-88.107583000124976,44.48359500019766],[-88.107602000391552,44.483586999792081],[-88.107623000307939,44.483572999880799],[-88.107630999805565,44.483558999966156],[-88.107646999699085,44.483544000236982],[-88.107662999592606,44.48352899986309],[-88.107701999950677,44.4835059997095],[-88.107721000217254,44.483496000308691],[-88.107767000248003,44.483487999889526],[-88.107826999624137,44.483480000110184],[-88.107912999837865,44.483473000142141],[-88.107978000135191,44.483462000282181],[-88.108015999770032,44.483449999966481],[-88.10807100002161,44.483440999728117],[-88.108107999831532,44.483433999755356],[-88.108157000235337,44.483412000018689],[-88.108178999976644,44.483380000212108],[-88.108178000151739,44.483361999712344],[-88.108173000128858,44.483353000101317],[-88.108148999839415,44.483340999763193],[-88.108126000273202,44.483336000048837],[-88.108098999610689,44.483332000148884],[-88.108080000242452,44.483330999693187],[-88.108065999998743,44.483330999693187],[-88.108030999838647,44.483339000133881],[-88.107985999632788,44.483349000202516],[-88.107969999739268,44.483321000262329],[-88.107969999739268,44.483309999732839],[-88.107973000112324,44.483291000036864],[-88.107973999937229,44.483280000142635],[-88.107977000310285,44.483269000246274],[-88.107984999807897,44.483242000084104],[-88.107999000051592,44.483224000182673],[-88.108044000257436,44.483200999908846],[-88.108084000440414,44.483197999816745],[-88.108108999656451,44.483214999909386],[-88.108101999983759,44.483262000252928],[-88.108123999725066,44.483286000318266],[-88.108151000387565,44.483288999764966],[-88.108170999580722,44.483287999949411],[-88.108194000045245,44.483286000318266],[-88.108215999786566,44.483284999861738],[-88.108238000426184,44.483287000133828],[-88.108265000190357,44.483259999979985],[-88.108272999687983,44.483231000180581],[-88.108276999885945,44.483194999724454],[-88.1082740004112,44.483183999812127],[-88.108266000015277,44.483162999798857],[-88.10826099999241,44.483133000133066],[-88.108259000342585,44.483120999749687],[-88.108256999794449,44.483109999823355],[-88.108255999969543,44.483098000076168],[-88.108255000144624,44.483084999866598],[-88.108254000319732,44.483069000196288],[-88.108247999573607,44.483046999681051],[-88.10824400027397,44.48303499992091],[-88.108238000426184,44.483027000079453],[-88.108216999611471,44.482995000061649],[-88.108213000311835,44.482963000026338],[-88.108234000228222,44.482941000112056],[-88.108266000015277,44.48293599972255],[-88.108293999604371,44.482933000257702],[-88.108326000289736,44.482930999973483],[-88.108357000251885,44.482952999891531],[-88.108351000404085,44.48296500030947],[-88.108343000008162,44.482977000084006],[-88.108328999764467,44.482995000061649],[-88.108344999658001,44.483031999820248],[-88.108393000236887,44.483040000301941],[-88.108414999978194,44.483042999761281],[-88.108428000396984,44.483042999761281],[-88.108455999986077,44.483044000221923],[-88.108515000435617,44.483055000160697],[-88.10852600030627,44.483059999899091],[-88.108548999872497,44.48306699991673],[-88.10856099956807,44.483070999834858],[-88.108574999811779,44.48307200029501],[-88.10860800032205,44.483070999834858],[-88.108625999865382,44.483073000114281],[-88.108669000421415,44.483076000212797],[-88.108736000368566,44.483076000212797],[-88.108775999653233,44.483074999752709],[-88.108792000445064,44.483073000114281],[-88.108804000140623,44.483069000196288],[-88.108820000034157,44.483062999998324],[-88.108847999623237,44.483051000241474],[-88.108865000239987,44.483019000236837],[-88.108871999912679,44.482985999753083],[-88.108872999737599,44.482955000175004],[-88.108876999935561,44.482930999973483],[-88.108887999806214,44.482894000150836],[-88.108891000179256,44.482883000181744],[-88.108887999806214,44.482851999908007],[-88.108882999783333,44.482837999820347],[-88.108880000308602,44.48281299974704],[-88.108878999585386,44.482800000114842],[-88.108881999958427,44.482783999725442],[-88.108892000004175,44.482756000155042],[-88.108897000027042,44.482745999984758],[-88.108900000400098,44.482735999812753],[-88.108906000247885,44.482710999695684],[-88.108906000247885,44.482679000145531],[-88.108898999676867,44.482654999830466],[-88.108891000179256,44.482639999868859],[-88.108878999585386,44.482623000249539],[-88.108872999737599,44.48260999993412],[-88.108866000064907,44.482582000280175],[-88.108902999874829,44.482515000252647],[-88.108926000339352,44.48247299973692],[-88.10892499961615,44.482434999793675],[-88.108912000095657,44.482411999849703],[-88.108905000422965,44.48239800029738],[-88.108893999654001,44.482379000304405],[-88.108881000133522,44.482342000131716],[-88.108882999783333,44.48233299972236],[-88.108888999631134,44.48231299987598],[-88.108917000118538,44.482290999716589],[-88.108933999836964,44.482265000216707],[-88.10892399979123,44.482243000039162],[-88.108917999943429,44.482231999947317],[-88.108912000095657,44.482203000277849],[-88.108913999745482,44.482189000034445],[-88.108911000270737,44.482157000197965],[-88.108897000027042,44.482103999949473],[-88.108898999676867,44.482063000256296],[-88.108901000225003,44.482044999991096],[-88.108898999676867,44.482009999922404],[-88.108896000202137,44.481981000142582],[-88.108892999829095,44.481942000040227],[-88.108892000004175,44.48191599974389],[-88.108892999829095,44.481879999758107],[-88.108895000377217,44.481850000073507],[-88.108897999851962,44.481822000054848],[-88.108906000247885,44.48179899986922],[-88.108917999943429,44.481740000243335],[-88.108922000141391,44.481717000025377],[-88.108933999836964,44.48166199969036],[-88.1089360003851,44.481632999737556],[-88.108934999661884,44.48160299992589],[-88.108934999661884,44.48159199971338],[-88.1089360003851,44.481573000098841],[-88.108948000080673,44.48154300025638],[-88.108952000278634,44.481498000143205],[-88.108995999761248,44.481465999927721],[-88.109040999967107,44.481453999842387],[-88.109101000241552,44.481444000089859],[-88.10912499963267,44.481437999724776],[-88.109150999571952,44.481432000000005],[-88.109206999648435,44.481419999907679],[-88.109230999937893,44.481419000060079],[-88.10927000029595,44.481419000060079],[-88.109471999962309,44.481419000060079],[-88.109471000137404,44.480678999839405],[-88.109471000137404,44.480576999902723],[-88.109476000160271,44.479660000017162],[-88.109477999810096,44.479214000288735],[-88.109477999810096,44.47913000024289],[-88.107933999754252,44.47913600020442],[-88.107877999677768,44.47913600020442],[-88.107886000073691,44.477837000235553],[-88.107997000401767,44.477835999685631],[-88.109487000030924,44.47782500004476],[-88.109517000168168,44.474193000251852],[-88.119630000074807,44.474193000251852],[-88.120764000051793,44.474191000309006],[-88.1206939997316,44.477789000098603],[-88.122323000176252,44.477789000098603],[-88.122195999954656,44.476870000130752],[-88.122134999855277,44.476435000133399],[-88.122774000262964,44.476416000121453],[-88.123472000221867,44.47639600016975],[-88.123497000336215,44.476099999825976],[-88.123528000298364,44.476115000187001],[-88.123539000169018,44.476120999817574],[-88.123560999910325,44.476128000026726],[-88.123590000222649,44.476134000296952],[-88.123597999720261,44.4764080000134],[-88.124688000214647,44.476512999982489],[-88.124684000016686,44.476282999864878],[-88.124677000343993,44.47596099984375],[-88.124659999727243,44.475182000133593],[-88.124669999772976,44.474820000111123],[-88.12464700020675,44.474679999680845],[-88.124637000161016,44.474191000309006],[-88.124684999841591,44.474191000309006],[-88.124812000063216,44.474191000309006],[-88.126582999899767,44.474191000309006],[-88.126609999663941,44.470696999976987],[-88.126608000014116,44.470580000042268],[-88.12659100029569,44.47057699994221],[-88.125971999979484,44.47057699994221],[-88.125633999870686,44.47057699994221],[-88.125669999855688,44.470271999865261],[-88.125677000426677,44.470218000320337],[-88.125716999711344,44.470159999922423],[-88.125664000007902,44.470141999831455],[-88.124550999947303,44.469816999762138],[-88.119755999573172,44.468113999763453],[-88.117737000039511,44.467398000242213],[-88.117595999574192,44.467348000316463],[-88.118363000028396,44.466171000092217],[-88.118552999999196,44.466237000187654],[-88.120553999989525,44.466937000239824],[-88.120872000006841,44.467048999956376],[-88.121139999795446,44.467142999724381],[-88.122197999604467,44.467515000144765],[-88.123389000381195,44.46793299990815],[-88.125424999633296,44.468646999785719],[-88.126188999714458,44.468915999728971],[-88.126276999577996,44.468946999714241],[-88.126489000188414,44.46902099971598],[-88.126703000448671,44.468908999936815],[-88.127700000158313,44.467412000188133],[-88.128121999932716,44.466606000307941],[-88.128270999895634,44.466389999801343],[-88.124797999819506,44.465173000238657],[-88.124500999718578,44.465076000121087],[-88.124386999915757,44.46502799974553],[-88.124552999597114,44.464780000061282],[-88.12458799975721,44.464687999962237],[-88.124600000351109,44.464592999951655],[-88.124605000373961,44.463800000277075],[-88.124605000373961,44.463699999989025],[-88.124739000268264,44.46370100014024],[-88.127130000245927,44.46371000021793],[-88.127524000431222,44.463711999878797],[-88.128716999959451,44.463716999992407],[-88.128812000394021,44.463716999992407],[-88.129349999621056,44.463719000294169],[-88.129808000278757,44.463719999803921],[-88.129815999776383,44.462596999750886],[-88.129819999974345,44.461985000157668],[-88.129829000195159,44.4607239999022],[-88.129840000065812,44.459716999846201],[-88.12920400003118,44.4597229998801],[-88.127138999568459,44.459742999775052],[-88.124222000059333,44.459736000165279],[-88.122124999809529,44.459730000132666],[-88.121934000013823,44.459716000267917],[-88.121537000353797,44.459675999811473],[-88.121647999783562,44.459551999953554],[-88.123528000298364,44.457463999941474],[-88.123894999821189,44.457043999704013],[-88.12476100000957,44.456057000174894],[-88.127868000387821,44.452483000108458],[-88.129460000124226,44.450664000020744],[-88.131400999840082,44.448448999974055],[-88.131865000345584,44.447929999725439],[-88.132323000104989,44.447341999769556],[-88.132468999694851,44.44707700028119],[-88.132701000396779,44.446653999683697],[-88.1327819996893,44.446303000191811],[-88.132882000146722,44.445399999951796],[-88.132569999977193,44.445392999905366],[-88.131686000245438,44.445374000049931],[-88.126885999848454,44.445269999685401],[-88.126126999790173,44.445253000083063],[-88.122985000150138,44.44518699999545],[-88.122924000050801,44.4467970000359],[-88.122041999968857,44.446778999795562],[-88.121928999990956,44.446777999995803],[-88.121986999717265,44.445164999949689],[-88.120244000368132,44.445127000084334],[-88.119649000341369,44.44512499978697],[-88.119657999663886,44.44685199988082],[-88.11965699983898,44.446908999910292],[-88.118286000035496,44.446918000011102],[-88.118275999989763,44.445117999707577],[-88.116630999651591,44.445109999799044],[-88.116516000023864,44.445109999799044],[-88.116453000274674,44.445111000268639],[-88.109475000335365,44.445182000218978],[-88.109482000008057,44.446668999916461],[-88.109483999657868,44.446934999770271],[-88.110412999595482,44.446931999737693],[-88.110414000318698,44.447233999893314],[-88.109486000206005,44.447236000118473],[-88.109348999938661,44.447236000118473],[-88.109349999763566,44.447334000165604],[-88.108859000392201,44.447338999757889],[-88.108859000392201,44.447322000116294],[-88.108780999676085,44.447320999684571],[-88.108779999851194,44.447002000244026],[-88.106454999995748,44.446990000126561],[-88.10439600027911,44.446968000118524],[-88.10439600027911,44.447273000103245],[-88.104403999776721,44.447417999800251],[-88.104393999730974,44.448726999821822],[-88.102242999952836,44.448718999766292],[-88.102118000279361,44.448717999999744],[-88.102118000279361,44.4487709997872],[-88.101801999911871,44.448769000255872],[-88.099317000222868,44.448756000094228],[-88.099302000154253,44.452075000312831],[-88.098625000111738,44.451836000097309],[-88.098502999913009,44.451791000161975],[-88.096132000026827,44.450933999834056],[-88.095721000123092,44.450774999802967],[-88.095535000350267,44.450728000227123],[-88.095106000004847,44.450550000180812],[-88.095039000057696,44.450526000118643],[-88.094948999646022,44.450654000122434],[-88.09481899994968,44.450840999989417],[-88.094850999736735,44.450867000022939],[-88.094957000041944,44.45097100004137],[-88.094777000116892,44.451640999913302],[-88.094695000101126,44.451611999790813],[-88.094324000380354,44.451486999761649],[-88.094093000401671,44.451822999977054],[-88.093977000050714,44.45198500013452],[-88.093961000157194,44.452009000238412],[-88.093745000247125,44.452321999754723],[-88.093563999598842,44.452260000065706],[-88.093438999925382,44.452216999870423],[-88.093428999879649,44.452275000141334],[-88.093427000229823,44.452303999934557],[-88.093433000077596,44.452327999907311],[-88.093439999750274,44.452342000260948],[-88.093453000169077,44.452351000165869],[-88.093469000062612,44.452373999774125],[-88.093481999583076,44.452383000315365],[-88.093568999621723,44.452436999686284],[-88.093592000086247,44.452450000311082],[-88.093618000025515,44.452463999994229],[-88.093638999941916,44.452485999855924],[-88.093667000429321,44.452500000171689],[-88.093695000018414,44.452504999963047],[-88.093725999980549,44.452509999753921],[-88.093757999767604,44.452515999887183],[-88.093783999706872,44.452519999975699],[-88.093809999646155,44.452507999709383],[-88.093869000095694,44.4525009998735],[-88.093965000355155,44.452496999783683],[-88.094057000416655,44.452513000141266],[-88.094120000165859,44.452545000201994],[-88.094151000127994,44.452584999772341],[-88.094182999915049,44.452601000105801],[-88.094228999945798,44.452624000256804],[-88.094274999976548,44.452667000152466],[-88.094306999763603,44.452699999827225],[-88.094355000342489,44.452737999895945],[-88.094365000388223,44.452779000313612],[-88.094382000106663,44.452830000229937],[-88.094408999870851,44.452896000017844],[-88.094444999855867,44.452904000142503],[-88.094556000183943,44.452914000296822],[-88.094630999628706,44.452923999808164],[-88.094738999583726,44.452969999846786],[-88.094794999660223,44.452979999989751],[-88.094875000026178,44.452988000102948],[-88.094967999912598,44.452998999936106],[-88.0950099997454,44.453030000037856],[-88.09502200033927,44.453036999810323],[-88.095050999753269,44.453084000092979],[-88.095061999623923,44.453103999696999],[-88.095061999623923,44.453127999982236],[-88.095060999799017,44.453202000158448],[-88.095060999799017,44.45321799968162],[-88.095053000301419,44.45323799988094],[-88.095035999684654,44.453280000277303],[-88.095002000247788,44.453324999706588],[-88.094993999851866,44.453334000101272],[-88.094946999996196,44.453348000213751],[-88.09487800039922,44.45336900005551],[-88.094860999782469,44.453373999772417],[-88.094777000116892,44.453383000159548],[-88.094757999850316,44.453383000159548],[-88.094710000169741,44.453389000203167],[-88.094681999682322,44.453391999904099],[-88.094654000093243,44.453403999988772],[-88.094634000001747,44.453412000043826],[-88.094608000062493,44.453422000111154],[-88.094565000404785,44.453444000253214],[-88.094529000419769,44.453463000048615],[-88.094481999665788,44.453487000186364],[-88.09442200028964,44.453518000029021],[-88.094382999931582,44.453538000125604],[-88.094341999923699,44.453558000215388],[-88.094291999694988,44.453580000306218],[-88.094228999945798,44.453609000092669],[-88.094198999808583,44.453623999821758],[-88.094177999892182,44.453635000176426],[-88.094166000196608,44.453651999904274],[-88.094146999930032,44.453685000304937],[-88.094129000386687,44.453714000039255],[-88.09412199981567,44.453734000068707],[-88.094119000340953,44.453744999761405],[-88.094117999617708,44.453766000101652],[-88.094116999792817,44.453786999793145],[-88.094132999686323,44.4538069997976],[-88.094172000044381,44.453854000101799],[-88.094189999587741,44.453874999761659],[-88.094218999900065,44.453906000039602],[-88.094270999778587,44.453929999995239],[-88.094324000380354,44.453953999941014],[-88.094403999847984,44.453991999835019],[-88.094460999749387,44.454017000072419],[-88.094500000107445,44.454033000013553],[-88.094561000206824,44.454060999899959],[-88.094628999978895,44.454084999791895],[-88.094731000086142,44.454109000315256],[-88.094747999804568,44.454109000315256],[-88.094813999926799,44.454102000030034],[-88.094889000269887,44.454068000190091],[-88.094998000049827,44.454011999769314],[-88.095053000301419,44.453977000200446],[-88.095152000035597,44.453914999703485],[-88.095224999830549,44.453866999769978],[-88.09536700012076,44.453824999795778],[-88.095413999976429,44.453826999795254],[-88.09549500016729,44.453838000111638],[-88.095521999931464,44.453840000110681],[-88.09554000037312,44.45385800009867],[-88.095562000114441,44.45391099971053],[-88.095567000137322,44.4539699998994],[-88.095566000312388,44.45403199969671],[-88.095555000441735,44.454088000098317],[-88.095516999908583,44.454151000085162],[-88.095486999771381,44.454219000289847],[-88.095454999984327,44.454290999741332],[-88.095446999588404,44.454362000075335],[-88.095429999869964,44.454430000034371],[-88.095434999892817,44.454476999837127],[-88.095427000395219,44.454534000120233],[-88.095417000349471,44.454565000048348],[-88.095398999907829,44.45459000004044],[-88.095309000394451,44.454638000020886],[-88.095253000317953,44.454666999923191],[-88.095183999822652,44.454769000261095],[-88.095125000271423,44.454855999729588],[-88.09506800037002,44.454836999746163],[-88.094936999950448,44.454788999929292],[-88.094065999739186,44.454474000191922],[-88.09308499992305,44.454245999773967],[-88.092859999792154,44.45417800024191],[-88.092728000445987,44.454137000165233],[-88.092337999560343,44.45401799974826],[-88.092099999908953,44.454098000049882],[-88.09191499996102,44.454315999850721],[-88.091864999732323,44.454385999843623],[-88.091811000203961,44.454455000084216],[-88.091757999602194,44.454518000316376],[-88.091700999700791,44.454580000173131],[-88.091642000149562,44.454639999992537],[-88.091579000400358,44.454699000086116],[-88.091514000103032,44.454756000152493],[-88.091446000330976,44.454811999859814],[-88.091375000185877,44.454866000190826],[-88.091302000390925,44.454917999868719],[-88.09122600022296,44.454968000181154],[-88.091148000405155,44.455017000150868],[-88.091235000443774,44.455256999827419],[-88.091261000383057,44.455330000217359],[-88.091283000124349,44.455391999853241],[-88.091309999888551,44.455465000074419],[-88.091124000115684,44.455498999742233],[-88.091083000107815,44.455384000069373],[-88.091068000039201,44.455341999903801],[-88.090984000373609,44.455109000100705],[-88.090934999969804,44.455133000203226],[-88.090884999741093,44.45515700029582],[-88.089488999823274,44.455822999732526],[-88.089304999700261,44.455910999839013],[-88.088911000413262,44.456098000186032],[-88.088385999808395,44.456388000287205],[-88.088273999655414,44.456464999722783],[-88.088206999708248,44.456497000182807],[-88.088017999562382,44.456640000160803],[-88.088015999912557,44.456768000229708],[-88.087959000011139,44.456796999715394],[-88.08794599959235,44.45680499994684],[-88.08786600012472,44.456846999701376],[-88.08781900026905,44.456913000078991],[-88.087753000146819,44.457003999981822],[-88.087251000006489,44.456933000295265],[-88.087123999784879,44.456914999972682],[-88.086753999889027,44.456868000208516],[-88.086378000145388,44.456816999971394],[-88.084494000330935,44.456792000291543],[-88.084499000353802,44.45668799973862],[-88.084506000026479,44.456544000245586],[-88.084512999699186,44.456406999765981],[-88.083148999568408,44.456390999834085],[-88.082763999603955,44.456392000110505],[-88.08247900009691,44.456392999745688],[-88.082322999562976,44.456395000298386],[-88.081945999994446,44.45693700008124],[-88.081812999925035,44.457130000007766],[-88.081762999696338,44.457133000157746],[-88.081740000130111,44.457128999743993],[-88.081709000167976,44.457201000095992],[-88.081574000448754,44.457147000000617],[-88.08143800000633,44.457060999721904],[-88.08140700004418,44.457048000123542],[-88.081350000142777,44.457024999791287],[-88.081256000431438,44.456990000104653],[-88.081187999761056,44.456952999863482],[-88.081142999555212,44.456918999759878],[-88.081063999912502,44.456861999881184],[-88.081017000056832,44.456818000240517],[-88.080974000399138,44.456780000261858],[-88.080920999797371,44.456759999993132],[-88.080888000185411,44.456756000195085],[-88.080856000398356,44.456751999755511],[-88.080801999971683,44.45677300029682],[-88.080743000420441,44.456808000113519],[-88.080704000062397,44.456844000177917],[-88.080673999925168,44.45688599990438],[-88.080642000138113,44.456944000026567],[-88.080641000313207,44.456993999886727],[-88.080638999765071,44.457056999944427],[-88.080632999917285,44.457138999816024],[-88.080659999681473,44.457221999834616],[-88.080659999681473,44.457324999817232],[-88.080644999612844,44.457413999842615],[-88.080628999719323,44.457455999800302],[-88.080622000046631,44.457475000213947],[-88.080567999619944,44.457542000138467],[-88.08049200035029,44.457582999748084],[-88.080396999915735,44.457603999990482],[-88.080315999724888,44.457613999981156],[-88.080239999556895,44.457607999730484],[-88.080170999959932,44.457595999868502],[-88.080073999875538,44.457577999750285],[-88.080007999753306,44.457572000137112],[-88.079966999745409,44.457559000011365],[-88.079887000277793,44.457534000007939],[-88.079667999994669,44.457465999816328],[-88.079473000001002,44.457369999976692],[-88.079278999832241,44.457275000240507],[-88.079057999899305,44.457201000095992],[-88.078999000348063,44.457180999971463],[-88.078956999616963,44.457290000310373],[-88.078945999746296,44.457322999937553],[-88.078930999677709,44.45735699980596],[-88.078852000034985,44.457562000139291],[-88.078831999943503,44.457612999725676],[-88.078787999562564,44.457726999884784],[-88.078674999584678,44.45801700023123],[-88.078625000254277,44.458061000250815],[-88.078586999721111,44.458113999895211],[-88.078543000238511,44.458170000229345],[-88.07852599962176,44.458191000260669],[-88.078472000093385,44.458240000090633],[-88.078416000016901,44.458277999760355],[-88.078353000267697,44.458314000200794],[-88.078271000251931,44.458348999735065],[-88.078181999665162,44.458383999889449],[-88.078050000318996,44.458417999781261],[-88.077902000180984,44.458447999971028],[-88.077769999936521,44.458463999980488],[-88.077631000019338,44.458497000226515],[-88.07757599976776,44.458515000061418],[-88.077477999858459,44.458548999876903],[-88.077396999667627,44.458599000286235],[-88.077313000002022,44.458671999704073],[-88.077251999902671,44.458769999797951],[-88.077219000290697,44.4588219998464],[-88.077158000191332,44.458900000152838],[-88.07708700004622,44.458972999835538],[-88.077011999703132,44.459060000093601],[-88.076949999778861,44.459150999856291],[-88.076895000425594,44.459200999750117],[-88.076849000394844,44.459260999950807],[-88.076806999663731,44.4593169998261],[-88.076749999762328,44.459378000132858],[-88.076703999731578,44.459427999832293],[-88.076652999677933,44.459484000188546],[-88.076599999974505,44.459556000201253],[-88.076537000225315,44.45962599968329],[-88.076503999715015,44.459666000173939],[-88.076459000407496,44.459710999811641],[-88.076396999584901,44.459737999962265],[-88.076352000277382,44.459810000302937],[-88.076327000163033,44.459883000130311],[-88.076306000246618,44.459901999754187],[-88.076296000200884,44.459925000235522],[-88.076235999926425,44.460002999709587],[-88.076183000222969,44.460059999727925],[-88.076113999727681,44.460120999899608],[-88.076045999955625,44.460205999948492],[-88.07596800013782,44.46030500024164],[-88.075896999992707,44.460387000040029],[-88.075824000197784,44.460512000253885],[-88.075737999984071,44.460646000109008],[-88.075707000021907,44.460697999768968],[-88.075686999930426,44.460761999878763],[-88.075688999580251,44.460843000117492],[-88.075700000349229,44.460934000307034],[-88.075727999938309,44.460992999811637],[-88.075746000379979,44.461046000000358],[-88.07577800016702,44.461118000010359],[-88.075826999672515,44.461205999830739],[-88.075865000205653,44.461275999899165],[-88.075897999817613,44.461361999740106],[-88.075907999863361,44.461449999833867],[-88.075880000274282,44.461513000212911],[-88.075854000334999,44.461557999709342],[-88.075737999984071,44.461649000066764],[-88.075623000356316,44.461688999812608],[-88.075532000119736,44.461754999846278],[-88.075405999723046,44.461827000264172],[-88.075291999920225,44.461872999701107],[-88.075202000406847,44.461910000030258],[-88.075075000185237,44.461944999973475],[-88.074921000199453,44.46198299979649],[-88.074717999809863,44.462040999984843],[-88.074613000227885,44.462072999953534],[-88.074420999708934,44.462140999908947],[-88.07439399994476,44.462153000119159],[-88.073879000283952,44.462379000090841],[-88.073845999773667,44.462409999701016],[-88.0737429998415,44.462458999837104],[-88.073644000107322,44.462580000062516],[-88.07363700043463,44.462596000221922],[-88.07363700043463,44.462607000168667],[-88.073630999688518,44.462629000055976],[-88.073582000183023,44.462705000069136],[-88.073538999627019,44.462821999760983],[-88.07347900025087,44.462957999771213],[-88.073418000151506,44.463091000262047],[-88.073382999991409,44.463166000154558],[-88.073382999991409,44.463198000147756],[-88.073357999877047,44.463231999800726],[-88.073346000181488,44.463304999837305],[-88.073382999991409,44.463454000102978],[-88.073412000303719,44.46364799979721],[-88.073459000159389,44.463733999990829],[-88.073475000052909,44.463787000255728],[-88.07348000007579,44.463851999692409],[-88.073506000015044,44.463964000199127],[-88.073507999664869,44.463973000236265],[-88.073491999771349,44.464007000079015],[-88.073501999817083,44.464052999721638],[-88.073500999992177,44.464097999824695],[-88.073491999771349,44.464149000113345],[-88.073491999771349,44.464194000142449],[-88.073478000425965,44.464234000067933],[-88.073470999854948,44.46437399991197],[-88.073444999915679,44.464501000198972],[-88.073357999877047,44.464695999753609],[-88.073254999944879,44.464848000069203],[-88.073069999996946,44.465073999865815],[-88.072967999889713,44.465121000076728],[-88.072852000437067,44.465230999822211],[-88.072750000329819,44.465315000001155],[-88.072567999856616,44.465422000298339],[-88.072403000000179,44.465519999961025],[-88.072180000417418,44.465630000236878],[-88.071986000248657,44.465723999725505],[-88.071689000147728,44.46584900005233],[-88.071443999925364,44.465935000208937],[-88.071209999573625,44.466009000182652],[-88.07095600002873,44.466095000103586],[-88.070744000316623,44.466126999773415],[-88.070634999638372,44.46613799969596],[-88.070583999584741,44.466132999789714],[-88.070406000207825,44.466126000304875],[-88.070224999559528,44.466085000283293],[-88.069987999733073,44.466027999736269],[-88.069754000279673,44.465964000270475],[-88.069584000400354,44.465889000126019],[-88.069493999988666,44.465856999684611],[-88.069236000245823,44.465767000232283],[-88.069156999704774,44.465716000075012],[-88.068862999976901,44.465602000128044],[-88.068806000075483,44.465571000289536],[-88.068744000151213,44.465537000075464],[-88.068494999730873,44.465406999753213],[-88.068323000201744,44.465286999741238],[-88.067996999788491,44.46501100012393],[-88.067845000350857,44.464864999738275],[-88.067626000067733,44.464700999782941],[-88.067446999967586,44.464585000146165],[-88.067317000271245,44.464514000061321],[-88.067104999660813,44.464414999853084],[-88.066995999880874,44.464364999936649],[-88.066712000198763,44.464231999783813],[-88.066647999726342,44.464207000073159],[-88.066553000190083,44.464168999774365],[-88.066429000341515,44.464151999902661],[-88.066267999784728,44.464181000208839],[-88.066137000263481,44.464223999928848],[-88.065990999775309,44.464290999802259],[-88.065841999812392,44.464355999959992],[-88.065732000207532,44.464441999751692],[-88.065590999742227,44.464524000150732],[-88.065481000137353,44.464618000138124],[-88.065384999877892,44.464749999919491],[-88.065026999677613,44.46462400030952],[-88.064416999582235,44.464409000301316],[-88.062560000430295,44.463770999781666],[-88.059557999634023,44.462739000009236],[-88.0592949998683,44.46264800006854],[-88.058435000425987,44.462351999879239],[-88.057770999903937,44.46212400008779],[-88.057358000350391,44.462710000268999],[-88.055831999837906,44.464872000015376],[-88.053142000109503,44.468562999914042],[-88.052973000055104,44.468856999897596],[-88.052614000029891,44.469474000150363],[-88.052281999768866,44.470045000278333],[-88.051495999946425,44.471395999730227],[-88.051141000119188,44.472006000004399],[-88.049504000176924,44.473197999703899],[-88.049465999643772,44.473226000015089],[-88.049424999635903,44.473282999943144],[-88.049360000236888,44.473328999968189],[-88.049301999612254,44.473371000015156],[-88.049274999848066,44.473407000122904],[-88.049253000106773,44.473419999924857],[-88.0490510004404,44.473527000108],[-88.048701999562624,44.473781000320301],[-88.048078000121862,44.474236000288677],[-88.048046000334807,44.474257000310061],[-88.047644999578509,44.474282000203559],[-88.045617999648911,44.475369000292574],[-88.045123000079599,44.475635000182088],[-88.045035000216046,44.475682000222079],[-88.044927000261012,44.47574000026016],[-88.044321000363624,44.476064000097566],[-88.044281000180646,44.476156000214083],[-88.043577000373929,44.477511000158067],[-88.04280999991974,44.478069999711629],[-88.042778000132685,44.478108999838341],[-88.042758000041218,44.478132000196744],[-88.042267999596447,44.478723000025234],[-88.041972000218735,44.479080000112425],[-88.041112999703046,44.480116000163939],[-88.041089000311899,44.480143999719481],[-88.040767000096636,44.480377000238157],[-88.04063300020232,44.480473999923966],[-88.040466999622666,44.480594999979893],[-88.040409999721248,44.480663000150201],[-88.039603999807298,44.481660999846916],[-88.039534000385416,44.481746999778373],[-88.039491999654302,44.48179899986922],[-88.038672000394968,44.482353000202806],[-88.037653000045694,44.483038000021388],[-88.03614400014996,44.48405500020327],[-88.035188000448187,44.484699999933213],[-88.034609000314958,44.485089999932008],[-88.034480000443537,44.485176999719009],[-88.034352000397007,44.485310000210745],[-88.035505999567192,44.485722999906095],[-88.037338000401419,44.48634000000601],[-88.037360000142726,44.486326999877974],[-88.037421000242091,44.486293999983722],[-88.038223999783,44.485857999977782],[-88.038296999577938,44.48592799996316],[-88.039240999584138,44.486834000159611],[-88.039341000041574,44.486930000251427],[-88.039521999791532,44.487096999801004],[-88.039556999951628,44.487109999757429],[-88.039792000128273,44.487188999824475],[-88.041275999909658,44.487689000201179],[-88.04183699960123,44.487897000249099],[-88.041569999637517,44.48806900018441],[-88.041338999658848,44.488217000304054],[-88.041200999566584,44.488308999842751],[-88.041001000448347,44.488442000242856],[-88.040110000145603,44.489033999809244],[-88.040201000382183,44.489065000002007],[-88.040659000141588,44.489229999779255],[-88.04030400031435,44.48946099983678],[-88.040527999722016,44.489542999689874],[-88.040760000423944,44.489662999814172],[-88.040326999880563,44.489993999705007],[-88.039407999988725,44.490691000267589],[-88.038865999665418,44.49110299999117],[-88.039034999719817,44.491161999760024],[-88.039105000040024,44.491185999779248],[-88.03939000044538,44.490969999891483],[-88.039647000363317,44.490774999688419],[-88.040958999717247,44.4912330001087],[-88.041020999641518,44.491195000104334],[-88.041520000307131,44.491382000207459],[-88.042046999663498,44.490977999925292],[-88.040940000348996,44.490588999892815],[-88.040802000256733,44.490790999808489],[-88.040690000103723,44.490953000136329],[-88.040398000025675,44.490851999905644],[-88.040172000069873,44.49077400000116],[-88.040093000427163,44.490747000108527],[-88.04004999987113,44.490695000303795],[-88.040013000061208,44.490650000201185],[-88.040001000365663,44.490636000062523],[-88.040572999927875,44.490207999968561],[-88.041705000255064,44.490605999754017],[-88.043860000231149,44.491358999946122],[-88.043958999965355,44.491394000173017],[-88.043821999697997,44.491585999927395],[-88.04348899961208,44.492052000273667],[-88.043728999811606,44.492133999688072],[-88.04467100016798,44.492456000165035],[-88.04481599993295,44.492505999725417],[-88.04498699963716,44.492563000043418],[-88.045323000096133,44.492674999921434],[-88.044762000404575,44.493245000224498],[-88.040061999566717,44.491611000085896],[-88.039484999981624,44.491414999786457],[-88.038951999879146,44.491227999789139],[-88.038864000015607,44.491313999715011],[-88.037684000007829,44.492471000165814],[-88.043321000280898,44.494445000054625],[-88.043493999634947,44.494511000213201],[-88.043414000167331,44.494594000277424],[-88.042585999613763,44.495422999940992],[-88.042387000320431,44.495621999679891],[-88.042162000189549,44.495846999886894],[-88.041651999653297,44.496355999899897],[-88.041666999721912,44.496362000012049],[-88.04183699960123,44.496421000227464],[-88.041994999784961,44.496476000102994],[-88.042111999960824,44.496357000132249],[-88.043105000370829,44.495377000033493],[-88.043682999780842,44.494807000063766],[-88.044903999796489,44.49361799986243],[-88.045127000277574,44.493380999831096],[-88.045312000225479,44.493462999940071],[-88.045581999663924,44.49354600021433],[-88.048114000106878,44.494428000030837],[-88.053043000375311,44.496144000240498],[-88.053404000050307,44.496269999719942],[-88.053616999587334,44.496338000200545],[-88.053671000014006,44.496363000244251],[-88.053007000390295,44.49734400000662],[-88.052627000448695,44.497923000094453],[-88.051389999641202,44.499736999839477],[-88.052073000429829,44.499974000308676],[-88.052244000134039,44.500034999770733],[-88.056840000316527,44.501632000183044],[-88.058231000211492,44.499553000149142],[-88.058955000109677,44.498470999896981],[-88.059099999874633,44.49825399988017],[-88.063173999825295,44.499674999890289],[-88.064148999793645,44.500015000227251],[-88.065637999597882,44.500532999902887],[-88.064548000001821,44.502146999829591],[-88.063819999905675,44.503226000074676],[-88.063372000192004,44.503887000241058],[-88.065119999564018,44.504498999926042],[-88.067039000436907,44.505166999681258],[-88.068601000036068,44.505691000143329],[-88.06990099969444,44.50616300027346],[-88.071284999916699,44.506651000038019],[-88.071633999896164,44.506773999714795],[-88.073702999658536,44.507478999933234],[-88.07526099995809,44.508009000307624],[-88.075533999769547,44.508102000045554],[-88.076549999745765,44.508457000298563],[-88.076830000128268,44.508555000077799],[-88.077845000279581,44.508913000185089],[-88.081781999962899,44.510286000187833],[-88.082501999663123,44.510534999923415],[-88.082819999680439,44.510645999887217],[-88.083325000193824,44.510821999927465],[-88.083392999965895,44.510845000199225],[-88.083444000019512,44.510871999754613],[-88.083658000279769,44.51093599993203],[-88.083916000022626,44.509902000192902],[-88.085178999871061,44.509832000154795],[-88.087282999793544,44.509729999948703],[-88.088332000280033,44.509727999942854],[-88.088752000404625,44.509726999939929],[-88.08922299968448,44.509458999815237],[-88.091241000291561,44.508306000211576],[-88.093780000407222,44.506866000089843],[-88.093916999776255,44.506802999980984],[-88.094387000129544,44.506501999873656],[-88.094463000297537,44.506457999855456],[-88.09481599957661,44.506247999893496],[-88.095449999961446,44.505859999926045],[-88.096385999571737,44.50472700010063],[-88.096707999787014,44.504722000297484],[-88.09710199997231,44.504728000189381],[-88.097189999835862,44.504728000189381],[-88.098865000311264,44.504730999814754],[-88.099737000347432,44.50313300024559],[-88.100472999941189,44.501811000307285],[-88.101314000015236,44.502134000021393],[-88.101756999706012,44.502309000005745],[-88.104118000444771,44.502296999723363],[-88.104223000026764,44.502296000233613],[-88.105310000148108,44.502286000209857],[-88.105679000219041,44.502281000197314],[-88.106520000293088,44.502272999791934],[-88.110112000194903,44.50223799968731],[-88.11349099966138,44.503373000059895],[-88.117923999637256,44.504861999749998],[-88.118603000227921,44.505089999786151],[-88.118689000441634,44.505119999690791],[-88.11942199966235,44.503995999849117],[-88.119498999655235,44.503879000056081],[-88.120650000248986,44.504268999947939],[-88.120594000172503,44.504361999886811],[-88.120472999798665,44.504560999870755],[-88.119882999794783,44.505527999680268],[-88.127471999654375,44.508085000159653],[-88.128377000200857,44.506750999758523],[-88.125489999930636,44.50584500016609],[-88.124063000050668,44.505341000092969],[-88.119806999626803,44.503827999892053],[-88.120794000189036,44.502306000255707],[-88.118595999656904,44.501461000027128],[-88.119419000187591,44.500211999980735],[-88.120070000290852,44.499223999774316],[-88.11996900000851,44.499188000218496],[-88.119594999914696,44.499063999727348],[-88.119595999739616,44.499011000103536],[-88.119594000089791,44.498741000305024],[-88.123022999784979,44.498731000312212],[-88.123204000433262,44.498758999903359],[-88.124654999704362,44.498760000094443],[-88.124654999704362,44.498670000126651],[-88.129737000133645,44.498674000256344],[-88.129712000019296,44.495838999880206],[-88.129744999631257,44.495840000121376],[-88.129963000089475,44.495848000127928],[-88.130210999786584,44.495843999804428],[-88.130595999751051,44.495843999804428],[-88.131051999860645,44.495843000204054],[-88.140301999951916,44.499032999723532],[-88.1456720002613,44.500885999810826],[-88.148442000355644,44.501839999838978],[-88.148442000355644,44.50181000016854],[-88.148442000355644,44.501800000061372],[-88.148442000355644,44.501760999755213],[-88.148445999655294,44.501655000236937],[-88.148445999655294,44.501338000032014],[-88.149879000281359,44.501328999990896]]]},"properties":{"BASENAME":"Ashwaubenon"}},{"type":"Feature","geometry":{"type":"Polygon","coordinates":[[[-88.020076999777842,44.45260799992969],[-88.020080000150898,44.452457000153075],[-88.020044000165882,44.45235500026569],[-88.020036999594879,44.452332000008695],[-88.019979999693462,44.452242000226427],[-88.019918999594083,44.4521740002847],[-88.019836999578317,44.452115000205083],[-88.019769999631166,44.452073999962515],[-88.019691999813361,44.452034000042183],[-88.019573999812607,44.451980000298704],[-88.019435999720329,44.451940000313989],[-88.019332999788176,44.451914000116872],[-88.019208000114702,44.451890999686199],[-88.019059000151785,44.451867999887732],[-88.018921000059535,44.451860999975146],[-88.01876100022595,44.451851000281799],[-88.018622000308767,44.451843000012893],[-88.0184619995769,44.451829999894194],[-88.018345000299348,44.451818000127304],[-88.018327999682612,44.451813999990762],[-88.018203999834043,44.451784999954171],[-88.018102999551701,44.451748999977227],[-88.017986000274163,44.451701000187228],[-88.017875999770979,44.451642000271036],[-88.017777000036773,44.451604999847596],[-88.017747999724463,44.451593999751822],[-88.017652000363299,44.451538000164966],[-88.01759200008884,44.451486999761649],[-88.01756299977653,44.451474999924294],[-88.017535000187436,44.451463999804034],[-88.017448000148804,44.45139200007349],[-88.017377000003691,44.45132099997619],[-88.017305999858579,44.451239000271222],[-88.017238999911427,44.451142999813399],[-88.017177999812077,44.451046000112349],[-88.017139000352302,44.450949000250212],[-88.017146000025022,44.450814000213633],[-88.017171000139356,44.450687000293357],[-88.017202999926425,44.450570000011311],[-88.017253000155137,44.45044399993877],[-88.017299000185886,44.450351999693709],[-88.017337999645619,44.450252999839698],[-88.017387999874359,44.450125000239645],[-88.017406000316015,44.450093000135503],[-88.017440999577786,44.45002199974158],[-88.01746999989011,44.449925000102567],[-88.017490999806498,44.449821000145405],[-88.01750099985226,44.449721000283247],[-88.017494000179553,44.44959899995024],[-88.017479000110939,44.449505999903671],[-88.017439999752881,44.449383999762865],[-88.017393999722131,44.449285000191949],[-88.017334000345983,44.449145000078261],[-88.017277000444594,44.449043999939072],[-88.017173999614116,44.448893999689375],[-88.017084999925643,44.448805000145811],[-88.017038999894893,44.448767999848876],[-88.016956999879127,44.44869999971008],[-88.016828999832597,44.448621000119005],[-88.016675999671733,44.448538000060061],[-88.016496999571572,44.448465999928899],[-88.01647400000536,44.448456000295572],[-88.016278000186801,44.448395000122339],[-88.016108000307483,44.448344000180953],[-88.015961999819282,44.448324000229512],[-88.015865999559821,44.44828299989075],[-88.015802999810631,44.448274000000254],[-88.015791000115073,44.448268000072495],[-88.015751999757001,44.448263999692756],[-88.015724000167921,44.448260999728433],[-88.015694999855597,44.448257999763918],[-88.015571999831948,44.448237000008255],[-88.015464999701834,44.448228999885607],[-88.015433999739699,44.448225999919494],[-88.015401999952644,44.448208999894746],[-88.015324000134839,44.448211000086559],[-88.015259999662419,44.448205999927602],[-88.015093000156142,44.448194000057498],[-88.015078000087556,44.448193000281954],[-88.014893999964514,44.448185000153238],[-88.014847000108858,44.448177999799242],[-88.014744000176705,44.448165000147362],[-88.014627000000829,44.448165000147362],[-88.014509999824952,44.448150000298753],[-88.014389000349468,44.448139999970017],[-88.014257999929882,44.448125000115006],[-88.014190000157825,44.448130000280884],[-88.014108000142059,44.448125000115006],[-88.014033999623891,44.448111999810024],[-88.013908999950445,44.448099000143451],[-88.013753000314821,44.448082000081747],[-88.013704999735921,44.448077999689311],[-88.01365700005536,44.448073999937868],[-88.013503999894482,44.448050999918827],[-88.013419000403971,44.448015999984051],[-88.013340999687841,44.447960000173047],[-88.013246999976531,44.447872000269946],[-88.013201999770686,44.447829999832194],[-88.013091000340921,44.447746999931866],[-88.012990999883499,44.44764599994047],[-88.01291300006568,44.447531000194765],[-88.012816999806219,44.447407000198517],[-88.012753000232124,44.447328000141283],[-88.01270999967609,44.447277999700752],[-88.012667999843302,44.447230999876098],[-88.01260199972107,44.44716400030628],[-88.012583000352805,44.447144999744289],[-88.012499999613809,44.44709799981262],[-88.012456000131195,44.447049000252939],[-88.012357000396989,44.447030000294809],[-88.012293999749474,44.447022999802385],[-88.012229000350487,44.446933999973183],[-88.012200000038163,44.446893999739146],[-88.012157000380455,44.446832999858607],[-88.012231000000298,44.446752000065956],[-88.01231700021404,44.446687000190707],[-88.012389000184044,44.446607999800975],[-88.012450000283408,44.446547000263088],[-88.012461000154076,44.446535999856017],[-88.012538000146961,44.446503999709492],[-88.012735999615373,44.446450999788937],[-88.013089999617691,44.446455000292836],[-88.013380000045927,44.446499999850261],[-88.013596999780887,44.446548999870437],[-88.01387499961524,44.446610999850186],[-88.014141999578939,44.446681999901337],[-88.014322000402316,44.44670700006138],[-88.014664999635656,44.446719000236982],[-88.015166999776,44.446603999948863],[-88.015343000401401,44.446514000318309],[-88.015473000097742,44.446436000141503],[-88.015525999801199,44.446360999922646],[-88.015596000121405,44.446327999872786],[-88.015637000129274,44.446270000109195],[-88.01570699955117,44.446143999738872],[-88.015921999636305,44.445895000192778],[-88.01608099964497,44.44568699985102],[-88.016243999851596,44.445478000229301],[-88.016511999640201,44.445189000290746],[-88.016580000310583,44.445143999723385],[-88.016773999581019,44.445051000279463],[-88.004847000180121,44.440922999797714],[-87.999967000315507,44.439233000109923],[-88.001334999745936,44.437205000099851],[-88.00136099968519,44.437166000223918],[-87.994001999979375,44.434635999960449],[-87.992590999992927,44.43667900020651],[-87.986336999951803,44.434491999978114],[-87.982919999952173,44.439532999812712],[-87.982826000240848,44.439666999703945],[-87.98115800033645,44.442146999860199],[-87.981101000435032,44.442230000021198],[-87.980971999665286,44.442421000059767],[-87.97926699995098,44.444940999711719],[-87.972626000295548,44.444793000136805],[-87.962755000238246,44.44465399999531],[-87.955804000063111,44.444599999841905],[-87.947919999752429,44.444416000037052],[-87.943552999898799,44.444384999852538],[-87.942536000097661,44.444315999900013],[-87.941607999984967,44.444290999999311],[-87.941578999672657,44.444289000314676],[-87.939905999745392,44.444274999954651],[-87.93983999962316,44.444295000009795],[-87.939639999606598,44.444316999741858],[-87.937308999903394,44.444265000245203],[-87.936287999904309,44.444254999892699],[-87.933025999715369,44.444236000308436],[-87.932165000448151,44.444193999821643],[-87.931897999586127,44.444192999977687],[-87.929297000444507,44.444184000098332],[-87.927765000084236,44.444176000061887],[-87.927753000388691,44.443278000232155],[-87.927745999817674,44.442745000130898],[-87.92667399976493,44.44274599999968],[-87.926257000013436,44.442747999737144],[-87.926246000142768,44.44187099989086],[-87.927734999947006,44.441859999885992],[-87.927725999726192,44.441092999861127],[-87.927719000053486,44.440563000067861],[-87.927689999741176,44.438201000247233],[-87.924432999575103,44.4370679997959],[-87.923963000120139,44.436924000033777],[-87.922271999751203,44.436915000317491],[-87.920080999790088,44.436904000020917],[-87.91887300019323,44.43689700023932],[-87.918239999633343,44.436893999691208],[-87.918104000089215,44.436892999722318],[-87.917997999784006,44.438025999718448],[-87.917546999697294,44.438041000242478],[-87.91754900024543,44.439284000309165],[-87.918217000067116,44.439753999861239],[-87.91928699957171,44.440508000074139],[-87.919644999772004,44.440759999842079],[-87.92012000014816,44.44111000003268],[-87.920227000278274,44.441190000056693],[-87.921186000353103,44.441865999830583],[-87.921979999673155,44.441285000303743],[-87.92488299983691,44.443330999824823],[-87.924322999970258,44.443738999774261],[-87.924914999623951,44.44415400027674],[-87.92442799955225,44.444150000256599],[-87.921348999661404,44.444102999839146],[-87.920430999594473,44.444107999707974],[-87.918623999772905,44.444110000040162],[-87.918623999772905,44.443181000296541],[-87.918405000388091,44.443079000243408],[-87.917540999849521,44.442677000035324],[-87.91753599982664,44.444029000319723],[-87.917620000390542,44.444110999885581],[-87.914615000119568,44.444109000194729],[-87.912411999564569,44.444107999707974],[-87.912420999785382,44.443452999781385],[-87.912441999701784,44.441677000317227],[-87.912503999626068,44.441662000085294],[-87.913435999936723,44.441440000307701],[-87.914395999836444,44.441208999990209],[-87.912845999932827,44.440487000097868],[-87.907379000437402,44.440473000109471],[-87.907289999850619,44.444103999684685],[-87.900757000150236,44.444047999971268],[-87.890185999585867,44.443890000284362],[-87.888052000424466,44.443857999970994],[-87.887117999565689,44.443853000080814],[-87.887127999611437,44.451126999721765],[-87.88715000025104,44.465658999808774],[-87.887146000053093,44.468047999867082],[-87.887163999596439,44.470065999884625],[-87.887177999840148,44.47124099973238],[-87.887171000167456,44.472167999936801],[-87.887172999817267,44.472737999994322],[-87.887182999863001,44.472937000209185],[-87.89277999995312,44.473218000110727],[-87.896730999880134,44.473405000153114],[-87.906873999924002,44.473312000200039],[-87.913306000240382,44.473415999986109],[-87.917184000372458,44.473491000074276],[-87.922146000252823,44.473521000210773],[-87.927717000403675,44.473568000030383],[-87.932111999846384,44.473467999809614],[-87.932727999789535,44.473454000034266],[-87.93512499961497,44.473400000228331],[-87.936205000063623,44.473374999956988],[-87.937134000001222,44.47335300027347],[-87.938489999736078,44.47333799984343],[-87.940980000346272,44.473341999787571],[-87.942166000201794,44.473341999787571],[-87.94336700012596,44.473341999787571],[-87.943408000133843,44.473341999787571],[-87.943663000401969,44.473344999745443],[-87.944717999837948,44.473356000230766],[-87.94530799984183,44.473363000130625],[-87.945820999852799,44.473382999839878],[-87.946615999896096,44.473380999869228],[-87.948774000245265,44.473377999913204],[-87.949339000134771,44.473376999927794],[-87.951411000270213,44.473396000288211],[-87.953086999672209,44.473411000062256],[-87.953961000256527,44.473418999940222],[-87.954695000200459,44.473422999878764],[-87.956803000320903,44.473432999723968],[-87.955322000014263,44.472579999717397],[-87.955193000142827,44.47250499974048],[-87.955064000271406,44.472409000270417],[-87.954968999836836,44.472317000015806],[-87.954568999803769,44.471827000062582],[-87.954814999851052,44.471746000320358],[-87.955311999968515,44.471864999863364],[-87.95556200021376,44.47187800000885],[-87.956464000387186,44.471228000086093],[-87.956595999733338,44.471227000063848],[-87.957349999768766,44.47122600004159],[-87.95778599978685,44.47122600004159],[-87.958097999956394,44.471225000019352],[-87.958236999873549,44.471227000063848],[-87.958554000065973,44.471233000196918],[-87.96306499985964,44.471308999906185],[-87.963098000369939,44.471340999922887],[-87.963588999741276,44.471793000287377],[-87.963924000375343,44.472116000237044],[-87.964798000061364,44.472959000049521],[-87.965721999976083,44.472969999966622],[-87.965717999778121,44.472042999680369],[-87.965753999763137,44.471860999818041],[-87.965957999977633,44.471998999941789],[-87.9661529999713,44.472138999752467],[-87.966433000353788,44.472361000155686],[-87.966696999944432,44.472592999703572],[-87.966943999816635,44.472835000199922],[-87.967172000320588,44.473086000247903],[-87.967239000267739,44.473169000031369],[-87.967382000382869,44.473343999759514],[-87.967541000391535,44.473567000048234],[-87.96826600011461,44.473575999886769],[-87.968270000312572,44.474152000127596],[-87.968316000343336,44.47424899990601],[-87.968327000213989,44.474273999802939],[-87.968381999567271,44.474405000215853],[-87.968399000184021,44.474445000195296],[-87.968506000314136,44.474742999883972],[-87.968564999865364,44.474944000230046],[-87.968688999713933,44.475400000055352],[-87.96897499994418,44.47550300001739],[-87.968922000240752,44.475815999869148],[-87.96873800011771,44.476934999741353],[-87.968673999645318,44.477320000141439],[-87.968574000086207,44.477923999942469],[-87.968547000322019,44.47807100025755],[-87.968754000011259,44.478066999996614],[-87.9689759997691,44.478896999871985],[-87.969299999634188,44.47901100013123],[-87.969528000138155,44.479090000270126],[-87.971818999658382,44.479916000201023],[-87.973485999737846,44.480520999911931],[-87.973932999626598,44.480679999699682],[-87.97400499959663,44.480544999822975],[-87.974074999916837,44.480416000104768],[-87.97414500023703,44.480289999702208],[-87.974407000177834,44.479912000066534],[-87.974496999691212,44.479788000249521],[-87.975227000335508,44.47872999992228],[-87.972919000198516,44.477905999682186],[-87.972900999756845,44.478007999801605],[-87.972870999619616,44.478114999904868],[-87.972857000274232,44.478162999773602],[-87.97279000032708,44.478315000272609],[-87.972545999929608,44.478721000237641],[-87.972441000347615,44.478680000089959],[-87.972376999875209,44.478660000273273],[-87.970657999917194,44.478037000274277],[-87.969672999903111,44.47768100012685],[-87.969612999628652,44.477659000143696],[-87.969605999955959,44.477607000208842],[-87.96955900010029,44.477535999939434],[-87.969548000229622,44.477525000242053],[-87.969554000077409,44.477469999801137],[-87.969568000321132,44.477327000206799],[-87.969570999795849,44.477287000279929],[-87.969590000062425,44.47709500024942],[-87.969868999721683,44.476790000264089],[-87.969886000338434,44.47677999971215],[-87.969959000133372,44.476738000195745],[-87.970114999768981,44.476651999931811],[-87.970314999785529,44.476532999894154],[-87.971319000066174,44.476868000279644],[-87.971279999708131,44.476931000043528],[-87.972935999916942,44.477475999933326],[-87.97379899973231,44.477756999771721],[-87.981314999796965,44.480224999983299],[-87.981385000117157,44.480034999748803],[-87.981828999632867,44.478817000220559],[-87.983961000042754,44.4795889996821],[-87.984304999999353,44.479099999785198],[-87.985422000257898,44.479510000218838],[-87.985680999825689,44.479144999825039],[-87.985725000206614,44.479159000157942],[-87.986730000312178,44.477753000130249],[-87.985580000441658,44.477322999894852],[-87.983540999918191,44.476666000221897],[-87.983058000044423,44.476510000187481],[-87.982288000115489,44.476438999865216],[-87.9822899997653,44.476426000094783],[-87.982315999704582,44.476277000251017],[-87.982391999872547,44.475843000263069],[-87.982407999766096,44.475752000238764],[-87.982421000184885,44.47566299996501],[-87.982426000207752,44.475625000073251],[-87.982478999911194,44.475209000179859],[-87.982504999850477,44.474936999878821],[-87.982524000117053,44.474614000158233],[-87.982536999637503,44.474389000088252],[-87.982543000383629,44.474114999865698],[-87.982534000162786,44.473492000057732],[-87.982749000247935,44.473516000295923],[-87.982849999631966,44.473524000159486],[-87.983068000090171,44.473594000200698],[-87.983191999938725,44.473678999863161],[-87.983278000152438,44.473803999820582],[-87.983340000076737,44.47385300000775],[-87.985035999570201,44.474488000046442],[-87.987166000330276,44.475196000135405],[-87.988025999772574,44.475502000068396],[-87.988331000269426,44.475610000227263],[-87.988382000323071,44.475627999913812],[-87.988454000293075,44.475653999807328],[-87.988527999912918,44.475679999689262],[-87.98848500025521,44.475758999851209],[-87.988218000291525,44.476140999863588],[-87.987502999715844,44.477163999932493],[-87.98903699972594,44.4777049999242],[-87.987307999722191,44.480166000047547],[-87.991706000436267,44.481749999945123],[-87.991773000383418,44.481773999991553],[-87.991501000396866,44.482154999887136],[-87.991284999588473,44.48244899997804],[-87.990831000027029,44.483115000197998],[-87.990651999926897,44.483343000033358],[-87.989861000081575,44.483059000079656],[-87.988773000135311,44.484581000287015],[-87.990524999705272,44.485211999810339],[-87.989950999594924,44.485995999685393],[-87.989975999709287,44.486005000170472],[-87.992438999656969,44.486896000303744],[-87.994821000312115,44.487758000172974],[-87.994680999671715,44.488059000284068],[-87.994633999816045,44.488136000241809],[-87.996767000050852,44.488930000303149],[-87.997063000326861,44.489039000316907],[-87.996885000051634,44.488962000269524],[-87.996808000058721,44.488928999943461],[-87.996865999785058,44.488878000160163],[-87.996880999853673,44.488864000236958],[-87.997038000212498,44.488729999795147],[-87.997097999588632,44.488668000318725],[-87.997157000038186,44.488627000111954],[-87.997182000152534,44.488590999781557],[-87.997224999810257,44.488536000159591],[-87.997285999909622,44.488496000227158],[-87.997310000199064,44.488452999804601],[-87.997581000360711,44.488334000124219],[-87.997777000179298,44.488249000020772],[-87.998162000143765,44.488079999816549],[-87.998358999787257,44.487994000248918],[-87.998566000374808,44.487892000284347],[-87.998609000032516,44.487881999712791],[-87.998658000436322,44.487846999941723],[-87.998706999941788,44.487837999740869],[-87.998782000284876,44.487815000004503],[-87.998846999683892,44.487776999695754],[-87.998872999623146,44.487763000149165],[-87.998978000103463,44.487758000172974],[-87.999024000134199,44.48774399998095],[-87.99904599987552,44.487729999785607],[-87.999077999662575,44.487704999886134],[-87.99912100021858,44.487702000025628],[-87.999178000119997,44.487690999681391],[-87.999271000006431,44.487662999902724],[-87.999342999976434,44.487642000220127],[-87.999430999839973,44.487608000046592],[-87.999506000183061,44.487588000086021],[-87.999594999871519,44.487568999860798],[-87.999654000321058,44.48755300013854],[-87.99970799984942,44.48750899991844],[-87.999783000192508,44.487471000051215],[-87.999860000185393,44.487483000180632],[-87.999902999843073,44.487468000178723],[-87.999994000079695,44.487445000296461],[-88.000052999630924,44.487423000149811],[-88.000116000278425,44.487393000111275],[-88.00019300027131,44.487373999822545],[-88.000264000416422,44.487363000057321],[-88.00041800040222,44.48732700022849],[-88.000554999771254,44.487289000242697],[-88.000724999650572,44.487238000307194],[-88.000831999780701,44.487211000059396],[-88.001025000124542,44.487157000167151],[-88.001143000125296,44.487119999820472],[-88.001261000126078,44.487062999950673],[-88.00140800043917,44.487006000025161],[-88.001509999648107,44.486944999750797],[-88.001616999778236,44.486884999807501],[-88.001685000448617,44.486876000099052],[-88.00173700032714,44.486857000282782],[-88.001827999665423,44.486857000282782],[-88.001919999726937,44.48687199980094],[-88.002011999788436,44.486889999858533],[-88.002094999629136,44.486873000195949],[-88.002202999584156,44.486855000133112],[-88.002211999804985,44.48684099972435],[-88.002241999942214,44.486792999945393],[-88.002232999721386,44.486756000008704],[-88.002219000376002,44.486693999715811],[-88.002230000246641,44.486671000169203],[-88.00229100034602,44.486634999913335],[-88.002373000361786,44.486587999723895],[-88.002384000232439,44.486579999728775],[-88.002446000156709,44.48653699981633],[-88.002508999905899,44.486498000196228],[-88.002554000111758,44.486445999807692],[-88.002548000263971,44.486394999775982],[-88.002534000020262,44.486364999849627],[-88.002508999905899,44.486323999946642],[-88.002502000233207,44.486283000014843],[-88.002556999586474,44.4863189998471],[-88.002604000340455,44.486342999936511],[-88.002657000043911,44.486351999727212],[-88.00274999993033,44.486345000103746],[-88.00281299967952,44.486329999809193],[-88.0028600004335,44.486331000213461],[-88.003038999635336,44.486337000075295],[-88.003360999850599,44.486280000081244],[-88.00355300036955,44.486228000139221],[-88.003772999579255,44.486179999855842],[-88.00391400004456,44.486151000226265],[-88.004043999740915,44.486113999882356],[-88.004181999833165,44.486080999867603],[-88.004319999925428,44.486046000297662],[-88.004480999583905,44.486006999708401],[-88.00460600015569,44.485977999992826],[-88.004741999699831,44.485947000082014],[-88.004938000416715,44.485899999979068],[-88.004979000424598,44.485893000301417],[-88.005048999846494,44.485866999843253],[-88.005104000098058,44.485846000154964],[-88.005138000433249,44.485826000231143],[-88.005154000326783,44.485801999928967],[-88.005149000303902,44.485765999777684],[-88.005129000212435,44.485731999792392],[-88.005124000189554,44.485702999940095],[-88.005195000334666,44.485733999980575],[-88.005253999885895,44.485761000271161],[-88.005272000327551,44.485781000217266],[-88.005340000099622,44.485796999784682],[-88.005401000198987,44.485795000239555],[-88.005509999978926,44.48578700013568],[-88.005593999644518,44.485773999884451],[-88.005699999949726,44.485750000201776],[-88.005811000277816,44.485728999830464],[-88.005920000057756,44.485696000238811],[-88.006063000172887,44.48564899993363],[-88.006190000394497,44.485609999719827],[-88.006480999749314,44.48550500009916],[-88.006561000115255,44.485459000059357],[-88.006614999643617,44.485427999872748],[-88.006751000086055,44.485346000002544],[-88.006834999751646,44.485284999914981],[-88.006900999873892,44.485237999919555],[-88.006927999638066,44.485214000016363],[-88.007014999676713,44.485137999830499],[-88.007028000095488,44.485125999859619],[-88.007048000186984,44.485104000120117],[-88.007126000004789,44.485017000224239],[-88.007203999822579,44.484912999964827],[-88.007302999556785,44.484807999730492],[-88.007435999626196,44.484607999829464],[-88.007501999748428,44.48452300006447],[-88.007582000114354,44.484403000260805],[-88.007659000107267,44.484273000301705],[-88.007731000077285,44.484161000311708],[-88.007774999559885,44.484063999706009],[-88.007828999986572,44.483951999955657],[-88.007876999667161,44.483839000184211],[-88.00790199978151,44.483716999998052],[-88.007927999720764,44.483582000098799],[-88.007904000329646,44.483457999749938],[-88.007869999994455,44.483352000286843],[-88.007819999765744,44.483252999985503],[-88.007761000214501,44.483168000168952],[-88.007669000153001,44.483083000228511],[-88.007583999764179,44.483016000135386],[-88.007490000052854,44.482945000038825],[-88.00739799999134,44.482897000258603],[-88.007109000286349,44.482752000215321],[-88.007052000384945,44.482730000221416],[-88.006712999552903,44.48260999993412],[-88.006638999933074,44.482582000280175],[-88.006606000321113,44.482572000080062],[-88.00629400015157,44.482460999858709],[-88.006242000273033,44.482442999716319],[-88.006197999892109,44.482429000171429],[-88.006101999632648,44.48239800029738],[-88.006049999754097,44.482377000001229],[-88.005874000027006,44.482311000211432],[-88.005716999668152,44.482257000269605],[-88.005585000322,44.482201999802783],[-88.00542799996316,44.482138000126497],[-88.005242000190336,44.48208599969692],[-88.004897000408832,44.482000000265131],[-88.004771999837047,44.48196299985208],[-88.004690999646186,44.481942999878811],[-88.004603999607568,44.481918000062905],[-88.004434999553155,44.48186399975733],[-88.0043109997046,44.481806000038105],[-88.004170000137606,44.481761999969578],[-88.004063999832397,44.481725000046467],[-88.003928000288269,44.48166700018907],[-88.003801000066645,44.4816130002921],[-88.003714000028026,44.481573999943805],[-88.003671000370318,44.481557000013858],[-88.003529999905012,44.481478000010583],[-88.003508000163691,44.481458999718029],[-88.003406000056458,44.48138100007121],[-88.003361999675533,44.481313999946252],[-88.003348000330121,44.481299000280799],[-88.003252999895579,44.481186999708683],[-88.003207999689721,44.481106000139484],[-88.003153000336454,44.481005000163066],[-88.003105999582488,44.480903000155365],[-88.003006999848282,44.480728999881492],[-88.002909999763901,44.480386000308307],[-88.002886000372783,44.480272000171844],[-88.002841000166924,44.480112999913203],[-88.002804000357017,44.479954999734815],[-88.002781999717385,44.479805000053901],[-88.002780000067546,44.479793000267883],[-88.002733000211904,44.479743999940943],[-88.002725999640887,44.479668000320359],[-88.002704999724486,44.47940099970468],[-88.002713999945328,44.479229999734336],[-88.002719999793115,44.479206999808795],[-88.002733000211904,44.479171000074345],[-88.002783000440616,44.479025999743939],[-88.002810000204789,44.478961999788474],[-88.002869999580923,44.478823000214241],[-88.002915999611673,44.478716000127356],[-88.00303199996263,44.478484999821887],[-88.003416999927097,44.477875999877085],[-88.003467000155823,44.477796000107695],[-88.003663999799315,44.477439999771853],[-88.003811000112407,44.477244999846519],[-88.003878000059558,44.477138999991737],[-88.004035000418398,44.476793000044715],[-88.004093999969626,44.476592000298652],[-88.004117000434164,44.47653399982547],[-88.004208999597353,44.476300000049505],[-88.004231000236985,44.476236000308951],[-88.004302000382083,44.476054000062206],[-88.004334999994043,44.475943000259917],[-88.00434199966675,44.475791999935865],[-88.004344000214871,44.475732000059423],[-88.004349000237738,44.475627999913812],[-88.0043530004357,44.475524000223793],[-88.00449700037575,44.475493999835031],[-88.004903000256618,44.4754100002028],[-88.0050210002574,44.475386000102525],[-88.005140000083074,44.475377999853201],[-88.005217000075973,44.475359000138155],[-88.005270999604335,44.475342000320346],[-88.005417999917427,44.475295000006504],[-88.005530000070408,44.475240000027625],[-88.005654999743896,44.475172999901723],[-88.00575799967605,44.475114999941091],[-88.005936999776182,44.475029999806225],[-88.005951000019905,44.475023000106326],[-88.005962999715464,44.475018000320169],[-88.006093000310116,44.474955999731264],[-88.006226000379513,44.474890999839232],[-88.006238999899978,44.474886000041806],[-88.006368999596319,44.474833000239329],[-88.006510999886558,44.474773000017869],[-88.006693000359746,44.474698000295255],[-88.006827000254049,44.474655999921353],[-88.007022000247716,44.474610000301269],[-88.007188999753993,44.474552999746344],[-88.007346000112818,44.474507000045072],[-88.007377000074953,44.474500000282447],[-88.007542999756311,44.474466000141426],[-88.007669000153001,44.474445000195296],[-88.007762000039421,44.474408000119119],[-88.007782000130902,44.474399999735773],[-88.007813999917957,44.47438700015207],[-88.007948999637165,44.474352999945268],[-88.008117999691578,44.474303000208394],[-88.008244000088283,44.474271999862864],[-88.008268000377711,44.474267000012354],[-88.008321999906087,44.474260000220937],[-88.008379999632396,44.474253999758055],[-88.008537999816141,44.474247999935528],[-88.008588000044853,44.474241000141838],[-88.008953999742744,44.474202999965115],[-88.008971000359494,44.474199000080034],[-88.00911699994937,44.474166999707386],[-88.009284000353944,44.474128000150962],[-88.009436999616511,44.474087999954278],[-88.00946299955578,44.47408000016803],[-88.009579999731642,44.474043999834421],[-88.009604000021085,44.474035000068064],[-88.009717999823891,44.473992999857998],[-88.009747999961121,44.473982000133766],[-88.009949999627494,44.473908000011868],[-88.010128999727627,44.473832999818583],[-88.010271999842772,44.4737570001911],[-88.010409000110116,44.473672999981517],[-88.010536000331726,44.473602000053567],[-88.010646999761491,44.473518000261912],[-88.010665000203161,44.473503999857577],[-88.010775999632926,44.473419999924857],[-88.010850999976,44.473347999703201],[-88.010923999770924,44.473286999891052],[-88.010994000091117,44.473217000122581],[-88.011061000038268,44.473152000216608],[-88.01113499965814,44.473091000199595],[-88.011201999605277,44.473028000136068],[-88.011270000275658,44.472963000019632],[-88.0113229999791,44.472891999868878],[-88.01139900014708,44.472812000317752],[-88.011464000444406,44.472740999983287],[-88.011472999766937,44.472734000008835],[-88.01154399991205,44.472667000210855],[-88.011655000240125,44.472547999739049],[-88.011758000172279,44.472442999686812],[-88.011789999959333,44.472413000278237],[-88.011868999602058,44.472338000086708],[-88.01188799986862,44.472319000022878],[-88.011906000310276,44.47230099995673],[-88.01195399999088,44.472253999757775],[-88.012036000006617,44.472169999948981],[-88.012121000395439,44.472086000019281],[-88.01218900016751,44.472027000187211],[-88.012280000404104,44.471958000199194],[-88.012354000023947,44.471896000205469],[-88.012456000131195,44.471813999905777],[-88.012570999758921,44.471726000050154],[-88.012708999851199,44.471630999955046],[-88.012814000331488,44.471542999823484],[-88.012917000263656,44.471453000163564],[-88.012979000187926,44.471383000118458],[-88.012993000431621,44.471366999803323],[-88.013006999777019,44.471349000084544],[-88.013075000447387,44.471258000103802],[-88.013130999625588,44.4711760001898],[-88.013154000090125,44.4711420000353],[-88.013195000097994,44.471035999992168],[-88.013238999580608,44.470913999958249],[-88.013243999603489,44.470888999904012],[-88.013270000441054,44.470748000269595],[-88.013274999565624,44.470659000056784],[-88.01327700011376,44.470626000274713],[-88.013257000022264,44.470488000109697],[-88.013251999999412,44.470467000014189],[-88.013210000166609,44.470310000037436],[-88.013150999717055,44.470153000279467],[-88.013092000165827,44.470049999849493],[-88.013026000043595,44.469943999746235],[-88.012954000073563,44.469832999861147],[-88.012872000057797,44.469722999812994],[-88.012677999889036,44.469494999962144],[-88.01255200039067,44.469372999912309],[-88.012470000374904,44.469294000080339],[-88.012404000252658,44.469239000215289],[-88.012299999597289,44.469159000144273],[-88.012162000403308,44.469052999704992],[-88.012046000052379,44.468968999776536],[-88.011880000371022,44.468865999821432],[-88.011740999555528,44.468786999944264],[-88.011613000407323,44.46872200023293],[-88.011467999744056,44.468647999852166],[-88.011316000306408,44.468568999679945],[-88.011153999924701,44.468494999746234],[-88.011128999810339,44.468483000198638],[-88.010938999839539,44.468400000161651],[-88.01077099961006,44.468335000019344],[-88.010618000347492,44.468280999964449],[-88.010479000430323,44.468233999733542],[-88.010318999698441,44.468183999882861],[-88.01014299997135,44.468131999838825],[-88.009957000198497,44.468085000129015],[-88.009794999816805,44.468047999867082],[-88.00977999974819,44.468045000277975],[-88.009715000349175,44.468031999919795],[-88.009638000356262,44.468020999713119],[-88.009553999792359,44.468009000068037],[-88.009429999943819,44.467988999799402],[-88.009229999927271,44.467964999852569],[-88.009094000383158,44.46796700000877],[-88.009065000070834,44.467969000164963],[-88.008932999826342,44.467982999973884],[-88.008804999779812,44.467995000265354],[-88.008711000068502,44.468005999835889],[-88.008511999876873,44.468021999790253],[-88.008317999708126,44.468025000021633],[-88.008127999737312,44.4680139998136],[-88.007958999682913,44.467987999721664],[-88.007839999857225,44.467951000039328],[-88.007813999917957,44.467938999738813],[-88.007729000427446,44.467910000017383],[-88.007639000015772,44.467858999809209],[-88.007613999901409,44.467844999970552],[-88.007593999809941,44.46783399972859],[-88.007548999604083,44.467809000278351],[-88.007505999946389,44.467784000176309],[-88.007470999786278,44.467762999748984],[-88.007433000151437,44.467744000118991],[-88.007411000410144,44.467731999775921],[-88.007300000082068,44.467616999835542],[-88.007239999807595,44.467547000318334],[-88.007275999792611,44.467475999989595],[-88.00728400018852,44.467460999972289],[-88.007296999709013,44.467427000218024],[-88.007310999952708,44.467393999890746],[-88.007346000112818,44.467320999838705],[-88.007409999686914,44.467207999911892],[-88.00751000014435,44.467109999877628],[-88.007546999954272,44.467066000266627],[-88.007567999870659,44.467024000169928],[-88.007608999878528,44.466978000304074],[-88.007638000190866,44.466928000018555],[-88.007671999627732,44.466884999725927],[-88.007669999977907,44.466835000001844],[-88.007695999917189,44.466798999686773],[-88.007701999764961,44.466781999939819],[-88.007724000404593,44.466728999829677],[-88.007755000366728,44.466627999970385],[-88.00776399968926,44.466599999699213],[-88.007777000108035,44.46651499998417],[-88.00780899989509,44.466423000055087],[-88.0078380002074,44.466333000193245],[-88.007851999552798,44.466212000053439],[-88.007865999796493,44.466112000050572],[-88.00785499992584,44.466021999709177],[-88.007853000276015,44.466004999735979],[-88.007839999857225,44.465897999866371],[-88.007820999590635,44.465758999946566],[-88.007797000199517,44.46558500003249],[-88.007813000093051,44.465425000022243],[-88.007814999742862,44.465405000150362],[-88.007837000382494,44.465279000030854],[-88.00785499992584,44.465133000315468],[-88.007889000261031,44.464978999842273],[-88.007951000185301,44.464833000017713],[-88.008001000414026,44.464746000027617],[-88.008009999736544,44.464729999816356],[-88.008086999729443,44.464556000040673],[-88.008169999570114,44.464423999820681],[-88.008259999981789,44.464272999824701],[-88.008268000377711,44.464259999908684],[-88.008317999708126,44.464214999930455],[-88.008394999701011,44.464043999696827],[-88.008448000302778,44.46393700007949],[-88.008478000439993,44.463870999948092],[-88.008612000334296,44.463638000198884],[-88.00869099997702,44.463393000208001],[-88.009131000193065,44.462610000037223],[-88.009194999767175,44.462481999952274],[-88.00920900001087,44.46245700013332],[-88.009265000087368,44.462333999944967],[-88.009335000407575,44.462249999964527],[-88.009420999722977,44.462153000119159],[-88.009440999814458,44.462128999696311],[-88.00946199973086,44.462103999726189],[-88.009614000066819,44.461900000134236],[-88.009656999724527,44.461844999713655],[-88.009686000036851,44.46173200008586],[-88.009686999861771,44.461705999760419],[-88.00968799968669,44.461680000064511],[-88.009732000067615,44.461640999857849],[-88.009799000014766,44.461596999971491],[-88.009825999778926,44.461572999961227],[-88.009856999741075,44.461550000129108],[-88.009902999771839,44.461517999873749],[-88.00991700001552,44.461509000099298],[-88.009984999787591,44.461489000168115],[-88.010024999970568,44.461485000052861],[-88.010065000153546,44.46148099993728],[-88.010157000215045,44.461486999789948],[-88.010265000170079,44.461499999682289],[-88.010342999987884,44.46152700028793],[-88.010423000353825,44.461537000247887],[-88.010538999806457,44.461551999863964],[-88.010650999959466,44.4615680003051],[-88.01069100014243,44.461560000085079],[-88.010729999602162,44.461561999819651],[-88.010780999655807,44.461582999913261],[-88.010923999770924,44.461625000077881],[-88.011081000129778,44.461657999819643],[-88.011313999758272,44.461701000115724],[-88.011528999843421,44.461743000195405],[-88.011783000286641,44.461795999703327],[-88.012021999762922,44.46185500026025],[-88.012219000304725,44.461897999770137],[-88.012460000329156,44.46193399990198],[-88.012616999789685,44.461957999763854],[-88.012826999851953,44.461978000175513],[-88.013017999647658,44.461978000175513],[-88.013194000273089,44.46197100019252],[-88.013333000190258,44.461960000125927],[-88.013494999673654,44.46193399990198],[-88.013672000123975,44.461905999943845],[-88.013909999775336,44.461851999711755],[-88.014166999693302,44.46178999988242],[-88.014406000067893,44.461733000270783],[-88.014602999711386,44.46166499984016],[-88.014863000002379,44.461588999755449],[-88.015134000164039,44.461512000024271],[-88.015354000272055,44.461459999806969],[-88.015393999556721,44.46145399995153],[-88.015607999816964,44.46141100011468],[-88.01565700022077,44.46139700001185],[-88.015736999688386,44.461377000042305],[-88.015925999834266,44.461331999765257],[-88.015970000215205,44.461310000030316],[-88.016095999713585,44.461252999950048],[-88.016109999957294,44.461245999880127],[-88.016201000193888,44.461201000143227],[-88.016258999920211,44.461139999817597],[-88.016269999790865,44.461129000235587],[-88.016288000232535,44.461035999956344],[-88.016222999935195,44.460921999846263],[-88.016103000284602,44.460809999915071],[-88.015991000131606,44.460728000069601],[-88.015821000252288,44.46065000028176],[-88.015658999870595,44.460587999817122],[-88.015489999816182,44.46053000010874],[-88.015345999876146,44.460487999797614],[-88.015179000369869,44.460413000311696],[-88.014991000048894,44.460323000160351],[-88.014811000123842,44.46023700007126],[-88.01463000037387,44.460177999802738],[-88.014482000235873,44.460099999921248],[-88.014386999801317,44.459993999701595],[-88.014300999587604,44.459883000130311],[-88.014191999807665,44.459740999978244],[-88.01415800037077,44.459646999832081],[-88.014134999906247,44.459544000098475],[-88.014118000187793,44.459435999703274],[-88.014118000187793,44.459302000276956],[-88.0141459997769,44.45918900021551],[-88.014181999761902,44.459072999885166],[-88.014214000447268,44.459025999934489],[-88.014242999861281,44.458972000244565],[-88.014266000325819,44.458950999852938],[-88.0142860004173,44.458922000154644],[-88.014314999831299,44.458894000034313],[-88.014409000440935,44.458802999871075],[-88.014533000289504,44.458698999694022],[-88.014623999627787,44.458634000290765],[-88.014730999757901,44.45857200025003],[-88.014836000238205,44.458507000064245],[-88.014958000436934,44.458439999964675],[-88.0150899997831,44.458372999788224],[-88.015211999981858,44.458309999868007],[-88.015350000074093,44.458238999845925],[-88.015523000326453,44.458138000044968],[-88.015669999741235,44.458043999882868],[-88.015811000206554,44.457953999926893],[-88.01608300019312,44.457776000104175],[-88.016217999912314,44.457675999756773],[-88.016366999875245,44.457572000137112],[-88.016498000294817,44.457453000308135],[-88.016623999793211,44.457359999944281],[-88.01674500016702,44.457253999879796],[-88.016831000380748,44.457172000169692],[-88.016937999612551,44.457072999693835],[-88.017018999803398,44.456966999749561],[-88.017094000146471,44.456842999909291],[-88.017149000398078,44.45674099998805],[-88.017197999903544,44.456612999859956],[-88.017216000345215,44.456586999819706],[-88.017248999957175,44.456537999884965],[-88.017279999919324,44.456487000000834],[-88.01732699977498,44.456383999822464],[-88.01737500035388,44.456281999740661],[-88.017402999942959,44.456203000145777],[-88.017428000057322,44.456109000074626],[-88.017474000088086,44.456025000114956],[-88.017488000331781,44.455987000261459],[-88.017508000423263,44.455930999757264],[-88.017530999989475,44.455860000048503],[-88.017552999730782,44.455755999759255],[-88.017587999890878,44.455639000014031],[-88.017616000378297,44.455485999796132],[-88.01762700024895,44.455457999951747],[-88.017664000058872,44.455354999881955],[-88.017665999708683,44.455339000303034],[-88.017676999579351,44.455260000073629],[-88.017676999579351,44.455167999720445],[-88.017701999693699,44.455064000122455],[-88.01771900031045,44.454977999982027],[-88.017772999838812,44.454879000274943],[-88.017823000067523,44.454771999891143],[-88.017879000144035,44.45467800008133],[-88.017940000243385,44.454593999986898],[-88.018007000190551,44.454515000032046],[-88.018070999764646,44.45442400009771],[-88.018160000351415,44.454319999815944],[-88.018206000382179,44.454276000183548],[-88.018279000177117,44.454208999717814],[-88.01830599994129,44.454184999876787],[-88.018418999919191,44.454092999753719],[-88.018551000163654,44.453975999882658],[-88.018661999593434,44.453880000076488],[-88.018803999883659,44.453760999777053],[-88.018950000371831,44.453623000139224],[-88.019095000136787,44.453509000303939],[-88.019229999856009,44.453412000043826],[-88.01934399965883,44.453322999689966],[-88.019446999590983,44.453247000289032],[-88.019542999850444,44.453185999989643],[-88.019582000208516,44.453161000037696],[-88.019713999554682,44.45306799989185],[-88.0197510002629,44.453040999863106],[-88.01991299974631,44.452906000173485],[-88.01994200005862,44.452874000310544],[-88.019998000135132,44.452803000091201],[-88.020048000363829,44.452722000241273],[-88.020069000280245,44.452644999717691],[-88.020076999777842,44.45260799992969]]]},"properties":{"BASENAME":"Bellevue"}},{"type":"Feature","geometry":{"type":"MultiPolygon","coordinates":[[[[-88.195577000368758,44.590222999854653],[-88.195569999797755,44.58895200003392],[-88.195568999972835,44.588471000277139],[-88.195511000246526,44.588137000146048],[-88.195303999658961,44.587668999959284],[-88.195184999833273,44.587514000072915],[-88.195079000426389,44.587376000193586],[-88.194815999762326,44.587148999739682],[-88.194421999577031,44.586934999759748],[-88.193937000053452,44.586763999840308],[-88.193183999842958,44.58666000008477],[-88.193967000190682,44.586638000284893],[-88.194416999554164,44.586625000137524],[-88.194450999889355,44.586624000175277],[-88.194335000436709,44.586562999886738],[-88.1910260003921,44.584831999890454],[-88.190283000227367,44.584546999884488],[-88.190120000020741,44.58448499997651],[-88.189438999780265,44.584226000285632],[-88.180031000403545,44.580453999699117],[-88.177119999843882,44.579286000227448],[-88.17505000025659,44.578456000208419],[-88.174444000359188,44.57821299968596],[-88.172162000161464,44.57729800021994],[-88.172019000046333,44.577240000114671],[-88.171634999906786,44.577086000061939],[-88.170725000235748,44.576721000161157],[-88.170143999554384,44.576488000153681],[-88.169022999996187,44.576038000289373],[-88.168737999590803,44.575923999719699],[-88.166031999968894,44.574838000263703],[-88.165833999602171,44.574757999808099],[-88.164839000440651,44.574358999892027],[-88.164651000119676,44.574284000290177],[-88.16433200027744,44.574159000098916],[-88.163322000149009,44.573765999733453],[-88.162896000176644,44.573599999764753],[-88.162830000054399,44.573574000035123],[-88.162087999714558,44.573284999747344],[-88.161984999782405,44.573244999744944],[-88.161210999655509,44.572942999734607],[-88.160788999881106,44.572778999737309],[-88.159752999813406,44.572374999924982],[-88.156705999709615,44.571188000227437],[-88.156448999791678,44.571087999763748],[-88.156246000300385,44.571009000139817],[-88.154512000273769,44.570333000152679],[-88.15440599996856,44.570291999796588],[-88.149316999866571,44.568309000235942],[-88.146220000432393,44.567126000023599],[-88.14460000020857,44.566507000024174],[-88.144370000054806,44.566420000020521],[-88.141303999684439,44.565248000220258],[-88.141199000102461,44.565205999789164],[-88.140116000179077,44.56479500005026],[-88.13992200001033,44.564720999974128],[-88.138900000186311,44.56432999988585],[-88.138697999621627,44.564253000097253],[-88.138582000169009,44.564209000172326],[-88.135171999842058,44.562906000284812],[-88.133646000227884,44.562322999800259],[-88.13293900004814,44.562053000204962],[-88.132737000381766,44.561975999962769],[-88.132436999907796,44.561861000242459],[-88.131355999634252,44.561447999762429],[-88.131199999998643,44.561389000094614],[-88.131087999845647,44.56134599968064],[-88.130435000092575,44.561094000217793],[-88.130238000449097,44.561011999893083],[-88.129804999905716,44.560823000273373],[-88.128337000017879,44.560183999755345],[-88.128291999812035,44.560163999733021],[-88.127110999979351,44.559649999937385],[-88.126294000194747,44.559294000109652],[-88.126142999683708,44.559227999704447],[-88.125930999971601,44.559136000081502],[-88.122453999697512,44.557620999806232],[-88.122065000433395,44.557450999910145],[-88.122011000006722,44.557428000115756],[-88.121709999707832,44.557296999944505],[-88.120559000012406,44.556794999728957],[-88.1202700003074,44.556668999879854],[-88.119796999581069,44.556462999742074],[-88.117564999612071,44.555490999725173],[-88.117347999877069,44.555395999736987],[-88.113856000432705,44.553875000072729],[-88.11334900026948,44.553660000005372],[-88.11298600004632,44.553495000159351],[-88.11180500021365,44.552979999803647],[-88.111621999915542,44.552900999912751],[-88.110421999816296,44.552376000311803],[-88.102591000107381,44.549148999985228],[-88.100867999951404,44.548439000217783],[-88.100667000109951,44.548356000004155],[-88.100636999972707,44.548343000260772],[-88.100472999941189,44.548276000257005],[-88.099169000084871,44.547738000029753],[-88.097086999903695,44.546878999704305],[-88.097252999585038,44.546825000021315],[-88.097392000400546,44.546758000190856],[-88.097537999990394,44.546660000003698],[-88.097582000371332,44.546617000228821],[-88.097604999937545,44.546595000004189],[-88.097661000014028,44.546540000046363],[-88.097687999778231,44.546511999721965],[-88.097756000448612,44.546380999945946],[-88.097763999946196,44.546310000183588],[-88.09774600040285,44.546221000034592],[-88.09773399980898,44.546163000310202],[-88.09764000009767,44.545969999751676],[-88.097569999777448,44.545855999791272],[-88.09746400037055,44.545662000109104],[-88.097397000423399,44.545459000152093],[-88.097410999768812,44.545433000008657],[-88.097470000218351,44.545315000147617],[-88.097483999563735,44.545289999972724],[-88.097670000234871,44.54512700015696],[-88.097800999756132,44.545114999728305],[-88.098009000168602,44.545094000252625],[-88.098172000375214,44.545099999829205],[-88.09831700014017,44.545105000009386],[-88.09864600002814,44.545220000194178],[-88.098783000295498,44.545468999810154],[-88.098742000287601,44.545604999855193],[-88.098702000104637,44.545737000122273],[-88.098613000416179,44.546040999928735],[-88.098825000128286,44.546227000135211],[-88.099169000084871,44.546527999908996],[-88.099237999681847,44.546587999930956],[-88.099616999798513,44.546617000228821],[-88.099892999983055,44.546501000231061],[-88.100294999665948,44.546436000053966],[-88.100539999888341,44.546425999921787],[-88.100863999753443,44.546404000265142],[-88.101447999909553,44.546172999847379],[-88.101637000055419,44.546014000024918],[-88.101821000178447,44.545858999860464],[-88.102675999597878,44.545139999978346],[-88.102864999743758,44.544980999895252],[-88.103082000377057,44.544798999713969],[-88.1031500001491,44.54473400019733],[-88.103406000242146,44.544523999883907],[-88.104593999747507,44.543337999856803],[-88.1047469999084,44.543184000319023],[-88.104791000289325,44.543140999897233],[-88.104955000320857,44.543117000139375],[-88.104996000328725,44.543067999882702],[-88.105029999765605,44.543018000153211],[-88.105038999986448,44.542975000249058],[-88.105040999636273,44.542963000017046],[-88.105018999894952,44.54290999997631],[-88.105078000344491,44.542850000004897],[-88.105096999712757,44.542788999895834],[-88.10513900044387,44.542742000156601],[-88.105170000406019,44.54269699989387],[-88.105278000361054,44.542547999700595],[-88.105305999950147,44.542510999932972],[-88.105331999889401,44.54245900020247],[-88.105346999958016,44.5424069997853],[-88.105361000201725,44.54236600023625],[-88.105348999607841,44.542356000045174],[-88.105243000200957,44.542313000292339],[-88.105141000093681,44.542270999952152],[-88.101315999665047,44.540644000146635],[-88.099937000363994,44.540054999978281],[-88.097477999715949,44.53900799970905],[-88.097051999743599,44.538824999919562],[-88.097040000048011,44.538854999746015],[-88.097019000131624,44.538899000274611],[-88.096947999986511,44.539057999680921],[-88.096932000092991,44.539057000181309],[-88.096744999596922,44.539053000261937],[-88.096594999809113,44.539049999841943],[-88.096655999908464,44.538793999933254],[-88.096684000395868,44.538668000170148],[-88.096689000418749,44.538577999715116],[-88.096694000441616,44.538486000102132],[-88.096695000266536,44.538452000124892],[-88.096558999824097,44.538449000314252],[-88.096388999944779,44.538427000204237],[-88.096275000141958,44.538401000121745],[-88.096208000194807,44.538385999773368],[-88.096055000033942,44.538337000016952],[-88.095614999817883,44.538158000020672],[-88.09541300015151,44.538086000317719],[-88.09522900002851,44.538048000118465],[-88.095086999738285,44.538033000319402],[-88.09489400029274,44.538025999856934],[-88.094389999604275,44.538019000033934],[-88.094394999627156,44.537693999732682],[-88.094283000372485,44.537646000198428],[-88.093202999923818,44.5376340001486],[-88.093043000090262,44.537631999819908],[-88.092879999883635,44.537630000131422],[-88.092745000164427,44.537627999802602],[-88.092759000408122,44.537015000147157],[-88.092757999684906,44.536990999784948],[-88.092756999859986,44.536932999829247],[-88.092761999882853,44.536834999750745],[-88.092771999928615,44.536384999847087],[-88.091548000438223,44.536370999805662],[-88.091346999698459,44.536369000073918],[-88.091287000322325,44.536367999887858],[-88.090428999631513,44.536001000235864],[-88.090052999887888,44.535851000000122],[-88.090030000321676,44.535830999939471],[-88.089754999962054,44.535714000023496],[-88.089709999756209,44.535695000113435],[-88.089652000029901,44.535670000289805],[-88.089411999830375,44.535567999847856],[-88.089390999913974,44.53555899996978],[-88.088124999692496,44.535019000257712],[-88.088062999768212,44.534991999724433],[-88.088091000255631,44.534288999813462],[-88.086397000411964,44.534305000158128],[-88.084969999633671,44.534319000055895],[-88.08482700041688,44.534320000277155],[-88.084845999785117,44.53380499995643],[-88.084853000356134,44.533621999823787],[-88.084769999617151,44.533585999740502],[-88.084707999692853,44.533558999823541],[-88.084273000397999,44.533371000291766],[-88.084137999780467,44.533312999932186],[-88.083608999875963,44.533082000079979],[-88.083527999685103,44.533054999929348],[-88.08184399988717,44.5323329999623],[-88.081790000358822,44.532311000103071],[-88.081530999892721,44.532202000299407],[-88.081232000141995,44.532071999961381],[-88.081044999645925,44.531996000013557],[-88.080861000421237,44.531914000312526],[-88.080068999852656,44.53157600023237],[-88.079543000321195,44.531308000051489],[-88.077846999929406,44.530568999828219],[-88.076752000310464,44.530091000276542],[-88.076670000294683,44.530189999829254],[-88.076620000065972,44.530239999688121],[-88.075765999573136,44.531002999881679],[-88.074726000205786,44.53194399985729],[-88.074036999569373,44.532566999697409],[-88.074013000178255,44.532587000238692],[-88.073465000007161,44.534236000201219],[-88.073203999891248,44.534618000133278],[-88.072998000026914,44.534825999894146],[-88.072828000147638,44.535426000115365],[-88.072776000269073,44.535753000021607],[-88.072586000298287,44.536207999990715],[-88.072065999716301,44.536979000240457],[-88.069004000442206,44.541527000062679],[-88.066794000214514,44.544757999928812],[-88.064984999844825,44.544067000126383],[-88.062194999658971,44.543184999747751],[-88.057724999873201,44.541598999992488],[-88.057697000284094,44.54158499992419],[-88.056735999661143,44.541298999804269],[-88.056388000404908,44.541178999680305],[-88.056255000335526,44.541133000026079],[-88.056086000281127,44.541074999714326],[-88.054960999626616,44.540685999739701],[-88.053096999903673,44.54004200030198],[-88.053074000337446,44.540035000081041],[-88.052964999659181,44.539996999873161],[-88.052928999674165,44.540048999881762],[-88.050717999621568,44.543228000137049],[-88.048391999941217,44.546606000117542],[-88.048000000304071,44.547357999738139],[-88.047912000440519,44.547595999887598],[-88.047869999709405,44.54767799991275],[-88.047827999876617,44.547748999927109],[-88.04774199966289,44.547851000156818],[-88.047673000065913,44.547920999972554],[-88.047494999790686,44.548052000124002],[-88.047231000200057,44.548249000109458],[-88.046483999837335,44.549335999826539],[-88.046425000286106,44.549419999884961],[-88.045769000159964,44.550606000192566],[-88.045704999687558,44.550698999798335],[-88.045625000219928,44.550813999814316],[-88.045514999716772,44.550972999968756],[-88.044728999894289,44.552110000310947],[-88.044513999809141,44.552421000133968],[-88.043998000323427,44.553164999703959],[-88.043887999820257,44.553324999731679],[-88.043798000306879,44.553454000097886],[-88.043708999720096,44.553583000178101],[-88.043447999604197,44.553959999865356],[-88.04323500006717,44.554266000011303],[-88.043230999869223,44.55428100010888],[-88.043214999975703,44.554330999766094],[-88.043096000150015,44.554468999979704],[-88.041689000361515,44.556501999923597],[-88.040637000400295,44.558047000067639],[-88.040567000080088,44.558122000124364],[-88.040510000178671,44.558203000230606],[-88.039988999771765,44.558957000029565],[-88.03994199991611,44.558915999975895],[-88.039792000128273,44.559000000288975],[-88.039300999858597,44.559702000312448],[-88.038896999627568,44.55992499999067],[-88.037836000343802,44.560497000136742],[-88.037151999730284,44.560761999797748],[-88.036120999685423,44.560919000126454],[-88.03220300026868,44.563191999847689],[-88.031434999989557,44.563245999705835],[-88.030803000152915,44.563291999806175],[-88.028903000444913,44.563491999847535],[-88.025703000180243,44.562591999687072],[-88.024602999640123,44.560892000083768],[-88.023102999965232,44.561092000055147],[-88.021702999849438,44.561892000105928],[-88.019603000124917,44.560592000117765],[-87.991202999572707,44.560391999707754],[-87.977603000244542,44.560391999707754],[-87.980801999785967,44.565453999975553],[-87.997897999654811,44.592500000208503],[-88.015382999686068,44.592114000060803],[-88.015395000279952,44.592139999816517],[-88.015412999823297,44.592178999748086],[-88.015543000417949,44.592218000293258],[-88.01557600002991,44.592162000092785],[-88.016383999593671,44.592138000081754],[-88.016659999778213,44.592130999730145],[-88.018747999807161,44.592079000199043],[-88.021861000033198,44.591998999796196],[-88.024554999959562,44.591929999784107],[-88.025723000271753,44.591900999680419],[-88.031721000219832,44.591754999710581],[-88.032420000003654,44.591737999931269],[-88.033698999745624,44.591702999843058],[-88.034552000413555,44.591679000282198],[-88.035744999941784,44.591645999910227],[-88.038648999930444,44.591566000190809],[-88.045611999801139,44.591392000180889],[-88.047025000335722,44.591357999765151],[-88.048498000246454,44.591323000087876],[-88.048833999807101,44.591317000159364],[-88.050258000212338,44.59130100013369],[-88.051753999689282,44.591285999985722],[-88.056748000255027,44.591231999932631],[-88.059141999707421,44.591200999713649],[-88.062379999606904,44.59115699970463],[-88.065984000102617,44.591108000236915],[-88.068976999779721,44.591067999700805],[-88.072255999687087,44.591021999817933],[-88.074692999695515,44.590991000126671],[-88.077938000166,44.590953999813152],[-88.078514999751093,44.590948999734408],[-88.079216000083065,44.590944000294925],[-88.081259999731088,44.590918999892544],[-88.084337999797015,44.590882000172925],[-88.083952999832533,44.592259999768451],[-88.083632000340486,44.593491999871461],[-88.083382000095227,44.594453000109269],[-88.083336000064477,44.594630000023571],[-88.084663000385333,44.594623999796823],[-88.088037999653864,44.5945719999376],[-88.088754000054436,44.594560999936824],[-88.088879999552816,44.594559000285372],[-88.088871000230299,44.593876999984928],[-88.088850000313911,44.592338000084183],[-88.088841999917989,44.592064000251867],[-88.088851000138831,44.590849999877712],[-88.094510999978112,44.590753000274603],[-88.09907100017557,44.590660999973814],[-88.107332000054825,44.590643999874452],[-88.10939499996941,44.590613999875202],[-88.113037000099965,44.590550000251469],[-88.115782999904852,44.590503000063094],[-88.119702000044811,44.590422000152927],[-88.124781999925972,44.590344999722902],[-88.129761000423116,44.590262999692889],[-88.13270200022167,44.590091999967974],[-88.132873999750814,44.590107999686744],[-88.132976999682981,44.590111000033325],[-88.133278999806762,44.590096000217926],[-88.139993000155442,44.589769999733903],[-88.143684999616369,44.589544000224762],[-88.149035999659176,44.589217999843335],[-88.150087999620411,44.589153999961908],[-88.150181000405141,44.592782999891142],[-88.152697999881198,44.59262400013283],[-88.155216999905377,44.592464999939516],[-88.155257999913246,44.59463600024975],[-88.155284999677434,44.596096999780094],[-88.16029799961143,44.595783999714939],[-88.16025499995375,44.592146000299785],[-88.160229000014468,44.589900999706622],[-88.160213000120947,44.588509000181958],[-88.161316999960718,44.588437000071892],[-88.161640999825821,44.58843299970772],[-88.162353999853337,44.588404999709986],[-88.162753999886434,44.588384999794762],[-88.170238000164048,44.587888000138484],[-88.176518999969346,44.587567999741793],[-88.176529000015094,44.587783999834926],[-88.176937000444099,44.587656000042486],[-88.177076000361254,44.587614999744453],[-88.177141999585203,44.587595000197169],[-88.17719500018697,44.587582000263829],[-88.177369000264221,44.587538000074069],[-88.177442999884065,44.587520999701077],[-88.178274999737297,44.587479000000059],[-88.180330000154271,44.587352000125492],[-88.190464999802231,44.586798999703909],[-88.19203999982021,44.586693000088879],[-88.193053000321697,44.58666399993119],[-88.193065999842176,44.587295999714812],[-88.192326999875377,44.587336000287848],[-88.192335000271299,44.589020999743049],[-88.190386000159535,44.589076999771279],[-88.190410000448964,44.589647000027938],[-88.190413999748614,44.589718000009618],[-88.190428999817215,44.590387999809458],[-88.192054000063905,44.590335999998345],[-88.193654000196247,44.590284000140656],[-88.193777000219882,44.590279999903643],[-88.195154999696044,44.590234999936989],[-88.195364999758326,44.590227999995903],[-88.195577000368758,44.590222999854653]],[[-88.160099000318127,44.588607000259522],[-88.160105999990819,44.589272999765093],[-88.158956000120298,44.589346999949953],[-88.158947999724376,44.58865799977103],[-88.158935000203897,44.58859000019919],[-88.159782999950636,44.588536000200229],[-88.160095999945071,44.588515999690316],[-88.160099000318127,44.588607000259522]]],[[[-88.176544999908614,44.59117400029362],[-88.176544000083709,44.589264999791332],[-88.175533000130343,44.589265999708147],[-88.175533000130343,44.589180999680572],[-88.175277000037312,44.589207000108658],[-88.174454000404921,44.589293000014521],[-88.174137000212525,44.589310999785333],[-88.172743999769423,44.589389000220379],[-88.172743999769423,44.589294999847176],[-88.172758999838038,44.589162999869536],[-88.171791000440692,44.589539999936818],[-88.171851999641746,44.589618999975279],[-88.172752999990266,44.589569999850681],[-88.17275100034044,44.591386000259504],[-88.175277999862217,44.591244999689366],[-88.176544999908614,44.59117400029362]]]]},"properties":{"BASENAME":"Howard"}},{"type":"Feature","geometry":{"type":"Polygon","coordinates":[[[-88.131181999556972,44.676927999921681],[-88.131165999663452,44.669661000018777],[-88.131163000188721,44.668885000077523],[-88.131157000340934,44.666115000175175],[-88.131157000340934,44.666055000179547],[-88.131155999617704,44.666026999904751],[-88.131114999609821,44.662829999762117],[-88.131116000333051,44.662809999914934],[-88.131175999709185,44.660783999840277],[-88.131103999739167,44.655776999876352],[-88.13109500041665,44.655106000190756],[-88.13109399969342,44.654833000010804],[-88.131085000370916,44.654263999802446],[-88.131070000302302,44.653512999830205],[-88.131060000256568,44.652632999845935],[-88.131059000431634,44.652577999842883],[-88.131051000035725,44.652011000105674],[-88.131044000363019,44.651598999880328],[-88.130989999936347,44.648025000190849],[-88.130840000148538,44.643452999898344],[-88.130814000209256,44.642708999920451],[-88.130795999767614,44.642415999697896],[-88.130695000383568,44.639925999903141],[-88.130680000314953,44.639539999761531],[-88.130687999812565,44.638871999890746],[-88.130666999896164,44.638252000301989],[-88.130538000024742,44.634273999871432],[-88.130522000131208,44.633772999808883],[-88.130456999833868,44.630160000138538],[-88.130410999803118,44.628150000054319],[-88.130352000251889,44.623899000206428],[-88.13033999965802,44.623152000214191],[-88.130312999893832,44.621517000167664],[-88.130297000000311,44.619249999853686],[-88.130255999992428,44.616697000180892],[-88.130215999809465,44.612057999682278],[-88.130172000326837,44.610351000129292],[-88.130167000303956,44.609343999897867],[-88.130148000037394,44.608436000237418],[-88.130117999900179,44.60672000001184],[-88.130102999831564,44.605940999990565],[-88.130049000303202,44.602102999849855],[-88.130045999930147,44.601527000081759],[-88.129998000249557,44.598179000023386],[-88.12999300022669,44.597559000092041],[-88.129989999853649,44.596422000162399],[-88.12994800002086,44.595687999837409],[-88.129921000256672,44.591055999790505],[-88.129761000423116,44.590262999692889],[-88.124781999925972,44.590344999722902],[-88.119702000044811,44.590422000152927],[-88.115782999904852,44.590503000063094],[-88.113037000099965,44.590550000251469],[-88.10939499996941,44.590613999875202],[-88.107332000054825,44.590643999874452],[-88.09907100017557,44.590660999973814],[-88.094510999978112,44.590753000274603],[-88.088851000138831,44.590849999877712],[-88.088841999917989,44.592064000251867],[-88.088850000313911,44.592338000084183],[-88.088871000230299,44.593876999984928],[-88.088879999552816,44.594559000285372],[-88.088754000054436,44.594560999936824],[-88.088037999653864,44.5945719999376],[-88.084663000385333,44.594623999796823],[-88.083336000064477,44.594630000023571],[-88.083382000095227,44.594453000109269],[-88.083632000340486,44.593491999871461],[-88.083952999832533,44.592259999768451],[-88.084337999797015,44.590882000172925],[-88.081259999731088,44.590918999892544],[-88.079216000083065,44.590944000294925],[-88.078514999751093,44.590948999734408],[-88.077938000166,44.590953999813152],[-88.074692999695515,44.590991000126671],[-88.072255999687087,44.591021999817933],[-88.068976999779721,44.591067999700805],[-88.065984000102617,44.591108000236915],[-88.062379999606904,44.59115699970463],[-88.059141999707421,44.591200999713649],[-88.056748000255027,44.591231999932631],[-88.051753999689282,44.591285999985722],[-88.050258000212338,44.59130100013369],[-88.048833999807101,44.591317000159364],[-88.048498000246454,44.591323000087876],[-88.047025000335722,44.591357999765151],[-88.045611999801139,44.591392000180889],[-88.038648999930444,44.591566000190809],[-88.035744999941784,44.591645999910227],[-88.034552000413555,44.591679000282198],[-88.033698999745624,44.591702999843058],[-88.032420000003654,44.591737999931269],[-88.031721000219832,44.591754999710581],[-88.025723000271753,44.591900999680419],[-88.024554999959562,44.591929999784107],[-88.021861000033198,44.591998999796196],[-88.018747999807161,44.592079000199043],[-88.016659999778213,44.592130999730145],[-88.016383999593671,44.592138000081754],[-88.01557600002991,44.592162000092785],[-88.015543000417949,44.592218000293258],[-88.015412999823297,44.592178999748086],[-88.015395000279952,44.592139999816517],[-88.015382999686068,44.592114000060803],[-87.997897999654811,44.592500000208503],[-87.980801999785967,44.565453999975553],[-87.977603000244542,44.560391999707754],[-87.962602000077368,44.561092000055147],[-87.943192000223775,44.562016000034781],[-87.943198000071547,44.624992000095148],[-87.943018999971414,44.624992000095148],[-87.943122999728473,44.62769499984249],[-87.943174999607024,44.627745000314157],[-87.943238000254524,44.630332000055091],[-87.943543999677956,44.642780000246852],[-87.943902999703155,44.662345999863113],[-87.944286000017811,44.678133000147959],[-87.944614000080861,44.678129999877413],[-87.976256999657124,44.677749999697944],[-87.980876000304136,44.677694999885738],[-87.983519000176869,44.677663000156819],[-87.986866999681226,44.677622999832067],[-87.98742999992092,44.677616000203535],[-87.987944999581728,44.677610000247519],[-87.988336000292293,44.677604999964345],[-87.988525000438187,44.677602999978681],[-87.990604000246307,44.67757900014557],[-87.993746999711234,44.67754200006393],[-87.994299999905209,44.677597999694903],[-87.995099999971373,44.677679999695656],[-87.995181000162219,44.677679000023488],[-87.995212999949274,44.677677999712579],[-87.99907400036291,44.677655000221861],[-88.009167000178081,44.67759300004942],[-88.01530900006621,44.677561000264177],[-88.01932699994039,44.677546999713812],[-88.019350000404913,44.677546000039356],[-88.021141000332975,44.677540000076092],[-88.024564000180376,44.67752099986896],[-88.024708000120427,44.677520000194107],[-88.024770000044711,44.677520000194107],[-88.024851000235572,44.677520000194107],[-88.025035000358585,44.677518999880448],[-88.025271000360121,44.677518000205509],[-88.027188999611454,44.677506999947717],[-88.029530000258717,44.677500000305216],[-88.0296630003281,44.677500000305216],[-88.034492999964002,44.6774850000646],[-88.034671000239243,44.677483999750336],[-88.036930999797349,44.677477000105007],[-88.037765000198675,44.677473999800547],[-88.039300999858597,44.677473000124827],[-88.042275999992356,44.677455999886526],[-88.043523999772177,44.67744799992294],[-88.044553999992118,44.677443000264567],[-88.044923000063051,44.677441000273305],[-88.046328000201711,44.677433000307651],[-88.047569000308854,44.67742499970214],[-88.048770000232992,44.677416000057619],[-88.048944000310271,44.677414999742169],[-88.049111999641454,44.677414000065433],[-88.050187999892145,44.677406999772913],[-88.050358999596355,44.677406999772913],[-88.050404999627119,44.677406999772913],[-88.050493000388983,44.677406999772913],[-88.050536000046677,44.677406999772913],[-88.05152799973348,44.677426999693942],[-88.05170000016092,44.677426000017427],[-88.051868000390414,44.67742499970214],[-88.053457999578697,44.677418999726356],[-88.054158000085735,44.677416000057619],[-88.056338000176197,44.677406999772913],[-88.061869999968962,44.677392000147002],[-88.061951000159823,44.677392000147002],[-88.062245999712616,44.677390999831132],[-88.062690000126622,44.677390000154041],[-88.062971000334016,44.677390000154041],[-88.067188000399824,44.677388000160953],[-88.067564000143449,44.677388000160953],[-88.068847999908272,44.677386999845019],[-88.070376000070581,44.677382999858615],[-88.070463999934134,44.677382999858615],[-88.076179000025007,44.677370000220222],[-88.080478000106567,44.677267000132588],[-88.080615000373939,44.6772639998172],[-88.08072900017676,44.67726100014044],[-88.080811000192512,44.677259999822304],[-88.082860999688307,44.67724300016026],[-88.082914000290074,44.67724300016026],[-88.085557000162837,44.677219999858089],[-88.090767999565244,44.677175999865575],[-88.094773999743822,44.677141999848466],[-88.095059999974097,44.67713900016539],[-88.105716999853868,44.677012000237873],[-88.108425000023942,44.676980000131771],[-88.11092399995664,44.676984000146042],[-88.111073999744477,44.676984000146042],[-88.114002000022552,44.676988999844006],[-88.116222000295991,44.67699299985761],[-88.122850000430944,44.676954999717182],[-88.125987000048099,44.676937000280738],[-88.127382999965917,44.676937000280738],[-88.131181999556972,44.676927999921681]]]},"properties":{"BASENAME":"Suamico"}},{"type":"Feature","geometry":{"type":"Polygon","coordinates":[[[-88.191431000448063,44.391642000192398],[-88.191432000272982,44.391586000281976],[-88.189490999658801,44.393244000270435],[-88.186299999614974,44.395971999761336],[-88.184640999931418,44.397390999817681],[-88.183352000143699,44.398492000289863],[-88.181488000420742,44.400085999967281],[-88.180686999631334,44.400769999783122],[-88.181365000397079,44.401146999689985],[-88.181475000001953,44.40121300009627],[-88.177047000048944,44.405499000186879],[-88.174179000045314,44.408389999688573],[-88.174112999923082,44.408342000213551],[-88.170899000313028,44.411449999945937],[-88.170535000264948,44.411802000005594],[-88.169776000206681,44.412534999827635],[-88.169340000188583,44.412956000262277],[-88.168177999724165,44.414078000268042],[-88.166976999800013,44.41523899969782],[-88.165514999759949,44.416658999881911],[-88.160528999590113,44.421509000217753],[-88.158664999867142,44.423311000075572],[-88.157443999851495,44.424511000318489],[-88.155725999718399,44.426163999943505],[-88.153538000130325,44.428303000278675],[-88.152760999630388,44.429060999834896],[-88.151758999897865,44.430042000220489],[-88.150723999655042,44.431033000229334],[-88.15022800026081,44.431073999845083],[-88.149781000372073,44.430972999894955],[-88.149515000233293,44.430861999691288],[-88.1475510000529,44.429819999914983],[-88.147457000341561,44.429775999789008],[-88.14731300040151,44.429728999996904],[-88.147159000415741,44.429700999993607],[-88.146973999569482,44.429692999898535],[-88.140132000072612,44.438067000200903],[-88.137644000010567,44.438074999791056],[-88.137643000185662,44.438093000147752],[-88.137613999873338,44.438567000061923],[-88.137608999850457,44.438656999749291],[-88.137608999850457,44.438675999865083],[-88.137033000090284,44.438674999926654],[-88.135970000258411,44.438673000049775],[-88.135812000074651,44.438673999988247],[-88.135689000050988,44.439040999979241],[-88.13560399966218,44.439236999825326],[-88.135529000217446,44.439409000156502],[-88.135253000032904,44.439968000301548],[-88.134244999554284,44.441708000014614],[-88.133956999674197,44.442218000206118],[-88.133590000151386,44.442818000126493],[-88.133214000407747,44.443487999884859],[-88.133099999706616,44.443771000152815],[-88.133010000193238,44.444063000231878],[-88.132944999895926,44.444362000304984],[-88.132904999712949,44.444696000151389],[-88.132882000146722,44.445399999951796],[-88.1327819996893,44.446303000191811],[-88.132701000396779,44.446653999683697],[-88.132468999694851,44.44707700028119],[-88.132323000104989,44.447341999769556],[-88.131865000345584,44.447929999725439],[-88.131400999840082,44.448448999974055],[-88.129460000124226,44.450664000020744],[-88.127868000387821,44.452483000108458],[-88.12476100000957,44.456057000174894],[-88.123894999821189,44.457043999704013],[-88.123528000298364,44.457463999941474],[-88.121647999783562,44.459551999953554],[-88.121537000353797,44.459675999811473],[-88.121934000013823,44.459716000267917],[-88.122124999809529,44.459730000132666],[-88.124222000059333,44.459736000165279],[-88.127138999568459,44.459742999775052],[-88.12920400003118,44.4597229998801],[-88.129840000065812,44.459716999846201],[-88.129829000195159,44.4607239999022],[-88.129819999974345,44.461985000157668],[-88.129815999776383,44.462596999750886],[-88.129808000278757,44.463719999803921],[-88.129349999621056,44.463719000294169],[-88.128812000394021,44.463716999992407],[-88.128716999959451,44.463716999992407],[-88.127524000431222,44.463711999878797],[-88.127130000245927,44.46371000021793],[-88.124739000268264,44.46370100014024],[-88.124605000373961,44.463699999989025],[-88.124605000373961,44.463800000277075],[-88.124600000351109,44.464592999951655],[-88.12458799975721,44.464687999962237],[-88.124552999597114,44.464780000061282],[-88.124386999915757,44.46502799974553],[-88.124500999718578,44.465076000121087],[-88.124797999819506,44.465173000238657],[-88.128270999895634,44.466389999801343],[-88.128121999932716,44.466606000307941],[-88.127700000158313,44.467412000188133],[-88.126703000448671,44.468908999936815],[-88.126489000188414,44.46902099971598],[-88.126355000294112,44.469203000100748],[-88.125716999711344,44.470159999922423],[-88.125677000426677,44.470218000320337],[-88.125669999855688,44.470271999865261],[-88.125633999870686,44.47057699994221],[-88.125971999979484,44.47057699994221],[-88.12659100029569,44.47057699994221],[-88.126608000014116,44.470580000042268],[-88.126609999663941,44.470696999976987],[-88.126582999899767,44.474191000309006],[-88.124812000063216,44.474191000309006],[-88.124684999841591,44.474191000309006],[-88.124637000161016,44.474191000309006],[-88.12464700020675,44.474679999680845],[-88.124669999772976,44.474820000111123],[-88.124659999727243,44.475182000133593],[-88.124677000343993,44.47596099984375],[-88.124684000016686,44.476282999864878],[-88.124688000214647,44.476512999982489],[-88.123597999720261,44.4764080000134],[-88.123590000222649,44.476134000296952],[-88.123560999910325,44.476128000026726],[-88.123539000169018,44.476120999817574],[-88.123528000298364,44.476115000187001],[-88.123497000336215,44.476099999825976],[-88.123472000221867,44.47639600016975],[-88.122774000262964,44.476416000121453],[-88.122134999855277,44.476435000133399],[-88.122195999954656,44.476870000130752],[-88.122323000176252,44.477789000098603],[-88.1206939997316,44.477789000098603],[-88.120764000051793,44.474191000309006],[-88.119630000074807,44.474193000251852],[-88.109517000168168,44.474193000251852],[-88.109487000030924,44.47782500004476],[-88.107997000401767,44.477835999685631],[-88.107886000073691,44.477837000235553],[-88.107877999677768,44.47913600020442],[-88.107933999754252,44.47913600020442],[-88.109477999810096,44.47913000024289],[-88.109477999810096,44.479214000288735],[-88.109476000160271,44.479660000017162],[-88.109471000137404,44.480576999902723],[-88.109471000137404,44.480678999839405],[-88.109471999962309,44.481419000060079],[-88.10927000029595,44.481419000060079],[-88.109230999937893,44.481419000060079],[-88.109206999648435,44.481419999907679],[-88.109150999571952,44.481432000000005],[-88.10912499963267,44.481437999724776],[-88.109101000241552,44.481444000089859],[-88.109040999967107,44.481453999842387],[-88.108995999761248,44.481465999927721],[-88.108952000278634,44.481498000143205],[-88.108948000080673,44.48154300025638],[-88.1089360003851,44.481573000098841],[-88.108934999661884,44.48159199971338],[-88.108934999661884,44.48160299992589],[-88.1089360003851,44.481632999737556],[-88.108933999836964,44.48166199969036],[-88.108922000141391,44.481717000025377],[-88.108917999943429,44.481740000243335],[-88.108906000247885,44.48179899986922],[-88.108897999851962,44.481822000054848],[-88.108895000377217,44.481850000073507],[-88.108892999829095,44.481879999758107],[-88.108892000004175,44.48191599974389],[-88.108892999829095,44.481942000040227],[-88.108896000202137,44.481981000142582],[-88.108898999676867,44.482009999922404],[-88.108901000225003,44.482044999991096],[-88.108898999676867,44.482063000256296],[-88.108897000027042,44.482103999949473],[-88.108911000270737,44.482157000197965],[-88.108913999745482,44.482189000034445],[-88.108912000095657,44.482203000277849],[-88.108917999943429,44.482231999947317],[-88.10892399979123,44.482243000039162],[-88.108933999836964,44.482265000216707],[-88.108917000118538,44.482290999716589],[-88.108888999631134,44.48231299987598],[-88.108882999783333,44.48233299972236],[-88.108881000133522,44.482342000131716],[-88.108893999654001,44.482379000304405],[-88.108905000422965,44.48239800029738],[-88.108912000095657,44.482411999849703],[-88.10892499961615,44.482434999793675],[-88.108926000339352,44.48247299973692],[-88.108902999874829,44.482515000252647],[-88.108866000064907,44.482582000280175],[-88.108872999737599,44.48260999993412],[-88.108878999585386,44.482623000249539],[-88.108891000179256,44.482639999868859],[-88.108898999676867,44.482654999830466],[-88.108906000247885,44.482679000145531],[-88.108906000247885,44.482710999695684],[-88.108900000400098,44.482735999812753],[-88.108897000027042,44.482745999984758],[-88.108892000004175,44.482756000155042],[-88.108881999958427,44.482783999725442],[-88.108878999585386,44.482800000114842],[-88.108880000308602,44.48281299974704],[-88.108882999783333,44.482837999820347],[-88.108887999806214,44.482851999908007],[-88.108891000179256,44.482883000181744],[-88.108887999806214,44.482894000150836],[-88.108876999935561,44.482930999973483],[-88.108872999737599,44.482955000175004],[-88.108871999912679,44.482985999753083],[-88.108865000239987,44.483019000236837],[-88.108847999623237,44.483051000241474],[-88.108820000034157,44.483062999998324],[-88.108804000140623,44.483069000196288],[-88.108792000445064,44.483073000114281],[-88.108775999653233,44.483074999752709],[-88.108736000368566,44.483076000212797],[-88.108669000421415,44.483076000212797],[-88.108625999865382,44.483073000114281],[-88.10860800032205,44.483070999834858],[-88.108574999811779,44.48307200029501],[-88.10856099956807,44.483070999834858],[-88.108548999872497,44.48306699991673],[-88.10852600030627,44.483059999899091],[-88.108515000435617,44.483055000160697],[-88.108455999986077,44.483044000221923],[-88.108428000396984,44.483042999761281],[-88.108414999978194,44.483042999761281],[-88.108393000236887,44.483040000301941],[-88.108344999658001,44.483031999820248],[-88.108328999764467,44.482995000061649],[-88.108343000008162,44.482977000084006],[-88.108351000404085,44.48296500030947],[-88.108357000251885,44.482952999891531],[-88.108326000289736,44.482930999973483],[-88.108293999604371,44.482933000257702],[-88.108266000015277,44.48293599972255],[-88.108234000228222,44.482941000112056],[-88.108213000311835,44.482963000026338],[-88.108216999611471,44.482995000061649],[-88.108238000426184,44.483027000079453],[-88.10824400027397,44.48303499992091],[-88.108247999573607,44.483046999681051],[-88.108254000319732,44.483069000196288],[-88.108255000144624,44.483084999866598],[-88.108255999969543,44.483098000076168],[-88.108256999794449,44.483109999823355],[-88.108259000342585,44.483120999749687],[-88.10826099999241,44.483133000133066],[-88.108266000015277,44.483162999798857],[-88.1082740004112,44.483183999812127],[-88.108276999885945,44.483194999724454],[-88.108272999687983,44.483231000180581],[-88.108265000190357,44.483259999979985],[-88.108238000426184,44.483287000133828],[-88.108215999786566,44.483284999861738],[-88.108194000045245,44.483286000318266],[-88.108170999580722,44.483287999949411],[-88.108151000387565,44.483288999764966],[-88.108123999725066,44.483286000318266],[-88.108101999983759,44.483262000252928],[-88.108108999656451,44.483214999909386],[-88.108084000440414,44.483197999816745],[-88.108044000257436,44.483200999908846],[-88.107999000051592,44.483224000182673],[-88.107984999807897,44.483242000084104],[-88.107977000310285,44.483269000246274],[-88.107973999937229,44.483280000142635],[-88.107973000112324,44.483291000036864],[-88.107969999739268,44.483309999732839],[-88.107969999739268,44.483321000262329],[-88.107985999632788,44.483349000202516],[-88.108030999838647,44.483339000133881],[-88.108065999998743,44.483330999693187],[-88.108080000242452,44.483330999693187],[-88.108098999610689,44.483332000148884],[-88.108126000273202,44.483336000048837],[-88.108148999839415,44.483340999763193],[-88.108173000128858,44.483353000101317],[-88.108178000151739,44.483361999712344],[-88.108178999976644,44.483380000212108],[-88.108157000235337,44.483412000018689],[-88.108107999831532,44.483433999755356],[-88.10807100002161,44.483440999728117],[-88.108015999770032,44.483449999966481],[-88.107978000135191,44.483462000282181],[-88.107912999837865,44.483473000142141],[-88.107826999624137,44.483480000110184],[-88.107767000248003,44.483487999889526],[-88.107721000217254,44.483496000308691],[-88.107701999950677,44.4835059997095],[-88.107662999592606,44.48352899986309],[-88.107646999699085,44.483544000236982],[-88.107630999805565,44.483558999966156],[-88.107623000307939,44.483572999880799],[-88.107602000391552,44.483586999792081],[-88.107583000124976,44.48359500019766],[-88.107547999964893,44.483606000032502],[-88.107521000200705,44.483612999984629],[-88.107495000261423,44.483619999935904],[-88.107485000215689,44.483626000076534],[-88.107466999774033,44.483629000146664],[-88.107460000101327,44.483637999715157],[-88.107465000124208,44.483656999938987],[-88.107486999865515,44.483714999740705],[-88.107496999911248,44.483743000132662],[-88.107549999614704,44.483886000024974],[-88.107571000429417,44.483941000186057],[-88.10759900001851,44.484019000255635],[-88.107593999995629,44.484075999895403],[-88.107571000429417,44.484118999699277],[-88.107418000268538,44.484343000266378],[-88.10728100000118,44.484542999794122],[-88.106969999656584,44.484994999802744],[-88.106844000158191,44.485176999719009],[-88.106803999975213,44.485235999714362],[-88.106660999860082,44.485442999758348],[-88.106598000110893,44.485534999826953],[-88.106690000172406,44.485566999733237],[-88.106767000165291,44.485592999684172],[-88.106814000020961,44.485617000072338],[-88.109639000366897,44.486599000276151],[-88.115490000001898,44.488659000244546],[-88.117382000212274,44.488652999980694],[-88.117458000380253,44.488652999980694],[-88.117535000373138,44.488652999980694],[-88.117743999712189,44.488652999980694],[-88.118002000353385,44.488652000257062],[-88.119590999716735,44.488648999804447],[-88.123097000303133,44.488643000180424],[-88.129713999669121,44.488629999924839],[-88.129713999669121,44.488789000041969],[-88.129712999844216,44.491018000078093],[-88.12978700036237,44.492689000211463],[-88.129803000255905,44.492890000251705],[-88.129702999798468,44.493189999864768],[-88.129696999950681,44.493592999923493],[-88.134808999618897,44.49535500031562],[-88.137623000094166,44.496330999853228],[-88.142432999638586,44.497999999844524],[-88.145991999928441,44.499164999832125],[-88.149863000387839,44.500550000069019],[-88.149868000410692,44.500790000265262],[-88.149879000281359,44.501328999990896],[-88.148445999655294,44.501338000032014],[-88.148445999655294,44.501655000236937],[-88.148442000355644,44.501760999755213],[-88.148442000355644,44.501800000061372],[-88.148442000355644,44.50181000016854],[-88.148442000355644,44.501839999838978],[-88.1456720002613,44.500885999810826],[-88.140301999951916,44.499032999723532],[-88.139825999750855,44.499039000200966],[-88.138401000419037,44.499114000029458],[-88.137857000445905,44.499129000239883],[-88.137830999608312,44.502219999881625],[-88.13588200039483,44.502227000162677],[-88.13587099962588,44.502497999962628],[-88.135827000143266,44.505807000073482],[-88.139784999742972,44.505865999700859],[-88.139829000123896,44.506945999713004],[-88.139871999781619,44.507681000281671],[-88.139953999797385,44.50942100015677],[-88.139774999697238,44.512972999830097],[-88.139772000222493,44.513042999939287],[-88.139856999713004,44.516399000266929],[-88.139861999735857,44.516599999921269],[-88.139862999560776,44.516669000273701],[-88.139845000017445,44.517516000133689],[-88.139790999590758,44.519682000247386],[-88.139803000184642,44.523490000043331],[-88.139804000009548,44.523859999681676],[-88.139763999826584,44.523859999681676],[-88.139132999814819,44.523855000238861],[-88.138045999693475,44.5238479999934],[-88.137129000349759,44.523842000148349],[-88.136940000203879,44.523840999747101],[-88.136638999904989,44.523839999986343],[-88.134761999763228,44.523831999978192],[-88.133125999645884,44.523821999806373],[-88.129924999556323,44.52379499984616],[-88.129828000370267,44.523965000051113],[-88.129766000445983,44.524134000004267],[-88.129742999981445,44.524293000016606],[-88.129739999608404,44.52447300011108],[-88.129731000285872,44.525063999819267],[-88.12972600026302,44.52540300027816],[-88.12972299988995,44.526386999804664],[-88.129718999692003,44.527979999948386],[-88.129718999692003,44.528084999936219],[-88.129718999692003,44.528099999736021],[-88.129718999692003,44.528113000157155],[-88.129718999692003,44.528134999680894],[-88.129712000019296,44.530867999947453],[-88.129738999783484,44.532316000100927],[-88.129748999829232,44.532841000047611],[-88.129758000050046,44.533333000217269],[-88.129671000011427,44.533376000198608],[-88.129522000048496,44.533495000160052],[-88.129264000305639,44.533566999776546],[-88.129205999681005,44.533583000319588],[-88.12867000010381,44.533842000133795],[-88.128419999858551,44.533915999777705],[-88.127904000372837,44.534239000228865],[-88.127504000339755,44.534357999707566],[-88.127449000088163,44.534358999928152],[-88.127122999674924,44.534371000012584],[-88.126813000053531,44.534282999763128],[-88.126827000297226,44.534196999827444],[-88.126848000213627,44.534067000100592],[-88.1268540000614,44.534033999690287],[-88.126849000038547,44.53399499982158],[-88.126840999642624,44.533926000137733],[-88.126833999969918,44.533865000284159],[-88.126926000031432,44.533775000089562],[-88.127020999567677,44.533684000164079],[-88.127042000382389,44.533432000022415],[-88.126920000183645,44.533292000041705],[-88.126717999618975,44.533056000172323],[-88.126647000372174,44.532873999853258],[-88.126557999785391,44.532834999848092],[-88.126147999706575,44.532880000048756],[-88.125976000177445,44.532902999938685],[-88.125935999994468,44.532938000199152],[-88.125870999697142,44.532993999803807],[-88.125812000145899,44.53304500006012],[-88.12579899972711,44.533064999796871],[-88.125750000221629,44.533136999944936],[-88.125715000061533,44.533189999917049],[-88.125629999672725,44.53323400024388],[-88.125549000380175,44.533277000298263],[-88.125540000159347,44.53330300010726],[-88.125462000341543,44.533322000157391],[-88.125269999822606,44.533406000271015],[-88.125103000316344,44.533585999740502],[-88.124893000254062,44.533687999811953],[-88.12487200033766,44.533698999802702],[-88.124470999581348,44.533836000037418],[-88.124051000355095,44.533968999681171],[-88.123432999863809,44.53411000018027],[-88.123013999564165,44.534205999916026],[-88.122635000345781,44.534222000283492],[-88.122117000311917,44.534244000061186],[-88.121805000142402,44.534239000228865],[-88.121627999692066,44.534222000283492],[-88.121555999722048,44.534215000003215],[-88.121518000087221,44.534190000184516],[-88.121425000200787,44.534127000158378],[-88.121426000025721,44.534165999938622],[-88.121446999942094,44.534660000231071],[-88.121455000338031,44.534887000021804],[-88.121462999835643,44.535113000000713],[-88.12162400039243,44.535111999793081],[-88.121729999799328,44.535111999793081],[-88.121766999609235,44.535111999793081],[-88.123042000051555,44.53510400005235],[-88.123160000052337,44.538284999759988],[-88.122187999558719,44.538287000066241],[-88.122211000023242,44.539135000155511],[-88.122283999818194,44.541627000118986],[-88.12151399988926,44.541986000090411],[-88.121108999833311,44.542147000203997],[-88.120641999853063,44.542321999766735],[-88.120225999926461,44.54245900020247],[-88.119737000204935,44.542604000307833],[-88.119240999912378,44.542729999876514],[-88.118614999923466,44.542862999694499],[-88.118028000292654,44.54296099987139],[-88.11741499982422,44.543037000234762],[-88.116762999896068,44.543090000159843],[-88.115961000180079,44.543114999999055],[-88.115064999854454,44.543092999731364],[-88.114263000138465,44.543029999733669],[-88.111841000198666,44.542768000221358],[-88.11001199973748,44.542571000253773],[-88.110015000110522,44.542710999694762],[-88.110017999585267,44.542848999930165],[-88.109343000090888,44.542797999936965],[-88.10893999968475,44.542780999929278],[-88.108782000399316,44.542775000113693],[-88.107947999997961,44.542782000005182],[-88.107681999859182,44.542799000012579],[-88.107215999703868,44.542828000277325],[-88.106726000157408,44.542876000021415],[-88.105464999958798,44.543047000308874],[-88.104955000320857,44.543117000139375],[-88.104791000289325,44.543140999897233],[-88.1047469999084,44.543184000319023],[-88.104593999747507,44.543337999856803],[-88.103406000242146,44.544523999883907],[-88.1031500001491,44.54473400019733],[-88.103082000377057,44.544798999713969],[-88.102864999743758,44.544980999895252],[-88.102675999597878,44.545139999978346],[-88.101821000178447,44.545858999860464],[-88.101637000055419,44.546014000024918],[-88.101447999909553,44.546172999847379],[-88.100863999753443,44.546404000265142],[-88.100539999888341,44.546425999921787],[-88.100294999665948,44.546436000053966],[-88.099892999983055,44.546501000231061],[-88.099616999798513,44.546617000228821],[-88.099237999681847,44.546587999930956],[-88.099169000084871,44.546527999908996],[-88.098825000128286,44.546227000135211],[-88.098613000416179,44.546040999928735],[-88.098702000104637,44.545737000122273],[-88.098742000287601,44.545604999855193],[-88.098783000295498,44.545468999810154],[-88.09864600002814,44.545220000194178],[-88.09831700014017,44.545105000009386],[-88.098172000375214,44.545099999829205],[-88.098009000168602,44.545094000252625],[-88.097800999756132,44.545114999728305],[-88.097670000234871,44.54512700015696],[-88.097483999563735,44.545289999972724],[-88.097470000218351,44.545315000147617],[-88.097410999768812,44.545433000008657],[-88.097397000423399,44.545459000152093],[-88.09746400037055,44.545662000109104],[-88.097569999777448,44.545855999791272],[-88.09764000009767,44.545969999751676],[-88.09773399980898,44.546163000310202],[-88.09774600040285,44.546221000034592],[-88.097763999946196,44.546310000183588],[-88.097756000448612,44.546380999945946],[-88.097687999778231,44.546511999721965],[-88.097661000014028,44.546540000046363],[-88.097604999937545,44.546595000004189],[-88.097582000371332,44.546617000228821],[-88.097537999990394,44.546660000003698],[-88.097392000400546,44.546758000190856],[-88.097252999585038,44.546825000021315],[-88.097086999903695,44.546878999704305],[-88.099169000084871,44.547738000029753],[-88.100472999941189,44.548276000257005],[-88.100636999972707,44.548343000260772],[-88.100667000109951,44.548356000004155],[-88.100867999951404,44.548439000217783],[-88.102591000107381,44.549148999985228],[-88.110421999816296,44.552376000311803],[-88.111621999915542,44.552900999912751],[-88.11180500021365,44.552979999803647],[-88.11298600004632,44.553495000159351],[-88.11334900026948,44.553660000005372],[-88.113856000432705,44.553875000072729],[-88.117347999877069,44.555395999736987],[-88.117564999612071,44.555490999725173],[-88.119796999581069,44.556462999742074],[-88.1202700003074,44.556668999879854],[-88.120559000012406,44.556794999728957],[-88.121709999707832,44.557296999944505],[-88.122011000006722,44.557428000115756],[-88.122065000433395,44.557450999910145],[-88.122453999697512,44.557620999806232],[-88.125930999971601,44.559136000081502],[-88.126142999683708,44.559227999704447],[-88.126294000194747,44.559294000109652],[-88.127110999979351,44.559649999937385],[-88.128291999812035,44.560163999733021],[-88.128337000017879,44.560183999755345],[-88.129804999905716,44.560823000273373],[-88.130238000449097,44.561011999893083],[-88.130435000092575,44.561094000217793],[-88.131087999845647,44.56134599968064],[-88.131199999998643,44.561389000094614],[-88.131355999634252,44.561447999762429],[-88.132436999907796,44.561861000242459],[-88.132737000381766,44.561975999962769],[-88.13293900004814,44.562053000204962],[-88.133646000227884,44.562322999800259],[-88.135171999842058,44.562906000284812],[-88.138582000169009,44.564209000172326],[-88.138697999621627,44.564253000097253],[-88.138900000186311,44.56432999988585],[-88.13992200001033,44.564720999974128],[-88.140116000179077,44.56479500005026],[-88.141199000102461,44.565205999789164],[-88.141303999684439,44.565248000220258],[-88.144370000054806,44.566420000020521],[-88.14460000020857,44.566507000024174],[-88.146220000432393,44.567126000023599],[-88.149316999866571,44.568309000235942],[-88.15440599996856,44.570291999796588],[-88.154512000273769,44.570333000152679],[-88.156246000300385,44.571009000139817],[-88.156448999791678,44.571087999763748],[-88.156705999709615,44.571188000227437],[-88.159752999813406,44.572374999924982],[-88.160788999881106,44.572778999737309],[-88.161210999655509,44.572942999734607],[-88.161984999782405,44.573244999744944],[-88.162087999714558,44.573284999747344],[-88.162830000054399,44.573574000035123],[-88.162896000176644,44.573599999764753],[-88.163322000149009,44.573765999733453],[-88.16433200027744,44.574159000098916],[-88.164651000119676,44.574284000290177],[-88.164839000440651,44.574358999892027],[-88.165833999602171,44.574757999808099],[-88.166031999968894,44.574838000263703],[-88.168737999590803,44.575923999719699],[-88.169022999996187,44.576038000289373],[-88.170143999554384,44.576488000153681],[-88.170725000235748,44.576721000161157],[-88.171634999906786,44.577086000061939],[-88.172019000046333,44.577240000114671],[-88.172162000161464,44.57729800021994],[-88.174444000359188,44.57821299968596],[-88.17505000025659,44.578456000208419],[-88.177119999843882,44.579286000227448],[-88.180031000403545,44.580453999699117],[-88.189438999780265,44.584226000285632],[-88.190120000020741,44.58448499997651],[-88.190120999845661,44.584393999991796],[-88.190183999594851,44.584029999908168],[-88.190255999564855,44.583324999743091],[-88.190264999785697,44.583114999851801],[-88.190263000135872,44.58283899999271],[-88.190254999739963,44.582649000241595],[-88.190254999739963,44.58263899993441],[-88.190236000371698,44.582179999979118],[-88.190206000234454,44.581667000257113],[-88.190202999861413,44.581601999691074],[-88.19019600018872,44.581470000158681],[-88.19005300007359,44.577420999821456],[-88.190052000248684,44.577382000225697],[-88.190043999852747,44.577178000092609],[-88.190017999913493,44.576250999929741],[-88.190017999913493,44.576238000019117],[-88.189971999882744,44.574955000251848],[-88.189971999882744,44.574811999807729],[-88.189940999920609,44.574454999804388],[-88.189951999791234,44.57432800027312],[-88.189954000339384,44.574306999820017],[-88.189955000164304,44.574291000231526],[-88.189957999639034,44.57425700005151],[-88.189966000034957,44.574167000231803],[-88.189974000430865,44.574073000200343],[-88.189982999753397,44.573786000198844],[-88.190136999739167,44.569061999993231],[-88.19019700001364,44.567217000155679],[-88.190197999838546,44.567195999694754],[-88.190200000386682,44.567127999978801],[-88.190200000386682,44.56711199969525],[-88.190201000211601,44.567086000265093],[-88.190207999884279,44.566875999961717],[-88.190238000021509,44.565953999727789],[-88.190328000433198,44.56319600002854],[-88.190433000015176,44.559968000174727],[-88.190472000373248,44.55673199983854],[-88.190472000373248,44.556716999732636],[-88.190490999741499,44.555132999688404],[-88.190491999566419,44.555087000178432],[-88.190504000160288,44.554044000291569],[-88.190515999855876,44.552037000021095],[-88.190535999947343,44.548693000020464],[-88.190537999597169,44.548441000175188],[-88.190531999749382,44.547893000312449],[-88.190551000015972,44.545950999987198],[-88.1905119996579,44.543092000301023],[-88.1905119996579,44.543070000024642],[-88.190489999916593,44.541453999945126],[-88.190474999847979,44.54037200024954],[-88.190474000023073,44.540271999958456],[-88.19044899990871,44.538403999934864],[-88.190437000213137,44.537291999929948],[-88.190443000060924,44.537182999844426],[-88.19037100009092,44.531581000293322],[-88.190375000288867,44.529647000018905],[-88.19035400037248,44.529438000026978],[-88.190367999717864,44.516637000138992],[-88.190367999717864,44.516588999903917],[-88.190362999694983,44.514698999814918],[-88.190362999694983,44.514674999865015],[-88.19035099999941,44.510020000066923],[-88.190336999755715,44.509297000289664],[-88.19033400028097,44.509118000088577],[-88.190330999907943,44.508361999793102],[-88.190329000258117,44.508010999731802],[-88.190329000258117,44.507961000012891],[-88.190328000433198,44.507845999919944],[-88.1903219996871,44.507201999947448],[-88.190318000387464,44.506704999818709],[-88.190316999664219,44.506583000053261],[-88.190313000364583,44.506221000118067],[-88.190313000364583,44.506177999951582],[-88.190313000364583,44.506032000058561],[-88.190313000364583,44.505047000066732],[-88.190336999755715,44.503758000247608],[-88.190335999930809,44.503553000073062],[-88.190335999930809,44.503194999721003],[-88.190303000318849,44.502989000010913],[-88.190289999900045,44.502814000145669],[-88.190202000036507,44.501596999693653],[-88.190218999754947,44.501406999873701],[-88.190227999975775,44.501309000250565],[-88.190228999800681,44.501296999762396],[-88.1902299996256,44.501280999961914],[-88.190232999998642,44.501249999855382],[-88.190303000318849,44.500490000025813],[-88.190314000189503,44.500445999954849],[-88.190393999657132,44.499990999997109],[-88.190503000335383,44.491989000176375],[-88.190503000335383,44.491689000152604],[-88.190463999977311,44.489596000229113],[-88.190405000426082,44.485986999839781],[-88.190490999741499,44.481380000222984],[-88.190488000266782,44.481176000058639],[-88.19047800022102,44.48106399989129],[-88.190463999977311,44.480908000078173],[-88.19045999977935,44.480696999885119],[-88.190443000060924,44.479907999931818],[-88.190413999748614,44.479119000205067],[-88.190400000403216,44.478885999790243],[-88.190405000426082,44.478593000228379],[-88.190386000159535,44.477990000208223],[-88.190378999588518,44.477505999944093],[-88.190362999694983,44.47715500000632],[-88.190346999801463,44.476439999798153],[-88.19033400028097,44.47611400024855],[-88.190320000037275,44.475337999872323],[-88.190303000318849,44.474809999862572],[-88.190309999991541,44.474396999832095],[-88.190313000364583,44.473348999689101],[-88.190313000364583,44.473252999684291],[-88.190323000410331,44.473059999851216],[-88.190323000410331,44.473045999978041],[-88.190320000037275,44.472344000105558],[-88.190336999755715,44.471194999984696],[-88.19035400037248,44.47067800001998],[-88.19035199982433,44.470250999692027],[-88.190362999694983,44.469939000166001],[-88.190386999984426,44.46695000020074],[-88.190385000334615,44.466573000157609],[-88.190407000075908,44.465168000249761],[-88.190406000251002,44.464431000150675],[-88.19041499957352,44.463622999836474],[-88.190427000167404,44.463063999738594],[-88.190437000213137,44.461729999716006],[-88.190460999604269,44.460409000122716],[-88.1904620003275,44.460332000117575],[-88.190474000023073,44.459751000244061],[-88.190474000023073,44.459727000116132],[-88.190482000418982,44.45858099983603],[-88.190483000243901,44.456381999910548],[-88.190474999847979,44.455675000157903],[-88.190491999566419,44.454204000072338],[-88.190484000068821,44.452455000106717],[-88.190490999741499,44.452301000177748],[-88.190494000114555,44.452249000093353],[-88.190493000289649,44.446187999726028],[-88.190474999847979,44.445603000292408],[-88.190483000243901,44.444123999798386],[-88.19045999977935,44.443763999911177],[-88.190449999733616,44.441274000188535],[-88.19046300015242,44.439006999709946],[-88.190460999604269,44.438367000117829],[-88.190438000038057,44.429649000318456],[-88.190433000015176,44.429472000287895],[-88.190494000114555,44.42324100005488],[-88.1905119996579,44.421432999846928],[-88.190506999635033,44.421407999779319],[-88.190540999970224,44.417658000104581],[-88.190550000191038,44.416674000115485],[-88.190590000374016,44.415358000185726],[-88.19060600026755,44.415155000000269],[-88.190645999552203,44.413882999824047],[-88.190678000237568,44.413158999739444],[-88.190686999560086,44.413073999886073],[-88.190700999803781,44.412453999974005],[-88.190730000116105,44.411783999893515],[-88.190739000336933,44.411427000269349],[-88.190790000390564,44.410100999912672],[-88.190818999804563,44.409082000309205],[-88.190864999835313,44.407903999735481],[-88.190879000079022,44.407700999986893],[-88.190950000224134,44.40572999982242],[-88.190963999569519,44.405503000285563],[-88.190971999965427,44.405071000240461],[-88.190999999554535,44.404260999820011],[-88.191090999791129,44.401678000002534],[-88.191131999799012,44.400499999865247],[-88.191132999623917,44.400480000225834],[-88.191167999784028,44.399486999682679],[-88.19139399973983,44.393211999828587],[-88.191417000204353,44.392198999926535],[-88.191431000448063,44.391642000192398]]]},"properties":{"BASENAME":"Hobart"}},{"type":"Feature","geometry":{"type":"MultiPolygon","coordinates":[[[[-88.139825999750855,44.499039000200966],[-88.140301999951916,44.499032999723532],[-88.131051999860645,44.495843000204054],[-88.130595999751051,44.495843999804428],[-88.130210999786584,44.495843999804428],[-88.129963000089475,44.495848000127928],[-88.129744999631257,44.495840000121376],[-88.129712000019296,44.495838999880206],[-88.129737000133645,44.498674000256344],[-88.124654999704362,44.498670000126651],[-88.124654999704362,44.498760000094443],[-88.123204000433262,44.498758999903359],[-88.123022999784979,44.498731000312212],[-88.119594000089791,44.498741000305024],[-88.119595999739616,44.499011000103536],[-88.119594999914696,44.499063999727348],[-88.11996900000851,44.499188000218496],[-88.120070000290852,44.499223999774316],[-88.119419000187591,44.500211999980735],[-88.118595999656904,44.501461000027128],[-88.120794000189036,44.502306000255707],[-88.119806999626803,44.503827999892053],[-88.124063000050668,44.505341000092969],[-88.125489999930636,44.50584500016609],[-88.128377000200857,44.506750999758523],[-88.127471999654375,44.508085000159653],[-88.119882999794783,44.505527999680268],[-88.120472999798665,44.504560999870755],[-88.120594000172503,44.504361999886811],[-88.120650000248986,44.504268999947939],[-88.119498999655235,44.503879000056081],[-88.11942199966235,44.503995999849117],[-88.118689000441634,44.505119999690791],[-88.118603000227921,44.505089999786151],[-88.117923999637256,44.504861999749998],[-88.11349099966138,44.503373000059895],[-88.110112000194903,44.50223799968731],[-88.106520000293088,44.502272999791934],[-88.105679000219041,44.502281000197314],[-88.105310000148108,44.502286000209857],[-88.104223000026764,44.502296000233613],[-88.104118000444771,44.502296999723363],[-88.101756999706012,44.502309000005745],[-88.101314000015236,44.502134000021393],[-88.100472999941189,44.501811000307285],[-88.099737000347432,44.50313300024559],[-88.098865000311264,44.504730999814754],[-88.097189999835862,44.504728000189381],[-88.09710199997231,44.504728000189381],[-88.096707999787014,44.504722000297484],[-88.096385999571737,44.50472700010063],[-88.095449999961446,44.505859999926045],[-88.09481599957661,44.506247999893496],[-88.094463000297537,44.506457999855456],[-88.094387000129544,44.506501999873656],[-88.093916999776255,44.506802999980984],[-88.093780000407222,44.506866000089843],[-88.091241000291561,44.508306000211576],[-88.08922299968448,44.509458999815237],[-88.088752000404625,44.509726999939929],[-88.088332000280033,44.509727999942854],[-88.087282999793544,44.509729999948703],[-88.085178999871061,44.509832000154795],[-88.083916000022626,44.509902000192902],[-88.083658000279769,44.51093599993203],[-88.083444000019512,44.510871999754613],[-88.083392999965895,44.510845000199225],[-88.083325000193824,44.510821999927465],[-88.082819999680439,44.510645999887217],[-88.082501999663123,44.510534999923415],[-88.081781999962899,44.510286000187833],[-88.077845000279581,44.508913000185089],[-88.076830000128268,44.508555000077799],[-88.076549999745765,44.508457000298563],[-88.075533999769547,44.508102000045554],[-88.07526099995809,44.508009000307624],[-88.073702999658536,44.507478999933234],[-88.071633999896164,44.506773999714795],[-88.071284999916699,44.506651000038019],[-88.06990099969444,44.50616300027346],[-88.068601000036068,44.505691000143329],[-88.067039000436907,44.505166999681258],[-88.065119999564018,44.504498999926042],[-88.063372000192004,44.503887000241058],[-88.063819999905675,44.503226000074676],[-88.064548000001821,44.502146999829591],[-88.065637999597882,44.500532999902887],[-88.064148999793645,44.500015000227251],[-88.063173999825295,44.499674999890289],[-88.059099999874633,44.49825399988017],[-88.058955000109677,44.498470999896981],[-88.058231000211492,44.499553000149142],[-88.056840000316527,44.501632000183044],[-88.052244000134039,44.500034999770733],[-88.052073000429829,44.499974000308676],[-88.051389999641202,44.499736999839477],[-88.052627000448695,44.497923000094453],[-88.053007000390295,44.49734400000662],[-88.053671000014006,44.496363000244251],[-88.053616999587334,44.496338000200545],[-88.053404000050307,44.496269999719942],[-88.053043000375311,44.496144000240498],[-88.048114000106878,44.494428000030837],[-88.045581999663924,44.49354600021433],[-88.045312000225479,44.493462999940071],[-88.045127000277574,44.493380999831096],[-88.044903999796489,44.49361799986243],[-88.043682999780842,44.494807000063766],[-88.043105000370829,44.495377000033493],[-88.042111999960824,44.496357000132249],[-88.041994999784961,44.496476000102994],[-88.04183699960123,44.496421000227464],[-88.041666999721912,44.496362000012049],[-88.041651999653297,44.496355999899897],[-88.042162000189549,44.495846999886894],[-88.042387000320431,44.495621999679891],[-88.042585999613763,44.495422999940992],[-88.043414000167331,44.494594000277424],[-88.043493999634947,44.494511000213201],[-88.043321000280898,44.494445000054625],[-88.037684000007829,44.492471000165814],[-88.038864000015607,44.491313999715011],[-88.038951999879146,44.491227999789139],[-88.039484999981624,44.491414999786457],[-88.040061999566717,44.491611000085896],[-88.044762000404575,44.493245000224498],[-88.045323000096133,44.492674999921434],[-88.04498699963716,44.492563000043418],[-88.04481599993295,44.492505999725417],[-88.04467100016798,44.492456000165035],[-88.043728999811606,44.492133999688072],[-88.04348899961208,44.492052000273667],[-88.043821999697997,44.491585999927395],[-88.043958999965355,44.491394000173017],[-88.043860000231149,44.491358999946122],[-88.041705000255064,44.490605999754017],[-88.040572999927875,44.490207999968561],[-88.040001000365663,44.490636000062523],[-88.040013000061208,44.490650000201185],[-88.04004999987113,44.490695000303795],[-88.040093000427163,44.490747000108527],[-88.040172000069873,44.49077400000116],[-88.040398000025675,44.490851999905644],[-88.040690000103723,44.490953000136329],[-88.040802000256733,44.490790999808489],[-88.040940000348996,44.490588999892815],[-88.042046999663498,44.490977999925292],[-88.041520000307131,44.491382000207459],[-88.041020999641518,44.491195000104334],[-88.040958999717247,44.4912330001087],[-88.039647000363317,44.490774999688419],[-88.03939000044538,44.490969999891483],[-88.039105000040024,44.491185999779248],[-88.039034999719817,44.491161999760024],[-88.038865999665418,44.49110299999117],[-88.039407999988725,44.490691000267589],[-88.040326999880563,44.489993999705007],[-88.040760000423944,44.489662999814172],[-88.040527999722016,44.489542999689874],[-88.04030400031435,44.48946099983678],[-88.040659000141588,44.489229999779255],[-88.040201000382183,44.489065000002007],[-88.040110000145603,44.489033999809244],[-88.041001000448347,44.488442000242856],[-88.041200999566584,44.488308999842751],[-88.041338999658848,44.488217000304054],[-88.041569999637517,44.48806900018441],[-88.04183699960123,44.487897000249099],[-88.041275999909658,44.487689000201179],[-88.039792000128273,44.487188999824475],[-88.039556999951628,44.487109999757429],[-88.039521999791532,44.487096999801004],[-88.039341000041574,44.486930000251427],[-88.039240999584138,44.486834000159611],[-88.038296999577938,44.48592799996316],[-88.038223999783,44.485857999977782],[-88.037421000242091,44.486293999983722],[-88.037360000142726,44.486326999877974],[-88.037338000401419,44.48634000000601],[-88.035505999567192,44.485722999906095],[-88.034352000397007,44.485310000210745],[-88.034480000443537,44.485176999719009],[-88.034284999551545,44.48530899978892],[-88.034186999642259,44.485374000252548],[-88.033942000318191,44.485546999713762],[-88.03355700035371,44.485798000198088],[-88.032569999791491,44.486884000053571],[-88.032148999842008,44.487360999924995],[-88.032047999559666,44.487455000302084],[-88.031549999617312,44.488002999784833],[-88.031527000051099,44.488028999931778],[-88.030526999968373,44.489126999697291],[-88.029933999591449,44.489517000217845],[-88.029584999611998,44.489747000074694],[-88.029566000243733,44.489764000181324],[-88.029403000037107,44.489864999732774],[-88.029269000142804,44.489952999789473],[-88.026328000344236,44.491881000217418],[-88.027027999952978,44.492125000148725],[-88.027781999988406,44.492385000023624],[-88.025770999952314,44.494525999685422],[-88.025741999640005,44.494552999750908],[-88.02512900006991,44.495211000093491],[-88.025122000397204,44.495229999751572],[-88.024755999801002,44.496471999822525],[-88.024125999614142,44.49861599995117],[-88.023752000418639,44.498483999881188],[-88.023265000346925,44.498311999904679],[-88.022953000177395,44.498201999720784],[-88.022620000091464,44.498083000068704],[-88.021726000313976,44.497769999856565],[-88.021464000373143,44.497677999863683],[-88.020797000376376,44.49744199988676],[-88.019373999796045,44.496938000213198],[-88.018059000069087,44.496471000232965],[-88.01797200003044,44.496443000183895],[-88.015146999684518,44.495444000025991],[-88.013737000421301,44.49494499974471],[-88.010872999717307,44.493932000207685],[-88.009813000258461,44.493557000095123],[-88.009048000352408,44.49328700003322],[-88.008047000444776,44.492932999966307],[-88.005405000396948,44.491999000043819],[-88.004181999833165,44.491566000049225],[-88.002580999875931,44.491000000012711],[-87.999756000428306,44.490001000172228],[-87.998990999623928,44.489727999911906],[-87.997678000445106,44.489260999867895],[-87.997562000094149,44.48922000007795],[-87.997225999635162,44.48909999968307],[-87.997203000068936,44.489092000032471],[-87.997063000326861,44.489039000316907],[-87.996767000050852,44.488930000303149],[-87.994633999816045,44.488136000241809],[-87.994680999671715,44.488059000284068],[-87.994821000312115,44.487758000172974],[-87.992438999656969,44.486896000303744],[-87.989975999709287,44.486005000170472],[-87.989950999594924,44.485995999685393],[-87.990524999705272,44.485211999810339],[-87.988773000135311,44.484581000287015],[-87.989861000081575,44.483059000079656],[-87.990651999926897,44.483343000033358],[-87.990831000027029,44.483115000197998],[-87.991284999588473,44.48244899997804],[-87.991501000396866,44.482154999887136],[-87.991773000383418,44.481773999991553],[-87.991706000436267,44.481749999945123],[-87.987307999722191,44.480166000047547],[-87.98903699972594,44.4777049999242],[-87.987502999715844,44.477163999932493],[-87.988218000291525,44.476140999863588],[-87.98848500025521,44.475758999851209],[-87.988527999912918,44.475679999689262],[-87.988454000293075,44.475653999807328],[-87.988382000323071,44.475627999913812],[-87.988331000269426,44.475610000227263],[-87.988025999772574,44.475502000068396],[-87.987166000330276,44.475196000135405],[-87.985035999570201,44.474488000046442],[-87.983340000076737,44.47385300000775],[-87.983278000152438,44.473803999820582],[-87.983191999938725,44.473678999863161],[-87.983068000090171,44.473594000200698],[-87.982849999631966,44.473524000159486],[-87.982749000247935,44.473516000295923],[-87.982534000162786,44.473492000057732],[-87.982543000383629,44.474114999865698],[-87.982536999637503,44.474389000088252],[-87.982524000117053,44.474614000158233],[-87.982504999850477,44.474936999878821],[-87.982478999911194,44.475209000179859],[-87.982426000207752,44.475625000073251],[-87.982421000184885,44.47566299996501],[-87.982407999766096,44.475752000238764],[-87.982391999872547,44.475843000263069],[-87.982315999704582,44.476277000251017],[-87.9822899997653,44.476426000094783],[-87.982288000115489,44.476438999865216],[-87.983058000044423,44.476510000187481],[-87.983540999918191,44.476666000221897],[-87.985580000441658,44.477322999894852],[-87.986730000312178,44.477753000130249],[-87.985725000206614,44.479159000157942],[-87.985680999825689,44.479144999825039],[-87.985422000257898,44.479510000218838],[-87.984304999999353,44.479099999785198],[-87.983961000042754,44.4795889996821],[-87.981828999632867,44.478817000220559],[-87.981385000117157,44.480034999748803],[-87.981314999796965,44.480224999983299],[-87.97379899973231,44.477756999771721],[-87.972935999916942,44.477475999933326],[-87.971279999708131,44.476931000043528],[-87.971319000066174,44.476868000279644],[-87.970314999785529,44.476532999894154],[-87.970114999768981,44.476651999931811],[-87.969959000133372,44.476738000195745],[-87.969886000338434,44.47677999971215],[-87.969868999721683,44.476790000264089],[-87.969590000062425,44.47709500024942],[-87.969570999795849,44.477287000279929],[-87.969568000321132,44.477327000206799],[-87.969554000077409,44.477469999801137],[-87.969548000229622,44.477525000242053],[-87.96955900010029,44.477535999939434],[-87.969605999955959,44.477607000208842],[-87.969612999628652,44.477659000143696],[-87.969672999903111,44.47768100012685],[-87.970657999917194,44.478037000274277],[-87.972376999875209,44.478660000273273],[-87.972441000347615,44.478680000089959],[-87.972545999929608,44.478721000237641],[-87.97279000032708,44.478315000272609],[-87.972857000274232,44.478162999773602],[-87.972870999619616,44.478114999904868],[-87.972900999756845,44.478007999801605],[-87.972919000198516,44.477905999682186],[-87.975227000335508,44.47872999992228],[-87.974496999691212,44.479788000249521],[-87.974407000177834,44.479912000066534],[-87.97414500023703,44.480289999702208],[-87.974074999916837,44.480416000104768],[-87.97400499959663,44.480544999822975],[-87.973932999626598,44.480679999699682],[-87.973485999737846,44.480520999911931],[-87.971818999658382,44.479916000201023],[-87.969528000138155,44.479090000270126],[-87.969299999634188,44.47901100013123],[-87.9689759997691,44.478896999871985],[-87.968754000011259,44.478066999996614],[-87.968547000322019,44.47807100025755],[-87.968574000086207,44.477923999942469],[-87.968673999645318,44.477320000141439],[-87.96873800011771,44.476934999741353],[-87.968922000240752,44.475815999869148],[-87.96897499994418,44.47550300001739],[-87.968688999713933,44.475400000055352],[-87.968564999865364,44.474944000230046],[-87.968506000314136,44.474742999883972],[-87.968399000184021,44.474445000195296],[-87.968381999567271,44.474405000215853],[-87.968327000213989,44.474273999802939],[-87.968316000343336,44.47424899990601],[-87.968270000312572,44.474152000127596],[-87.96826600011461,44.473575999886769],[-87.967541000391535,44.473567000048234],[-87.967382000382869,44.473343999759514],[-87.967239000267739,44.473169000031369],[-87.967172000320588,44.473086000247903],[-87.966943999816635,44.472835000199922],[-87.966696999944432,44.472592999703572],[-87.966433000353788,44.472361000155686],[-87.9661529999713,44.472138999752467],[-87.965957999977633,44.471998999941789],[-87.965753999763137,44.471860999818041],[-87.965717999778121,44.472042999680369],[-87.965721999976083,44.472969999966622],[-87.964798000061364,44.472959000049521],[-87.963924000375343,44.472116000237044],[-87.963588999741276,44.471793000287377],[-87.963098000369939,44.471340999922887],[-87.96306499985964,44.471308999906185],[-87.958554000065973,44.471233000196918],[-87.958236999873549,44.471227000063848],[-87.958097999956394,44.471225000019352],[-87.95778599978685,44.47122600004159],[-87.957349999768766,44.47122600004159],[-87.956595999733338,44.471227000063848],[-87.956464000387186,44.471228000086093],[-87.95556200021376,44.47187800000885],[-87.955311999968515,44.471864999863364],[-87.954814999851052,44.471746000320358],[-87.954568999803769,44.471827000062582],[-87.954968999836836,44.472317000015806],[-87.955064000271406,44.472409000270417],[-87.955193000142827,44.47250499974048],[-87.955322000014263,44.472579999717397],[-87.956803000320903,44.473432999723968],[-87.954695000200459,44.473422999878764],[-87.953961000256527,44.473418999940222],[-87.953086999672209,44.473411000062256],[-87.951411000270213,44.473396000288211],[-87.949339000134771,44.473376999927794],[-87.948774000245265,44.473377999913204],[-87.946615999896096,44.473380999869228],[-87.945820999852799,44.473382999839878],[-87.94530799984183,44.473363000130625],[-87.944717999837948,44.473356000230766],[-87.943663000401969,44.473344999745443],[-87.943408000133843,44.473341999787571],[-87.94336700012596,44.473341999787571],[-87.942166000201794,44.473341999787571],[-87.940980000346272,44.473341999787571],[-87.938489999736078,44.47333799984343],[-87.937134000001222,44.47335300027347],[-87.936205000063623,44.473374999956988],[-87.93512499961497,44.473400000228331],[-87.932727999789535,44.473454000034266],[-87.932111999846384,44.473467999809614],[-87.927717000403675,44.473568000030383],[-87.922146000252823,44.473521000210773],[-87.917184000372458,44.473491000074276],[-87.913306000240382,44.473415999986109],[-87.906873999924002,44.473312000200039],[-87.896730999880134,44.473405000153114],[-87.89277999995312,44.473218000110727],[-87.887182999863001,44.472937000209185],[-87.887175000365403,44.473197999703899],[-87.887185000411165,44.477252999839827],[-87.887201000304671,44.487615000159316],[-87.887233999916631,44.494907000236587],[-87.887233999916631,44.49529300019239],[-87.887243000137474,44.502199000314867],[-87.887234999741565,44.50293799970904],[-87.887168999619306,44.508693999913518],[-87.887160000296788,44.509438000293649],[-87.886995000440351,44.516671999925123],[-87.886817000165124,44.522634999748462],[-87.885026000237076,44.522631999763583],[-87.884986999879018,44.52391200001027],[-87.879198000168287,44.523898999932484],[-87.879234000153303,44.52749600017389],[-87.884204000429605,44.527519999966387],[-87.884186999812854,44.528797000093412],[-87.884184000338124,44.529021000026823],[-87.884919000106962,44.527868000008887],[-87.885318000315124,44.527500000246725],[-87.886088000244058,44.526791000016892],[-87.886499999972713,44.526431000147653],[-87.886699999989261,44.526256999936308],[-87.886690999768433,44.52653900014991],[-87.886685999745552,44.526695999938369],[-87.886677000423049,44.526949999821881],[-87.88653500013281,44.531140000054755],[-87.901770999578304,44.531462000263126],[-87.902488999628716,44.531447000048345],[-87.904701000404543,44.531521000173939],[-87.906856000380657,44.531562000315574],[-87.906852000182695,44.531870999892092],[-87.906868999901135,44.535161999908773],[-87.906926999627458,44.537606000022706],[-87.906924999977633,44.538713999851026],[-87.906843999786773,44.53871299970524],[-87.900659000240921,44.538648999943376],[-87.900644999997226,44.539090000306295],[-87.900624000080825,44.540427999748452],[-87.899730000303336,44.540427000272359],[-87.899715000234721,44.54045800002951],[-87.899089000245837,44.541684999880836],[-87.899059000108608,44.541682000236804],[-87.898539000424918,44.542556999778988],[-87.897340999975512,44.544130000282323],[-87.896885999690838,44.544754999802876],[-87.896693000245307,44.545014999901191],[-87.896704999940866,44.545025000275757],[-87.897120999867482,44.545120999942917],[-87.897365000264926,44.5452049996819],[-87.89694099994243,44.545813000062658],[-87.896367999656974,44.545804999871436],[-87.896336999694824,44.546955000074355],[-87.895875999562392,44.546909999867189],[-87.895562999567929,44.547541000235412],[-87.895500999643659,44.547666000009983],[-87.894984000333025,44.548793999903722],[-87.894836000195028,44.549116999767328],[-87.89463899965321,44.54954500010561],[-87.894577999553846,44.549677999717886],[-87.894211000031035,44.550198000228114],[-87.893747000423858,44.550852000003481],[-87.893668999707742,44.550954999852266],[-87.893267999849741,44.551272000306646],[-87.892806999717294,44.55157600001305],[-87.892752000364013,44.551652000011657],[-87.892663999602163,44.551774000155596],[-87.892560999669996,44.55191599970729],[-87.892299999554098,44.552973999759004],[-87.892158999987103,44.552971999957364],[-87.892111000306514,44.552971000056516],[-87.891388000233249,44.552960999766775],[-87.891075000238786,44.553643999858451],[-87.891020999812127,44.553625000038345],[-87.890138999730198,44.553316000037846],[-87.889988999942361,44.553442000105655],[-87.889740000420346,44.553653000141701],[-87.889617000396697,44.553770999743371],[-87.889506000068607,44.553893999811244],[-87.889362000128571,44.55408900010427],[-87.88924800032575,44.554293999806227],[-87.889202000294986,44.554398999717442],[-87.889164999586768,44.554499000066329],[-87.889075999898296,44.554737999692037],[-87.896131999655424,44.554859999768027],[-87.896006000157044,44.562547000049612],[-87.89599399956316,44.567472999862105],[-87.895981000042681,44.570827000079326],[-87.895985000240643,44.574672000155481],[-87.899063000306569,44.574658999891867],[-87.899997000267035,44.574676000186763],[-87.899906999855347,44.574639999895119],[-87.900404999797701,44.574634999692854],[-87.900253000360067,44.57442999998915],[-87.900636999601318,44.574440999960366],[-87.900803000180986,44.574469999816401],[-87.900785999564235,44.574406999868039],[-87.900603000164423,44.574366999997451],[-87.90021800019997,44.574387000256145],[-87.89988500011404,44.573947000015117],[-87.899843000281223,44.573863000166575],[-87.899747999846696,44.573544000185009],[-87.899726000105375,44.573270000069591],[-87.899661999632968,44.573155000278852],[-87.899704000364068,44.572994999746463],[-87.899875000068292,44.572747999916047],[-87.900008999962594,44.572447000090719],[-87.900071999711784,44.572172999926281],[-87.900033000252051,44.571994000310468],[-87.900019000008328,44.571934000244511],[-87.900126000138471,44.571739000242459],[-87.900140000382166,44.571582999898077],[-87.900203999956261,44.571460000106804],[-87.900240999766197,44.571412000258135],[-87.900290999994908,44.571378999899302],[-87.900403999972809,44.571337000055401],[-87.900441999607636,44.571313999990913],[-87.900438000308,44.571245999969619],[-87.900451999653384,44.571081000076809],[-87.90047199974488,44.571001999803428],[-87.900558999783499,44.570916999948373],[-87.90065800041603,44.570752999997396],[-87.900759999624952,44.570562000189554],[-87.900855000059508,44.570423999747099],[-87.900944999572872,44.570259000082132],[-87.900937999900179,44.570118000102184],[-87.900993000151772,44.569992000307522],[-87.901077999642283,44.569792999826902],[-87.901113999627299,44.569691999910987],[-87.901192000343386,44.569628000291665],[-87.901296999925393,44.56957399995818],[-87.901358999849663,44.569487000062004],[-87.901388000161987,44.569280000249265],[-87.901482999698231,44.569145000113636],[-87.901599000049174,44.569007999774179],[-87.901984999838561,44.568286000253948],[-87.902435000100354,44.567724999852743],[-87.902450999993874,44.567730000009135],[-87.902492000001757,44.567744000188689],[-87.902519999590851,44.567742000254654],[-87.90256300014687,44.567726000140055],[-87.902610999827445,44.567644000203401],[-87.902768000186285,44.567611999915769],[-87.902929999669681,44.567646000140797],[-87.902885000362161,44.567807000315199],[-87.902936000415764,44.567815000041939],[-87.902994999967007,44.567629999999731],[-87.902974999875539,44.567611999915769],[-87.902811999668899,44.567571999851481],[-87.902636999766727,44.567564000091316],[-87.90262500007114,44.56754499969658],[-87.902621999698098,44.567476000096981],[-87.902673999576649,44.567404000177163],[-87.902900000430748,44.567250999971542],[-87.902928000019855,44.567094999749159],[-87.902980999723312,44.566996000227888],[-87.903460000297414,44.566512000285257],[-87.903563000229582,44.566392000300617],[-87.903742000329729,44.566182999725584],[-87.904127000294196,44.56573900013062],[-87.90420599993692,44.565739999812067],[-87.904272999884071,44.565681999699315],[-87.904216999807574,44.565666000298044],[-87.90435999992269,44.565464000038318],[-87.904494999641912,44.565326999988962],[-87.905113000133198,44.564860999900411],[-87.905158000339043,44.564778999765011],[-87.905200999996751,44.564534000287637],[-87.905371999700961,44.564318000216424],[-87.905436999998301,44.564187999905492],[-87.905513999991186,44.564042000096123],[-87.905596999831872,44.563908000316815],[-87.905699999764025,44.563792999935359],[-87.935301000240386,44.562393000130868],[-87.943192000223775,44.562016000034781],[-87.962602000077368,44.561092000055147],[-87.977603000244542,44.560391999707754],[-87.991202999572707,44.560391999707754],[-88.019603000124917,44.560592000117765],[-88.021702999849438,44.561892000105928],[-88.023102999965232,44.561092000055147],[-88.024602999640123,44.560892000083768],[-88.025703000180243,44.562591999687072],[-88.028903000444913,44.563491999847535],[-88.030803000152915,44.563291999806175],[-88.031434999989557,44.563245999705835],[-88.03220300026868,44.563191999847689],[-88.036120999685423,44.560919000126454],[-88.037151999730284,44.560761999797748],[-88.037836000343802,44.560497000136742],[-88.038896999627568,44.55992499999067],[-88.039300999858597,44.559702000312448],[-88.039792000128273,44.559000000288975],[-88.03994199991611,44.558915999975895],[-88.039988999771765,44.558957000029565],[-88.040510000178671,44.558203000230606],[-88.040567000080088,44.558122000124364],[-88.040637000400295,44.558047000067639],[-88.041689000361515,44.556501999923597],[-88.043096000150015,44.554468999979704],[-88.043214999975703,44.554330999766094],[-88.043230999869223,44.55428100010888],[-88.04323500006717,44.554266000011303],[-88.043447999604197,44.553959999865356],[-88.043708999720096,44.553583000178101],[-88.043798000306879,44.553454000097886],[-88.043887999820257,44.553324999731679],[-88.043998000323427,44.553164999703959],[-88.044513999809141,44.552421000133968],[-88.044728999894289,44.552110000310947],[-88.045514999716772,44.550972999968756],[-88.045625000219928,44.550813999814316],[-88.045704999687558,44.550698999798335],[-88.045769000159964,44.550606000192566],[-88.046425000286106,44.549419999884961],[-88.046483999837335,44.549335999826539],[-88.047231000200057,44.548249000109458],[-88.047494999790686,44.548052000124002],[-88.047673000065913,44.547920999972554],[-88.04774199966289,44.547851000156818],[-88.047827999876617,44.547748999927109],[-88.047869999709405,44.54767799991275],[-88.047912000440519,44.547595999887598],[-88.048000000304071,44.547357999738139],[-88.048391999941217,44.546606000117542],[-88.050717999621568,44.543228000137049],[-88.052928999674165,44.540048999881762],[-88.052964999659181,44.539996999873161],[-88.053074000337446,44.540035000081041],[-88.053096999903673,44.54004200030198],[-88.054960999626616,44.540685999739701],[-88.056086000281127,44.541074999714326],[-88.056255000335526,44.541133000026079],[-88.056388000404908,44.541178999680305],[-88.056735999661143,44.541298999804269],[-88.057697000284094,44.54158499992419],[-88.057724999873201,44.541598999992488],[-88.062194999658971,44.543184999747751],[-88.064984999844825,44.544067000126383],[-88.066794000214514,44.544757999928812],[-88.069004000442206,44.541527000062679],[-88.072065999716301,44.536979000240457],[-88.072586000298287,44.536207999990715],[-88.072776000269073,44.535753000021607],[-88.072828000147638,44.535426000115365],[-88.072998000026914,44.534825999894146],[-88.073203999891248,44.534618000133278],[-88.073465000007161,44.534236000201219],[-88.074013000178255,44.532587000238692],[-88.074036999569373,44.532566999697409],[-88.074726000205786,44.53194399985729],[-88.075765999573136,44.531002999881679],[-88.076620000065972,44.530239999688121],[-88.076670000294683,44.530189999829254],[-88.076752000310464,44.530091000276542],[-88.077846999929406,44.530568999828219],[-88.079543000321195,44.531308000051489],[-88.080068999852656,44.53157600023237],[-88.080861000421237,44.531914000312526],[-88.081044999645925,44.531996000013557],[-88.081232000141995,44.532071999961381],[-88.081530999892721,44.532202000299407],[-88.081790000358822,44.532311000103071],[-88.08184399988717,44.5323329999623],[-88.083527999685103,44.533054999929348],[-88.083608999875963,44.533082000079979],[-88.084137999780467,44.533312999932186],[-88.084273000397999,44.533371000291766],[-88.084707999692853,44.533558999823541],[-88.084769999617151,44.533585999740502],[-88.084853000356134,44.533621999823787],[-88.084845999785117,44.53380499995643],[-88.08482700041688,44.534320000277155],[-88.084969999633671,44.534319000055895],[-88.086397000411964,44.534305000158128],[-88.088091000255631,44.534288999813462],[-88.088062999768212,44.534991999724433],[-88.088124999692496,44.535019000257712],[-88.089390999913974,44.53555899996978],[-88.089411999830375,44.535567999847856],[-88.089652000029901,44.535670000289805],[-88.089709999756209,44.535695000113435],[-88.089754999962054,44.535714000023496],[-88.090030000321676,44.535830999939471],[-88.090052999887888,44.535851000000122],[-88.090428999631513,44.536001000235864],[-88.091287000322325,44.536367999887858],[-88.091346999698459,44.536369000073918],[-88.091548000438223,44.536370999805662],[-88.092771999928615,44.536384999847087],[-88.092761999882853,44.536834999750745],[-88.092756999859986,44.536932999829247],[-88.092757999684906,44.536990999784948],[-88.092759000408122,44.537015000147157],[-88.092745000164427,44.537627999802602],[-88.092879999883635,44.537630000131422],[-88.093043000090262,44.537631999819908],[-88.093202999923818,44.5376340001486],[-88.094283000372485,44.537646000198428],[-88.094394999627156,44.537693999732682],[-88.094389999604275,44.538019000033934],[-88.09489400029274,44.538025999856934],[-88.095086999738285,44.538033000319402],[-88.09522900002851,44.538048000118465],[-88.09541300015151,44.538086000317719],[-88.095614999817883,44.538158000020672],[-88.096055000033942,44.538337000016952],[-88.096208000194807,44.538385999773368],[-88.096275000141958,44.538401000121745],[-88.096388999944779,44.538427000204237],[-88.096558999824097,44.538449000314252],[-88.096695000266536,44.538452000124892],[-88.096694000441616,44.538486000102132],[-88.096689000418749,44.538577999715116],[-88.096684000395868,44.538668000170148],[-88.096655999908464,44.538793999933254],[-88.096594999809113,44.539049999841943],[-88.096744999596922,44.539053000261937],[-88.096932000092991,44.539057000181309],[-88.096947999986511,44.539057999680921],[-88.097019000131624,44.538899000274611],[-88.097040000048011,44.538854999746015],[-88.097051999743599,44.538824999919562],[-88.097477999715949,44.53900799970905],[-88.099937000363994,44.540054999978281],[-88.101315999665047,44.540644000146635],[-88.105141000093681,44.542270999952152],[-88.105243000200957,44.542313000292339],[-88.105348999607841,44.542356000045174],[-88.105361000201725,44.54236600023625],[-88.105346999958016,44.5424069997853],[-88.105331999889401,44.54245900020247],[-88.105305999950147,44.542510999932972],[-88.105278000361054,44.542547999700595],[-88.105170000406019,44.54269699989387],[-88.10513900044387,44.542742000156601],[-88.105096999712757,44.542788999895834],[-88.105078000344491,44.542850000004897],[-88.105018999894952,44.54290999997631],[-88.105040999636273,44.542963000017046],[-88.105038999986448,44.542975000249058],[-88.105029999765605,44.543018000153211],[-88.104996000328725,44.543067999882702],[-88.104955000320857,44.543117000139375],[-88.105464999958798,44.543047000308874],[-88.106726000157408,44.542876000021415],[-88.107215999703868,44.542828000277325],[-88.107681999859182,44.542799000012579],[-88.107947999997961,44.542782000005182],[-88.108782000399316,44.542775000113693],[-88.10893999968475,44.542780999929278],[-88.109343000090888,44.542797999936965],[-88.110017999585267,44.542848999930165],[-88.110015000110522,44.542710999694762],[-88.11001199973748,44.542571000253773],[-88.111841000198666,44.542768000221358],[-88.114263000138465,44.543029999733669],[-88.115064999854454,44.543092999731364],[-88.115961000180079,44.543114999999055],[-88.116762999896068,44.543090000159843],[-88.11741499982422,44.543037000234762],[-88.118028000292654,44.54296099987139],[-88.118614999923466,44.542862999694499],[-88.119240999912378,44.542729999876514],[-88.119737000204935,44.542604000307833],[-88.120225999926461,44.54245900020247],[-88.120641999853063,44.542321999766735],[-88.121108999833311,44.542147000203997],[-88.12151399988926,44.541986000090411],[-88.122283999818194,44.541627000118986],[-88.122211000023242,44.539135000155511],[-88.122187999558719,44.538287000066241],[-88.123160000052337,44.538284999759988],[-88.123042000051555,44.53510400005235],[-88.121766999609235,44.535111999793081],[-88.121729999799328,44.535111999793081],[-88.12162400039243,44.535111999793081],[-88.121462999835643,44.535113000000713],[-88.121455000338031,44.534887000021804],[-88.121446999942094,44.534660000231071],[-88.121426000025721,44.534165999938622],[-88.121425000200787,44.534127000158378],[-88.121518000087221,44.534190000184516],[-88.121555999722048,44.534215000003215],[-88.121627999692066,44.534222000283492],[-88.121805000142402,44.534239000228865],[-88.122117000311917,44.534244000061186],[-88.122635000345781,44.534222000283492],[-88.123013999564165,44.534205999916026],[-88.123432999863809,44.53411000018027],[-88.124051000355095,44.533968999681171],[-88.124470999581348,44.533836000037418],[-88.12487200033766,44.533698999802702],[-88.124893000254062,44.533687999811953],[-88.125103000316344,44.533585999740502],[-88.125269999822606,44.533406000271015],[-88.125462000341543,44.533322000157391],[-88.125540000159347,44.53330300010726],[-88.125549000380175,44.533277000298263],[-88.125629999672725,44.53323400024388],[-88.125715000061533,44.533189999917049],[-88.125750000221629,44.533136999944936],[-88.12579899972711,44.533064999796871],[-88.125812000145899,44.53304500006012],[-88.125870999697142,44.532993999803807],[-88.125935999994468,44.532938000199152],[-88.125976000177445,44.532902999938685],[-88.126147999706575,44.532880000048756],[-88.126557999785391,44.532834999848092],[-88.126647000372174,44.532873999853258],[-88.126717999618975,44.533056000172323],[-88.126920000183645,44.533292000041705],[-88.127042000382389,44.533432000022415],[-88.127020999567677,44.533684000164079],[-88.126926000031432,44.533775000089562],[-88.126833999969918,44.533865000284159],[-88.126840999642624,44.533926000137733],[-88.126849000038547,44.53399499982158],[-88.1268540000614,44.534033999690287],[-88.126848000213627,44.534067000100592],[-88.126827000297226,44.534196999827444],[-88.126813000053531,44.534282999763128],[-88.127122999674924,44.534371000012584],[-88.127449000088163,44.534358999928152],[-88.127504000339755,44.534357999707566],[-88.127904000372837,44.534239000228865],[-88.128419999858551,44.533915999777705],[-88.12867000010381,44.533842000133795],[-88.129205999681005,44.533583000319588],[-88.129264000305639,44.533566999776546],[-88.129522000048496,44.533495000160052],[-88.129671000011427,44.533376000198608],[-88.129758000050046,44.533333000217269],[-88.129748999829232,44.532841000047611],[-88.129738999783484,44.532316000100927],[-88.129712000019296,44.530867999947453],[-88.129718999692003,44.528134999680894],[-88.129718999692003,44.528113000157155],[-88.129718999692003,44.528099999736021],[-88.129718999692003,44.528084999936219],[-88.129718999692003,44.527979999948386],[-88.12972299988995,44.526386999804664],[-88.12972600026302,44.52540300027816],[-88.129731000285872,44.525063999819267],[-88.129739999608404,44.52447300011108],[-88.129742999981445,44.524293000016606],[-88.129766000445983,44.524134000004267],[-88.129828000370267,44.523965000051113],[-88.129924999556323,44.52379499984616],[-88.133125999645884,44.523821999806373],[-88.134761999763228,44.523831999978192],[-88.136638999904989,44.523839999986343],[-88.136940000203879,44.523840999747101],[-88.137129000349759,44.523842000148349],[-88.138045999693475,44.5238479999934],[-88.139132999814819,44.523855000238861],[-88.139763999826584,44.523859999681676],[-88.139804000009548,44.523859999681676],[-88.139803000184642,44.523490000043331],[-88.139790999590758,44.519682000247386],[-88.139845000017445,44.517516000133689],[-88.139862999560776,44.516669000273701],[-88.139861999735857,44.516599999921269],[-88.139856999713004,44.516399000266929],[-88.139772000222493,44.513042999939287],[-88.139774999697238,44.512972999830097],[-88.139953999797385,44.50942100015677],[-88.139871999781619,44.507681000281671],[-88.139829000123896,44.506945999713004],[-88.139784999742972,44.505865999700859],[-88.135827000143266,44.505807000073482],[-88.13587099962588,44.502497999962628],[-88.13588200039483,44.502227000162677],[-88.137830999608312,44.502219999881625],[-88.137857000445905,44.499129000239883],[-88.138401000419037,44.499114000029458],[-88.139825999750855,44.499039000200966]]],[[[-87.881918999858826,44.534741999907737],[-87.881245000189381,44.534740999693724],[-87.876674999946161,44.534731000114],[-87.876212000163889,44.53469800007997],[-87.875321999686051,44.534792999913954],[-87.875361999869014,44.531234999929453],[-87.87536299969392,44.53113399967998],[-87.87536299969392,44.531099999892646],[-87.870421999729942,44.531078999844539],[-87.866264000113688,44.53108300031171],[-87.861442999800303,44.531119000021114],[-87.850852000042778,44.531192000288492],[-87.846417000417077,44.531187000194144],[-87.842065999558656,44.531161000080878],[-87.841349000231489,44.53115900017017],[-87.841283000109257,44.531157000259455],[-87.841160999910514,44.536644000005801],[-87.846345000447059,44.536691000185535],[-87.846589999771126,44.536688999824442],[-87.847722000098315,44.536678999938886],[-87.85643700043731,44.536635000294019],[-87.856382000185718,44.538440999751337],[-87.856347000025622,44.541417000122514],[-87.857535000429294,44.541406999768377],[-87.857527000033386,44.542000000062281],[-87.857527000033386,44.542059000181183],[-87.860051000080432,44.542036000066005],[-87.861406999815287,44.5420249997293],[-87.861371999655205,44.545659000029708],[-87.866469999978008,44.545617000182837],[-87.86644400003874,44.549136999745528],[-87.866443000213835,44.549258000075362],[-87.86669699975873,44.549260999969228],[-87.874027000050546,44.549261999933812],[-87.874042999944066,44.552898000206497],[-87.876423000051091,44.552894999859944],[-87.881091000203583,44.552888999806484],[-87.88113100038656,44.548412000145852],[-87.881106000272197,44.547399000252874],[-87.880989000096335,44.546658999994413],[-87.880702999866074,44.545281999709616],[-87.880102999816444,44.543318999873478],[-87.879923999716297,44.541646000014239],[-87.879923999716297,44.540789000290481],[-87.880066999831428,44.539646000201003],[-87.880360999559301,44.538380000145168],[-87.881157000325828,44.536541999989339],[-87.881918999858826,44.534741999907737]]]]},"properties":{"BASENAME":"Green Bay"}}]}